Index,KOD_FASILITI,STATUS,SEKTOR,SUBSEKTOR,PROGRAM_GROUP,NEGERI,DAERAH,KATEGORI_FASILITI,JENIS_FASILITI,NAMA,ALAMAT,BANDAR,POSKOD,DAERAH_PENTADBIRAN,TELEFON,EMEL,URBAN_RURAL,LATITUD,LONGITUD
1,11-01030012,BUKA,AWAM,KKM,,JOHOR,KLUANG,HOSPITAL,HOSPITAL PAKAR MINOR,"HOSPITAL ENCHE' BESAR HAJJAH
 KHALSOM","KM 5, JLN KOTA TINGGI",,86000,,,,,2.00732,103.3472
2,11-01040013,BUKA,AWAM,KKM,,JOHOR,KOTA TINGGI,HOSPITAL,HOSPITAL TANPA PAKAR,HOSPITAL KOTA TINGGI,JALAN TUN HABAH,,81900,,,,,1.73505,103.89951
3,11-01050014,BUKA,AWAM,KKM,,JOHOR,MERSING,HOSPITAL,HOSPITAL TANPA PAKAR,HOSPITAL MERSING,JALAN ISMAIL,,86800,,,,,2.4297,103.84528
4,11-01060015,BUKA,AWAM,KKM,,JOHOR,MUAR,HOSPITAL,HOSPITAL PAKAR MAJOR,"HOSPITAL PAKAR SULTANAH 
FATIMAH, MUAR",JALAN SALLEH,,84000,,,,,2.05717,102.57492
5,11-01070016,BUKA,AWAM,KKM,,JOHOR,PONTIAN,HOSPITAL,HOSPITAL TANPA PAKAR,HOSPITAL PONTIAN,JALAN ALSAGOFF,,82000,,,,,1.4991,103.38515
6,11-01080017,BUKA,AWAM,KKM,,JOHOR,SEGAMAT,HOSPITAL,HOSPITAL PAKAR MAJOR,HOSPITAL SEGAMAT,KM 6 JALAN GENUANG,,85000,,,,,2.49479,102.85883
7,11-01020400,BUKA,AWAM,KKM,,JOHOR,JOHOR BAHRU,HOSPITAL,HOSPITAL PAKAR MAJOR,"HOSPITAL SULTAN ISMAIL JOHOR
 BAHRU","JALAN PERSIARAN MUTIARA EMAS UTAMA, TAMAN MOUNT AUSTIN",,81100,,,,,1.54839,103.79097
8,11-01020010,BUKA,AWAM,KKM,,JOHOR,JOHOR BAHRU,HOSPITAL,HOSPITAL NEGERI,"HOSPITAL SULTANAH AMINAH, 
JOHOR BAHRU","HOSPITAL SULTANAH AMINAH, JOHOR BAHRU",,80100,,,,,1.45991,103.74499
9,11-01010011,BUKA,AWAM,KKM,,JOHOR,BATU PAHAT,HOSPITAL,HOSPITAL PAKAR MAJOR,"HOSPITAL SULTANAH NORA 
ISMAIL","JALAN KORMA, TAMAN SOGA",,83000,,,,,1.83775,102.94102
10,11-01100018,BUKA,AWAM,KKM,,JOHOR,TANGKAK,HOSPITAL,HOSPITAL TANPA PAKAR,HOSPITAL TANGKAK,"JALAN HOSPITAL, TANGKAK MUAR",,84900,,,,,2.27234,102.54702
11,11-01090019,BUKA,AWAM,KKM,,JOHOR,KULAIJAYA,HOSPITAL,HOSPITAL TANPA PAKAR,"HOSPITAL TEMENGGONG SERI 
MAHARAJA TUN IBRAHIM, KULAI",HOSPITAL TEMENGGONG SERI MAHARAJA TUN IBRAHIM,,81000,,,,,1.64084,103.62325
12,11-01021181,BUKA,AWAM,KKM,,JOHOR,JOHOR BAHRU,HOSPITAL,HOSPITAL PAKAR MAJOR,HOSPITAL PASIR GUDANG,"JALAN PUNCAK 1, 81700 PASIR GUDANG, JOHOR",,81700,,,,,1.515529526,103.8615475
13,11-02010014,BUKA,AWAM,KKM,,KEDAH,BALING,HOSPITAL,HOSPITAL TANPA PAKAR,HOSPITAL BALING,"BALING, 09100 BALING, KEDAH",,09100,,,,,5.677995,100.925816
14,11-02110504,BUKA,AWAM,KKM,,KEDAH,PENDANG,HOSPITAL,HOSPITAL PAKAR MINOR,HOSPITAL PENDANG,"KAMPUNG MANGGOL PAUH, 06700 PENDANG, KEDAH",,06700,,,,,5.97785,100.48487
15,11-02030085,BUKA,AWAM,KKM,,KEDAH,KOTA SETAR,HOSPITAL,HOSPITAL NEGERI,HOSPITAL SULTANAH BAHIYAH,"KM 6, JLN LANGGAR",,05460,,,,,6.148825051,100.406368
16,11-02040020,BUKA,AWAM,KKM,,KEDAH,KUALA MUDA,HOSPITAL,HOSPITAL PAKAR MAJOR,HOSPITAL SULTAN ABDUL HALIM,JALAN LENCONGAN TIMUR BANDAR AMANJAYA,,08000,,,,,5.668432637,100.5163197
17,11-02050015,BUKA,AWAM,KKM,,KEDAH,KUBANG PASU,HOSPITAL,HOSPITAL TANPA PAKAR,HOSPITAL JITRA,JALAN CHANGLUN,,06000,,,,,6.278502668,100.419022
18,11-02060017,BUKA,AWAM,KKM,,KEDAH,KULIM,HOSPITAL,HOSPITAL PAKAR MAJOR,HOSPITAL KULIM,"LEBUH TAMAN PERINDUSTRIAN, TAMAN KULIM HI-TECH, 09090 KULIM, KEDAH",,09000,,,,,5.393361049,100.5729934
19,11-02070018,BUKA,AWAM,KKM,,KEDAH,LANGKAWI,HOSPITAL,HOSPITAL PAKAR MINOR,HOSPITAL SULTANAH MALIHA,"BUKIT TEKUH, JALAN PADANG MAKSIRAT",,07000,,,,,6.325591613,99.79641111
20,11-02080016,BUKA,AWAM,KKM,,KEDAH,PADANG TERAP,HOSPITAL,HOSPITAL TANPA PAKAR,HOSPITAL KUALA NERANG,KUALA NERANG,,06300,,,,,6.25288,100.6097286
21,11-02100019,BUKA,AWAM,KKM,,KEDAH,SIK,HOSPITAL,HOSPITAL TANPA PAKAR,HOSPITAL SIK,08200 SIK,,08200,,,,,5.812219596,100.7269672
22,11-02110021,BUKA,AWAM,KKM,,KEDAH,YAN,HOSPITAL,HOSPITAL TANPA PAKAR,HOSPITAL YAN,BATU 25 JALAN YAN,,06900,,,,,5.820621669,100.3845005
23,11-03020013,BUKA,AWAM,KKM,,KELANTAN,GUA MUSANG,HOSPITAL,HOSPITAL TANPA PAKAR,HOSPITAL GUA MUSANG,BANDAR BARU,,18300,,,,,4.858255,101.954683
24,11-03030014,BUKA,AWAM,KKM,,KELANTAN,JELI,HOSPITAL,HOSPITAL TANPA PAKAR,HOSPITAL JELI,17600 JELI,,17600,,,,,5.701156,101.844461
25,11-03040012,BUKA,AWAM,KKM,,KELANTAN,KOTA BHARU,HOSPITAL,HOSPITAL NEGERI,"HOSPITAL RAJA PEREMPUAN ZAINAB II, KOTA BHARU",JALAN HOSPITAL,,15000,,,,,6.125567,102.245691
26,11-03050015,BUKA,AWAM,KKM,,KELANTAN,KUALA KRAI,HOSPITAL,HOSPITAL PAKAR MAJOR,HOSPITAL SULTAN ISMAIL PETRA,JALAN KOTA BHARU,,18000,,,,,5.535636,102.199282
27,11-03060016,BUKA,AWAM,KKM,,KELANTAN,MACHANG,HOSPITAL,HOSPITAL TANPA PAKAR,HOSPITAL MACHANG,JALAN PASIR PUTEH,,18500,,,,,5.763276,102.224921
28,11-03070017,BUKA,AWAM,KKM,,KELANTAN,PASIR MAS,HOSPITAL,HOSPITAL TANPA PAKAR,HOSPITAL PASIR MAS,JALAN MERANTI,,17000,,,,,6.014316,102.119101
29,11-03080019,BUKA,AWAM,KKM,,KELANTAN,PASIR PUTEH,HOSPITAL,HOSPITAL TANPA PAKAR,"HOSPITAL TENGKU ANIS, PASIR PUTEH",JALAN PASIR PUTEH,,16800,,,,,5.832866,102.387502
30,11-03090018,BUKA,AWAM,KKM,,KELANTAN,TANAH MERAH,HOSPITAL,HOSPITAL PAKAR MAJOR,HOSPITAL TANAH MERAH,17500 TANAH MERAH,,17500,,,,,5.809696,102.152541
31,11-03100020,BUKA,AWAM,KKM,,KELANTAN,TUMPAT,HOSPITAL,HOSPITAL TANPA PAKAR,HOSPITAL TUMPAT,JALAN KELABURAN,,16200,,,,,6.189896,102.157181
32,11-03010481,BUKA,AWAM,KKM,,KELANTAN,BACHOK,HOSPITAL,HOSPITAL TANPA PAKAR,HOSPITAL BACHOK,"JALAN GUNONG-JELAWAT, KAMPUNG BATOR",,16300,,,,,6.005736,102.359137
33,12-03040296,BUKA,AWAM,KPT,,KELANTAN,KOTA BHARU,HOSPITAL,HOSPITAL PENGAJAR,HOSPITAL UNIVERSITI SAINS MALAYSIA,"HOSPITAL UNIVERSITI SAINS MALAYSIA, UNIVERSITI SAINS MALAYSIA, KAMPUS KESIHATAN, JALAN RAJA PEREMPUAN ZAINAB 2,  16150 KOTA BHARU, KELANTAN",,16150,,,,,6.099613856,102.2805095
34,11-04010006,BUKA,AWAM,KKM,,MELAKA,ALOR GAJAH,HOSPITAL,HOSPITAL TANPA PAKAR,HOSPITAL ALOR GAJAH,"PEJABAT HOSPITAL, HOSPITAL ALOR GAJAH",,78000,,,,,2.381015,102.207352
35,11-04020007,BUKA,AWAM,KKM,,MELAKA,JASIN,HOSPITAL,HOSPITAL TANPA PAKAR,HOSPITAL JASIN,77000 JASIN,,77000,,,,,2.304796,102.428502
36,11-04030005,BUKA,AWAM,KKM,,MELAKA,MELAKA TENGAH,HOSPITAL,HOSPITAL NEGERI,HOSPITAL MELAKA,JALAN MUFTI HAJI KHALIL,,75400,,,,,2.218645,102.260403
37,12-04030113,BUKA,AWAM,ATM,,MELAKA,MELAKA TENGAH,HOSPITAL,HOSPITAL TENTERA,94 HOSPITAL ANGKATAN TENTERA KEM TERENDAK,"94, HOSPITAL ANGKATAN TENTERA KEM TRENDAK 76200 SUNGAI UDANG MELAKA",,76200,,,,,2.288872465,102.0922779
38,11-05010010,BUKA,AWAM,KKM,,NEGERI SEMBILAN,JELEBU,HOSPITAL,HOSPITAL TANPA PAKAR,HOSPITAL JELEBU,KUALA KLAWANG,,71600,,,,,2.950434,102.058889
39,11-05020011,BUKA,AWAM,KKM,,NEGERI SEMBILAN,JEMPOL,HOSPITAL,HOSPITAL TANPA PAKAR,HOSPITAL JEMPOL,BANDAR SERI JEMPOL,,72120,,,,,2.903466,102.40637
40,11-05030014,BUKA,AWAM,KKM,,NEGERI SEMBILAN,KUALA PILAH,HOSPITAL,HOSPITAL PAKAR MAJOR,"HOSPITAL TUANKU AMPUAN NAJIHAH, KUALA PILAH",KM 3 JALAN MELANG,,72000,,,,,2.733345,102.23188
41,11-05040012,BUKA,AWAM,KKM,,NEGERI SEMBILAN,PORT DICKSON,HOSPITAL,HOSPITAL PAKAR MINOR,HOSPITAL PORT DICKSON,"KM 11, JALAN PANTAI, SIRUSA",,71050,,,,,2.477803,101.855201
42,11-05050297,BUKA,AWAM,KKM,,NEGERI SEMBILAN,REMBAU,HOSPITAL,HOSPITAL TANPA PAKAR,HOSPITAL REMBAU,"JALAN DATO' UNDANG HAJI MUHAMAD SHARIP, CHEMBONG",,71300,,,,,2.599772,102.07251
43,11-05060009,BUKA,AWAM,KKM,,NEGERI SEMBILAN,SEREMBAN,HOSPITAL,HOSPITAL NEGERI,"HOSPITAL TUANKU JA'AFAR, SEREMBAN",JALAN RASAH,,70300,,,,,2.709764,101.94472
44,11-05070013,BUKA,AWAM,KKM,,NEGERI SEMBILAN,TAMPIN,HOSPITAL,HOSPITAL TANPA PAKAR,HOSPITAL TAMPIN,JALAN HAJI AHMAD ZAINUDDIN,,73000,,,,,2.47134,102.228335
45,12-05070188,BUKA,AWAM,ATM,,NEGERI SEMBILAN,GEMAS,HOSPITAL,HOSPITAL TENTERA,HOSPITAL TENTERA DARAT GEMAS,HOSPITAL TENTERA DARAT KEM SYED SIRAJUDDIN 73400 GEMAS NEGERI SEMBILAN,,73400,,,,,2.575043029,102.5721258
46,11-06010014,BUKA,AWAM,KKM,,PAHANG,BENTONG,HOSPITAL,HOSPITAL PAKAR MINOR,HOSPITAL BENTONG,28700 BENTONG,,28700,,,,,3.526144,101.906347
47,11-06030015,BUKA,AWAM,KKM,,PAHANG,CAMERON HIGHLANDS,HOSPITAL,HOSPITAL TANPA PAKAR,HOSPITAL SULTANAH HAJJAH KALSOM,"HOSPITAL SULTANAH HAJJAH KALSOM, PERSIARAN DAYANG ENDAH, CAMERON HIGHLANDS",,39000,,,,,4.466803,101.390673
48,11-06040017,BUKA,AWAM,KKM,,PAHANG,JERANTUT,HOSPITAL,HOSPITAL TANPA PAKAR,HOSPITAL JERANTUT,27000 JERANTUT,,27000,,,,,3.929246,102.360706
49,11-06050013,BUKA,AWAM,KKM,,PAHANG,KUANTAN,HOSPITAL,HOSPITAL NEGERI,"HOSPITAL TENGKU AMPUAN AFZAN, KUANTAN",JALAN AIR PUTIH,,25100,,,,,3.799259,103.321206
50,11-06060018,BUKA,AWAM,KKM,,PAHANG,LIPIS,HOSPITAL,HOSPITAL PAKAR MINOR,HOSPITAL KUALA LIPIS,27200 KUALA LIPIS,,27200,,,,,4.18354,102.05501
51,11-06070016,BUKA,AWAM,KKM,,PAHANG,MARAN,HOSPITAL,HOSPITAL TANPA PAKAR,HOSPITAL JENGKA,"BANDAR TUN ABDUL RAZAK JENGKA, BANDAR PUSAT JENGKA",,26400,,,,,3.772436,102.552776
52,11-06080020,BUKA,AWAM,KKM,,PAHANG,PEKAN,HOSPITAL,HOSPITAL PAKAR MINOR,HOSPITAL PEKAN,26600 PEKAN,,26600,,,,,3.503059,103.379757
53,11-06090021,BUKA,AWAM,KKM,,PAHANG,RAUB,HOSPITAL,HOSPITAL TANPA PAKAR,HOSPITAL RAUB,JALAN TENGKU ABD SAMAD,,27600,,,,,3.809944,101.852236
54,11-06100019,BUKA,AWAM,KKM,,PAHANG,ROMPIN,HOSPITAL,HOSPITAL TANPA PAKAR,HOSPITAL MUADZAM SHAH,26700 MUADZAM SHAH,,26700,,,,,3.053089,103.091749
55,11-06100400,BUKA,AWAM,KKM,,PAHANG,ROMPIN,HOSPITAL,HOSPITAL TANPA PAKAR,HOSPITAL ROMPIN,JALAN KG. KOLAM ROMPIN,,26800,,,,,2.794783,103.493657
56,11-06110022,BUKA,AWAM,KKM,,PAHANG,TEMERLOH,HOSPITAL,HOSPITAL PAKAR MAJOR,"HOSPITAL SULTAN HJ AHMAD SHAH, TEMERLOH",JALAN MARAN,,28000,,,,,3.453936,102.451887
57,11-06020561,BUKA,AWAM,KKM,,PAHANG,BERA,HOSPITAL,HOSPITAL TANPA PAKAR,HOSPITAL BERA,"TAMAN KERAYONG JAYA, 28200 TERIANG, PAHANG",,28200,,,,,3.270128,102.449852
58,12-06050521,BUKA,AWAM,KPT,,PAHANG,KUANTAN,HOSPITAL,HOSPITAL PENGAJAR,SULTAN AHMAD SHAH MEDICAL CENTRE  @ IIUM MEDICAL CENTRE,"SULTAN AHMAD SHAH MEDICAL CENTRE @IIUM, JALAN SULTAN HAJI AHMAD SHAH, BANDAR INDERA MAHKOTA, 25200 KUANTAN, PAHANG",,25200,,,,,3.835275814,103.3049252
59,11-08010020,BUKA,AWAM,KKM,,PERAK,BATANG PADANG,HOSPITAL,HOSPITAL PAKAR MINOR,HOSPITAL SLIM RIVER,35800 SLIM RIVER,,35800,,,,,3.8387897,101.4051714
60,11-08010023,BUKA,AWAM,KKM,,PERAK,BATANG PADANG,HOSPITAL,HOSPITAL TANPA PAKAR,HOSPITAL TAPAH,JALAN TEMOH,,35000,,,,,4.201797,101.2596207
61,11-08020024,BUKA,AWAM,KKM,,PERAK,HILIR PERAK,HOSPITAL,HOSPITAL PAKAR MAJOR,HOSPITAL TELUK INTAN,JALAN CHANGKAT JONG,,36000,,,,,4.0046621,101.040375
62,11-08030014,BUKA,AWAM,KKM,,PERAK,HULU PERAK,HOSPITAL,HOSPITAL TANPA PAKAR,HOSPITAL GERIK,JALAN INTAN,,33300,,,,,5.4290267,101.1279216
63,11-08040017,BUKA,AWAM,KKM,,PERAK,KERIAN,HOSPITAL,HOSPITAL TANPA PAKAR,HOSPITAL PARIT BUNTAR,JALAN SEMPADAN,,34200,,,,,5.1316468,100.4836064
64,11-08050011,BUKA,AWAM,KKM,,PERAK,KINTA,HOSPITAL,HOSPITAL NEGERI,HOSPITAL  RAJA PERMAISURI BAINUN,JALAN HOSPITAL,,30400,,,,,4.6038296,101.0904579
65,11-08050012,BUKA,AWAM,KKM,,PERAK,KINTA,HOSPITAL,HOSPITAL TANPA PAKAR,HOSPITAL BATU GAJAH,JALAN CHANGKAT,,31000,,,,,4.4796609,101.0341831
66,11-08060016,BUKA,AWAM,KKM,,PERAK,KUALA KANGSAR,HOSPITAL,HOSPITAL TANPA PAKAR,HOSPITAL KUALA KANGSAR,JALAN SULTAN IDRIS SHAH 1,,33000,,,,,4.7790663,100.9378919
67,11-08060021,BUKA,AWAM,KKM,,PERAK,KUALA KANGSAR,HOSPITAL,HOSPITAL TANPA PAKAR,HOSPITAL SUNGAI SIPUT,JALAN FELDA LASAH,,31100,,,,,4.8279504,101.057063
68,11-08070018,BUKA,AWAM,KKM,,PERAK,LARUT DAN MATANG,HOSPITAL,HOSPITAL TANPA PAKAR,HOSPITAL SELAMA,JALAN TAIPING,,34100,,,,,5.2131521,100.6888594
69,11-08070022,BUKA,AWAM,KKM,,PERAK,LARUT DAN MATANG,HOSPITAL,HOSPITAL PAKAR MAJOR,HOSPITAL TAIPING,JALAN TAMING SARI,,34000,,,,,4.850935,100.737374
70,11-08080019,BUKA,AWAM,KKM,,PERAK,MANJUNG,HOSPITAL,HOSPITAL PAKAR MINOR,HOSPITAL SERI MANJUNG,32040 SERI MANJUNG,,32040,,,,,4.1859387,100.6624601
71,11-08090013,BUKA,AWAM,KKM,,PERAK,PERAK TENGAH,HOSPITAL,HOSPITAL TANPA PAKAR,HOSPITAL SERI ISKANDAR,"LAMBOR KANAN, PARIT",,32900,,,,,4.313651,100.910832
72,11-08110015,BUKA,AWAM,KKM,,PERAK,KAMPAR,HOSPITAL,HOSPITAL TANPA PAKAR,HOSPITAL KAMPAR,JALAN HOSPITAL,,31900,,,,,4.3118993,101.1563613
73,12-08080382,BUKA,AWAM,ATM,,PERAK,MANJUNG,HOSPITAL,HOSPITAL TENTERA,96 HOSPITAL ANGKATAN TENTERA LUMUT,96 HOSPITAL ANGKATAN TENTERA PANGKALAN TLDM 32100 LUMUT,,32100,,,,,4.22249794,100.6172085
74,11-09010003,BUKA,AWAM,KKM,,PERLIS,KANGAR,HOSPITAL,HOSPITAL NEGERI,HOSPITAL TUANKU FAUZIAH,"PEJABAT PENGARAH, HOSPITAL TUANKU FAUZIAH, JALAN KOLAM",,01000,,,,,4.674394,101.1509324
75,11-07010010,BUKA,AWAM,KKM,,PULAU PINANG,BARAT DAYA,HOSPITAL,HOSPITAL TANPA PAKAR,HOSPITAL BALIK PULAU,BALIK PULAU,,11000,,,,,5.350582,100.233089
76,11-07020014,BUKA,AWAM,KKM,,PULAU PINANG,SEBERANG PERAI SELATAN,HOSPITAL,HOSPITAL TANPA PAKAR,HOSPITAL SUNGAI BAKAP,"SUNGAI JAWI, SEBERANG PERAI SELATAN",,14200,,,,,5.218512,100.49741
77,11-07030011,BUKA,AWAM,KKM,,PULAU PINANG,SEBERANG PERAI TENGAH,HOSPITAL,HOSPITAL PAKAR MINOR,HOSPITAL BUKIT MERTAJAM,"JALAN KULIM, BUKIT MERTAJAM",,14000,,,,,5.359892,100.464599
78,11-07030013,BUKA,AWAM,KKM,,PULAU PINANG,SEBERANG PERAI TENGAH,HOSPITAL,HOSPITAL PAKAR MAJOR,HOSPITAL SEBERANG JAYA,"JLN TUN HUSSEIN ONN, PERAI",,13700,,,,,5.394912,100.406509
79,11-07040012,BUKA,AWAM,KKM,,PULAU PINANG,SEBERANG PERAI UTARA,HOSPITAL,HOSPITAL PAKAR MINOR,HOSPITAL KEPALA BATAS,"JALAN BERTAM, KEPALA BATAS",,13200,,,,,5.51239,100.43688
80,11-07050009,BUKA,AWAM,KKM,,PULAU PINANG,TIMUR LAUT,HOSPITAL,HOSPITAL NEGERI,HOSPITAL PULAU PINANG,JALAN RESIDENSI,,10990,,,,,5.42021,100.30957
81,11-12010026,BUKA,AWAM,KKM,,SABAH,BEAUFORT,HOSPITAL,HOSPITAL TANPA PAKAR,HOSPITAL BEAUFORT,PETI SURAT 40,,89807,,,,,5.350967,115.740929
82,11-12020027,BUKA,AWAM,KKM,,SABAH,BELURAN,HOSPITAL,HOSPITAL TANPA PAKAR,HOSPITAL BELURAN,"KARUNG BERKUNCI NO. 02, PEKAN BELURAN",,90109,,,,,5.892804,117.557788
83,11-12030029,BUKA,AWAM,KKM,,SABAH,KENINGAU,HOSPITAL,HOSPITAL PAKAR MINOR,HOSPITAL KENINGAU,PETI SURAT 11,,89007,,,,,5.34077,116.15946
84,11-12040030,BUKA,AWAM,KKM,,SABAH,KINABATANGAN,HOSPITAL,HOSPITAL TANPA PAKAR,HOSPITAL KINABATANGAN,W.D.T 200,,90020,,,,,5.5853,117.85
85,11-12050031,BUKA,AWAM,KKM,,SABAH,KOTA BELUD,HOSPITAL,HOSPITAL TANPA PAKAR,HOSPITAL KOTA BELUD,PETI SURAT 159,,89150,,,,,6.3457,116.42669
86,11-12060025,BUKA,AWAM,KKM,,SABAH,KOTA KINABALU,HOSPITAL,HOSPITAL NEGERI,HOSPITAL QUEEN ELIZABETH,KARUNG BERKUNCI NO. 2029,,88586,,,,,5.956588,116.072735
87,11-12060388,BUKA,AWAM,KKM,,SABAH,KOTA KINABALU,HOSPITAL,HOSPITAL PAKAR MAJOR,HOSPITAL QUEEN ELIZABETH II,"LORONG BERSATU, OFF JALAN DAMAI LUYANG",,88300,,,,,5.966631,116.093759
88,11-12070032,BUKA,AWAM,KKM,,SABAH,KOTA MARUDU,HOSPITAL,HOSPITAL TANPA PAKAR,HOSPITAL KOTA MARUDU,PETI SURAT 255,,89108,,,,,6.45728,116.77499
89,11-12080033,BUKA,AWAM,KKM,,SABAH,KUALA PENYU,HOSPITAL,HOSPITAL TANPA PAKAR,HOSPITAL KUALA PENYU,W.D.T. 35,,89740,,,,,5.5608,115.58533
90,11-12090034,BUKA,AWAM,KKM,,SABAH,KUDAT,HOSPITAL,HOSPITAL TANPA PAKAR,HOSPITAL KUDAT,PETI SURAT 22,,89057,,,,,6.90774,116.83814
91,11-12100035,BUKA,AWAM,KKM,,SABAH,KUNAK,HOSPITAL,HOSPITAL TANPA PAKAR,HOSPITAL KUNAK,W.D.T. 150,,91209,,,,,4.67799,118.23137
92,11-12110036,BUKA,AWAM,KKM,,SABAH,LAHAD DATU,HOSPITAL,HOSPITAL PAKAR MINOR,HOSPITAL LAHAD DATU,PETI SURAT 60065,,91110,,,,,5.02755,118.31443
93,11-12130037,BUKA,AWAM,KKM,,SABAH,PAPAR,HOSPITAL,HOSPITAL TANPA PAKAR,HOSPITAL PAPAR,PETI SURAT NO. 6,,89607,,,,,5.72673,115.92404
94,11-12150038,BUKA,AWAM,KKM,,SABAH,PITAS,HOSPITAL,HOSPITAL TANPA PAKAR,HOSPITAL PITAS,PETI SURAT 88,,89100,,,,,6.71252,117.02924
95,11-12160039,BUKA,AWAM,KKM,,SABAH,RANAU,HOSPITAL,HOSPITAL TANPA PAKAR,HOSPITAL RANAU,"KARUNG BERKUNCI 7, JALAN HOSPITAL",,89300,,,,,5.95367,116.67064
96,11-12170028,BUKA,AWAM,KKM,,SABAH,SANDAKAN,HOSPITAL,HOSPITAL PAKAR MAJOR,HOSPITAL DUCHESS OF KENT,"KM 3.2, JALAN UTARA",,90000,,,,,5.858905,118.102986
97,11-12180040,BUKA,AWAM,KKM,,SABAH,SEMPORNA,HOSPITAL,HOSPITAL TANPA PAKAR,HOSPITAL SEMPORNA,PETI SURAT 80,,91307,,,,,4.483205,118.604336
98,11-12190041,BUKA,AWAM,KKM,,SABAH,SIPITANG,HOSPITAL,HOSPITAL TANPA PAKAR,HOSPITAL SIPITANG,PETI SURAT 250,,89857,,,,,5.09663,115.56287
99,11-12200042,BUKA,AWAM,KKM,,SABAH,TAMBUNAN,HOSPITAL,HOSPITAL TANPA PAKAR,HOSPITAL TAMBUNAN,PETI SURAT 10,,89657,,,,,5.682566,116.370771
100,11-12210043,BUKA,AWAM,KKM,,SABAH,TAWAU,HOSPITAL,HOSPITAL PAKAR MAJOR,HOSPITAL TAWAU,PETI SURAT 67,,91000,,,,,4.24924,117.879487
101,11-12220044,BUKA,AWAM,KKM,,SABAH,TENOM,HOSPITAL,HOSPITAL TANPA PAKAR,HOSPITAL TENOM,PETI SURAT 97,,89907,,,,,5.1235,115.94367
102,11-12240380,BUKA,AWAM,KKM,,SABAH,TUARAN,HOSPITAL,HOSPITAL TANPA PAKAR,HOSPITAL TUARAN,PETI SURAT 996,,89207,,,,,6.14395,116.21911
103,11-13020019,BUKA,AWAM,KKM,,SARAWAK,BAU,HOSPITAL,HOSPITAL TANPA PAKAR,HOSPITAL BAU,"BATU 1 Â½,  JALAN BAU-LUNDU",,94000,,,,,1.42923,110.1424
104,11-13040020,BUKA,AWAM,KKM,,SARAWAK,BETONG,HOSPITAL,HOSPITAL TANPA PAKAR,HOSPITAL BETONG,JALAN BETONG,,95707,,,,,1.37434,111.57376
105,11-13050021,BUKA,AWAM,KKM,,SARAWAK,BINTULU,HOSPITAL,HOSPITAL PAKAR MAJOR,HOSPITAL BINTULU,JALAN NYABAU,,97000,,,,,3.23015,113.10026
106,11-13060246,BUKA,AWAM,KKM,,SARAWAK,DALAT,HOSPITAL,HOSPITAL TANPA PAKAR,HOSPITAL DALAT,"HOSPITAL DALAT, FASA 1, JALAN OYA-DALAT",,96300,,,,,2.861584,111.882231
107,11-13070022,BUKA,AWAM,KKM,,SARAWAK,DARO,HOSPITAL,HOSPITAL TANPA PAKAR,HOSPITAL DARO,JALAN ITOL,,96200,,,,,2.51615,111.4333
108,11-13090023,BUKA,AWAM,KKM,,SARAWAK,KANOWIT,HOSPITAL,HOSPITAL TANPA PAKAR,HOSPITAL KANOWIT,JALAN KANOWIT/ DURIN,,96700,,,,,2.102514,112.151932
109,11-13100024,BUKA,AWAM,KKM,,SARAWAK,KAPIT,HOSPITAL,HOSPITAL PAKAR MINOR,HOSPITAL KAPIT,JALAN MEMORA,,96800,,,,,2.0141,112.94297
110,11-13110018,BUKA,AWAM,KKM,,SARAWAK,KUCHING,HOSPITAL,HOSPITAL NEGERI,HOSPITAL UMUM SARAWAK,JALAN TUN AHMAD ZAIDI ADRUCE,,93586,,,,,1.544093,110.339401
111,11-13110037,BUKA,AWAM,KKM,,SARAWAK,KUCHING,HOSPITAL,HOSPITAL TANPA PAKAR,HOSPITAL RAJAH CHARLES BROOKE MEMORIAL,"BT 13, JALAN PUNCAK BORNEO, KOTA PADAWAN",,93250,,,,,1.388962,110.320908
112,11-13120025,BUKA,AWAM,KKM,,SARAWAK,LAWAS,HOSPITAL,HOSPITAL TANPA PAKAR,HOSPITAL LAWAS,JALAN HOSPITAL,,98850,,,,,4.85454,115.4047
113,11-13130026,BUKA,AWAM,KKM,,SARAWAK,LIMBANG,HOSPITAL,HOSPITAL PAKAR MINOR,HOSPITAL LIMBANG,JALAN PANDARUAN,,98700,,,,,4.76468,115.01857
114,11-13150027,BUKA,AWAM,KKM,,SARAWAK,LUNDU,HOSPITAL,HOSPITAL TANPA PAKAR,HOSPITAL LUNDU,JALAN SEKAMBAL,,94500,,,,,1.6719,109.84854
115,11-13170028,BUKA,AWAM,KKM,,SARAWAK,MARUDI,HOSPITAL,HOSPITAL TANPA PAKAR,HOSPITAL MARUDI,JALAN BUNGOR,,98050,,,,,4.18083,114.33167
116,11-13190029,BUKA,AWAM,KKM,,SARAWAK,MIRI,HOSPITAL,HOSPITAL PAKAR MAJOR,HOSPITAL MIRI,JALAN CAHAYA,,98000,,,,,4.373951,113.998249
117,11-13200030,BUKA,AWAM,KKM,,SARAWAK,MUKAH,HOSPITAL,HOSPITAL TANPA PAKAR,HOSPITAL MUKAH,JALAN HAJI MOHAMED PAUZI,,96400,,,,,2.90217,112.0778
118,11-13230031,BUKA,AWAM,KKM,,SARAWAK,SARATOK,HOSPITAL,HOSPITAL TANPA PAKAR,HOSPITAL SARATOK,"KM 1, JALAN SARATOK",,95400,,,,,1.74715,111.3397
119,11-13240032,BUKA,AWAM,KKM,,SARAWAK,SARIKEI,HOSPITAL,HOSPITAL PAKAR MINOR,HOSPITAL SARIKEI,JALAN RENTAP,,96100,,,,,2.13191,111.49267
120,11-13260033,BUKA,AWAM,KKM,,SARAWAK,SERIAN,HOSPITAL,HOSPITAL TANPA PAKAR,HOSPITAL SERIAN,94700 SERIAN,,94700,,,,,1.17676,110.56375
121,11-13270034,BUKA,AWAM,KKM,,SARAWAK,SIBU,HOSPITAL,HOSPITAL PAKAR MAJOR,HOSPITAL SIBU,"BATU 5 Â½,  JALAN ULU OYA",,96000,,,,,2.297191,111.892144
122,11-13280035,BUKA,AWAM,KKM,,SARAWAK,SIMUNJAN,HOSPITAL,HOSPITAL TANPA PAKAR,HOSPITAL SIMUNJAN,JALAN GUNUNG NGELI,,94800,,,,,1.38258,110.75081
123,11-13300036,BUKA,AWAM,KKM,,SARAWAK,SRI AMAN,HOSPITAL,HOSPITAL PAKAR MINOR,HOSPITAL SRI AMAN,JALAN HOSPITAL,,95007,,,,,1.23401,111.46274
124,11-10010017,BUKA,AWAM,KKM,,SELANGOR,GOMBAK,HOSPITAL,HOSPITAL PAKAR MAJOR,HOSPITAL SELAYANG,LEBUHRAYA SELAYANG-KEPONG,,68100,,,,,3.243053,101.647198
125,11-10010019,BUKA,AWAM,KKM,,SELANGOR,GOMBAK,HOSPITAL,HOSPITAL PAKAR MAJOR,HOSPITAL SUNGAI BULUH,JALAN HOSPITAL,,47000,,,,,3.220112,101.583028
126,11-10010233,BUKA,AWAM,KKM,,SELANGOR,GOMBAK,HOSPITAL,HOSPITAL TANPA PAKAR,HOSPITAL ORANG ASLI GOMBAK,KM 24 JALAN PAHANG LAMA,,53100,,,,,3.2921,101.73121
127,11-10020015,BUKA,AWAM,KKM,,SELANGOR,HULU LANGAT,HOSPITAL,HOSPITAL PAKAR MAJOR,HOSPITAL TENGKU PERMAISURI NORASHIKIN (HOSPITAL KAJANG),JALAN SEMENYIH,,43000,,,,,2.993393,101.792729
128,11-10020022,BUKA,AWAM,KKM,,SELANGOR,HULU LANGAT,HOSPITAL,HOSPITAL PAKAR MAJOR,HOSPITAL AMPANG,JALAN MEWAH UTARA,,68000,,,,,3.128273,101.763378
129,11-10030016,BUKA,AWAM,KKM,,SELANGOR,HULU SELANGOR,HOSPITAL,HOSPITAL TANPA PAKAR,HOSPITAL KUALA KUBU BHARU,JALAN HOSPITAL,,44000,,,,,3.564983,101.652827
130,11-10040013,BUKA,AWAM,KKM,,SELANGOR,KLANG,HOSPITAL,HOSPITAL NEGERI,HOSPITAL TENGKU AMPUAN RAHIMAH,"JALAN LANGAT, 41200 KLANG, SELANGOR",,41200,,,,,3.020082,101.439859
131,11-10050014,BUKA,AWAM,KKM,,SELANGOR,KUALA LANGAT,HOSPITAL,HOSPITAL PAKAR MINOR,HOSPITAL BANTING,JALAN SULTAN ALAM SHAH,,42700,,,,,2.803472,101.49389
132,11-10060020,BUKA,AWAM,KKM,,SELANGOR,KUALA SELANGOR,HOSPITAL,HOSPITAL TANPA PAKAR,HOSPITAL TANJONG KARANG,TANJUNG KARANG,,45500,,,,,3.424991,101.179107
133,11-10070294,BUKA,AWAM,KKM,,SELANGOR,PETALING,HOSPITAL,HOSPITAL PAKAR MAJOR,HOSPITAL SHAH ALAM,"PERSIARAN KAYANGAN, SEKSYEN 7",,40000,,,,,3.071447,101.490757
134,11-10080021,BUKA,AWAM,KKM,,SELANGOR,SABAK BERNAM,HOSPITAL,HOSPITAL TANPA PAKAR,"HOSPITAL TENGKU AMPUAN JEMAAH, SABAK BERNAM",45200 SABAK BERNAM,,45200,,,,,3.759921,100.989075
135,11-10090018,BUKA,AWAM,KKM,,SELANGOR,SEPANG,HOSPITAL,HOSPITAL PAKAR MAJOR,HOSPITAL SULTAN IDRIS SHAH,JALAN PUCHONG,,43000,,,,,2.976263,101.720189
136,11-10072300,BUKA,AWAM,KKM,,SELANGOR,SEPANG,HOSPITAL,HOSPITAL PAKAR MAJOR,HOSPITAL CYBERJAYA,"PERSIARAN SEPANG, CYBER 11, 63000 CYBERJAYA, SELANGOR",,63000,,,,,2.920836,101.631289
137,12-10070778,BUKA,AWAM,KPT,,SELANGOR,SEPANG ,HOSPITAL,HOSPITAL PENGAJAR,HOSPITAL SULTAN ABDUL AZIZ SHAH (HSAAS),"HOSPITAL SULTAN ABDUL AZIZ SHAH (HSAAS), PERSIARAN MARDI - UPM, 43400 SERDANG, SELANGOR",,43400,,,,,2.980129987,101.7178522
138,12-10010762,BUKA,AWAM,KPT,,SELANGOR,GOMBAK,HOSPITAL,HOSPITAL PENGAJAR,PUSAT PAKAR PERUBATAN UITM (SUNGAI BULOH),"PUSAT PAKAR PERUBATAN UITM (SUNGAI BULOH), KAMPUS SUNGAI BULOH, JALAN HOSPITAL, 47000 SUNGAI BULOH, SELANGOR",,47000,,,,,3.220603677,101.5933587
139,12-10042306,BUKA,AWAM,KPT,,SELANGOR,KUALA SELANGOR,HOSPITAL,HOSPITAL PENGAJAR,"HOSPITAL AL- SULTAN ABDULLAH, UITM","HOSPITAL AL-SULTAN ABDULLAH, UNIVERSITI TEKNOLOGI MARA, 42300 BANDAR PUNCAK ALAM, SELANGOR",,42300,,,,,3.210441463,101.4513777
140,11-11010010,BUKA,AWAM,KKM,,TERENGGANU,BESUT,HOSPITAL,HOSPITAL TANPA PAKAR,HOSPITAL BESUT,"JALAN PASIR AKAR, JERTEH",,22000,,,,,5.729077,102.493452
141,11-11020011,BUKA,AWAM,KKM,,TERENGGANU,DUNGUN,HOSPITAL,HOSPITAL TANPA PAKAR,HOSPITAL DUNGUN,HOSPITAL DUNGUN,,23000,,,,,4.752088,103.414453
142,11-11030012,BUKA,AWAM,KKM,,TERENGGANU,HULU TERENGGANU,HOSPITAL,HOSPITAL TANPA PAKAR,HOSPITAL HULU TERENGGANU,"BTU 23, JALAN KUALA BERANG",,21700,,,,,5.073457,103.044823
143,11-11040013,BUKA,AWAM,KKM,,TERENGGANU,KEMAMAN,HOSPITAL,HOSPITAL PAKAR MAJOR,HOSPITAL KEMAMAN,"JALAN DA' OMAR, CUKAI",,24000,,,,,4.232059,103.420885
144,11-11050009,BUKA,AWAM,KKM,,TERENGGANU,KUALA TERENGGANU,HOSPITAL,HOSPITAL NEGERI,"HOSPITAL SULTANAH NUR ZAHIRAH, KUALA TERENGGANU",JALAN SULTAN MAHMUD,,20400,,,,,5.324317,103.151292
145,11-11070014,BUKA,AWAM,KKM,,TERENGGANU,SETIU,HOSPITAL,HOSPITAL TANPA PAKAR,HOSPITAL SETIU,BANDAR PERMAISURI,,22100,,,,,5.514307,102.770142
146,12-11080321,BUKA,AWAM,KPT,,TERENGGANU,KUALA NERUS,HOSPITAL,HOSPITAL PENGAJAR,HOSPITAL PENGAJAR UNIVERSITI SULTAN ZAINAL ABIDIN,"HOSPITAL PENGAJAR UNIVERSITI SULTAN ZAINAL ABIDIN, 21300 KUALA NERUS, TERENGGANU",,21300,,,,,5.402479768,103.084142
147,11-14010002,BUKA,AWAM,KKM,,WILAYAH PERSEKUTUAN KUALA LUMPUR,KUALA LUMPUR,HOSPITAL,HOSPITAL NEGERI,HOSPITAL KUALA LUMPUR,JALAN PAHANG,,50586,,,,,3.171983,101.699818
148,11-15010003,BUKA,AWAM,KKM,,WILAYAH PERSEKUTUAN LABUAN,LABUAN,HOSPITAL,HOSPITAL PAKAR MINOR,HOSPITAL LABUAN,PETI SURAT 81006,,87020,,,,,5.31062,115.23066
149,11-16010002,BUKA,AWAM,KKM,,WILAYAH PERSEKUTUAN PUTRAJAYA,PUTRAJAYA,HOSPITAL,HOSPITAL PAKAR MAJOR,HOSPITAL PUTRAJAYA,"PUSAT PENTADBIRAN KERAJAAN PERSEKUTUAN, PRESINT 7",,62250,,,,,2.929623,101.673299
150,11-01020020,BUKA,AWAM,KKM,,JOHOR,JOHOR BAHRU,HOSPITAL,INSTITUSI PERUBATAN KHAS,HOSPITAL PERMAI,"JALAN TAMPOI, TAMPOI",,81200,,,,,1.5209,103.71261
151,11-08050025,BUKA,AWAM,KKM,,PERAK,KINTA,HOSPITAL,INSTITUSI PERUBATAN KHAS,HOSPITAL BAHAGIA ULU KINTA,TANJONG RAMBUTAN,,31250,,,,,4.674394,101.1509324
152,12-12060416,BUKA,AWAM,ATM,,SABAH,KOTA KINABALU,HOSPITAL,HOSPITAL TENTERA,HOSPITAL ANGKATAN TENTERA WILAYAH KOTA KINABALU,"HOSPITAL ANGKATAN TENTERA WILAYAH KOTA KINABALU PANGKALAN TLDM, TELUK SEPANGGAR, 88846, KOTA KINABALU, SABAH",,89200,,,,,6.087874185,116.100554
153,11-12060045,BUKA,AWAM,KKM,,SABAH,KOTA KINABALU,HOSPITAL,INSTITUSI PERUBATAN KHAS,HOSPITAL WANITA DAN KANAK - KANAK SABAH,KARUNG BERKUNCI 187,,88996,,,,,6.01396,116.11912
154,11-12060046,BUKA,AWAM,KKM,,SABAH,KOTA KINABALU,HOSPITAL,INSTITUSI PERUBATAN KHAS,HOSPITAL MESRA BUKIT PADANG,"PETI SURAT 11342, BUKIT PADANG",,88815,,,,,5.95019,116.10534
155,11-13220638,BUKA,AWAM,KKM,,SARAWAK,SAMARAHAN,HOSPITAL,INSTITUSI PERUBATAN KHAS,PUSAT JANTUNG SARAWAK,JALAN EXPRESSWAY,,94300,,,,,1.480792,110.419612
156,11-13110038,BUKA,AWAM,KKM,,SARAWAK,KUCHING,HOSPITAL,HOSPITAL TANPA PAKAR,HOSPITAL SENTOSA,"KOTA SENTOSA, BATU 7, JALAN PENRISSEN",,93250,,,,,1.463741,110.328892
157,11-10010023,BUKA,AWAM,KKM,,SELANGOR,GOMBAK,HOSPITAL,INSTITUSI PERUBATAN KHAS,PUSAT KAWALAN KUSTA NEGARA,SUNGAI BULUH,,47000,,,,,3.22215,101.58389
158,11-14010007,BUKA,AWAM,KKM,,WILAYAH PERSEKUTUAN KUALA LUMPUR,KUALA LUMPUR,HOSPITAL,INSTITUSI PERUBATAN KHAS,INSTITUT PERUBATAN RESPIRATORI,JALAN PAHANG,,53000,,,,,3.17563,101.69965
159,11-14010056,BUKA,AWAM,KKM,,WILAYAH PERSEKUTUAN KUALA LUMPUR,KUALA LUMPUR,HOSPITAL,INSTITUSI PERUBATAN KHAS,HOSPITAL REHABILITASI CHERAS,"JALAN YAACOB LATIF, BANDAR TUN RAZAK",,56000,,,,,3.105699,101.728206
160,11-14010410,BUKA,AWAM,KKM,,WILAYAH PERSEKUTUAN KUALA LUMPUR,KUALA LUMPUR,HOSPITAL,INSTITUSI PERUBATAN KHAS,HOSPITAL TUNKU AZIZAH,JALAN RAJA MUDA ABDUL AZIZ KAMPUNG BARU,,50300,,,,,3.169908,101.702768
161,13-14010023,BUKA,AWAM,KKM,,WILAYAH PERSEKUTUAN KUALA LUMPUR,KUALA LUMPUR,LAIN-LAIN,PUSAT DARAH,PUSAT DARAH NEGARA,"JLN TUN RAZAK, TITIWANGSA",,50400,,,,,3.173349801,101.7063163
162,12-14010030,BUKA,AWAM,KPT,,WILAYAH PERSEKUTUAN KUALA LUMPUR,KUALA LUMPUR,HOSPITAL,HOSPITAL PENGAJAR,HOSPITAL CANSELOR TUANKU MUHRIZ UKM,"HOSPITAL UNIVERSITI KEBANGSAAN MALAYSIA, JALAN YAACOB LATIF KUALA LUMPUR, BANDAR TUN RAZAK, 56000 CHERAS, WILAYAH PERSEKUTUAN KUALA LUMPUR",,56000,,,,,3.098015403,101.7245244
163,12-14010031,BUKA,AWAM,KPT,,WILAYAH PERSEKUTUAN KUALA LUMPUR,KUALA LUMPUR,HOSPITAL,HOSPITAL PENGAJAR,PUSAT PERUBATAN UNIVERSITI MALAYA,"JLN PROFESOR DIRAJA UNGKU AZIZ, LEMBAH PANTAI, 59100 KUALA LUMPUR, SELANGOR",,59100,,,,,3.113746817,101.6528158
164,12-14011188,BUKA,AWAM,KPT,,WILAYAH PERSEKUTUAN KUALA LUMPUR,KUALA LUMPUR,HOSPITAL,HOSPITAL PENGAJAR,HOSPITAL PAKAR KANAK KANAK UKM,"HOSPITAL PAKAR KANAK KANAK UNIVERSITI KEBANGSAAN MALAYSIA, JALAN YAACOB LATIF KUALA LUMPUR, BANDAR TUN RAZAK, 56000 CHERAS, WILAYAH PERSEKUTUAN KUALA LUMPUR",,56000,,,,,3.101317137,101.7259704
165,12-14010055,BUKA,AWAM,ATM,,WILAYAH PERSEKUTUAN KUALA LUMPUR,KUALA LUMPUR,HOSPITAL,HOSPITAL TENTERA,HOSPITAL ANGKATAN TENTERA TUANKU MIZAN,"3, JALAN 4/27A, SEKSYEN 2 WANGSA MAJU, 53300 KUALA LUMPUR, WILAYAH PERSEKUTUAN KUALA LUMPUR",,53300,,,,,3.209828157,101.73822
166,11-16010075,BUKA,AWAM,KKM,,WILAYAH PERSEKUTUAN PUTRAJAYA,PUTRAJAYA,HOSPITAL,INSTITUSI PERUBATAN KHAS,INSTITUT KANSER NEGARA,"NO. 4, JALAN P7, PRESINT 7",,62250,,,,,2.927047,101.673623
168,12-12070783,BUKA,AWAM,KPT,,SABAH,KOTA KINABALU,HOSPITAL,HOSPITAL PENGAJAR,HOSPITAL PENGAJAR UNIVERSITI MALAYSIA SABAH,"HOSPITAL UNIVERSITI MALAYSIA SABAH, JALAN UMS, 88400 KOTA KINABALU, SABAH, MALAYSIA.",,88400,,,,,6.048808951,116.1297614
169,91-09000001,BUKA,AWAM,KKM,,PERLIS,KANGAR,JABATAN KESIHATAN NEGERI,JABATAN KESIHATAN NEGERI,JKN PERLIS,"JALAN RAJA SYED ALWI, 01000 KANGAR",,01000,,,,,6.4085871,100.2000687
170,91-09010002,BUKA,AWAM,KKM,,PERLIS,KANGAR,PEJABAT KESIHATAN,PEJABAT KESIHATAN DAERAH,PKD KANGAR,"JALAN ABI TOK HASHIM, 01000 KANGAR",,01000,,,,,6.4436267,100.1908727
174,91-02000001,BUKA,AWAM,KKM,,KEDAH,KOTA SETAR,JABATAN KESIHATAN NEGERI,JABATAN KESIHATAN NEGERI,JKN KEDAH,"SIMPANG KUALA, ALOR SETAR",,,,,,,6.0960493,100.3610963
175,91-02010002,BUKA,AWAM,KKM,,KEDAH,BALING,PEJABAT KESIHATAN,PEJABAT KESIHATAN DAERAH,PKD BALING,"LENGKOK HARUN ABDULLAH, OFF JALAN WENG",,,,,,,5.679961,100.91584
176,91-02020003,BUKA,AWAM,KKM,,KEDAH,BANDAR BAHARU,PEJABAT KESIHATAN,PEJABAT KESIHATAN DAERAH,PKD BANDAR BAHARU,"JLN PECAH BATU SERDANG,
BANDAR BHARU",,,,,,,5.2126261,100.6160723
177,91-02030004,BUKA,AWAM,KKM,,KEDAH,KOTA SETAR,PEJABAT KESIHATAN,PEJABAT KESIHATAN DAERAH,PKD KOTA SETAR,"BLOK A, ARAS 1, HOSPITAL ALOR SETAR (HOSPITAL LAMA) ALOR SETAR LEBUHRAYA DARULAMAN",,,,,,,6.1412905,100.3709206
178,91-02040005,BUKA,AWAM,KKM,,KEDAH,KUALA MUDA,PEJABAT KESIHATAN,PEJABAT KESIHATAN DAERAH,PKD KUALA MUDA,"JLN BADLISHAH, SG PETANI",,,,,,,5.6474694,100.4974861
179,91-02050006,BUKA,AWAM,KKM,,KEDAH,KUBANG PASU,PEJABAT KESIHATAN,PEJABAT KESIHATAN DAERAH,PKD KUBANG PASU,JITRA,,,,,,,6.2622585,100.4207916
180,91-02060007,BUKA,AWAM,KKM,,KEDAH,KULIM,PEJABAT KESIHATAN,PEJABAT KESIHATAN DAERAH,PKD KULIM,JALAN TASIK,,,,,,,5.3680021,100.5586791
181,91-02070008,BUKA,AWAM,KKM,,KEDAH,LANGKAWI,PEJABAT KESIHATAN,PEJABAT KESIHATAN DAERAH,PKD LANGKAWI,"TINGKAT 6, KOMPLEKS LADA LANGKAWI",,,,,,,6.3113788,99.8567055
182,91-02080009,BUKA,AWAM,KKM,,KEDAH,PADANG TERAP,PEJABAT KESIHATAN,PEJABAT KESIHATAN DAERAH,PKD PADANG TERAP,KUALA NERANG,,,,,,,6.252835,100.607161
183,91-02090010,BUKA,AWAM,KKM,,KEDAH,PENDANG,PEJABAT KESIHATAN,PEJABAT KESIHATAN DAERAH,PKD PENDANG,"JALAN SUNGAI TIANG, PENDANG",,,,,,,5.9859037,100.4805297
184,91-02100011,BUKA,AWAM,KKM,,KEDAH,SIK,PEJABAT KESIHATAN,PEJABAT KESIHATAN DAERAH,PKD SIK,"JALAN TUNKU IBRAHIM, SIK",,,,,,,5.8235438,100.7451863
185,91-02110012,BUKA,AWAM,KKM,,KEDAH,YAN,PEJABAT KESIHATAN,PEJABAT KESIHATAN DAERAH,PKD YAN,GUAR CHEMPEDAK,,,,,,,5.8541438,100.4623533
186,91-02050013,BUKA,AWAM,KKM,,KEDAH,KUBANG PASU,PEJABAT KESIHATAN,PEJABAT KESIHATAN,PK BUKIT KAYU HITAM,"PK PMA BUKIT KAYU HITAM, ARAS 2, BLOCK C, KOMPLEK ICQS, 
BUKIT KAYU HITAM",,,,,,,6.512491016,100.4213548
192,91-07000001,BUKA,AWAM,KKM,,PULAU PINANG,TIMUR LAUT,JABATAN KESIHATAN NEGERI,JABATAN KESIHATAN NEGERI,JKN PULAU PINANG,"TINGKAT 3 DAN 7, BANGUNAN MARA, NO 33, JALAN PANGKALAN WELD",,,,,,,5.4141293,100.3412832
193,91-07010002,BUKA,AWAM,KKM,,PULAU PINANG,BARAT DAYA,PEJABAT KESIHATAN,PEJABAT KESIHATAN DAERAH,PKD BARAT DAYA,"2761, AIR PUTIH, BALIK PULAU",,,,,,,5.3636392,100.2172734
194,91-07020003,BUKA,AWAM,KKM,,PULAU PINANG,SEBERANG PERAI SELATAN,PEJABAT KESIHATAN,PEJABAT KESIHATAN DAERAH,PKD SEBERANG PERAI SELATAN,"JALAN BUKIT PANCHOR, NIBONG TEBAL",,,,,,,5.1671105,100.4920823
195,91-07030004,BUKA,AWAM,KKM,,PULAU PINANG,SEBERANG PERAI TENGAH,PEJABAT KESIHATAN,PEJABAT KESIHATAN DAERAH,PKD SEBERANG PERAI TENGAH,"LOT 89, MUKIM 17, BERAPIT,
BUKIT MERTAJAM",,,,,,,5.3766128,100.4739661
196,91-07040005,BUKA,AWAM,KKM,,PULAU PINANG,SEBERANG PERAI UTARA,PEJABAT KESIHATAN,PEJABAT KESIHATAN DAERAH,PKD SEBERANG PERAI UTARA,"ARAS 1, WISMA PERSEKUTUAN SEBERANG PERAI UTARA, KEPALA BATAS",,,,,,,5.5121969,100.4355834
197,91-07050006,BUKA,AWAM,KKM,,PULAU PINANG,TIMUR LAUT,PEJABAT KESIHATAN,PEJABAT KESIHATAN DAERAH,PKD TIMUR LAUT,JALAN PERAK,,,,,,,5.4028835,100.3144494
198, 91-07050007,BUKA,AWAM,KKM,,PULAU PINANG,TIMUR LAUT,PEJABAT KESIHATAN,PEJABAT KESIHATAN,PK PELABUHAN & LAPANGAN TERBANG P. PINANG,"TINGKAT 1, BANGUNAN TUANKU SYED PUTRA, LEBUH DOWNING",,,,,,,5.4177497,100.3439534
201,91-08000001,BUKA,AWAM,KKM,,PERAK,KINTA,JABATAN KESIHATAN NEGERI,JABATAN KESIHATAN NEGERI,JKN PERAK,JALAN KOO CHONG KONG,,,,,,,4.5936561,101.0752363
202,91-08010002,BUKA,AWAM,KKM,,PERAK,BATANG PADANG,PEJABAT KESIHATAN,PEJABAT KESIHATAN DAERAH,PKD BATANG PADANG,"JALAN TEMOH, TAPAH",,,,,,,4.196987,101.2591919
203,91-08020003,BUKA,AWAM,KKM,,PERAK,HILIR PERAK,PEJABAT KESIHATAN,PEJABAT KESIHATAN DAERAH,PKD HILIR PERAK,"PEJABAT KESIHATAN DAERAH HILIR PERAK, JALAN MAHARAJALELA, 36000 TELUK INTAN, HILIR PERAK, PERAK",,36000,,,,,4.0013594,101.0118484
204,91-08070670,BUKA,AWAM,KKM,,PERAK,BAGAN DATUK ,PEJABAT KESIHATAN,PEJABAT KESIHATAN DAERAH ,PKD BAGAN DATUK,"D/A PEJABAT KESIHATAN DAERAH HILIR PERAK, JALAN MAHARAJALELA, 36000 TELUK INTAN, HILIR PERAK, PERAK",,36000,,,,,4.0013594,101.0118484
205,91-08030004,BUKA,AWAM,KKM,,PERAK,HULU PERAK,PEJABAT KESIHATAN,PEJABAT KESIHATAN DAERAH,PKD HULU PERAK,"ARAS 3, BANGUNAN WISMA PERSEKUTUAN,
JALAN INTAN",,,,,,,5.650655,101.0172931
206,91-08040005,BUKA,AWAM,KKM,,PERAK,KERIAN,PEJABAT KESIHATAN,PEJABAT KESIHATAN DAERAH,PKD KERIAN,"JALAN SEKOLAH, PARIT BUNTAR",,,,,,,5.1301812,100.4821171
207,91-08110389,BUKA,AWAM,KKM,,PERAK,KAMPAR,PEJABAT KESIHATAN,PEJABAT KESIHATAN DAERAH,PKD KAMPAR,JALAN DEGONG,,,,,,,4.308504,101.1536528
208,91-08050006,BUKA,AWAM,KKM,,PERAK,KINTA,PEJABAT KESIHATAN,PEJABAT KESIHATAN DAERAH,PKD KINTA,"JALAN AMAN, BATU GAJAH",,,,,,,4.4806332,101.0331887
209,91-08060007,BUKA,AWAM,KKM,,PERAK,KUALA KANGSAR,PEJABAT KESIHATAN,PEJABAT KESIHATAN DAERAH,PKD KUALA KANGSAR,"JALAN SULTAN IDRIS SHAH 1, KUALA KANGSAR",,,,,,,4.7790663,100.9378919
210,91-08070008,BUKA,AWAM,KKM,,PERAK,LARUT DAN MATANG,PEJABAT KESIHATAN,PEJABAT KESIHATAN DAERAH,PKD LARUT MATANG & SELAMA,"TINGKAT 2, WISMA PERSEKUTUAN JALAN ISTANA LARUT, TAIPING",,,,,,,4.8574294,100.7395288
211,91-08080009,BUKA,AWAM,KKM,,PERAK,MANJUNG,PEJABAT KESIHATAN,PEJABAT KESIHATAN DAERAH,PKD MANJUNG,"JALAN DATO' AHMAD YUNUS, 
SITIAWAN MANJUNG",,,,,,,4.2236772,100.7034113
212,91-08090010,BUKA,AWAM,KKM,,PERAK,PERAK TENGAH,PEJABAT KESIHATAN,PEJABAT KESIHATAN DAERAH,PKD PERAK TENGAH,"JALAN IPOH-LUMUT, BANDAR SERI ISKANDAR, BOTA",,,,,,,4.3599429,100.9735886
213,91-08100608,BUKA,AWAM,KKM,,PERAK,MUALLIM,PEJABAT KESIHATAN,PEJABAT KESIHATAN DAERAH,PKD MUALLIM,"D/A ARAS BAWAH KLINIK KESIHATAN SLIM RIVER, JALAN INDAH 5, TAMAN KRISHNAN, SLIM RIVER",,,,,,,3.8374359,101.4015478
216,91-10000001,BUKA,AWAM,KKM,,SELANGOR,PETALING,JABATAN KESIHATAN NEGERI,JABATAN KESIHATAN NEGERI,JKN SELANGOR,"TINGKAT M,9,10,11,14,17 & 18, LOT 1, WISMA SUNWAY, JLN. TENGKU AMPUAN ZABEDAH C9/C, SEKSYEN 9, SHAH ALAM",,,,,,,3.0537686,101.5432522
217,91-10010002,BUKA,AWAM,KKM,,SELANGOR,GOMBAK,PEJABAT KESIHATAN,PEJABAT KESIHATAN DAERAH,PKD GOMBAK,"NO.23-25 JALAN 2/8, BANDAR BARU SELAYANG",,,,,,,3.25613,101.6556502
218,91-10020003,BUKA,AWAM,KKM,,SELANGOR,HULU LANGAT,PEJABAT KESIHATAN,PEJABAT KESIHATAN DAERAH,PKD HULU LANGAT,"LOT 7523, JALAN HENTIAN 1C PLAZA HENTIAN KAJANG, JALAN REKO",,,,,,,2.9564015,101.7906998
219,91-10030004,BUKA,AWAM,KKM,,SELANGOR,HULU SELANGOR,PEJABAT KESIHATAN,PEJABAT KESIHATAN DAERAH,PKD HULU SELANGOR,"JKR NO 1458, KUALA KUBU BHARU",,,,,,,3.5649676,101.6541213
220,91-10040005,BUKA,AWAM,KKM,,SELANGOR,KLANG,PEJABAT KESIHATAN,PEJABAT KESIHATAN DAERAH,PKD KLANG,"BLOK B, JALAN LANGAT, BANDAR BOTANIC",,,,,,,2.9900612,101.445433
221,91-10050006,BUKA,AWAM,KKM,,SELANGOR,KUALA LANGAT,PEJABAT KESIHATAN,PEJABAT KESIHATAN DAERAH,PKD KUALA LANGAT,"JALAN SULTAN ALAM SHAH, BANTING",,,,,,,2.8025675,101.493266
222,91-10060007,BUKA,AWAM,KKM,,SELANGOR,KUALA SELANGOR,PEJABAT KESIHATAN,PEJABAT KESIHATAN DAERAH,PKD KUALA SELANGOR,JALAN SEMARAK,,,,,,,3.3323399,101.2528823
223,91-10070008,BUKA,AWAM,KKM,,SELANGOR,PETALING,PEJABAT KESIHATAN,PEJABAT KESIHATAN DAERAH,PKD PETALING,"WISMAA SAHOCA, NO 1, JALAN SS 6/3A, KELANA JAYA, PETALING JAYA",,,,,,,3.0994851,101.6004224
224,91-10080009,BUKA,AWAM,KKM,,SELANGOR,SABAK BERNAM,PEJABAT KESIHATAN,PEJABAT KESIHATAN DAERAH,PKD SABAK BERNAM,"KOMPLEKS PEJABAT KERAJAAN, SUNGAI BESAR",,,,,,,3.6781592,100.9903085
225,91-10090010,BUKA,AWAM,KKM,,SELANGOR,SEPANG,PEJABAT KESIHATAN,PEJABAT KESIHATAN DAERAH,PKD SEPANG,JALAN SALAK,,,,,,,2.7888545,101.7499949
226,91-10090011,BUKA,AWAM,KKM,,SELANGOR,SEPANG,PEJABAT KESIHATAN,PEJABAT KESIHATAN,PK KLIA,"PK LAPANGAN TERBANG ANTARABANGSA KL, TINGKAT 1, BANGUNAN PENTADBIRAN KLIA",,,,,,,2.7581014,101.7093588
227,91-10040012,BUKA,AWAM,KKM,,SELANGOR,KLANG,PEJABAT KESIHATAN,PEJABAT KESIHATAN,PK PELABUHAN KLANG,"PK PELABUHAN KLANG, PERSIARAN RAJA MUDA MUSA",,,,,,,3.0112857,101.4091399
231,91-14000001,BUKA,AWAM,KKM,,WILAYAH PERSEKUTUAN KUALA LUMPUR DAN PUTRAJAYA,WILAYAH PERSEKUTUAN KUALA LUMPUR DAN PUTRAJAYA,JABATAN KESIHATAN NEGERI,JABATAN KESIHATAN NEGERI,JABATAN KESIHATAN WILAYAH PERSEKUTUAN KUALA LUMPUR & PUTRAJAYA,JALAN CENDERASARI,,,,,,,3.1468008,101.6898886
232,91-16010001,BUKA,AWAM,KKM,,WILAYAH PERSEKUTUAN KUALA LUMPUR DAN PUTRAJAYA,PUTRAJAYA,PEJABAT KESIHATAN,PEJABAT KESIHATAN DAERAH,PEJABAT KESIHATAN WILAYAH PERSEKUTUAN PUTRAJAYA,"JALAN P11/2, PRESINT 11,
WILAYAH PERSEKUTUAN PUTRAJAYA",,,,,,,2.9616852,101.6669348
233,91-14010070,BUKA,AWAM,KKM,,WILAYAH PERSEKUTUAN KUALA LUMPUR DAN PUTRAJAYA,TITIWANGSA,PEJABAT KESIHATAN,PEJABAT KESIHATAN DAERAH,PEJABAT KESIHATAN TITIWANGSA,"JALAN RAJA ABDULLAH,
KAMPUNG BARU, KUALA LUMPUR",,,,,,,3.1614039,101.7022845
234,91-14010071,BUKA,AWAM,KKM,,WILAYAH PERSEKUTUAN KUALA LUMPUR DAN PUTRAJAYA,KEPONG,PEJABAT KESIHATAN,PEJABAT KESIHATAN DAERAH,PEJABAT KESIHATAN KEPONG,"JALAN JINJANG PERMAI OFF JALAN SELANGOR, JINJANG UTARA, 
KUALA LUMPUR",,,,,,,3.2098261,101.6625098
235,91-14010072,BUKA,AWAM,KKM,,WILAYAH PERSEKUTUAN KUALA LUMPUR DAN PUTRAJAYA,CHERAS,PEJABAT KESIHATAN,PEJABAT KESIHATAN DAERAH,PEJABAT KESIHATAN CHERAS,"ARAS 3, BANGUNAN KK CHERAS, NO 14, JLN YAAKOB LATIF,
BANDAR TUN RAZAK WPKL",,,,,,,3.106658,101.7268766
236,91-14010073,BUKA,AWAM,KKM,,WILAYAH PERSEKUTUAN KUALA LUMPUR DAN PUTRAJAYA,LEMBAH PANTAI,PEJABAT KESIHATAN,PEJABAT KESIHATAN DAERAH,PEJABAT KESIHATAN LEMBAH PANTAI,"TINGKAT 3 BLOK C, JABATAN KESIHATAN WPKL & PUTRAJAYA",,,,,,,3.1466133,101.6903084
237,91-05000001,BUKA,AWAM,KKM,,NEGERI SEMBILAN,SEREMBAN,JABATAN KESIHATAN NEGERI,JABATAN KESIHATAN NEGERI,JKN SEMBILAN,JALAN RASAH,,,,,,,2.7104943,101.9394586
238,91-05010003,BUKA,AWAM,KKM,,NEGERI SEMBILAN,JELEBU,PEJABAT KESIHATAN,PEJABAT KESIHATAN DAERAH,PKD JELEBU,"KUALA KLAWANG, JELEBU",,,,,,,2.938391,102.0690551
239,91-05020002,BUKA,AWAM,KKM,,NEGERI SEMBILAN,JEMPOL,PEJABAT KESIHATAN,PEJABAT KESIHATAN DAERAH,PKD JEMPOL,DAERAH BANDAR SERI JEMPOL,,,,,,,2.8973177,102.3965049
240,91-05030004,BUKA,AWAM,KKM,,NEGERI SEMBILAN,KUALA PILAH,PEJABAT KESIHATAN,PEJABAT KESIHATAN DAERAH,PKD KUALA PILAH,KUALA PILAH,,,,,,,2.7377433,102.2485809
241,91-05040005,BUKA,AWAM,KKM,,NEGERI SEMBILAN,PORT DICKSON,PEJABAT KESIHATAN,PEJABAT KESIHATAN DAERAH,PKD PORT DICKSON,PORT DICKSON,,,,,,,2.5385323,101.7975136
242,91-05050006,BUKA,AWAM,KKM,,NEGERI SEMBILAN,REMBAU,PEJABAT KESIHATAN,PEJABAT KESIHATAN DAERAH,PKD REMBAU,JALAN BATU HAMPAR,,,,,,,2.5853312,102.0935541
243,91-05060007,BUKA,AWAM,KKM,,NEGERI SEMBILAN,SEREMBAN,PEJABAT KESIHATAN,PEJABAT KESIHATAN DAERAH,PKD SEREMBAN,"JALAN LEE SAM, SEREMBAN",,,,,,,2.7252882,101.9362217
244,91-05070008,BUKA,AWAM,KKM,,NEGERI SEMBILAN,TAMPIN,PEJABAT KESIHATAN,PEJABAT KESIHATAN DAERAH,PKD TAMPIN,TAMPIN,,,,,,,2.4844622,102.2348258
246,91-04000001,BUKA,AWAM,KKM,,MELAKA,MELAKA TENGAH,JABATAN KESIHATAN NEGERI,JABATAN KESIHATAN NEGERI,JKN MELAKA,"PEJABAT PENGARAH KESIHATAN NEGERI MELAKA, TINGKAT 3,4 & 5, WISMA PERSEKUTUAN, JALAN BUSINESS CITY, BANDAR MITC, AYER KEROH",,,,,,,2.2736274,102.2885963
247,91-04010002,BUKA,AWAM,KKM,,MELAKA,ALOR GAJAH,PEJABAT KESIHATAN,PEJABAT KESIHATAN DAERAH,PKD ALOR GAJAH,ALOR GAJAH,,,,,,,2.3814332,102.2075017
248,91-04020003,BUKA,AWAM,KKM,,MELAKA,JASIN,PEJABAT KESIHATAN,PEJABAT KESIHATAN DAERAH,PKD JASIN,JASIN,,,,,,,2.3069208,102.4291423
249,91-04030004,BUKA,AWAM,KKM,,MELAKA,MELAKA TENGAH,PEJABAT KESIHATAN,PEJABAT KESIHATAN DAERAH,PKD MELAKA TENGAH,JALAN BUKIT BARU,,,,,,,2.2148081,102.2657537
255,91-01000001,BUKA,AWAM,KKM,,JOHOR,JOHOR BAHRU,JABATAN KESIHATAN NEGERI,JABATAN KESIHATAN NEGERI,JKN JOHOR,"TINGKAT 3 & 4, BLOK B, WISMA PERSEKUTUAN JALAN AIR MOLEK, WISMA PERSEKUTUAN, JALAN AIR MOLEK",,80590,,,,,1.46136,103.75875
256,91-01010002,BUKA,AWAM,KKM,,JOHOR,BATU PAHAT,PEJABAT KESIHATAN,PEJABAT KESIHATAN DAERAH,PKD BATU PAHAT,"JALAN MD KHALID,
83000 BATU PAHAT",,83000,,,,,1.85,102.93011
257,91-01020003,BUKA,AWAM,KKM,,JOHOR,JOHOR BAHRU,PEJABAT KESIHATAN,PEJABAT KESIHATAN DAERAH,PKD JOHOR BAHRU,"JALAN ABDUL SAMAD, 80100 JOHOR BHARU",,80100,,,,,1.4802,103.74237
258,91-01030004,BUKA,AWAM,KKM,,JOHOR,KLUANG,PEJABAT KESIHATAN,PEJABAT KESIHATAN DAERAH,PKD KLUANG,"JALAN SULTANAH,
86000 KLUANG",,86000,,,,,2.03842,103.31356
259,91-01040005,BUKA,AWAM,KKM,,JOHOR,KOTA TINGGI,PEJABAT KESIHATAN,PEJABAT KESIHATAN DAERAH,PKD KOTA TINGGI,"JALAN TUN HABAB, 81900 KOTA TINGGI",,81900,,,,,1.74136,103.89759
260,91-01090010,BUKA,AWAM,KKM,,JOHOR,KULAI,PEJABAT KESIHATAN,PEJABAT KESIHATAN DAERAH,PKD KULAI,"BATU 19, JALAN AIR HITAM, 
81000 KULAI",,81000,,,,,1.64122,103.62151
261,91-01100011,BUKA,AWAM,KKM,,JOHOR,TANGKAK,PEJABAT KESIHATAN,PEJABAT KESIHATAN DAERAH,PKD TANGKAK,"JKR2831 JALAN HOSPITAL, 
84900 TANGKAK",,84900,,,,,2.27224,102.54825
262,91-01050006,BUKA,AWAM,KKM,,JOHOR,MERSING,PEJABAT KESIHATAN,PEJABAT KESIHATAN DAERAH,PKD MERSING,"JALAN ISMAIL, 86800 MERSING",,86800,,,,,2.42968,103.84611
263,91-01060007,BUKA,AWAM,KKM,,JOHOR,MUAR,PEJABAT KESIHATAN,PEJABAT KESIHATAN DAERAH,PKD MUAR,"JALAN OTHMAN, 84000 MUAR",,84000,,,,,2.04507,102.56395
264,91-01070008,BUKA,AWAM,KKM,,JOHOR,PONTIAN,PEJABAT KESIHATAN,PEJABAT KESIHATAN DAERAH,PKD PONTIAN,"JALAN ALSAGOFF, 82000 PONTIAN",,82000,,,,,1.4973,103.38564
265,91-01080009,BUKA,AWAM,KKM,,JOHOR,SEGAMAT,PEJABAT KESIHATAN,PEJABAT KESIHATAN DAERAH,PKD SEGAMAT,"PETI SURAT 102, JALAN GUDANG UBAT, 85000 SEGAMAT",,85000,,,,,2.51247,102.81505
278,91-06000001,BUKA,AWAM,KKM,,PAHANG,KUANTAN,JABATAN KESIHATAN NEGERI,JABATAN KESIHATAN NEGERI,JKN PAHANG,"JALAN IM4, BANDAR INDERA MAHKOTA, KUANTAN",,,,,,,3.8284309,103.2926126
279,91-06010002,BUKA,AWAM,KKM,,PAHANG,BENTONG,PEJABAT KESIHATAN,PEJABAT KESIHATAN DAERAH,PKD BENTONG,28700 BENTONG,,,,,,,3.5405608,101.9028956
280,91-06020003,BUKA,AWAM,KKM,,PAHANG,BERA,PEJABAT KESIHATAN,PEJABAT KESIHATAN DAERAH,PKD BERA,"TINGKAT 1, KLINIK KESIHATAN PADANG LUAS, 28200 BANDAR BERA",,28200,,,,,3.2955724,102.4616852
281,91-06030004,BUKA,AWAM,KKM,,PAHANG,CAMERON HIGHLANDS,PEJABAT KESIHATAN,PEJABAT KESIHATAN DAERAH,PKD CAMERON HIGHLANDS,39007 TANAH RATA,,39007,,,,,4.467895,101.3846556
282,91-06040005,BUKA,AWAM,KKM,,PAHANG,JERANTUT,PEJABAT KESIHATAN,PEJABAT KESIHATAN DAERAH,PKD JERANTUT,27000 JERANTUT,,27000,,,,,3.9335902,102.3610523
283,91-06050007,BUKA,AWAM,KKM,,PAHANG,KUANTAN,PEJABAT KESIHATAN,PEJABAT KESIHATAN DAERAH,PKD KUANTAN,"JALAN TENGKU MUHAMMAD, ALOR AKAR",,,,,,,3.8187642,103.3624973
284,91-06060006,BUKA,AWAM,KKM,,PAHANG,LIPIS,PEJABAT KESIHATAN,PEJABAT KESIHATAN DAERAH,PKD KUALA LIPIS,"JALAN BENTA, 27200 KUALA LIPIS",,27200,,,,,4.1785014,102.0458584
285,91-06070008,BUKA,AWAM,KKM,,PAHANG,MARAN,PEJABAT KESIHATAN,PEJABAT KESIHATAN DAERAH,PKD MARAN,ARAS 3 WISMA PERSEKUTUAN,,,,,,,3.5797378,102.7771244
286,91-06080009,BUKA,AWAM,KKM,,PAHANG,PEKAN,PEJABAT KESIHATAN,PEJABAT KESIHATAN DAERAH,PKD PEKAN,26000 PEKAN,,26000,,,,,3.4882254,103.393696
287,91-06090010,BUKA,AWAM,KKM,,PAHANG,RAUB,PEJABAT KESIHATAN,PEJABAT KESIHATAN DAERAH,PKD RAUB,27600 RAUB,,27600,,,,,3.7955133,101.8547764
288,91-06100011,BUKA,AWAM,KKM,,PAHANG,ROMPIN,PEJABAT KESIHATAN,PEJABAT KESIHATAN DAERAH,PKD ROMPIN,26800 KUALA ROMPIN,,26800,,,,,2.7971811,103.4951932
289,91-06110012,BUKA,AWAM,KKM,,PAHANG,TEMERLOH,PEJABAT KESIHATAN,PEJABAT KESIHATAN DAERAH,PKD TEMERLOH,JALAN TUN ISMAIL,,,,,,,3.448649,102.4163482
294,91-11000001,BUKA,AWAM,KKM,,TERENGGANU,KUALA TERENGGANU,JABATAN KESIHATAN NEGERI,JABATAN KESIHATAN NEGERI,JKN TERENGGANU,"TINGKAT 5, WISMA PERSEKUTUAN, JALAN SULTAN ISMAIL",,,,,,,5.3283582,103.1425882
295,91-11010002,BUKA,AWAM,KKM,,TERENGGANU,BESUT,PEJABAT KESIHATAN,PEJABAT KESIHATAN DAERAH,PKD BESUT,"JALAN KELUANG, KAMPUNG RAJA, BESUT",,,,,,,5.7911599,102.5708588
296,91-11070008,BUKA,AWAM,KKM,,TERENGGANU,SETIU,PEJABAT KESIHATAN,PEJABAT KESIHATAN DAERAH,PKD SETIU,"LOT 11916, 11917, 11918 KG. TOK MAJID, BANDAR PERMAISURI, SETIU",,,,,,,5.519065,102.7463692
297,91-11020003,BUKA,AWAM,KKM,,TERENGGANU,DUNGUN,PEJABAT KESIHATAN,PEJABAT KESIHATAN DAERAH,PKD DUNGUN,"JALAN YAHYA AHMAD, DUNGUN",,,,,,,4.7685767,103.4204628
298,91-11030004,BUKA,AWAM,KKM,,TERENGGANU,HULU TERENGGANU,PEJABAT KESIHATAN,PEJABAT KESIHATAN DAERAH,PKD HULU TERENGGANU,"KUALA BERANG, HULU TERENGGANU",,,,,,,5.0732259,103.0363086
299,91-11040005,BUKA,AWAM,KKM,,TERENGGANU,KEMAMAN,PEJABAT KESIHATAN,PEJABAT KESIHATAN DAERAH,PKD KEMAMAN,"JALAN DA OMAR, KEMAMAN",,,,,,,4.232908,103.422756
300,91-11050006,BUKA,AWAM,KKM,,TERENGGANU,KUALA TERENGGANU,PEJABAT KESIHATAN,PEJABAT KESIHATAN DAERAH,PKD KUALA TERENGGANU,"LOT 994, TINGKAT BAWAH & 1 BANGUNAN WISMA PELADANG, 
JALAN SULTAN MOHAMAD",,,,,,,5.309246,103.1296463
301,91-11060007,BUKA,AWAM,KKM,,TERENGGANU,MARANG,PEJABAT KESIHATAN,PEJABAT KESIHATAN DAERAH,PKD MARANG,"SUNGAI KERAK, JALAN WAKAF TAPAI, MARANG",,,,,,,5.2006105,103.1965296
302,91-11080304,BUKA,AWAM,KKM,,TERENGGANU,KUALA NERUS,PEJABAT KESIHATAN,PEJABAT KESIHATAN DAERAH,PKD KUALA NERUS,"BATU RAKIT, KUALA NERUS",,,,,,,5.309246,103.1296463
305,91-03000001,BUKA,AWAM,KKM,,KELANTAN,KOTA BHARU,JABATAN KESIHATAN NEGERI,JABATAN KESIHATAN NEGERI,JKN KELANTAN,"ARAS 5, WISMA PERSEKUTUAN, JALAN BAYAM",,,,,,,6.1225171,102.2463802
306,91-03010002,BUKA,AWAM,KKM,,KELANTAN,BACHOK,PEJABAT KESIHATAN,PEJABAT KESIHATAN DAERAH,PKD BACHOK,16300 BACHOK,,16300,,,,,6.0579479,102.3995983
307,91-03020003,BUKA,AWAM,KKM,,KELANTAN,GUA MUSANG,PEJABAT KESIHATAN,PEJABAT KESIHATAN DAERAH,PKD GUA MUSANG,"ARAS 2, BANGUNAN PERSEKUTUAN",,,,,,,4.8647506,101.9595916
308,91-03030004,BUKA,AWAM,KKM,,KELANTAN,JELI,PEJABAT KESIHATAN,PEJABAT KESIHATAN DAERAH,PKD JELI,17600 JELI,,17600,,,,,5.7058388,101.8473982
309,91-03040005,BUKA,AWAM,KKM,,KELANTAN,KOTA BHARU,PEJABAT KESIHATAN,PEJABAT KESIHATAN DAERAH,PKD KOTA BHARU,"JALAN DOKTOR, 15000 KOTA BHARU",,15000,,,,,6.1267855,102.2396999
310,91-03050006,BUKA,AWAM,KKM,,KELANTAN,KUALA KRAI,PEJABAT KESIHATAN,PEJABAT KESIHATAN DAERAH,PKD KUALA KRAI,18000 KUALA KRAI,,18000,,,,,5.5533652,102.1988067
311,91-03060007,BUKA,AWAM,KKM,,KELANTAN,MACHANG,PEJABAT KESIHATAN,PEJABAT KESIHATAN DAERAH,PKD MACHANG,18500 MACHANG,,18500,,,,,5.7676337,102.2152782
312,91-03070008,BUKA,AWAM,KKM,,KELANTAN,PASIR MAS,PEJABAT KESIHATAN,PEJABAT KESIHATAN DAERAH,PKD PASIR MAS,17000 PASIR MAS,,17000,,,,,6.0148314,102.1201776
313,91-03080009,BUKA,AWAM,KKM,,KELANTAN,PASIR PUTEH,PEJABAT KESIHATAN,PEJABAT KESIHATAN DAERAH,PKD PASIR PUTEH,16800 PASIR PUTIH,,16800,,,,,5.8374841,102.4025091
314,91-03090010,BUKA,AWAM,KKM,,KELANTAN,TANAH MERAH,PEJABAT KESIHATAN,PEJABAT KESIHATAN DAERAH,PKD TANAH MERAH,17500 TANAH MERAH,,17500,,,,,5.807429,102.1510249
315,91-03100011,BUKA,AWAM,KKM,,KELANTAN,TUMPAT,PEJABAT KESIHATAN,PEJABAT KESIHATAN DAERAH,PKD TUMPAT,16200 TUMPAT,,16200,,,,,6.1902846,102.1561085
319,91-12000001,BUKA,AWAM,KKM,,SABAH,KOTA KINABALU,JABATAN KESIHATAN NEGERI,JABATAN KESIHATAN NEGERI,JKN SABAH,"TINGKAT 3, RUMAH PERSEKUTUAN, JLN MAT SALLEH",,,,,,,5.9573016,116.0666046
320,91-12050012,BUKA,AWAM,KKM,,SABAH,KOTA BELUD,PEJABAT KESIHATAN,PEJABAT KESIHATAN DAERAH,PKD KOTA BELUD,"PETI SURAT 159, 89158 KOTA BELUD",,89158,,,,,6.3544511,116.4310448
321,91-12070014,BUKA,AWAM,KKM,,SABAH,KOTA MARUDU,PEJABAT KESIHATAN,PEJABAT KESIHATAN DAERAH,PKD KOTA MARUDU,"PETI SURAT 421, 89108 KOTA MARUDU",,89108,,,,,6.4958249,116.7609682
322,91-12080015,BUKA,AWAM,KKM,,SABAH,KUALA PENYU,PEJABAT KESIHATAN,PEJABAT KESIHATAN DAERAH,PKD KUALA PENYU,"PEJABAT KESIHATAN DAERAH KUALA PENYU, PETI SURAT 5, 89747 KUALA PENYU",,89747,,,,,5.5712796,115.5986877
323,91-12100016,BUKA,AWAM,KKM,,SABAH,KUNAK,PEJABAT KESIHATAN,PEJABAT KESIHATAN DAERAH,PKD KUNAK,"PETI SURAT 6, 91207 KUNAK",,91207,,,,,4.6871976,118.250595
324,91-12120017,BUKA,AWAM,KKM,,SABAH,NABAWAN,PEJABAT KESIHATAN,PEJABAT KESIHATAN DAERAH,PKD NABAWAN,"PEJABAT KESIHATAN DAERAH NABAWAN, PETI SURAT 56, 89957 NABAWAN",,,,,,,5.0428711,116.4377697
325,91-12130018,BUKA,AWAM,KKM,,SABAH,PAPAR,PEJABAT KESIHATAN,PEJABAT KESIHATAN DAERAH,PKD PAPAR,"JLN HOSPITAL LAMA, PEJABAT KESIHATAN DAERAH PAPAR, PETI SURAT 109, PAPAR",,,,,,,5.734628,115.9318508
326,91-12250654,BUKA,AWAM,KKM,,SABAH,PUTATAN,PEJABAT KESIHATAN,PEJABAT KESIHATAN DAERAH,PKD PUTATAN,"LOT 5, BLOK A, TINGKAT 1-2, PUTATAN CENTRAL PLAZA, 88200 PUTATAN",,88200,,,,,5.8987224,116.0532082
327,91-12150019,BUKA,AWAM,KKM,,SABAH,PITAS,PEJABAT KESIHATAN,PEJABAT KESIHATAN DAERAH,PKD PITAS,"KLINIK KESIHATAN IBU DAN ANAK, PEJABAT KESIHATAN DAERAH PITAS, PEKAN PITAS",,,,,,,6.7121978,117.0301804
328,91-12160020,BUKA,AWAM,KKM,,SABAH,RANAU,PEJABAT KESIHATAN,PEJABAT KESIHATAN DAERAH,PKD RANAU,"PEJABAT KESIHATAN DAERAH RANAU, KOMPLEKS KIABURI, JALAN RANAU-TAMBUNAN, PETI SURAT 32, 89308 RANAU",,89308,,,,,5.9445398,116.6646901
329,91-12180021,BUKA,AWAM,KKM,,SABAH,SEMPORNA,PEJABAT KESIHATAN,PEJABAT KESIHATAN DAERAH,PKD SEMPORNA,"TINGKAT 1, BANGUNAN KLINIK KESIHATAN, JALAN HOSPITAL, 91308 SEMPORNA",,91308,,,,,4.4810454,118.6059918
330,91-12190022,BUKA,AWAM,KKM,,SABAH,SIPITANG,PEJABAT KESIHATAN,PEJABAT KESIHATAN DAERAH,PKD SIPITANG,"PEJABAT KESIHATAN DAERAH SIPITANG, PETI SURAT 157, 89857 SIPITANG",,89857,,,,,5.0963963,115.5624644
331,91-12200023,BUKA,AWAM,KKM,,SABAH,TAMBUNAN,PEJABAT KESIHATAN,PEJABAT KESIHATAN DAERAH,PKD TAMBUNAN,"PEJABAT KESIHATAN DAERAH TAMBUNAN, PETI SURAT 10, 89657 TAMBUNAN",,89657,,,,,5.681922,116.3715255
332,91-12260653,BUKA,AWAM,KKM,,SABAH,TELUPID,PEJABAT KESIHATAN,PEJABAT KESIHATAN DAERAH,PKD TELUPID,"KLINIK KESIHATAN TELUPID, PETI SURAT 11, 89300 TELUPID",,89300,,,,,5.6296267,117.1207733
333,91-12220024,BUKA,AWAM,KKM,,SABAH,TENOM,PEJABAT KESIHATAN,PEJABAT KESIHATAN DAERAH,PKD TENOM,"PEJABAT KESIHATAN DAERAH TENOM, PETI SURAT 97, 89907 TENOM",,89907,,,,,5.1231478,115.941532
334,91-12230352,BUKA,AWAM,KKM,,SABAH,TONGOD,PEJABAT KESIHATAN,PEJABAT KESIHATAN DAERAH,PKD TONGOD,"KLINIK KESIHATAN TONGOD, D/A PEJABAT POS MINI TONGOD, PETI SURAT 42, 89320 TONGOD, TELUPID",,89302,,,,,5.6296537,117.1235339
335,91-12010002,BUKA,AWAM,KKM,,SABAH,BEAUFORT,PEJABAT KESIHATAN,PEJABAT KESIHATAN KAWASAN,PKK BEAUFORT,"PEJABAT KESIHATAN KAWASAN BEAUFORT, PETI SURAT NO.101",,,,,,,5.343667527,115.7452267
336,91-12020003,BUKA,AWAM,KKM,,SABAH,BELURAN,PEJABAT KESIHATAN,PEJABAT KESIHATAN KAWASAN,PKK BELURAN,"PETI SURAT 86, 90107 BELURAN",,90107,,,,,5.8817907,117.5547951
337,91-12030004,BUKA,AWAM,KKM,,SABAH,KENINGAU,PEJABAT KESIHATAN,PEJABAT KESIHATAN KAWASAN,PKK KENINGAU,"PEJABAT KESIHATAN KAWASAN KENINGAU, PETI SURAT NO.94",,,,,,,5.3409699,116.1596054
338,91-12040381,BUKA,AWAM,KKM,,SABAH,KINABATANGAN,PEJABAT KESIHATAN,PEJABAT KESIHATAN KAWASAN,PKK KINABATANGAN,"PEJABAT KESIHATAN KAWASAN KINABATANGAN, WDT 40",,,,,,,5.5846732,117.849132
339,91-12060005,BUKA,AWAM,KKM,,SABAH,KOTA KINABALU,PEJABAT KESIHATAN,PEJABAT KESIHATAN KAWASAN,PKK KOTA KINABALU,"PEJABAT KESIHATAN KOTA KINABALU, TINGKAT 2, BLOCK C, LOT NO. 21-25, PLAZA HERITAGE, OFF JALAN LINTAS LUYANG",,,,,,,5.945589,116.090585
340,91-12090006,BUKA,AWAM,KKM,,SABAH,KUDAT,PEJABAT KESIHATAN,PEJABAT KESIHATAN KAWASAN,PKK KUDAT,"PEJABAT KESIHATAN KAWASAN KUDAT, BEG BERKUNCI NO.6",,,,,,,6.9037773,116.8482654
341,91-12110007,BUKA,AWAM,KKM,,SABAH,LAHAD DATU,PEJABAT KESIHATAN,PEJABAT KESIHATAN KAWASAN,PKK LAHAD DATU,"PEJABAT KESIHATAN LAHAD DATU, 
PETI SURAT 61167",,61167,,,,,5.02782426,118.3167738
342,91-12140008,BUKA,AWAM,KKM,,SABAH,PENAMPANG,PEJABAT KESIHATAN,PEJABAT KESIHATAN KAWASAN,PKK PENAMPANG,"PEJABAT KESIHATAN KAWASAN PENAMPANG, LOT 13 A-2, PUSAT DAGANGAN DONGGONGON",,,,,,,5.9110199,116.1048479
343,91-12170009,BUKA,AWAM,KKM,,SABAH,SANDAKAN,PEJABAT KESIHATAN,PEJABAT KESIHATAN KAWASAN,PKK SANDAKAN,"BANGUNAN PERSEKUTUAN, TKT 6, BEG BERKUNCI NO 4",,,,,,,5.8780474,118.0523659
344,91-12210010,BUKA,AWAM,KKM,,SABAH,TAWAU,PEJABAT KESIHATAN,PEJABAT KESIHATAN KAWASAN,PKK TAWAU,"PKK TAWAU,PETI SURAT 990, JALAN DATUK CHONG THIEN VUN, SIN ON, 91000 TAWAU",,91000,,,,,4.2724311,117.9043438
345,91-12240011,BUKA,AWAM,KKM,,SABAH,TUARAN,PEJABAT KESIHATAN,PEJABAT KESIHATAN KAWASAN,PKK TUARAN,"PEJABAT KESIHATAN KAWASAN TUARAN, PETI SURAT 620, TUARAN",,,,,,,6.1558353,116.2224899
359,91-13000001,BUKA,AWAM,KKM,,SARAWAK,KUCHING,JABATAN KESIHATAN NEGERI,JABATAN KESIHATAN NEGERI,JKN SARAWAK,JALAN DIPLOMATIK OFF JALAN BAKO,,,,,,,1.5891491,110.3721461
360,91-13010284,BUKA,AWAM,KKM,,SARAWAK,ASAJAYA,PEJABAT KESIHATAN,PEJABAT KESIHATAN DAERAH,PKD ASAJAYA,"DAERAH ASAJAYA, KLINIK KESIHATAN SADONG JAYA, SADONG JAYA",,,,,,,1.547573,110.536556
361,91-13020285,BUKA,AWAM,KKM,,SARAWAK,BAU,PEJABAT KESIHATAN,PEJABAT KESIHATAN DAERAH,PKD BAU,"JALAN BAU - LUNDU, BAU",,,,,,,1.419633,110.1521254
362,91-13030286,BUKA,AWAM,KKM,,SARAWAK,BELAGA,PEJABAT KESIHATAN,PEJABAT KESIHATAN DAERAH,PKD BELAGA,"KLINIK KESIHATAN BELAGA, JLN.DIAN DING, BELAGA",,,,,,,2.7065538,113.775259
365,91-13060289,BUKA,AWAM,KKM,,SARAWAK,DALAT,PEJABAT KESIHATAN,PEJABAT KESIHATAN DAERAH,PKD DALAT,JALAN PASAR PEKAN DALAT,,,,,,,2.7384918,111.9389135
366,91-13070309,BUKA,AWAM,KKM,,SARAWAK,DARO,PEJABAT KESIHATAN,PEJABAT KESIHATAN DAERAH,PKD DARO,"KUATERS KESIHATAN, JALAN BINA, DARO",,,,,,,2.527996,111.417057
367,91-13080290,BUKA,AWAM,KKM,,SARAWAK,JULAU,PEJABAT KESIHATAN,PEJABAT KESIHATAN DAERAH,PKD JULAU,"KLINIK KESIHATAN JULAU, PEKAN JULAU",,,,,,,2.0240489,111.9161133
368,91-13090013,BUKA,AWAM,KKM,,SARAWAK,KANOWIT,PEJABAT KESIHATAN,PEJABAT KESIHATAN DAERAH,PKD KANOWIT,"DAERAH KANOWIT, HOSPITAL KANOWIT, JALAN KANOWIT-DURIN, KANOWIT",,,,,,,2.102222,112.1517403
371,91-13120014,BUKA,AWAM,KKM,,SARAWAK,LAWAS,PEJABAT KESIHATAN,PEJABAT KESIHATAN DAERAH,PKD LAWAS,"LOT 400, TINGKAT 2, JALAN DATU PENGIRAN HAJI MATUSIN",,,,,,,4.8607168,115.4085852
373,91-13140295,BUKA,AWAM,KKM,,SARAWAK,LUBUK ANTU,PEJABAT KESIHATAN,PEJABAT KESIHATAN DAERAH,PKD LUBOK ANTU,"DAERAH LUBOK ANTU, KLINIK KESIHATAN LUBOK ANTU, JALAN ARUNDEL, 
LUBOK ANTU",,,,,,,1.043355,111.8535959
374,91-13150015,BUKA,AWAM,KKM,,SARAWAK,LUNDU,PEJABAT KESIHATAN,PEJABAT KESIHATAN DAERAH,PKD LUNDU,"DAERAH LUNDU, JALAN SEKAMBAL, LUNDU",,,,,,,1.6767723,109.8526117
375,91-13170016,BUKA,AWAM,KKM,,SARAWAK,MARUDI,PEJABAT KESIHATAN,PEJABAT KESIHATAN DAERAH,PKD MARUDI,"D/A HOSPITAL MARUDI, PEJABAT KESIHATAN DAERAH MARUDI, JALAN BUNGOR, BARAM",,,,,,,4.1784523,114.3253531
376,91-13180296,BUKA,AWAM,KKM,,SARAWAK,MATU,PEJABAT KESIHATAN,PEJABAT KESIHATAN DAERAH,PKD MATU,"DAERAH MATU, TINGKAT 2, BANGUNAN GUNASAMA, WISMA PERSEKUTUAN MATU, JALAN SEKAAN LAMA, MATU",,,,,,,2.695497,111.4716679
377,91-13160297,BUKA,AWAM,KKM,,SARAWAK,MERADONG,PEJABAT KESIHATAN,PEJABAT KESIHATAN DAERAH,PKD MERADONG,"DAERAH MERADONG, KLINIK KESIHATAN BINTANGOR, JALAN DISPENSARI, BINTANGOR",,,,,,,2.1636196,111.6374418
380,91-13210300,BUKA,AWAM,KKM,,SARAWAK,PAKAN,PEJABAT KESIHATAN,PEJABAT KESIHATAN DAERAH,PKD PAKAN,"DAERAH PAKAN, KLINIK KESIHATAN PAKAN, JALAN PAKAN",,,,,,,1.8900338,111.6772086
382,91-13230017,BUKA,AWAM,KKM,,SARAWAK,SARATOK,PEJABAT KESIHATAN,PEJABAT KESIHATAN DAERAH,PKD SARATOK,"DAERAH SARATOK, WISMA PERSEKUTUAN, TINGKAT TIGA, JALAN SARATOK",,,,,,,1.7431875,111.3391094
384,91-13250302,BUKA,AWAM,KKM,,SARAWAK,SELANGAU,PEJABAT KESIHATAN,PEJABAT KESIHATAN DAERAH,PKD SELANGAU,"DAERAH SELANGAU, KLINIK KESIHATAN SELANGAU, JALAN SIBU-BINTULU, BINTULU",,,,,,,2.5298301,112.3288823
387,91-13280305,BUKA,AWAM,KKM,,SARAWAK,SIMUNJAN,PEJABAT KESIHATAN,PEJABAT KESIHATAN DAERAH,PKD SIMUNJAN,PEJABAT KESIHATAN DAERAH SIMUNJAN,,,,,,,1.3972627,110.7512623
388,91-13290306,BUKA,AWAM,KKM,,SARAWAK,SONG,PEJABAT KESIHATAN,PEJABAT KESIHATAN DAERAH,PKD SONG,"KLINIK KESIHATAN SONG, JALAN SUNGAI CHAPI, PEKAN SONG",,,,,,,2.0067895,112.5470285
390,91-13310308,BUKA,AWAM,KKM,,SARAWAK,TATAU,PEJABAT KESIHATAN,PEJABAT KESIHATAN DAERAH,PKD TATAU,"KLINIK KESIHATAN TATAU, JALAN SIBU-BINTULU, BINTULU",,,,,,,2.8814043,112.8542568
391,91-13320651,BUKA,AWAM,KKM,,SARAWAK,TANJUNG MANIS,PEJABAT KESIHATAN,PEJABAT KESIHATAN DAERAH,PKD TANJUNG MANIS,"D/A KLINIK KESIHATAN BELAWAI, BELAWAI",,,,,,,2.2285872,111.2168808
394,91-13040002,BUKA,AWAM,KKM,,SARAWAK,BETONG,PEJABAT KESIHATAN,PEJABAT KESIHATAN BAHAGIAN,PKB BETONG,"BAHAGIAN BETONG, KM 2 JALAN BETONG, BETONG",,,,,,,1.3835683,111.5598139
395,91-13050003,BUKA,AWAM,KKM,,SARAWAK,BINTULU,PEJABAT KESIHATAN,PEJABAT KESIHATAN BAHAGIAN,PKB BINTULU,"BAHAGIAN BINTULU, JALAN TUN AHMAD ZAIDI",,,,,,,3.1795294,113.0395964
396,91-13100004,BUKA,AWAM,KKM,,SARAWAK,KAPIT,PEJABAT KESIHATAN,PEJABAT KESIHATAN BAHAGIAN,PKB KAPIT,"BAHAGIAN KAPIT, TKT 3 WISMA PERSEKUTUAN, JALAN AIRPORT, KAPIT",,,,,,,2.0104359,112.9315727
397,91-13110005,BUKA,AWAM,KKM,,SARAWAK,KUCHING,PEJABAT KESIHATAN,PEJABAT KESIHATAN BAHAGIAN,PKB KUCHING,"BAHAGIAN KUCHING, JALAN TUN AHMAD ZAIDI ADRUCE, KUCHING",,,,,,,1.5358413,110.3371065
398,91-13130006,BUKA,AWAM,KKM,,SARAWAK,LIMBANG,PEJABAT KESIHATAN,PEJABAT KESIHATAN BAHAGIAN,PKB LIMBANG,"BAHAGIAN LIMBANG, HOSPITAL LIMBANG, JALAN PANDARUAN",,,,,,,4.7642525,115.0190368
399,91-13190007,BUKA,AWAM,KKM,,SARAWAK,MIRI,PEJABAT KESIHATAN,PEJABAT KESIHATAN BAHAGIAN,PKB MIRI,"BAHAGIAN MIRI, JALAN TEMENGGONG OYONG LAWAI JAU, MIRI",,,,,,,4.376234,113.9737162
400,91-13200008,BUKA,AWAM,KKM,,SARAWAK,MUKAH,PEJABAT KESIHATAN,PEJABAT KESIHATAN BAHAGIAN,PKB MUKAH,"BAHAGIAN MUKAH, JALAN HAJI MUHAMMAD PAUZI, MUKAH",,,,,,,2.8920883,112.0921699
401,91-13220009,BUKA,AWAM,KKM,,SARAWAK,SAMARAHAN,PEJABAT KESIHATAN,PEJABAT KESIHATAN BAHAGIAN,PKB SAMARAHAN,"BAHAGIAN SAMARAHAN, KLINIK KESIHATAN KOTA SAMARAHAN, JALAN DATUK MUHAMMAD MUSA, KOTA SAMARAHAN",,,,,,,1.4576686,110.4917848
402,91-13240010,BUKA,AWAM,KKM,,SARAWAK,SARIKEI,PEJABAT KESIHATAN,PEJABAT KESIHATAN BAHAGIAN,PKB SARIKEI,"BAHAGIAN SARIKEI, TKT 3 WISMA PERSEKUTUAN, JALAN BANGUNAN KERAJAAN",,,,,,,2.1204789,111.5226605
403,91-13260645,BUKA,AWAM,KKM,,SARAWAK,SERIAN,PEJABAT KESIHATAN,PEJABAT KESIHATAN BAHAGIAN,PKB SERIAN,"PEJABAT KESIHATAN BAHAGIAN SERIAN, JALAN BANDAR SERIAN, BANDAR SERIAN",,,,,,,1.1706858,110.5659888
404,91-13270011,BUKA,AWAM,KKM,,SARAWAK,SIBU,PEJABAT KESIHATAN,PEJABAT KESIHATAN BAHAGIAN,PKB SIBU,"BAHAGIAN SIBU, TKT 5, WISMA PERSEKUTUAN PERSIARAN BROOKE, SIBU",,,,,,,2.3226163,111.8406448
405,91-13300012,BUKA,AWAM,KKM,,SARAWAK,SRI AMAN,PEJABAT KESIHATAN,PEJABAT KESIHATAN BAHAGIAN,PKB SRI AMAN,"D/A PEG. KESIHATAN BAHAGIAN, BAHAGIAN SRI AMAN, WISMA PERSEKUTUAN TINGKAT 2&3, BLOK 4, JALAN KEJATAU",,,,,,,1.2305725,111.4557986
419,91-15000001,BUKA,AWAM,KKM,,WILAYAH PERSEKUTUAN LABUAN,LABUAN,JABATAN KESIHATAN NEGERI,JABATAN KESIHATAN NEGERI,JKN WP LABUAN,"PETI SURAT 80832, 87018 WILAYAH PERSEKUTUAN LABUAN",,87018,,,,,5.2831456,115.230825
420,91-15010002,BUKA,AWAM,KKM,,WILAYAH PERSEKUTUAN LABUAN,LABUAN,PEJABAT KESIHATAN,PEJABAT KESIHATAN DAERAH,PKD WP LABUAN,"PETI SURAT 81736, 87027 WILAYAH PERSEKUTAN LABUAN",,87027,,,,,5.2831456,115.230825
423,21-09010004,BUKA,AWAM,KKM,,PERLIS,KANGAR,KLINIK,KLINIK KESIHATAN,KK BESERI,"KM 10,JALAN KAKI BUKIT, BESERI",,02400,,04-9381355,,,6.5190354,100.2298976
424,21-09010005,BUKA,AWAM,KKM,,PERLIS,KANGAR,KLINIK,KLINIK KESIHATAN,KK KAMPUNG GIAL,"JALAN GIAL, MATA AYER",,02500,,04-9861177,,,6.4648675,100.2733612
425,21-09010006,BUKA,AWAM,KKM,,PERLIS,KANGAR,KLINIK,KLINIK KESIHATAN,KK KANGAR,JALAN KOLAM,,01000,,04-9778333,,,6.4699227,100.248006
426,21-09010007,BUKA,AWAM,KKM,,PERLIS,KANGAR,KLINIK,KLINIK KESIHATAN,KK KUALA PERLIS,"BT.7, JALAN KUALA PERLIS",,02000,,04-9854259,,,6.3974466,100.1342081
427,21-09010008,BUKA,AWAM,KKM,,PERLIS,KANGAR,KLINIK,KLINIK KESIHATAN,KK PADANG BESAR,"KM 37, JALAN PADANG BESAR, PADANG BESAR(U)",,02100,,04-9490333,,,6.6577933,100.2941024
428,21-09010009,BUKA,AWAM,KKM,,PERLIS,KANGAR,KLINIK,KLINIK KESIHATAN,KK SIMPANG EMPAT,SIMPANG EMPAT,,02700,,04-9807214,,,6.3365075,100.1914415
429,21-09010045,BUKA,AWAM,KKM,,PERLIS,KANGAR,KLINIK,KLINIK KESIHATAN,KK ARAU,ARAU,,02600,,"04-9861169 / 
04-9861218",,,6.4523672,100.2729638
430,21-09010046,BUKA,AWAM,KKM,,PERLIS,KANGAR,KLINIK,KLINIK KESIHATAN,KK KUALA SANGLANG,KUALA SANGLANG,,02800,,04-7940216,,,6.262525,100.1956
431,21-09010047,BUKA,AWAM,KKM,,PERLIS,KANGAR,KLINIK,KLINIK KESIHATAN,KK KAKI BUKIT,KAKI BUKIT,,02200,,04-9456237,,,6.517461,100.229741
432,21-09010091,BUKA,AWAM,KKM,,PERLIS,KANGAR,KLINIK,KLINIK KESIHATAN,KK UTC PERLIS,"NO.1, ARAS G, BLOK A, PUSAT TRANSFORMASI BANDAR, (UTC) PERLIS, MUKIM SENA",,01000,,04-9708333,,,6.4356979,100.2019342
433,21-09010093,BUKA,AWAM,KKM,,PERLIS,KANGAR,KLINIK,KLINIK KESIHATAN,KK PAUH ,"KLINIK KESIHATAN PAUH, PEKAN PAUH, 02600 ARAU PERLIS",,02600,,04-986 4737,,,6.4369815,100.3030068
434,21-09010049,BUKA,AWAM,KKM,,PERLIS,KANGAR,KLINIK,KLINIK KESIHATAN,KK JEJAWI,"LOT 8, JALAN JEJAWI SEMATANG, KAWASAN PERINDUSTRIAN JEJAWI, ARAU",,02600,,04-9768672,,,6.4423048,100.2350279
435,21-09010013,BUKA,AWAM,KKM,,PERLIS,KANGAR,KLINIK,KLINIK DESA,KD ABI,"NO.38, JALAN ABI BATAS PAIP",,01000,,04-9774201,,,6.4886338,100.1965924
436,21-09010014,BUKA,AWAM,KKM,,PERLIS,KANGAR,KLINIK,KLINIK DESA,KD BATU BERTANGKUP,"JALAN KILANG GULA, CHUPING",,02500,,,,,6.545962,100.289563
437,21-09010015,BUKA,AWAM,KKM,,PERLIS,KANGAR,KLINIK,KLINIK DESA,KD BEHOR LATEH,"BEHOR LATEH, JALAN KUALA PERLIS",,01000,,,,,6.3950818,100.1317412
439,21-09010017,BUKA,AWAM,KKM,,PERLIS,KANGAR,KLINIK,KLINIK DESA,KD BINTONG,"JALAN TEBING TINGGI, 
KG WANG BESAR, BINTONG",,01000,,,,,6.435278,100.156851
440,21-09010018,BUKA,AWAM,KKM,,PERLIS,KANGAR,KLINIK,KLINIK KESIHATAN,KK FELDA CHUPING,"KM 20, FELDA CHUPING, MATA AYER",,02500,,04-9774201,,,6.4937036,100.3404173
441,21-09010019,BUKA,AWAM,KKM,,PERLIS,KANGAR,KLINIK,KLINIK DESA,KD FELDA MATA AIR,"KM 27, JALAN PADANG BESAR,
PADANG BESAR (U)",,02100,,,,,6.654398,100.302182
442,21-09010020,BUKA,AWAM,KKM,,PERLIS,KANGAR,KLINIK,KLINIK DESA,KD GUAR NANGKA,"KM 3,JALAN GUAR NANGKA, MATA AYER",,02500,,,,,6.3911957,100.2016113
443,21-09010021,BUKA,AWAM,KKM,,PERLIS,KANGAR,KLINIK,KLINIK DESA,KD GUAR SANJI,"KM 11, JALAN KANGAR KODIANG,
ARAU",,02600,,,,,6.4002923,100.2712297
444,21-09010023,BUKA,AWAM,KKM,,PERLIS,KANGAR,KLINIK,KLINIK DESA,KD KAMPUNG SURAU,"KAMPUNG SURAU, UTAN AJI",,01000,,,,,6.3883721,100.2055219
445,21-09010024,BUKA,AWAM,KKM,,PERLIS,KANGAR,KLINIK,KLINIK DESA,KD KEPALA BATAS,"JALAN KUALA SANGLANG, KUALA SANGLANG",,02800,,,,,6.2586636,100.1987329
446,21-09010025,BUKA,AWAM,KKM,,PERLIS,KANGAR,KLINIK,KLINIK DESA,KD LONG BOH,"LONG BOH, SIMPANG EMPAT",,02700,,,,,6.3896966,100.2171776
447,21-09010026,BUKA,AWAM,KKM,,PERLIS,KANGAR,KLINIK,KLINIK DESA,KD FELCRA LUBUK SIREH,"KM 27, JALAN PADANG BESAR, KAKI BUKIT",,02200,,,,,6.649991,100.2243592
448,21-09010027,BUKA,AWAM,KKM,,PERLIS,KANGAR,KLINIK,KLINIK DESA,KD MATA AYER,"KM 3, JALAN MATA AYER, MATA AYER",,02500,,,,,6.473628,100.2581921
449,21-09010028,BUKA,AWAM,KKM,,PERLIS,KANGAR,KLINIK,KLINIK DESA,KD PADANG KERIA,"BT. 1, KG PADANG KERIA, KUALA SANGLANG",,02800,,,,,6.288164,100.1866491
450,21-09010029,BUKA,AWAM,KKM,,PERLIS,KANGAR,KLINIK,KLINIK DESA,KD PADANG MALAU,"KM 13, JALAN KAKI BUKIT, BESERI",,02200,,,,,6.5534967,100.2292206
451,21-09010030,BUKA,AWAM,KKM,,PERLIS,KANGAR,KLINIK,KLINIK DESA,KD PADANG MELANGIT,"KM 9, JALAN ABI",,02400,,,,,6.514144,100.208507
452,21-09010031,BUKA,AWAM,KKM,,PERLIS,KANGAR,KLINIK,KLINIK DESA,KD PADANG PAUH,"KM 6, JALAN KAKI BUKIT",,01000,,,,,6.4842862,100.2118171
453,21-09010032,BUKA,AWAM,KKM,,PERLIS,KANGAR,KLINIK,KLINIK DESA,KD PADANG SIDING,"JALAN MASJID PADANG SIDING, MATA AYER",,02500,,,,,6.4402374,100.2995868
454,21-09010033,BUKA,AWAM,KKM,,PERLIS,KANGAR,KLINIK,KLINIK DESA,KD PANGGAS,"JALAN TEPI SEKOLAH PANGGAS, CHUPING",,02500,,,,,6.4990991,100.2451704
455,21-09010035,BUKA,AWAM,KKM,,PERLIS,KANGAR,KLINIK,KLINIK DESA,KD SANTAN,"KM 2, JALAN SANTAN",,01000,,,,,6.4617112,100.2211847
456,21-09010036,BUKA,AWAM,KKM,,PERLIS,KANGAR,KLINIK,KLINIK DESA,KD SEBERANG RAMAI,"JALAN KG SEBERANG RAMAI, KUALA PERLIS",,02000,,,,,6.40587,100.13131
457,21-09010037,BUKA,AWAM,KKM,,PERLIS,KANGAR,KLINIK,KLINIK DESA,KD SERDANG,SIMPANG EMPAT,,02700,,,,,6.3418072,100.1899625
458,21-09010038,BUKA,AWAM,KKM,,PERLIS,KANGAR,KLINIK,KLINIK DESA,KD SUNGAI BARU,"BT. 1Â½, JALAN SUNGAI BARU,
SIMPANG EMPAT",,02700,,,,,6.3327894,100.1581635
459,21-09010039,BUKA,AWAM,KKM,,PERLIS,KANGAR,KLINIK,KLINIK DESA,KD SUNGAI PADANG,"JALAN SUNGAI PADANG, SIMPANG EMPAT",,02700,,,,,6.3103503,100.1711097
460,21-09010040,BUKA,AWAM,KKM,,PERLIS,KANGAR,KLINIK,KLINIK DESA,KD TAMBUN TULANG,"JALAN TAMBUN TULANG, ARAU",,02600,,,,,6.4071499,100.2267625
461,21-09010041,BUKA,AWAM,KKM,,PERLIS,KANGAR,KLINIK,KLINIK DESA,KD TITI TINGGI,"KAMPUNG ULU PADANG BESAR (U),
PADANG BESAR",,02100,,,,,6.662622,100.3216651
462,21-09010042,BUKA,AWAM,KKM,,PERLIS,KANGAR,KLINIK,KLINIK DESA,KD TITI TOK BANDAR,"JALAN SEKOLAH TITI TOK BANDAR, SERIAB",,01000,,,,,6.412067,100.1746898
463,21-02010047,BUKA,AWAM,KKM,,KEDAH,BALING,KLINIK,KLINIK KESIHATAN,KK KAMPUNG LALANG,"JALAN WENG, MUKIM SIONG, BALING",,09100,,04-4732555,,,5.79518,100.89771
464,21-02010055,BUKA,AWAM,KKM,,KEDAH,BALING,KLINIK,KLINIK KESIHATAN,KK KUALA KETIL,KUALA KETIL,,09300,,"04-4163355 /      
 04-4164557",,,5.6052025,100.6531067
465,21-02010058,BUKA,AWAM,KKM,,KEDAH,BALING,KLINIK,KLINIK KESIHATAN,KK KUPANG,"POLIKLINIK KESIHATAN KUPANG, KUPANG",,09200,,04-4766355,,,5.6349547,100.8339231
466,21-02010065,BUKA,AWAM,KKM,,KEDAH,BALING,KLINIK,KLINIK KESIHATAN,KK MALAU,BALING,,09020,,"04-4721095 /       
04-4721203",,,5.5026369,100.7218916
467,21-02010071,BUKA,AWAM,KKM,,KEDAH,BALING,KLINIK,KLINIK KESIHATAN,KK PARIT PANJANG,BALING,,09120,,04-4430853,,,5.7038737,100.7444566
468,21-02010082,BUKA,AWAM,KKM,,KEDAH,BALING,KLINIK,KLINIK KESIHATAN,KK TAWAR,KUALA KETIL,,09310,,04-4766308,,,5.59502,100.77102
469,21-02020034,BUKA,AWAM,KKM,,KEDAH,BANDAR BAHARU,KLINIK,KLINIK KESIHATAN,KK BANDAR BAHARU,BANDAR BAHARU,,09800,,04-7178232,,,5.1263853,100.5129974
470,21-02020061,BUKA,AWAM,KKM,,KEDAH,BANDAR BAHARU,KLINIK,KLINIK KESIHATAN,KK LUBUK BUNTAR,JLN SERDANG-BANDAR BAHARU,,09800,,04-4077320,,,5.1441069,100.5903536
471,21-02020074,BUKA,AWAM,KKM,,KEDAH,BANDAR BAHARU,KLINIK,KLINIK KESIHATAN,KK SERDANG,SERDANG,,09800,,04-4076100,,,5.21238,100.61551
472,21-02030028,BUKA,AWAM,KKM,,KEDAH,KOTA SETAR,KLINIK,KLINIK KESIHATAN,KK ALOR JANGGUS,"JALAN ALOR JAGGUS, ALOR JAGGUS",,06250,,04-7301985,,,6.1727838,100.3079398
473,21-02030032,BUKA,AWAM,KKM,,KEDAH,KOTA SETAR,KLINIK,KLINIK KESIHATAN,KK BANDAR ALOR SETAR,"LEBUH RAYA DARULAMAN, ALOR SETAR",,05100,,04-7308353,,,6.1412905,100.3709206
474,21-02030045,BUKA,AWAM,KKM,,KEDAH,KOTA SETAR,KLINIK,KLINIK KESIHATAN,KK JALAN PUTRA,"MEGONG, ALOR SETAR",,05150,,"04-7301985 /      
04-7355161",,,6.135445,100.342048
475,21-02030052,BUKA,AWAM,KKM,,KEDAH,KOTA SETAR,KLINIK,KLINIK KESIHATAN,KK KOTA SARANG SEMUT,"JALAN PENDANG, KOTA SARANG SEMUT",,06800,,04-7691333,,,5.97459,100.403
476,21-02030054,BUKA,AWAM,KKM,,KEDAH,KOTA SETAR,KLINIK,KLINIK KESIHATAN,KK KUALA KEDAH,"JALAN KUALA KEDAH, KUALA KEDAH",,05600,,04-7621526,,,6.0988815,100.3010924
477,21-02030060,BUKA,AWAM,KKM,,KEDAH,KOTA SETAR,KLINIK,KLINIK KESIHATAN,KK LANGGAR,"JALAN LANGGAR, ALOR SETAR",,06500,,04-7876648,,,6.14969,100.42133
478,21-02030075,BUKA,AWAM,KKM,,KEDAH,KOTA SETAR,KLINIK,KLINIK KESIHATAN,KK SIMPANG EMPAT,"JALAN TOKAI, ALOR SETAR",,06650,,04-7641501,,,6.02635,100.38614
479,21-02030076,BUKA,AWAM,KKM,,KEDAH,KOTA SETAR,KLINIK,KLINIK KESIHATAN,KK SIMPANG KUALA,"JALAN KUALA KEDAH, ALOR SETAR",,06600,,04-7720853,,,6.0968482,100.3611724
480,21-02030345,BUKA,AWAM,KKM,,KEDAH,KOTA SETAR,KLINIK,KLINIK KESIHATAN,KK DATO' KUMBAR,"JALAN DATO' KUMBAR, ALOR SETAR",,06500,,04-7306319,,,6.12091,100.39927
481,21-02030365,BUKA,AWAM,KKM,,KEDAH,KOTA SETAR,KLINIK,KLINIK KESIHATAN,KK UTC ALOR SETAR,"ARAS BWH, KOMPLEKS MBAS(CITY POINT), JLN KOLAM AIR",,05100,,04-7350302,,,6.1187202,100.3704045
482,21-02030089,BUKA,AWAM,KKM,,KEDAH,KOTA SETAR,KLINIK,KLINIK KESIHATAN,KK ALOR MENGKUDU,"JALAN ALOR MENGKUDU,
ALOR SETAR",,05100,,04-7320078,,,6.0863967,100.3970328
483,21-02040030,BUKA,AWAM,KKM,,KEDAH,KUALA MUDA,KLINIK,KLINIK KESIHATAN,KK TAMAN INTAN ,"JALAN TAMAN INTAN, SUNGAI PETANI",,08000,,04-4220294,,,5.9843644,116.077344
484,21-02040037,BUKA,AWAM,KKM,,KEDAH,KUALA MUDA,KLINIK,KLINIK KESIHATAN,KK BANDAR SG. PETANI,"PEJ.KES. DAERAH KUALA MUDA, JALAN BADLISHAH, SUNGAI PETANI",,08000,,04-4213333,,,5.6474017,100.4970357
485,21-02040040,BUKA,AWAM,KKM,,KEDAH,KUALA MUDA,KLINIK,KLINIK KESIHATAN,KK BEDONG,"JALAN SEMELING, BEDONG",,08300,,04-4583333,,,5.7227909,100.5063475
486,21-02040041,BUKA,AWAM,KKM,,KEDAH,KUALA MUDA,KLINIK,KLINIK KESIHATAN,KK BUKIT SELAMBAU,SUNGAI PETANI,,08010,,04-4193312,,,5.6894616,100.6324499
487,21-02040051,BUKA,AWAM,KKM,,KEDAH,KUALA MUDA,KLINIK,KLINIK KESIHATAN,KK KOTA KUALA MUDA,"JALAN KAMPUNG SUNGAI EMAS,
KOTA KUALA MUDA",,08500,,04-4374225,,,5.58758,100.3746522
488,21-02040067,BUKA,AWAM,KKM,,KEDAH,KUALA MUDA,KLINIK,KLINIK KESIHATAN,KK MERBOK,"JALAN MERBOK-TANJUNG DAWAI, MERBOK, KUALA MUDA",,08400,,04-4572214,,,5.7226128,100.4096145
489,21-02040077,BUKA,AWAM,KKM,,KEDAH,KUALA MUDA,KLINIK,KLINIK KESIHATAN,KK SG. LALANG,"LOT 15,16,17 & 18, TAMAN LEMBAH PERMAI, SUNGAI LALANG, BEDONG",,08100,,04-4594127,,,5.7155414,100.5345216
490,21-02040485,BUKA,AWAM,KKM,,KEDAH,KUALA MUDA,KLINIK,KLINIK KESIHATAN,KK UTC SUNGAI PETANI,"LOT G-UTC-02, UTC SUNGAI PETANI, BANGUNAN UKIR SQUARE, JALAN KUALA KETIL",,08000,,04-4214075,,,5.6408614,100.49094
491,21-02050029,BUKA,AWAM,KKM,,KEDAH,KUBANG PASU,KLINIK,KLINIK KESIHATAN,KK AYER HITAM,AYER HITAM,,06150,,04-7942101,,,6.240271,100.2463546
492,21-02050031,BUKA,AWAM,KKM,,KEDAH,KUBANG PASU,KLINIK,KLINIK KESIHATAN,KK BANAI,JITRA,,06000,,04-9170375,,,6.2209696,100.457929
493,21-02050042,BUKA,AWAM,KKM,,KEDAH,KUBANG PASU,KLINIK,KLINIK KESIHATAN,KK CHANGLOON,CHANGLUN,,06010,,04-9241277,,,6.425232,100.429084
494,21-02050049,BUKA,AWAM,KKM,,KEDAH,KUBANG PASU,KLINIK,KLINIK KESIHATAN,KK KEPALA BATAS,KEPALA BATAS,,62000,,04-7144820,,,6.204892,100.416645
495,21-02050050,BUKA,AWAM,KKM,,KEDAH,KUBANG PASU,KLINIK,KLINIK KESIHATAN,KK KODIANG,KODIANG,,06100,,04-9250178,,,6.3963129,100.3047385
496,21-02050059,BUKA,AWAM,KKM,,KEDAH,KUBANG PASU,KLINIK,KLINIK KESIHATAN,KK LAKA TEMIN,BUKIT KAYU HITAM,,06050,,04-9222560,,,6.503834,100.4201801
497,21-02050083,BUKA,AWAM,KKM,,KEDAH,KUBANG PASU,KLINIK,KLINIK KESIHATAN,KK TUNJANG,"JALAN KODIANG, JITRA",,06000,,04-9291524,,,6.298225,100.366306
498,21-02050491,BUKA,AWAM,KKM,,KEDAH,KUBANG PASU,KLINIK,KLINIK KESIHATAN,KK NAPOH,"KLINIK KESIHATAN NAPOH, JITRA",,06000,,"04-9164944 /       
04-9162355",,,6.3618826,100.4207025
499,21-02060048,BUKA,AWAM,KKM,,KEDAH,KULIM,KLINIK,KLINIK KESIHATAN,KK KARANGAN,"JALAN MAHANG, KARANGAN",,09700,,04-4056261,,,5.4272705,100.6579861
500,21-02060057,BUKA,AWAM,KKM,,KEDAH,KULIM,KLINIK,KLINIK KESIHATAN,KK KULIM,"JALAN HOSPITAL LAMA, KULIM",,09000,,04-4903355,,,5.3674361,100.557661
501,21-02060063,BUKA,AWAM,KKM,,KEDAH,KULIM,KLINIK,KLINIK KESIHATAN,KK LUNAS,"JALAN ARA KUDA, LUNAS",,09600,,04-4849199,,,5.4302254,100.5304297
502,21-02060064,BUKA,AWAM,KKM,,KEDAH,KULIM,KLINIK,KLINIK KESIHATAN,KK MAHANG,"JALAN MAHANG, KULIM",,09800,,04-4041333,,,5.3265985,100.749926
503,21-02060066,BUKA,AWAM,KKM,,KEDAH,KULIM,KLINIK,KLINIK KESIHATAN,KK MERBAU PULAS,"JALAN KUALA KETIL, KULIM",,09410,,04-4163852,,,5.5532447,100.6349903
504,21-02060070,BUKA,AWAM,KKM,,KEDAH,KULIM,KLINIK,KLINIK KESIHATAN,KK PADANG SERAI,"JALAN LUNAS, PADANG SERAI",,09400,,04-4580084,,,5.51035,100.55381
505,21-02060081,BUKA,AWAM,KKM,,KEDAH,KULIM,KLINIK,KLINIK KESIHATAN,KK TAMAN SELASIH,"LOT 3302, TAMAN SELASIH, KULIM",,09000,,04-4917377,,,5.3783949,100.5378889
506,21-02070027,BUKA,AWAM,KKM,,KEDAH,LANGKAWI,KLINIK,KLINIK KESIHATAN,KK AIR HANGAT,"JALAN AIR HANGAT, LANGKAWI",,07000,,04-9591959,,,6.4198849,99.8204238
507,21-02070053,BUKA,AWAM,KKM,,KEDAH,LANGKAWI,KLINIK,KLINIK KESIHATAN,KK KUAH,"JALAN AIR HANGAT, LANGKAWI",,07000,,04-9668030,,,6.4198849,99.8204238
508,21-02070069,BUKA,AWAM,KKM,,KEDAH,LANGKAWI,KLINIK,KLINIK KESIHATAN,KK PADANG MATSIRAT,LANGKAWI,,07100,,04-9551355,,,6.3500748,99.7312906
509,21-02070301,BUKA,AWAM,KKM,,KEDAH,LANGKAWI,KLINIK,KLINIK KESIHATAN,KK TEMONYONG,"MUKIM KEDAWANG, LANGKAWI",,07000,,04-9531133,,,6.2991174,99.7274994
510,21-02080062,BUKA,AWAM,KKM,,KEDAH,PADANG TERAP,KLINIK,KLINIK KESIHATAN,KK LUBUK MERBAU,PENDANG,,06710,,04-7520129,,,6.000322,100.725451
511,21-02080068,BUKA,AWAM,KKM,,KEDAH,PADANG TERAP,KLINIK,KLINIK KESIHATAN,KK NAKA,NAKA,,06300,,04-7851229,,,6.1403052,100.6687794
512,21-02080239,BUKA,AWAM,KKM,,KEDAH,PADANG TERAP,KLINIK,KLINIK KESIHATAN,KK PEDU,KUALA NERANG,,06300,,04-7868717,,,6.234165,100.6846
514,21-02090072,BUKA,AWAM,KKM,,KEDAH,PENDANG,KLINIK,KLINIK KESIHATAN,KK PENDANG,"JALAN SUNGAI TIANG, PENDANG",,06700,,04-7596412,,,5.9836808,100.482399
515,21-02090079,BUKA,AWAM,KKM,,KEDAH,PENDANG,KLINIK,KLINIK KESIHATAN,KK SUNGAI TIANG,"SUNGAI TIANG, PENDANG",,06720,,04-7541135,,,5.995675,100.5960464
516,21-02090056,BUKA,AWAM,KKM,,KEDAH,PENDANG,KLINIK,KLINIK KESIHATAN,KK KUBUR PANJANG,"KUBUR PANJANG, PENDANG",,06760,,04-7846355,,,6.089132,100.5539011
517,21-02100046,BUKA,AWAM,KKM,,KEDAH,SIK,KLINIK,KLINIK KESIHATAN,KK JENIANG,"JALAN JENIANG, JENIANG SIK",,08700,,04-4641200,,,5.8137631,100.6466217
518,21-02100154,BUKA,AWAM,KKM,,KEDAH,SIK,KLINIK,KLINIK KESIHATAN,KK KAMPUNG BETONG,"KAMPUNG BETONG, MUKIM JENERI, SIK",,08200,,"04-4620063 /     
 019-4776363",,,5.938757,100.680602
519,21-02100135,BUKA,AWAM,KKM,,KEDAH,SIK,KLINIK,KLINIK KESIHATAN,KK TELOI TIMUR,"TELOI TIMUR, SIK",,09300,,"019-4608741 /      
04-4193512",,,5.7160563,100.6764148
520,21-02100044,BUKA,AWAM,KKM,,KEDAH,SIK,KLINIK,KLINIK KESIHATAN,KK GULAU,"JALAN GULAU NAMI, SIK",,08210,,"04-7520163 /       
04-7520159",,,6.020614,100.8179399
521,21-02110078,BUKA,AWAM,KKM,,KEDAH,YAN,KLINIK,KLINIK KESIHATAN,KK SUNGAI LIMAU DALAM,YAN,,06910,,04-7691607,,,5.90133,100.38155
522,21-02110242,BUKA,AWAM,KKM,,KEDAH,YAN,KLINIK,KLINIK KESIHATAN,KK PERMATANG BULUH,"PERMATANG BULUH, KOTA SARANG SEMUT",,06900,,04-7691036,,,5.95665,100.36081
523,21-02110043,BUKA,AWAM,KKM,,KEDAH,YAN,KLINIK,KLINIK KESIHATAN,KK GUAR CHEMPEDAK,"JALAN ALOR SETAR GURUN, GUAR CAMPAK",,08800,, 04-4683155 ,,,5.85363,100.45985
524,21-02120073,BUKA,AWAM,KKM,,KEDAH,POKOK SENA,KLINIK,KLINIK KESIHATAN,KK POKOK SENA,POKOK SENA,,06400,,04-7821355,,,6.1684777,100.5185924
525,21-02120313,BUKA,AWAM,KKM,,KEDAH,POKOK SENA,KLINIK,KLINIK KESIHATAN,KK TUALANG,"KAMPUNG KERIAN, JALAN TUKANG, 
MUKIM TUALANG",,06400,,04-7879066,,,6.12955,100.47274
529,21-02040359,BUKA,AWAM,KKM,,KEDAH,KUALA MUDA,KLINIK,KLINIK KOMUNITI,KKOM LEMBAH BUJANG INDAH,"NO 25A, (TINGKAT BAWAH) JALAN LEMBAH BUJANG INDAH, TAMAN LEMBAH BUJANG INDAH,
BEDONG, KEDAH",,08100,,,,,5.7066769,100.4397767
530,21-02040367,BUKA,AWAM,KKM,,KEDAH,KUALA MUDA,KLINIK,KLINIK KOMUNITI,KKOM TAMAN RIA JAYA,"NO. 9, JALAN KUDA KEPANG 1/1A,
TAMAN RIA JAYA",,08000,,,,,5.6485102,100.5171232
531,21-02040490,BUKA,AWAM,KKM,,KEDAH,KUALA MUDA,KLINIK,KLINIK KOMUNITI,KKOM GURUN,"28G, JALAN RAYA, GURUN",,08300,,,,,5.8139084,100.4780316
537,21-02010090,BUKA,AWAM,KKM,,KEDAH,BALING,KLINIK,KLINIK DESA,KD ASAM JAWA,ASAM JAWA,,09100,,,,,5.6966,100.81344
538,21-02010150,BUKA,AWAM,KKM,,KEDAH,BALING,KLINIK,KLINIK DESA,KD BADANG,"BADANG, MALAU",,09310,,,,,5.44631,100.72853
539,21-02010096,BUKA,AWAM,KKM,,KEDAH,BALING,KLINIK,KLINIK DESA,KD BANDAR,JALAN WENG,,09100,,,,,5.746884,100.89247
540,21-02010101,BUKA,AWAM,KKM,,KEDAH,BALING,KLINIK,KLINIK DESA,KD BATU 8,BATU 8,,09100,,,,,5.93356,100.90253
541,21-02010108,BUKA,AWAM,KKM,,KEDAH,BALING,KLINIK,KLINIK DESA,KD BELIDA,"BELIDA, KUALA KETIL",,09300,,,,,5.661,100.66828
542,21-02010155,BUKA,AWAM,KKM,,KEDAH,BALING,KLINIK,KLINIK DESA,KD BINJUL LUAR,"BINJUL LUAR, KUALA KETIL",,09310,,,,,5.589031,100.73684
543,21-02010113,BUKA,AWAM,KKM,,KEDAH,BALING,KLINIK,KLINIK DESA,KD BONGOR,JALAN WENG,,09100,,,,,5.71753,100.90723
544,21-02010130,BUKA,AWAM,KKM,,KEDAH,BALING,KLINIK,KLINIK DESA,KD CHAROK KELIAN,CHAROK KELIAN,,09100,,,,,5.699659,100.834847
545,21-02010166,BUKA,AWAM,KKM,,KEDAH,BALING,KLINIK,KLINIK DESA,KD KAMPUNG PADANG,KAMPUNG PADANG,,09100,,,,,5.67645,100.80703
546,21-02010171,BUKA,AWAM,KKM,,KEDAH,BALING,KLINIK,KLINIK DESA,KD KAMPUNG PISANG,KAMPUNG PISANG,,09200,,,,,5.59955,100.85528
547,21-02010186,BUKA,AWAM,KKM,,KEDAH,BALING,KLINIK,KLINIK DESA,KD KEJAI BARU,"KEJAI BARU, KUALA KETIL",,09020,,,,,5.54837,100.731
548,21-02010193,BUKA,AWAM,KKM,,KEDAH,BALING,KLINIK,KLINIK DESA,KD KIJANG,KIJANG,,09100,,,,,5.65071,100.7753
549,21-02010200,BUKA,AWAM,KKM,,KEDAH,BALING,KLINIK,KLINIK DESA,KD KUALA KUANG,KUALA KUANG,,09200,,,,,5.56125,100.88655
550,21-02010201,BUKA,AWAM,KKM,,KEDAH,BALING,KLINIK,KLINIK DESA,KD KUALA MERAH,"KUALA MERAH, KUALA KETIL",,09300,,,,,5.60596,100.706249
551,21-02010202,BUKA,AWAM,KKM,,KEDAH,BALING,KLINIK,KLINIK DESA,KD KUALA PEGANG,KUALA PEGANG,,09310,,,,,5.63525,100.80914
552,21-02010211,BUKA,AWAM,KKM,,KEDAH,BALING,KLINIK,KLINIK DESA,KD LANAI,LANAI,,09120,,,,,5.69512,100.75466
553,21-02010163,BUKA,AWAM,KKM,,KEDAH,BALING,KLINIK,KLINIK DESA,KD MACHANG BUBUK,"MACANG BUBUK, 09020 MALAU, BALING",,09310,,,,,5.53054,100.70919
554,21-02010237,BUKA,AWAM,KKM,,KEDAH,BALING,KLINIK,KLINIK DESA,KD PAYA BESAR,"PAYA BESAR, KUALA KETIL",,09300,,,,,5.624042,100.702029
555,21-02010249,BUKA,AWAM,KKM,,KEDAH,BALING,KLINIK,KLINIK DESA,KD PULAI,PEKAN PULAI,,09100,,,,,5.654498,100.892028
556,21-02010252,BUKA,AWAM,KKM,,KEDAH,BALING,KLINIK,KLINIK DESA,KD RAMBONG,BATU TUJUH,,09100,,,,,5.69114,100.94642
557,21-02010179,BUKA,AWAM,KKM,,KEDAH,BALING,KLINIK,KLINIK DESA,KD SEPUTIH,"SI PUTIH, MALAU",,09310,,,,,5.5333366,100.7560751
558,21-02010272,BUKA,AWAM,KKM,,KEDAH,BALING,KLINIK,KLINIK DESA,KD SUNGAI LIMAU,KUALA KUANG,,09200,,,,,5.67668,100.86828
559,21-02010278,BUKA,AWAM,KKM,,KEDAH,BALING,KLINIK,KLINIK DESA,KD SUNGAI TAWAR,KAMPUNG SUNGAI TAWAR,,09310,,,,,5.57863,100.78646
561,21-02010292,BUKA,AWAM,KKM,,KEDAH,BALING,KLINIK,KLINIK DESA,KD TELOI KANAN (FELDA),"TELOI KANAN, KUALA KETIL",,09300,,,,,5.71709,100.65805
562,21-02010295,BUKA,AWAM,KKM,,KEDAH,BALING,KLINIK,KLINIK DESA,KD TELOK SERA,KAMPUNG DESA TELOK SERA,,09100,,,,,5.6323131,100.8982164
563,21-02010296,BUKA,AWAM,KKM,,KEDAH,BALING,KLINIK,KLINIK DESA,KD TELOK SUNGAI DURIAN,"KAMPUNG DESA TELOK 
SUNGAI DURIAN",,09100,,,,,5.70463,100.92125
564,21-02010297,BUKA,AWAM,KKM,,KEDAH,BALING,KLINIK,KLINIK DESA,KD TELOK TEDURI,KAMPUNG DESA TELOK TEDURI,,09100,,,,,5.64497,100.91462
565,21-02010298,BUKA,AWAM,KKM,,KEDAH,BALING,KLINIK,KLINIK DESA,KD TELOK TEMELAH,JALAN WENG,,09100,,,,,5.74892,100.91247
566,21-02010182,BUKA,AWAM,KKM,,KEDAH,BALING,KLINIK,KLINIK DESA,KD TEMBAK A,TEMBAK,,09300,,,,,5.6754,100.70808
567,21-02010183,BUKA,AWAM,KKM,,KEDAH,BALING,KLINIK,KLINIK DESA,KD TIAK,KAMPUNG TIAK,,09200,,,,,5.58632,100.8793
568,21-02010315,BUKA,AWAM,KKM,,KEDAH,BALING,KLINIK,KLINIK DESA,KD ULU BAKAI,"ULU BAKAI, KUALA KETIL",,09020,,,,,5.52081,100.7558
569,21-02010318,BUKA,AWAM,KKM,,KEDAH,BALING,KLINIK,KLINIK DESA,KD WENG,JALAN WENG,,09100,,,,,5.84183,100.88752
571,21-02020094,BUKA,AWAM,KKM,,KEDAH,BANDAR BAHARU,KLINIK,KLINIK DESA,KD BAGAN SAMAK,"BAGAN SAMAK,
 BANDAR BAHARU",,34950,,,,,5.0901,100.56168
572,21-02020236,BUKA,AWAM,KKM,,KEDAH,BANDAR BAHARU,KLINIK,KLINIK DESA,KD PARIT NIBONG,"JALAN SERDANG, 
BANDAR BAHARU",,34950,,,,,5.11701,100.52508
573,21-02020244,BUKA,AWAM,KKM,,KEDAH,BANDAR BAHARU,KLINIK,KLINIK DESA,KD PERMATANG KERAT TELUNJUK,"JALAN SERDANG, 
BANDAR BAHARU",,34950,,,,,5.11684,100.55991
574,21-02020253,BUKA,AWAM,KKM,,KEDAH,BANDAR BAHARU,KLINIK,KLINIK DESA,KD RELAU,"JALAN KAMPUNG PADANG, BANDAR BAHARU",,14300,,,,,5.23318,100.55484
575,21-02020256,BUKA,AWAM,KKM,,KEDAH,BANDAR BAHARU,KLINIK,KLINIK KESIHATAN,KK JALAN SELAMA,"SELAMA, SERDANG",,09800,,05-8391455,,,5.23566,100.68286
576,21-02020258,BUKA,AWAM,KKM,,KEDAH,BANDAR BAHARU,KLINIK,KLINIK DESA,KD SERIBU RELONG,"JALAN TENGAS, SERDANG",,09800,,,,,5.25828,100.65927
577,21-02020264,BUKA,AWAM,KKM,,KEDAH,BANDAR BAHARU,KLINIK,KLINIK DESA,KD SUNGAI BATU,"JALAN SUNGAI BATU, SERDANG",,09801,,,,,5.31229,100.70241
578,21-02020267,BUKA,AWAM,KKM,,KEDAH,BANDAR BAHARU,KLINIK,KLINIK DESA,KD SUNGAI KECIL ILIR,"JALAN SEKOLAH SG KECIL ILIR,
BANDAR BAHARU",,14300,,,,,5.17423,100.5479
579,21-02020277,BUKA,AWAM,KKM,,KEDAH,BANDAR BAHARU,KLINIK,KLINIK DESA,KD SUNGAI TAKA,"JALAN MAHANG, SERDANG",,09800,,,,,5.28029,100.72231
580,21-02030123,BUKA,AWAM,KKM,,KEDAH,KOTA SETAR,KLINIK,KLINIK DESA,KD BUKIT PINANG,"129, JALAN BUKIT PINANG,
ALOR SETAR",,06200,,,,,6.19886,100.42333
581,21-02030140,BUKA,AWAM,KKM,,KEDAH,KOTA SETAR,KLINIK,KLINIK DESA,KD GUNUNG KERIANG,"MUKIM GUNUNG,
ALOR SETAR",,06750,,,,,6.18835,100.33822
582,21-02030143,BUKA,AWAM,KKM,,KEDAH,KOTA SETAR,KLINIK,KLINIK DESA,KD HUTAN KAMPUNG,"JALAN HUTAN KAMPUNG, MUKIM HUTAN KAMPUNG, 
ALOR SETAR",,05350,,,,,6.16448,100.40299
583,21-02030198,BUKA,AWAM,KKM,,KEDAH,KOTA SETAR,KLINIK,KLINIK DESA,KD KANGKONG,"KAMPUNG KUALA KANGKONG,
MUKIM KANGKONG, ALOR SETAR",,06650,,,,,6.00465,100.34343
584,21-02030199,BUKA,AWAM,KKM,,KEDAH,KOTA SETAR,KLINIK,KLINIK DESA,KD KUALA KEDAH,"JALAN KUALA KEDAH,
ALOR SETAR",,05600,,,,,6.10602,100.29382
585,21-02030205,BUKA,AWAM,KKM,,KEDAH,KOTA SETAR,KLINIK,KLINIK DESA,KD KUBANG JAWI,"JALAN ALOR JANGGUS, MUKIM PADANG HANG, ALOR SETAR",,06250,,,,,6.16889,100.28692
586,21-02030207,BUKA,AWAM,KKM,,KEDAH,KOTA SETAR,KLINIK,KLINIK DESA,KD KUBANG ROTAN,"KAMPUNG KUBANG ROTAN,
MUKIM KUBANG ROTAN,
ALOR SETAR",,06250,,,,,6.14094,100.30769
587,21-02030212,BUKA,AWAM,KKM,,KEDAH,KOTA SETAR,KLINIK,KLINIK DESA,KD LENGKUAS,"KAMPUNG LENGKUAS, MUKIM LENGKUAS, ALOR SETAR",,05400,,,,,6.20811,100.44501
588,21-02030213,BUKA,AWAM,KKM,,KEDAH,KOTA SETAR,KLINIK,KLINIK DESA,KD LEPAI,"MUKIM LEPAI, LANGGAR,
ALOR SETAR",,05350,,,,,6.17394,100.42023
589,21-02030259,BUKA,AWAM,KKM,,KEDAH,KOTA SETAR,KLINIK,KLINIK DESA,KD PADANG HANG,"JALAN SIMPANG 3 PADANG HANG, ALOR SETAR",,06570,,,,,6.20374,100.31428
590,21-02030255,BUKA,AWAM,KKM,,KEDAH,KOTA SETAR,KLINIK,KLINIK DESA,KD SEBERANG KOTA,"JALAN KUALA KEDAH, ALOR SETAR",,06600,,,,,6.11267,100.28732
591,21-02030262,BUKA,AWAM,KKM,,KEDAH,KOTA SETAR,KLINIK,KLINIK DESA,KD SUKA MENANTI,"KAMPUNG SUKA MENANTI, MUKIM PUMPONG, ALOR SETAR",,05150,,,,,6.16323,100.36599
592,21-02030263,BUKA,AWAM,KKM,,KEDAH,KOTA SETAR,KLINIK,KLINIK DESA,KD SUNGAI BARU,"KAMPUNG SUNGAI BARU TENGAH, MUKIM SUNGAI BARU, 05150 ALOR SETAR",,05100,,,,,6.15619,100.3284
593,21-02030283,BUKA,AWAM,KKM,,KEDAH,KOTA SETAR,KLINIK,KLINIK DESA,KD TAJAR,"JALAN DATUK KUMBAR,
ALOR SETAR",,06500,,,,,6.10338,100.42561
594,21-02030286,BUKA,AWAM,KKM,,KEDAH,KOTA SETAR,KLINIK,KLINIK DESA,KD TANDOP,"NO.18, JALAN TELUK BAGAN, BATU 3, ALOR SETAR",,05400,,,,,6.0739,100.36273
595,21-02030290,BUKA,AWAM,KKM,,KEDAH,KOTA SETAR,KLINIK,KLINIK DESA,KD TEBENGAU,"MUKIM TEBANGAU,
ALOR SETAR",,06600,,,,,6.05121,100.32941
596,21-02030291,BUKA,AWAM,KKM,,KEDAH,KOTA SETAR,KLINIK,KLINIK DESA,KD TELAGA MAS,"KAMPUNG KERANJI, MUKIM TELAGA MAS, ALOR SETAR",,06400,,,,,6.1659,100.45843
597,21-02030293,BUKA,AWAM,KKM,,KEDAH,KOTA SETAR,KLINIK,KLINIK DESA,KD TELOK KECHAI,"JALAN YAN, ALOR SETAR",,06600,,,,,6.09294,100.30922
598,21-02030305,BUKA,AWAM,KKM,,KEDAH,KOTA SETAR,KLINIK,KLINIK DESA,KD TITI GAJAH,KOTA SETAR,,05250,,,,,6.19577,100.38584
599,21-02030306,BUKA,AWAM,KKM,,KEDAH,KOTA SETAR,KLINIK,KLINIK DESA,KD TITI HAJI IDRIS,"KAMPUNG ALOR TEBUAN, MUKIM TAJAR, ALOR SETAR",,05350,,,,,6.07554,100.46187
600,21-02040095,BUKA,AWAM,KKM,,KEDAH,KUALA MUDA,KLINIK,KLINIK DESA,KD BAN MERBOK,"BAN MERBOK, MERBOK",,08400,,,,,5.6813273,100.4168319
601,21-02040099,BUKA,AWAM,KKM,,KEDAH,KUALA MUDA,KLINIK,KLINIK DESA,KD BATU 3 GURUN,"JALAN JENIANG, GURUN",,08300,,,,,5.8170463,100.5271708
602,21-02040102,BUKA,AWAM,KKM,,KEDAH,KUALA MUDA,KLINIK,KLINIK DESA,KD BATU 9,"BATU 9, JALAN JENIANG, GURUN",,08300,,,,,5.7985718,100.5951913
603,21-02040103,BUKA,AWAM,KKM,,KEDAH,KUALA MUDA,KLINIK,KLINIK DESA,KD BATU BELACAN,"BATU BELACAN, KUALA KETIL",,08010,,,,,5.623009,100.652445
604,21-02040105,BUKA,AWAM,KKM,,KEDAH,KUALA MUDA,KLINIK,KLINIK DESA,KD BATU LINTANG,"BATU LINTANG SIMPOR,
TIKAM BATU",,08600,,,,,5.6170312,100.4043699
605,21-02040115,BUKA,AWAM,KKM,,KEDAH,KUALA MUDA,KLINIK,KLINIK DESA,KD BUJANG,"KAMPUNG BUJANG, MERBOK",,08400,,,,,5.738085,100.4144983
606,21-02040121,BUKA,AWAM,KKM,,KEDAH,KUALA MUDA,KLINIK,KLINIK DESA,KD BUKIT MERIAM,"KAMPUNG BUKIT MERIAM,
KOTA KUALA MUDA",,08500,,,,,5.618146,100.358144
607,21-02040141,BUKA,AWAM,KKM,,KEDAH,KUALA MUDA,KLINIK,KLINIK DESA,KD GURUN,GURUN,,08300,,,,,5.820281,100.4773599
609,21-02040203,BUKA,AWAM,KKM,,KEDAH,KUALA MUDA,KLINIK,KLINIK DESA,KD KUALA SIN,"KUALA SIN, KUALA SIN, SUNGAI PETANI",,08010,,,,,5.750073,100.6478719
610,21-02040214,BUKA,AWAM,KKM,,KEDAH,KUALA MUDA,KLINIK,KLINIK DESA,KD LUBUK SAGA,"KAMPUNG LUBUK SAGA SIDAM KIRI, PADANG SERAI",,08500,,,,,5.5496109,100.5589863
611,21-02040227,BUKA,AWAM,KKM,,KEDAH,KUALA MUDA,KLINIK,KLINIK DESA,KD PADANG LEMBU,"KAMPUNG PADANG LEMBU, GURUN",,08300,,,,,5.8379719,100.5265492
612,21-02040232,BUKA,AWAM,KKM,,KEDAH,KUALA MUDA,KLINIK,KLINIK DESA,KD PADANG SALIM,"KAMPUNG PADANG SALIM,
KOTA KUALA MUDA",,08500,,,,,5.59522,100.3407392
613,21-02040235,BUKA,AWAM,KKM,,KEDAH,KUALA MUDA,KLINIK,KLINIK DESA,KD PANTAI PRAI,"KAMPUNG PANTAI KIRI, 
SUNGAI PETANI",,08000,,,,,5.5639919,100.5167859
614,21-02040241,BUKA,AWAM,KKM,,KEDAH,KUALA MUDA,KLINIK,KLINIK DESA,KD PERMATANG BERANGAN,"PINANG TUNGGAL, 
SUNGAI PETANI",,08000,,,,,5.577567,100.4881169
615,21-02040257,BUKA,AWAM,KKM,,KEDAH,KUALA MUDA,KLINIK,KLINIK DESA,KD SEMELING,"SEMELING, BEDONG",,08100,,,,,5.706851,100.457528
616,21-02040270,BUKA,AWAM,KKM,,KEDAH,KUALA MUDA,KLINIK,KLINIK DESA,KD SUNGAI LALANG,"SUNGAI LALANG, BEDONG",,08100,,,,,5.699941,100.5171888
617,21-02040271,BUKA,AWAM,KKM,,KEDAH,KUALA MUDA,KLINIK,KLINIK DESA,KD SUNGAI LAYAR,"SUNGAI LAYAR, SUNGAI PETANI",,08000,,,,,5.67955404,100.4705682
618,21-02040274,BUKA,AWAM,KKM,,KEDAH,KUALA MUDA,KLINIK,KLINIK KESIHATAN,KK SUNGAI PASIR,"SUNGAI PASIR, SUNGAI PASIR",,08000,,04-4317520,,,5.6027564,100.4718482
619,21-02040288,BUKA,AWAM,KKM,,KEDAH,KUALA MUDA,KLINIK,KLINIK DESA,KD TANJUNG DAWAI,"TANJUNG DAWAI, TANJUNG DAWAI",,08110,,,,,5.681869,100.3672091
620,21-02040294,BUKA,AWAM,KKM,,KEDAH,KUALA MUDA,KLINIK,KLINIK DESA,KD TELOK NIPAH,"KAMPUNG BUKIT TUKANG JUSOH, KOTA KUALA MUDA",,08500,,,,,5.6641987,100.3581035
621,21-02040304,BUKA,AWAM,KKM,,KEDAH,KUALA MUDA,KLINIK,KLINIK DESA,KD TIKAM BATU,"KAMPUNG MASJID, 
KOTA KUALA MUDA",,08500,,,,,5.730095,100.517009
622,21-02050100,BUKA,AWAM,KKM,,KEDAH,KUBANG PASU,KLINIK,KLINIK DESA,KD BATU EMPAT,"JALAN SANGLANG, KODIANG",,06100,,,,,6.3585236,100.2889453
623,21-02050104,BUKA,AWAM,KKM,,KEDAH,KUBANG PASU,KLINIK,KLINIK DESA,KD BATU LAPAN,"FELDA BATU LAPAN, CHANGLON",,06010,,,,,6.4139019,100.3874854
625,21-02050125,BUKA,AWAM,KKM,,KEDAH,KUBANG PASU,KLINIK,KLINIK DESA,KD BUKIT TANGGA,"FELDA BUKIT TANGGA,
BUKIT KAYU HITAM",,06050,,,,,6.48895,100.474996
626,21-02050159,BUKA,AWAM,KKM,,KEDAH,KUBANG PASU,KLINIK,KLINIK DESA,KD GELONG,"MUKIM GELONG, JITRA",,06000,,,,,6.3084696,100.4011303
628,21-02050146,BUKA,AWAM,KKM,,KEDAH,KUBANG PASU,KLINIK,KLINIK DESA,KD JERLUN,"JERLUN, AYER HITAM",,06150,,,,,6.2954028,100.2712297
632,21-02050312,BUKA,AWAM,KKM,,KEDAH,KUBANG PASU,KLINIK,KLINIK DESA,KD KAMPUNG TRADISI PAYA PAHLAWAN,"PAYA PAHLAWAN, JITRA",,06000,,,,,6.3139712,100.4473623
633,21-02050210,BUKA,AWAM,KKM,,KEDAH,KUBANG PASU,KLINIK,KLINIK DESA,KD LANA BULU,"LANA BULU, AYER HITAM",,06150,,,,,6.2867835,100.2600584
634,21-02050216,BUKA,AWAM,KKM,,KEDAH,KUBANG PASU,KLINIK,KLINIK DESA,KD MALAU,"MALAU, JITRA",,06000,,,,,6.2370672,100.4356994
635,21-02050217,BUKA,AWAM,KKM,,KEDAH,KUBANG PASU,KLINIK,KLINIK DESA,KD MEGAT DEWA,"MEGAT DEWA, KODIANG",,06100,,,,,6.3779484,100.3385624
636,21-02050230,BUKA,AWAM,KKM,,KEDAH,KUBANG PASU,KLINIK,KLINIK DESA,KD PADANG PERAHU,"PADANG PERAHU, 
TUNJANG, JITRA",,06000,,,,,6.310703,100.3621658
637,21-02050234,BUKA,AWAM,KKM,,KEDAH,KUBANG PASU,KLINIK,KLINIK DESA,KD PADANG SERA,"PADANG SERA, KODIANG",,06100,,,,,6.361575,100.333501
639,21-02050245,BUKA,AWAM,KKM,,KEDAH,KUBANG PASU,KLINIK,KLINIK DESA,KD PERMATANG PAKU,"PERMATANG PAKU, AYER HITAM",,06150,,,,,6.2612726,100.2680204
640,21-02050170,BUKA,AWAM,KKM,,KEDAH,KUBANG PASU,KLINIK,KLINIK DESA,KD PIDA DUA,"MUKIM JERAM, TUNJANG, JITRA",,06000,,,,,6.2829097,100.3279037
641,21-02050254,BUKA,AWAM,KKM,,KEDAH,KUBANG PASU,KLINIK,KLINIK DESA,KD SANGLANG,"SANGLANG, AYER HITAM",,06150,,,,,6.2909362,100.2319757
642,21-02050269,BUKA,AWAM,KKM,,KEDAH,KUBANG PASU,KLINIK,KLINIK DESA,KD SUNGAI KOROK,"SUNGAI KOROK,
AYER HITAM",,06150,,,,,6.233722,100.3262609
643,21-02050300,BUKA,AWAM,KKM,,KEDAH,KUBANG PASU,KLINIK,KLINIK DESA,KD TELUK MALEK,"TELUK MALEK, JITRA",,06000,,,,,6.2530202,100.3889618
645,21-02050307,BUKA,AWAM,KKM,,KEDAH,KUBANG PASU,KLINIK,KLINIK DESA,KD TITI KERBAU,"MUKIM SUNGAI LAKA, CHANGLON",,06010,,,,,6.44809,100.402407
646,21-02050184,BUKA,AWAM,KKM,,KEDAH,KUBANG PASU,KLINIK,KLINIK DESA,KD TRADISI LEMBAH KERIANG,"LEMBAH KERIANG, CHANGLOON",,06010,,,,,6.4466502,100.4404433
647,21-02060092,BUKA,AWAM,KKM,,KEDAH,KULIM,KLINIK,KLINIK DESA,KD AIR MERAH,AIR MERAH,,09000,,,,,5.3543143,100.5369676
648,21-02060091,BUKA,AWAM,KKM,,KEDAH,KULIM,KLINIK,KLINIK DESA,KD AIR PUTIH,AIR PUTIH,,09000,,,,,5.28567,100.54436
649,21-02060151,BUKA,AWAM,KKM,,KEDAH,KULIM,KLINIK,KLINIK DESA,KD KAMPUNG BADLISHAH,"KAMPUNG BADLISHAH, KULIM",,09600,,,,,5.25822,100.6044
650,21-02060106,BUKA,AWAM,KKM,,KEDAH,KULIM,KLINIK,KLINIK DESA,KD BATU PUTIH,"BATU PUTIH, KARANGAN",,09700,,,,,5.4563282,100.6343931
651,21-02060111,BUKA,AWAM,KKM,,KEDAH,KULIM,KLINIK,KLINIK DESA,KD BIKAN,"BIKAN, LABU BESAR",,09700,,,,,5.48216,100.69195
652,21-02060137,BUKA,AWAM,KKM,,KEDAH,KULIM,KLINIK,KLINIK DESA,KD GUAR LOBAK,"SIDAM KANAN, PADANG SERAI",,09400,,,,,5.53421,100.5462
653,21-02060139,BUKA,AWAM,KKM,,KEDAH,KULIM,KLINIK,KLINIK DESA,KD GUNUNG BONGSU,"GUNUNG BONGSU, KARANGAN",,09500,,,,,5.36385,100.69382
654,21-02060147,BUKA,AWAM,KKM,,KEDAH,KULIM,KLINIK,KLINIK DESA,KD JUBAI,"JUBAI, LABU BESAR",,09100,,,,,5.52838,100.67883
655,21-02060148,BUKA,AWAM,KKM,,KEDAH,KULIM,KLINIK,KLINIK DESA,KD JUNJONG,JUNJONG,,09000,,,,,5.3026,100.53526
656,21-02060162,BUKA,AWAM,KKM,,KEDAH,KULIM,KLINIK,KLINIK DESA,KD KELADI,KELADI,,09000,,,,,5.38956,100.54849
657,21-02060194,BUKA,AWAM,KKM,,KEDAH,KULIM,KLINIK,KLINIK DESA,KD KILANG LAMA,KILANG LAMA,,09000,,,,,5.39145,100.56313
658,21-02060209,BUKA,AWAM,KKM,,KEDAH,KULIM,KLINIK,KLINIK DESA,KD LABU BESAR,"LABU BESAR, LABU BESAR",,09010,,,,,5.50277,100.6791
659,21-02060225,BUKA,AWAM,KKM,,KEDAH,KULIM,KLINIK,KLINIK DESA,KD PADANG CINA,"PADANG CINA, KARANGAN",,09700,,,,,5.44034,100.59239
660,21-02060228,BUKA,AWAM,KKM,,KEDAH,KULIM,KLINIK,KLINIK DESA,KD PADANG MEIHA,"PADANG MEIHA, PADANG SERAI",,09410,,,,,5.49225,100.62772
661,21-02060175,BUKA,AWAM,KKM,,KEDAH,KULIM,KLINIK,KLINIK DESA,KD SUNGAI SEDIM,"SEDIM, KARANGAN",,09700,,,,,5.41057,100.73508
662,21-02060177,BUKA,AWAM,KKM,,KEDAH,KULIM,KLINIK,KLINIK DESA,KD SIDAM KANAN,"SIDAM KANAN,
PADANG SERAI",,09400,,,,,5.52909,100.56776
663,21-02060266,BUKA,AWAM,KKM,,KEDAH,KULIM,KLINIK,KLINIK DESA,KD SUNGAI KARANGAN,"SUNGAI KARANGAN, 
PADANG SERAI",,09410,,,,,5.5149,100.61306
664,21-02060268,BUKA,AWAM,KKM,,KEDAH,KULIM,KLINIK,KLINIK DESA,KD SUNGAI KOB,"SUNGAI KOB, KARANGAN",,09700,,,,,5.42781,100.64483
665,21-02060273,BUKA,AWAM,KKM,,KEDAH,KULIM,KLINIK,KLINIK DESA,KD SUNGAI LIMAU,"SUNGAI LIMAU, LUNAS",,09600,,,,,5.41549,100.54074
666,21-02060275,BUKA,AWAM,KKM,,KEDAH,KULIM,KLINIK,KLINIK DESA,KD SUNGAI SELUANG,"SUNGAI SELUANG, LUNAS",,09600,,,,,5.44754,100.55165
667,21-02060280,BUKA,AWAM,KKM,,KEDAH,KULIM,KLINIK,KLINIK DESA,KD SUNGAI TENGAS ULU,"SUNGAI TENGAS ULU, SERDANG",,09800,,,,,5.2935017,100.6573163
668,21-02060281,BUKA,AWAM,KKM,,KEDAH,KULIM,KLINIK,KLINIK DESA,KD SUNGAI ULAR,SUNGAI ULAR,,09000,,,,,5.3744634,100.5814216
670,21-02070153,BUKA,AWAM,KKM,,KEDAH,LANGKAWI,KLINIK,KLINIK DESA,KD BAYAS,JALAN PADANG MAT SIRAT,,07000,,,,,6.32738,99.7722766
671,21-02070158,BUKA,AWAM,KKM,,KEDAH,LANGKAWI,KLINIK,KLINIK KESIHATAN,KK EWA,MUKIM AIR HANGAT,,07000,," KK: 049502790/ 049502792/ 049502798
PKD: 049667141",,,6.39981,99.74881
672,21-02070185,BUKA,AWAM,KKM,,KEDAH,LANGKAWI,KLINIK,KLINIK DESA,KD 2G KEDAWANG,KEDAWANG,,07000,,,,,6.320111,99.7368006
673,21-02070134,BUKA,AWAM,KKM,,KEDAH,LANGKAWI,KLINIK,KLINIK DESA,KD KOK,MUKIM PADANG MAT SIRAT,,07000,,,,,6.38859,99.70296
674,21-02070204,BUKA,AWAM,KKM,,KEDAH,LANGKAWI,KLINIK,KLINIK DESA,KD KUALA TERIANG,MUKIM PADANG MAT SIRAT,,07000,,,,,6.36226,99.71892
675,21-02070222,BUKA,AWAM,KKM,,KEDAH,LANGKAWI,KLINIK,KLINIK KESIHATAN,KK NYIOR CHABANG,MUKIM BOHOR,,07000,,,,,6.362252,99.745984
676,21-02070251,BUKA,AWAM,KKM,,KEDAH,LANGKAWI,KLINIK,KLINIK KESIHATAN,KK PULAU TUBA,"KLINIK KESIHATAN PULAU TUBA, MUKIM KUAH, 07000 LANGKAWI",,07000,,017-566 5593,,,6.2355645,99.8403959
677,21-02070176,BUKA,AWAM,KKM,,KEDAH,LANGKAWI,KLINIK,KLINIK DESA,KD SELAT LUBUK CEMPEDAK,"PULAU TUBA, MUKIM KUAH",,07000,,,,,6.2493619,99.8315602
678,21-02070316,BUKA,AWAM,KKM,,KEDAH,LANGKAWI,KLINIK,KLINIK DESA,KD 2G ULU MELAKA,MUKIM AIR HANGAT,,07000,,,,,6.3674748,99.8013351
679,21-02080109,BUKA,AWAM,KKM,,KEDAH,PADANG TERAP,KLINIK,KLINIK DESA,KD BELUKAR LUAS,KUALA NERANG,,06300,,,,,6.1849382,100.6971462
680,21-02080126,BUKA,AWAM,KKM,,KEDAH,PADANG TERAP,KLINIK,KLINIK DESA,KD BUKIT TEMBAGA,"FELDA BUKIT TEMBAGA, 
KUALA NERANG",,06300,,,,,6.211785,100.536402
681,21-02080208,BUKA,AWAM,KKM,,KEDAH,PADANG TERAP,KLINIK,KLINIK DESA,KD KURA BARU,"MUKIM JENERI, SIK",,08320,,,,,5.950109,100.6692682
682,21-02080218,BUKA,AWAM,KKM,,KEDAH,PADANG TERAP,KLINIK,KLINIK DESA,KD NAI TEH,"MUKIM PADANG TEMAK,
KUALA NERANG",,06300,,,,,6.24639,100.54429
684,21-02080220,BUKA,AWAM,KKM,,KEDAH,PADANG TERAP,KLINIK,KLINIK DESA,KD NAMI,"MUKIM TEKAI KIRI,
 KUALA NERANG",,08210,,,,,6.055193,100.760116
685,21-02080223,BUKA,AWAM,KKM,,KEDAH,PADANG TERAP,KLINIK,KLINIK DESA,KD PADANG BALAI,KUALA NERANG,,06300,,,,,6.2824061,100.5565461
686,21-02080224,BUKA,AWAM,KKM,,KEDAH,PADANG TERAP,KLINIK,KLINIK DESA,KD PADANG CHENDERAI,"JALAN PADANG SANAI,
KUALA NERANG",,06300,,,,,6.320342,100.6686
687,21-02080229,BUKA,AWAM,KKM,,KEDAH,PADANG TERAP,KLINIK,KLINIK DESA,KD PADANG NYIOR,"JALAN PADANG SANAI,
KUALA NERANG",,06300,,,,,6.302008,100.659
688,21-02080233,BUKA,AWAM,KKM,,KEDAH,PADANG TERAP,KLINIK,KLINIK DESA,KD PADANG SANAI,KUALA NERANG,,06300,,,,,6.34186,100.6834
689,21-02080240,BUKA,AWAM,KKM,,KEDAH,PADANG TERAP,KLINIK,KLINIK KESIHATAN,KK PENGKALAN TOK PUTIH,"KAMPUNG LABI, KUALA NERANG",,06300,,,,,6.3173364,100.5890536
690,21-02080169,BUKA,AWAM,KKM,,KEDAH,PADANG TERAP,KLINIK,KLINIK DESA,KD PERIK,KUALA NERANG,,06300,,,,,6.319665,100.535607
692,21-02080287,BUKA,AWAM,KKM,,KEDAH,PADANG TERAP,KLINIK,KLINIK DESA,KD TANDOP BESAR,KUALA NERANG,,06350,,,,,6.19978,100.6416833
693,21-02080310,BUKA,AWAM,KKM,,KEDAH,PADANG TERAP,KLINIK,KLINIK DESA,KD TONG PLU,"MUKIM TONG PLU, 
KUALA NERANG",,06300,,,,,6.2783964,100.5971361
694,21-02090118,BUKA,AWAM,KKM,,KEDAH,PENDANG,KLINIK,KLINIK DESA,KD BUKIT JAMBUL,BUKIT JAMBUL,,06700,,,,,5.945,100.47
695,21-02090119,BUKA,AWAM,KKM,,KEDAH,PENDANG,KLINIK,KLINIK DESA,KD BUKIT JENUN,BUKIT JENUH,,06700,,,,,5.9048489,100.4769534
696,21-02090124,BUKA,AWAM,KKM,,KEDAH,PENDANG,KLINIK,KLINIK DESA,KD BUKIT RAYA,BUKIT RAYA,,06700,,,,,6.0205353,100.4284178
698,21-02090136,BUKA,AWAM,KKM,,KEDAH,PENDANG,KLINIK,KLINIK DESA,KD GAJAH MATI,GAJAH MATI,,06700,,,,,6.184937,100.5633676
699,21-02090152,BUKA,AWAM,KKM,,KEDAH,PENDANG,KLINIK,KLINIK DESA,KD KAMPUNG BARU,KAMPUNG BARU,,06750,,,,,5.967229,100.57118
700,21-02090161,BUKA,AWAM,KKM,,KEDAH,PENDANG,KLINIK,KLINIK DESA,KD KAMPUNG KEDAH,KAMPUNG KEDAH,,06700,,,,,6.0270786,100.5037838
701,21-02090174,BUKA,AWAM,KKM,,KEDAH,PENDANG,KLINIK,KLINIK DESA,KD KAMPUNG RAMBAI,KAMPUNG RAMBAI,,06650,,,,,6.029292,100.446277
702,21-02090195,BUKA,AWAM,KKM,,KEDAH,PENDANG,KLINIK,KLINIK DESA,KD KOBAH,KOBAH,,06700,,,,,5.968048,100.4488988
703,21-02090226,BUKA,AWAM,KKM,,KEDAH,PENDANG,KLINIK,KLINIK DESA,KD PADANG DURIAN,PADANG DURIAN,,06750,,,,,6.032314,100.6106
704,21-02090231,BUKA,AWAM,KKM,,KEDAH,PENDANG,KLINIK,KLINIK DESA,KD PADANG PUSING,PADANG PUSING,,06700,,,,,5.9558519,100.5408622
705,21-02090168,BUKA,AWAM,KKM,,KEDAH,PENDANG,KLINIK,KLINIK DESA,KD PAYA MAK INSON,PAYA MAK INSON,,06720,,,,,5.9269371,100.477754
706,21-02090238,BUKA,AWAM,KKM,,KEDAH,PENDANG,KLINIK,KLINIK DESA,KD PAYA RAWA,PAYA RAWA,,06700,,,,,6.0374819,100.5369294
707,21-02090247,BUKA,AWAM,KKM,,KEDAH,PENDANG,KLINIK,KLINIK DESA,KD POKOK ASAM,POKOK ASAM,,06760,,,,,6.053957,100.58117
708,21-02090285,BUKA,AWAM,KKM,,KEDAH,PENDANG,KLINIK,KLINIK DESA,KD TANAH MERAH,TANAH MERAH,,06700,,,,,6.026198,100.4797868
709,21-02090308,BUKA,AWAM,KKM,,KEDAH,PENDANG,KLINIK,KLINIK DESA,KD TOBIAR,TOBIAR,,06760,,,,,6.0609541,100.4958678
710,21-02090309,BUKA,AWAM,KKM,,KEDAH,PENDANG,KLINIK,KLINIK DESA,KD TOKAI,TOKAI,,06660,,,,,6.012405,100.4084881
711,21-02100314,BUKA,AWAM,KKM,,KEDAH,SIK,KLINIK,KLINIK DESA,KD 2G TUPAI,KAMPUNG TUPAI,,08200,,,,,5.762076,100.7107132
712,21-02100107,BUKA,AWAM,KKM,,KEDAH,SIK,KLINIK,KLINIK DESA,KD BELANTIK,KAMPUNG BELANTIK,,08210,,,,,6.050625,100.839203
714,21-02100097,BUKA,AWAM,KKM,,KEDAH,SIK,KLINIK,KLINIK DESA,KD BERIS JAYA,BANDAR BARU BERIS JAYA,,08200,,,,,5.7964258,100.6783935
715,21-02100131,BUKA,AWAM,KKM,,KEDAH,SIK,KLINIK,KLINIK DESA,KD CHAROK PELANDUK,KAMPUNG CHAROK PELANDUK,,08200,,,,,5.7954753,100.7026627
717,21-02100132,BUKA,AWAM,KKM,,KEDAH,SIK,KLINIK,KLINIK DESA,KD 2G CHEPIR,KAMPUNG CEPIR,,08200,,,,,5.8194835,100.7442359
718,21-02100142,BUKA,AWAM,KKM,,KEDAH,SIK,KLINIK,KLINIK DESA,KD HUJUNG BANDAR,KAMPUNG HUJUNG BANDAR,,08200,,,,,5.7814552,100.7429213
719,21-02100145,BUKA,AWAM,KKM,,KEDAH,SIK,KLINIK,KLINIK DESA,KD JENERI,KAMPUNG JENERI,,08200,,,,,5.891497,100.6535581
721,21-02100156,BUKA,AWAM,KKM,,KEDAH,SIK,KLINIK,KLINIK DESA,KD KAMPUNG CHONG,KAMPUNG CHONG,,08200,,,,,5.887082,100.7506375
722,21-02100196,BUKA,AWAM,KKM,,KEDAH,SIK,KLINIK,KLINIK DESA,KD KOTA AUR,KAMPUNG KOTA AUR,,08210,,,,,6.0970797,100.8349366
723,21-02100197,BUKA,AWAM,KKM,,KEDAH,SIK,KLINIK,KLINIK DESA,KD KOTA BUKIT,KAMPUNG JENERI,,08200,,,,,5.87727,100.629731
724,21-02100206,BUKA,AWAM,KKM,,KEDAH,SIK,KLINIK,KLINIK DESA,KD KUBANG KESUM,KAMPUNG KUBANG KESUM,,08210,,,,,5.8373418,100.7548851
725,21-02100215,BUKA,AWAM,KKM,,KEDAH,SIK,KLINIK,KLINIK DESA,KD LUBUK TUALANG,KAMPUNG LUBUK TUALANG,,08200,,,,,5.8203352,100.7945975
726,21-02100276,BUKA,AWAM,KKM,,KEDAH,SIK,KLINIK,KLINIK DESA,KD SUNGAI SENAM,KAMPUNG SUNGAI SENAM,,08200,,,,,5.9180941,100.7222551
727,21-02100284,BUKA,AWAM,KKM,,KEDAH,SIK,KLINIK,KLINIK DESA,KD TANAH HITAM,KAMPUNG TANAH HITAM,,08200,,,,,1.803644,109.777068
728,21-02110116,BUKA,AWAM,KKM,,KEDAH,YAN,KLINIK,KLINIK DESA,KD 2G BUKIT BESAR,BUKIT BESAR,,06900,,,,,5.95359,100.4085
730,21-02110167,BUKA,AWAM,KKM,,KEDAH,YAN,KLINIK,KLINIK DESA,KD KAMPUNG PAUH,KAMPUNG PAUH,,06900,,,,,5.80539,100.39107
731,21-02110172,BUKA,AWAM,KKM,,KEDAH,YAN,KLINIK,KLINIK DESA,KD KAMPUNG PISANG,"KAMPUNG PISANG,
KOTA SARANG SEMUT",,06900,,,,,5.92897,100.36877
734,21-02110261,BUKA,AWAM,KKM,,KEDAH,YAN,KLINIK,KLINIK DESA,KD SIMPANG TIGA SUNGAI LIMAU,SIMPANG TIGA SUNGAI LIMAU,,06900,,,,,5.91689,100.42679
735,21-02110178,BUKA,AWAM,KKM,,KEDAH,YAN,KLINIK,KLINIK DESA,KD SINGKIR,SINGKIR,,06900,,,,,5.73248,100.37989
737,21-02110282,BUKA,AWAM,KKM,,KEDAH,YAN,KLINIK,KLINIK DESA,KD SUNGAI YAN,SUNGAI YAN,,06900,,,,,5.82493,100.38535
738,21-02110303,BUKA,AWAM,KKM,,KEDAH,YAN,KLINIK,KLINIK DESA,KD TEROI,"TEROI, GUAR CEMPEDAK",,08800,,,,,5.8448,100.42663
740,21-02120114,BUKA,AWAM,KKM,,KEDAH,POKOK SENA,KLINIK,KLINIK DESA,KD BUDI,"JALAN BUDI, MUKIM LESONG",,06400,,,,,6.11204,100.52243
741,21-02120120,BUKA,AWAM,KKM,,KEDAH,POKOK SENA,KLINIK,KLINIK DESA,KD BUKIT LADA,MUKIM BUKIT LADA,,06400,,,,,6.14109,100.61604
742,21-02120122,BUKA,AWAM,KKM,,KEDAH,POKOK SENA,KLINIK,KLINIK DESA,KD BUKIT PAYONG,"KAMPUNG BUKIT PAYUNG, JALAN NAKA MUKIM GAJAH MATI",,06400,,,,,6.14668,100.56232
743,21-02120117,BUKA,AWAM,KKM,,KEDAH,POKOK SENA,KLINIK,KLINIK DESA,KD DERANG,"LOT 2912, KAMPUNG KEDA",,06400,,,,,6.21214,100.47873
744,21-02120144,BUKA,AWAM,KKM,,KEDAH,POKOK SENA,KLINIK,KLINIK DESA,KD JABI,KAMPUNG JABI,,06400,,,,,6.16042,100.47824
745,21-02120192,BUKA,AWAM,KKM,,KEDAH,POKOK SENA,KLINIK,KLINIK DESA,KD KOLAM,"KAMPUNG KOLAM,
MUKIM TUALANG",,06400,,,,,6.12483,100.49685
746,21-02010320,BUKA,AWAM,KKM,,KEDAH,BALING,KLINIK,KLINIK KESIHATAN IBU DAN ANAK,KKIA BALING,"LENGKOK HARUN ABDULLAH, OFF JALAN WENG",,09100,,,,,5.6809154,100.9165626
747,21-02040323,BUKA,AWAM,KKM,,KEDAH,KUALA MUDA,KLINIK,KLINIK KESIHATAN IBU DAN ANAK,KKIA SUNGAI PETANI,"81, JALAN PADANG, SUNGAI PETANI",,08000,,,,,5.6424786,100.4879918
748,21-02050324,BUKA,AWAM,KKM,,KEDAH,KUBANG PASU,KLINIK,KLINIK KESIHATAN,KK JITRA,KLINIK KESIHATAN IBU DAN ANAK JITRA,,06000,,,,,6.2624586,100.4202877
749,21-02080321,BUKA,AWAM,KKM,,KEDAH,PADANG TERAP,KLINIK,KLINIK KESIHATAN,KK KUALA NERANG,KUALA NERANG,,06300,,,,,6.2552739,100.6129532
750,21-02100322,BUKA,AWAM,KKM,,KEDAH,SIK,KLINIK,KLINIK KESIHATAN,KK SIK,JALAN TUANKU IBRAHIM,,08200,,,,,6.1173396,100.3677931
751,21-02110039,BUKA,AWAM,KKM,,KEDAH,YAN,KLINIK,KLINIK KESIHATAN,KK YAN,"KLINIK KESIHATAN YAN, YAN BESAR,06900 YAN, KEDAH",,06900,,011-65733433,,,5.781608,100.371623
752,21-07010019,BUKA,AWAM,KKM,,PULAU PINANG,BARAT DAYA,KLINIK,KLINIK KESIHATAN,KK BAYAN BARU,"JALAN TENGAH, BAYAN LEPAS",,11950,,,,,5.32075,100.27986
753,21-07010020,BUKA,AWAM,KKM,,PULAU PINANG,BARAT DAYA,KLINIK,KLINIK KESIHATAN,KK BAYAN LEPAS,"LOT 1157, MUKIM 12, JALAN DATO ISMAIL HASHIM, BAYAN LEPAS",,11900,,,,,5.29992,100.26211
754,21-07010043,BUKA,AWAM,KKM,,PULAU PINANG,BARAT DAYA,KLINIK,KLINIK KESIHATAN,KK TELUK BAHANG,TELUK BAHANG,,11050,,,,,5.45594,100.21503
755,21-07051356,BUKA,AWAM,KKM,,PULAU PINANG,BARAT DAYA,KLINIK,KLINIK KESIHATAN,KK AIR PUTIH,"KLINIK KESIHATAN AIR PUTIH, 11000 BALIK PULAU, PULAU PINANG",,11000,,04-866 8350,,,5.364063,100.2165365
756,21-0701360,BUKA,AWAM,KKM,,PULAU PINANG,BARAT DAYA,KLINIK,KLINIK KESIHATAN,KK RELAU,"KLINIK KESIHATAN RELAU, LILITAN SUNGAI ARA, RELAU, 11950 BAYAN LEPAS, PULAU PINANG",,11950,,,,,5.33255,100.27491
757,21-07020025,BUKA,AWAM,KKM,,PULAU PINANG,SEBERANG PERAI SELATAN,KLINIK,KLINIK KESIHATAN,KK BUKIT PANCHOR,"LOT 1866, MUKIM 7 JALAN BUKIT PANCHOR, NIBONG TEBAL",,14300,,,,,5.3932122,100.3987916
758,21-07020033,BUKA,AWAM,KKM,,PULAU PINANG,SEBERANG PERAI SELATAN,KLINIK,KLINIK KESIHATAN,KK NIBONG TEBAL,"LOT 320, MUKIM 17, NIBONG TEBAL",,14300,,,,,5.3363882,100.5090356
759,21-07020037,BUKA,AWAM,KKM,,PULAU PINANG,SEBERANG PERAI SELATAN,KLINIK,KLINIK KESIHATAN,KK BANDAR TASIK MUTIARA,"LOT 8767 LORONG TASIK MUTIARA 19/SS2 BANDAR TASIK MUTIARA, SIMPANG AMPAT",,14100,,,,,5.416663,100.4107983
760,21-07020038,BUKA,AWAM,KKM,,PULAU PINANG,SEBERANG PERAI SELATAN,KLINIK,KLINIK KESIHATAN,KK SUNGAI ACHEH,"LOT 1376, MUKIM 10 SUNGAI ACHEH, NIBONG TEBAL",,14300,,,,,5.3745419,100.433728
761,21-07020329,BUKA,AWAM,KKM,,PULAU PINANG,SEBERANG PERAI SELATAN,KLINIK,KLINIK KESIHATAN,KK VALDOR,"LOT 828, MUKIM 15, JALAN 6, KG. VALDOR, SUNGAI BAKAP",,14200,,,,,5.3643428,100.4291653
762,21-07030021,BUKA,AWAM,KKM,,PULAU PINANG,SEBERANG PERAI TENGAH,KLINIK,KLINIK KESIHATAN,KK BERAPIT,"LOT 89, BERAPIT, BUKIT MERTAJAM",,14000,,,,,5.3960726,100.3656263
763,21-07030024,BUKA,AWAM,KKM,,PULAU PINANG,SEBERANG PERAI TENGAH,KLINIK,KLINIK KESIHATAN,KK BUKIT MINYAK,"LOT 106, MUKIM 14, JALAN BUKIT MINYAK, BUKIT MERTAJAM",,14000,,,,,5.5177895,100.4445388
765,21-07030035,BUKA,AWAM,KKM,,PULAU PINANG,SEBERANG PERAI TENGAH,KLINIK,KLINIK KESIHATAN,KK PRAI,"LOT 239C, JALAN BARU, PERAI",,13600,,,,,5.5350834,100.3803537
766,21-07030036,BUKA,AWAM,KKM,,PULAU PINANG,SEBERANG PERAI TENGAH,KLINIK,KLINIK KESIHATAN,KK SEBERANG JAYA,"LOT 340, JALAN PERPUSTAKAAN, PERAI",,13700,,,,,5.3932122,100.3987916
767,21-07030139,BUKA,AWAM,KKM,,PULAU PINANG,SEBERANG PERAI TENGAH,KLINIK,KLINIK KESIHATAN,KK MACHANG BUBUK,"NO FR 30, LOT 858, MUKIM 16, PERKAMPUNGAN MACHANG BUBUK, 
BUKIT MERTAJAM",,14020,,,,,5.3363882,100.5090356
768,21-07030082,BUKA,AWAM,KKM,,PULAU PINANG,SEBERANG PERAI TENGAH,KLINIK,KLINIK KESIHATAN,KK PERMATANG PAUH,"PWD 662, JALAN SAMA GAGAH,
PERMATANG PAUH",,13500,,,,,5.416663,100.4107983
769,21-07030335,BUKA,AWAM,KKM,,PULAU PINANG,SEBERANG PERAI TENGAH,KLINIK,KLINIK KESIHATAN,KK BANDAR PERDA,"JALAN PERDA BARAT, BANDAR BARU PERDA, BUKIT MERTAJAM, PULAU PINANG",,14000,,,,,5.3745419,100.433728
770,21-07030331,BUKA,AWAM,KKM,,PULAU PINANG,SEBERANG PERAI TENGAH,KLINIK,KLINIK KESIHATAN,KK BUKIT TENGAH,"LOT 765, MUKIM 11, PERMATANG BATU, BUKIT MERTAJAM",,14000,,,,,5.3643428,100.4291653
771,21-07040026,BUKA,AWAM,KKM,,PULAU PINANG,SEBERANG PERAI UTARA,KLINIK,KLINIK KESIHATAN,KK BUTTERWORTH,"LOT 1696, SEKSYEN 4, JALAN PANTAI, BUTTERWORTH",,12000,,,,,5.3960726,100.3656263
772,21-07040029,BUKA,AWAM,KKM,,PULAU PINANG,SEBERANG PERAI UTARA,KLINIK,KLINIK KESIHATAN,KK KEPALA BATAS,"LOT 1466, MUKIM 16, JALAN TUN HAMDAN SHEIKH TAHIR, KEPALA BATAS",,13200,,,,,5.5177895,100.4445388
773,21-07040032,BUKA,AWAM,KKM,,PULAU PINANG,SEBERANG PERAI UTARA,KLINIK,KLINIK KESIHATAN,KK MAK MANDIN,"LOT 2882, SEKSYEN 3, JALAN MAK MANDIN, BUTTERWORTH",,13400,,,,,5.4209468,100.3894131
774,21-07040034,BUKA,AWAM,KKM,,PULAU PINANG,SEBERANG PERAI UTARA,KLINIK,KLINIK KESIHATAN,KK PENAGA,"LOT 3001, MUKIM 5, PENAGA",,13110,,,,,5.5350834,100.3803537
775,21-07040039,BUKA,AWAM,KKM,,PULAU PINANG,SEBERANG PERAI UTARA,KLINIK,KLINIK KESIHATAN,KK SUNGAI DUA (SPU),"LOT 2349, MUKIM 11, JALAN PENGKALAN MACHANG, SUNGAI DUA",,13800,,,,,5.4427713,100.430137
776,21-07040042,BUKA,AWAM,KKM,,PULAU PINANG,SEBERANG PERAI UTARA,KLINIK,KLINIK KESIHATAN,KK TASEK GELUGOR,"LOT 1944, MUKIM 12, JALAN HASHIM AWANG, TASEK GELUGOR",,13300,,,,,5.4847186,100.4859524
777,21-07040063,BUKA,AWAM,KKM,,PULAU PINANG,SEBERANG PERAI UTARA,KLINIK,KLINIK KESIHATAN,KK KUALA MUDA,"LOT 1794, MUKIM 1, JKR 1041, KUALA MUDA, PENAGA",,13110,,,,,5.5706412,100.3417979
778,21-07050018,BUKA,AWAM,KKM,,PULAU PINANG,TIMUR LAUT,KLINIK,KLINIK KESIHATAN,KK AIR ITAM,"LOT 323, SEKSYEN 3, JALAN BUKIT BENDERA, AIR ITAM",,11500,,,,,5.406855,100.2779088
779,21-07050022,BUKA,AWAM,KKM,,PULAU PINANG,TIMUR LAUT,KLINIK,KLINIK KESIHATAN,KK BUKIT BENDERA,"STESEN ATAS, BUKIT BENDERA",,11300,,,,,5.4244779,100.2690201
780,21-07050023,BUKA,AWAM,KKM,,PULAU PINANG,TIMUR LAUT,KLINIK,KLINIK KESIHATAN,KK BUKIT JAMBUL,"BLOK D275 & D2759, TINGKAT BAWAH, TAMAN BUKIT JAMBUL,
BUKIT JAMBUL",,11900,,,,,5.3365732,100.2894012
781,21-07050027,BUKA,AWAM,KKM,,PULAU PINANG,TIMUR LAUT,KLINIK,KLINIK KESIHATAN,KK JALAN MACALISTER,"LOT 1762, NO 56, JALAN MACALISTER, GEORGETOWN",,10400,,,,,5.4156219,100.3257765
782,21-07050028,BUKA,AWAM,KKM,,PULAU PINANG,TIMUR LAUT,KLINIK,KLINIK KESIHATAN,KK JALAN PERAK,"JALAN PERAK, JELUTONG",,11600,,,,,5.4024559,100.314894
783,21-07050031,BUKA,AWAM,KKM,,PULAU PINANG,TIMUR LAUT,KLINIK,KLINIK KESIHATAN,KK LEBUH MUNTRI,"36, LEBUH MUNTRI, GEORGETOWN",,10400,,,,,5.4200386,100.3360211
784,21-07050040,BUKA,AWAM,KKM,,PULAU PINANG,TIMUR LAUT,KLINIK,KLINIK KESIHATAN,KK SUNGAI DUA (TL),"LOT 2254, JALAN SUNGAI DUA, GELUGOR",,11700,,,,,5.3443048,100.2973032
785,21-07050041,BUKA,AWAM,KKM,,PULAU PINANG,TIMUR LAUT,KLINIK,KLINIK KESIHATAN,KK TANJUNG BUNGAH,"LOT 1835, JALAN LEMBAH PERMAI, TANJUNG BUNGAH",,11200,,,,,5.4619708,100.2796741
786,21-07050125,BUKA,AWAM,KKM,,PULAU PINANG,TIMUR LAUT,KLINIK,KLINIK KESIHATAN,KK JALAN ANGSANA,"NO 8, JALAN ANGSANA,
BANDAR BARU AIR ITAM, AIR ITAM",,11500,,,,,5.3897748,100.2854364
787,21-07050330,BUKA,AWAM,KKM,,PULAU PINANG,TIMUR LAUT,KLINIK,KLINIK KESIHATAN,KK GELUGOR,"LOT 392, JALAN AKUARIUM, GELUGOR",,11700,,,,,5.372249,100.3124983
788,21-07050332,BUKA,AWAM,KKM,,PULAU PINANG,TIMUR LAUT,KLINIK,KLINIK KESIHATAN,KK UTC PULAU PINANG,"2B-2.06, UTC KOMTAR",,10590,,,,,5.4154493,100.3305434
789,21-07010130,BUKA,AWAM,KKM,,PULAU PINANG,BARAT DAYA,KLINIK,KLINIK KOMUNITI,KKOM SUNGAI ARA,"2A-1, TINGKAT KENARI 5, TAMAN DESA RIA, SUNGAI ARA, BAYAN LEPAS",,11900,,,,,5.3199478,100.2687816
790,21-07020129,BUKA,AWAM,KKM,,PULAU PINANG,SEBERANG PERAI SELATAN,KLINIK,KLINIK KOMUNITI,KKOM BATU KAWAN,"NO 19, LORONG CEMPAKA 1,
TAMAN CEMPAKA, BATU KAWAN",,14100,,,,,5.270965,100.4307941
791,21-07020144,BUKA,AWAM,KKM,,PULAU PINANG,SEBERANG PERAI SELATAN,KLINIK,KLINIK KOMUNITI,KKOM SIMPANG AMPAT,"NO 81, LORONG 1/SS1,
BANDAR TASEK MUTIARA, SIMPANG AMPAT",,14120,,,,,5.2838329,100.4829659
792,21-07030143,BUKA,AWAM,KKM,,PULAU PINANG,SEBERANG PERAI TENGAH,KLINIK,KLINIK KOMUNITI,KKOM TAMAN PERWIRA,"NO 49, LORONG PERWIRA INDAH 1, TAMAN PERWIRA INDAH, PERMATANG TINGGI, BUKIT MERTAJAM",,14000,,,,,5.299569,100.476919
793,21-07030147,BUKA,AWAM,KKM,,PULAU PINANG,SEBERANG PERAI TENGAH,KLINIK,KLINIK KOMUNITI,KKOM TAMAN SERI DELIMA,"JALAN DELIMA 3, TAMAN SERI DELIMA, JURU, BUKIT MERTAJAM",,14000,,,,,5.3180012,100.4354774
794,21-07040137,BUKA,AWAM,KKM,,PULAU PINANG,SEBERANG PERAI UTARA,KLINIK,KLINIK KOMUNITI,KKOM BANDAR PUTRA BERTAM,"NO 47, G/F & 1/F, PERSIARAN SEKSYEN 4/7, BANDAR PUTRA BERTAM, KEPALA BATAS",,13200,,,,,5.517867,100.482601
795,21-07040127,BUKA,AWAM,KKM,,PULAU PINANG,SEBERANG PERAI UTARA,KLINIK,KLINIK KOMUNITI,KKOM TELUK AIR TAWAR,"NO 6, KEDAI 1 TINGKAT, LORONG TELUK AIR TAWAR 14, TAMAN AIR TAWAR INDAH, BUTTERWORTH",,13050,,,,,5.492527,100.3837559
796,21-07040226,BUKA,AWAM,KKM,,PULAU PINANG,SEBERANG PERAI UTARA,KLINIK,KLINIK KOMUNITI,KKOM PINANG TUNGGAL,"NO G-04 & G-05, WISMA LANSAIDIN, JALAN PINANG TUNGGAL, KEPALA BATAS",,13210,,,,,5.550015,100.4919
797,21-07010056,BUKA,AWAM,KKM,,PULAU PINANG,BARAT DAYA,KLINIK,KLINIK DESA,KD GERTAK SANGGOL,"LOT 1902, MUKIM 8, JALAN GERTAK SANGGOL, BAYAN LEPAS",,11920,,,,,5.2848183,100.1941399
798,21-07010059,BUKA,AWAM,KKM,,PULAU PINANG,BARAT DAYA,KLINIK,KLINIK DESA,KD KAMPUNG PERLIS,"LOT 1839, MUKIM 1, JALAN KG PERLIS, BALIK PULAU",,11020,,,,,5.3470737,100.2209918
799,21-07010071,BUKA,AWAM,KKM,,PULAU PINANG,BARAT DAYA,KLINIK,KLINIK DESA,KD PANTAI ACHEH,"LOT 1888, MUKIM 1, JALAN PANTAI ACHEH, BALIK PULAU",,11010,,,,,5.4190783,100.197734
801,21-07010078,BUKA,AWAM,KKM,,PULAU PINANG,BARAT DAYA,KLINIK,KLINIK DESA,KD PERMATANG DAMAR LAUT,"LOT 2652, BLOK J,MUKIM 12, PMTG DAMAR LAUT, BAYAN LEPAS",,11960,,,,,5.2752311,100.2677242
802,21-07010080,BUKA,AWAM,KKM,,PULAU PINANG,BARAT DAYA,KLINIK,KLINIK DESA,KD PERMATANG PASIR,"LOT 2200, MUKIM C, JALAN TOK WAN DON, BALIK PULAU",,11000,,,,,5.550015,100.4919
803,21-07010089,BUKA,AWAM,KKM,,PULAU PINANG,BARAT DAYA,KLINIK,KLINIK DESA,KD PONDOK UPEH,"LOT 2558, MUKIM 6, JALAN PONDOK UPEH, BALIK PULAU",,11000,,,,,5.341797,100.233274
804,21-07010092,BUKA,AWAM,KKM,,PULAU PINANG,BARAT DAYA,KLINIK,KLINIK DESA,KD SUNGAI ARA,"LOT 2529, MUKIM 12, LORONG SG ARA 1, BAYAN LEPAS",,11900,,,,,5.318274,100.274197
805,21-07010094,BUKA,AWAM,KKM,,PULAU PINANG,BARAT DAYA,KLINIK,KLINIK DESA,KD SUNGAI BATU,"LOT 1858, MUKIM 11, JALAN TELUK KUMBAR, BAYAN LEPAS",,11920,,,,,5.2862043,100.2381816
806,21-07010095,BUKA,AWAM,KKM,,PULAU PINANG,BARAT DAYA,KLINIK,KLINIK DESA,KD SUNGAI BURUNG,"LOT 1843, MUKIM H, JALAN SUNGAI BURUNG, BALIK PULAU",,11000,,,,,5.3438747,100.2121267
807,21-07010098,BUKA,AWAM,KKM,,PULAU PINANG,BARAT DAYA,KLINIK,KLINIK DESA,KD SUNGAI PINANG,"LOT 1842, MUKIM A, JALAN SUNGAI PINANG, BALIK PULAU",,11010,,,,,5.3507043,100.2347548
808,21-07010103,BUKA,AWAM,KKM,,PULAU PINANG,BARAT DAYA,KLINIK,KLINIK DESA,KD TELOK KUMBAR,"LOT 1838, MUKIM 9, JALAN TELOK KUMBAR, BALIK PULAU",,11920,,,,,5.2874631,100.229932
810,21-07020050,BUKA,AWAM,KKM,,PULAU PINANG,SEBERANG PERAI SELATAN,KLINIK,KLINIK DESA,KD BATU KAWAN,"LOT 145, MUKIM 15, JALAN PENGKALAN, SIMPANG AMPAT",,14110,,,,,5.349384,100.4283074
811,21-07020052,BUKA,AWAM,KKM,,PULAU PINANG,SEBERANG PERAI SELATAN,KLINIK,KLINIK DESA,KD BUKIT TAMBUN,"LOT 372, MUKIM 14, JALAN BUKIT TAMBUN, SIMPANG AMPAT",,14100,,,,,5.2750768,100.4590334
812,21-07020055,BUKA,AWAM,KKM,,PULAU PINANG,SEBERANG PERAI SELATAN,KLINIK,KLINIK DESA,KD CHANGKAT,"LOT 2008, MUKIM 11, JALAN CHANGKAT, SUNGAI JAWI",,14300,,,,,5.1930834,100.489422
813,21-07020086,BUKA,AWAM,KKM,,PULAU PINANG,SEBERANG PERAI SELATAN,KLINIK,KLINIK DESA,KD PERMATANG TOK MAHAT,"LOT 523, MUKIM 9, JALAN SEMPADAN,PERMATANG TOK MAHAT, NIBONG TEBAL",,14300,,,,,5.1317118,100.4746492
814,21-07020090,BUKA,AWAM,KKM,,PULAU PINANG,SEBERANG PERAI SELATAN,KLINIK,KLINIK DESA,KD PULAU AMAN,"LOT 49, MUKIM 16, PULAU AMAN, SIMPANG AMPAT",,14100,,,,,5.2656409,100.4059491
815,21-07020093,BUKA,AWAM,KKM,,PULAU PINANG,SEBERANG PERAI SELATAN,KLINIK,KLINIK DESA,KD SUNGAI BAKAU,"LOT 1143, MUKIM 10, SG BAKAU, NIBONG TEBAL",,14320,,,,,5.1226946,100.4114659
816,21-07020096,BUKA,AWAM,KKM,,PULAU PINANG,SEBERANG PERAI SELATAN,KLINIK,KLINIK DESA,KD SUNGAI DURI,"LOT 517, MUKIM 5, JALAN SUNGAI DURI, SUNGAI BAKAP",,14200,,,,,5.2107189,100.5083932
817,21-07020100,BUKA,AWAM,KKM,,PULAU PINANG,SEBERANG PERAI SELATAN,KLINIK,KLINIK DESA,KD TANJUNG BEREMBANG,"LOT 529, MUKIM 9, JALAN TANJUNG BEREMBANG, SG ACHEH,
NIBONG TEBAL",,14300,,,,,5.144875,100.500023
818,21-07020101,BUKA,AWAM,KKM,,PULAU PINANG,SEBERANG PERAI SELATAN,KLINIK,KLINIK DESA,KD TASEK,"LOT 152, MUKIM 2, JALAN TASEK, SIMPANG AMPAT",,14100,,,,,5.2850832,100.4988732
819,21-07020107,BUKA,AWAM,KKM,,PULAU PINANG,SEBERANG PERAI SELATAN,KLINIK,KLINIK DESA,KD WELLESLEY,"LOT 544, MUKIM 5, KG. WELLESLEY, SUNGAI BAKAP",,14200,,,,,5.2119543,100.518636
820,21-07030046,BUKA,AWAM,KKM,,PULAU PINANG,SEBERANG PERAI TENGAH,KLINIK,KLINIK DESA,KD ALMA,"LOT 871, MUKIM 15, ALMA,
BUKIT MERTAJAM",,14000,,,,,5.3321289,100.4732508
821,21-07030051,BUKA,AWAM,KKM,,PULAU PINANG,SEBERANG PERAI TENGAH,KLINIK,KLINIK DESA,KD BUKIT INDRA MUDA,"LOT 642, MUKIM 3, BUKIT INDRA MUDA, PENANTI, BUKIT MERTAJAM",,14400,,,,,5.4096974,100.4555107
822,21-07030058,BUKA,AWAM,KKM,,PULAU PINANG,SEBERANG PERAI TENGAH,KLINIK,KLINIK DESA,KD JURU,"JKR 2039, LOT 155, MUKIM 12, JURU, BUKIT MERTAJAM",,14000,,,,,5.315163,100.444919
823,21-07030060,BUKA,AWAM,KKM,,PULAU PINANG,SEBERANG PERAI TENGAH,KLINIK,KLINIK DESA,KD KAMPUNG PERTAMA,"LOT 777, MUKIM 4, JALAN PERMATANG PAUH, BUKIT MERTAJAM",,13500,,,,,5.3778122,100.4216309
824,21-07030061,BUKA,AWAM,KKM,,PULAU PINANG,SEBERANG PERAI TENGAH,KLINIK,KLINIK DESA,KD KAMPUNG SEKOLAH,"JKR 659, LOT 1195, MUKIM 12, JURU, BUKIT MERTAJAM",,14000,,,,,5.315163,100.444919
825,21-07030064,BUKA,AWAM,KKM,,PULAU PINANG,SEBERANG PERAI TENGAH,KLINIK,KLINIK DESA,KD KUBANG ULU,"JKR 864, PT 224/67 MUKIM 18, KUBANG ULU, BUKIT MERTAJAM",,14000,,,,,5.40817,100.4829161
826,21-07030068,BUKA,AWAM,KKM,,PULAU PINANG,SEBERANG PERAI TENGAH,KLINIK,KLINIK DESA,KD PADANG IBU,"JKR 784, LOT 958, MUKIM 20, JALAN GUAR PERAHU,
BUKIT MERTAJAM",,14400,,,,,5.4210671,100.4695483
827,21-07030081,BUKA,AWAM,KKM,,PULAU PINANG,SEBERANG PERAI TENGAH,KLINIK,KLINIK DESA,KD PERMATANG PASIR,"JKR 687, LOT 898, MUKIM 3, JALAN PERMATANG PASIR,
BUKIT MERTAJAM",,14000,,,,,5.3641349,100.4301561
828,21-07030083,BUKA,AWAM,KKM,,PULAU PINANG,SEBERANG PERAI TENGAH,KLINIK,KLINIK DESA,KD PERMATANG RAWA,"JKR 828A, LOT 912, MUKIM 8, JALAN PERMATANG RAWA,
BUKIT MERTAJAM",,14000,,,,,5.3683975,100.4444732
829,21-07030085,BUKA,AWAM,KKM,,PULAU PINANG,SEBERANG PERAI TENGAH,KLINIK,KLINIK DESA,KD PERMATANG TINGGI,"JKR 2210, LOT 1104, MUKIM 14, PERMATANG TINGGI,
BUKIT MERTAJAM",,14000,,,,,5.30442,100.4824058
830,21-07030097,BUKA,AWAM,KKM,,PULAU PINANG,SEBERANG PERAI TENGAH,KLINIK,KLINIK DESA,KD SUNGAI LEMBU,"LOT 548, FRU 35, MUKIM 18, SUNGAI LEMBU, BUKIT MERTAJAM",,14000,,,,,5.367612,100.522235
831,21-07040054,BUKA,AWAM,KKM,,PULAU PINANG,SEBERANG PERAI UTARA,KLINIK,KLINIK DESA,KD BUMBUNG LIMA,"LOT 2, MUKIM 3, JALAN SUNGAI PETANI, KEPALA BATAS",,13200,,,,,5.5169449,100.4327303
832,21-07040062,BUKA,AWAM,KKM,,PULAU PINANG,SEBERANG PERAI UTARA,KLINIK,KLINIK DESA,KD KAMPUNG SELAMAT,"LOT 1492, MUKIM 12, JALAN KG SELAMAT, TASEK GELUGOR",,13300,,,,,5.4993438,100.5186451
833,21-07040065,BUKA,AWAM,KKM,,PULAU PINANG,SEBERANG PERAI UTARA,KLINIK,KLINIK DESA,KD LAHAR KEPAR,"LOT 3263, MUKUM 5, JALAN LAHAR KAPAR, KEPALA BATAS",,13200,,,,,5.5464325,100.4130123
834,21-07040066,BUKA,AWAM,KKM,,PULAU PINANG,SEBERANG PERAI UTARA,KLINIK,KLINIK DESA,KD LAHAR YOOI,"LOT 3, MUKIM 11, JALAN ARA KUDA, TASEK GELUGOR",,13300,,,,,5.457788,100.5114605
835,21-07040069,BUKA,AWAM,KKM,,PULAU PINANG,SEBERANG PERAI UTARA,KLINIK,KLINIK DESA,KD PADANG MENORA,"LOT 6, MUKIM 13, JALAN ARA KUDA, TASEK GELUGOR",,13300,,,,,5.457788,100.5114605
836,21-07040070,BUKA,AWAM,KKM,,PULAU PINANG,SEBERANG PERAI UTARA,KLINIK,KLINIK DESA,KD PAJAK SONG,"LOT 2365, MUKIM 8, JALAN PAJAK SONG, KEPALA BATAS, KEPALA BATAS",,13200,,,,,5.5014667,100.4235472
837,21-07040072,BUKA,AWAM,KKM,,PULAU PINANG,SEBERANG PERAI UTARA,KLINIK,KLINIK DESA,KD PASIR GEBU,"LOT 212, MUKIM 1, JALAN KUALA MUDA, PENAGA",,13110,,,,,5.5698137,100.350026
838,21-07040073,BUKA,AWAM,KKM,,PULAU PINANG,SEBERANG PERAI UTARA,KLINIK,KLINIK DESA,KD PAYA KELADI,"LOT 3, MUKIM 3, JALAN PAYA KELADI, KEPALA BATAS",,13200,,,,,5.5394295,100.461241
839,21-07040075,BUKA,AWAM,KKM,,PULAU PINANG,SEBERANG PERAI UTARA,KLINIK,KLINIK DESA,KD PEKAN DARAT,"LOT 1766, MUKIM 7, JALAN MAKLUM, BUTTERWORTH",,13800,,,,,5.4700067,100.4008184
841,21-07040077,BUKA,AWAM,KKM,,PULAU PINANG,SEBERANG PERAI UTARA,KLINIK,KLINIK DESA,KD PERMATANG BULUH,"LOT 1614, MUKIM 10, JALAN SIMPANG PERMATANG BULUH, KEPALA BATAS",,13200,,,,,5.531632,100.405892
842,21-07040079,BUKA,AWAM,KKM,,PULAU PINANG,SEBERANG PERAI UTARA,KLINIK,KLINIK DESA,KD PERMATANG JANGGUS,"LOT 2121, MUKIM 2, JALAN PERMATANG JANGGUS, PENAGA",,13100,,,,,5.5623965,100.3901565
843,21-07040084,BUKA,AWAM,KKM,,PULAU PINANG,SEBERANG PERAI UTARA,KLINIK,KLINIK DESA,KD PERMATANG SINTOK,"LOT 2350, MUKIM 8, JALAN KEPALA BATAS, KEPALA BATAS",,13200,,,,,5.4965617,100.4398444
844,21-07040087,BUKA,AWAM,KKM,,PULAU PINANG,SEBERANG PERAI UTARA,KLINIK,KLINIK DESA,KD PINANG TUNGGAL,"LOT 1459, MUKIM 3, JALAN PINANG TUNGGAL, TASEK GELUGOR",,13210,,,,,5.5833078,100.4771965
845,21-07040088,BUKA,AWAM,KKM,,PULAU PINANG,SEBERANG PERAI UTARA,KLINIK,KLINIK DESA,KD POKOK SENA,"LOT 2771, MUKIM 11, JALAN POKOK SENA, KEPALA BATAS",,13200,,,,,5.4867081,100.4545413
846,21-07040099,BUKA,AWAM,KKM,,PULAU PINANG,SEBERANG PERAI UTARA,KLINIK,KLINIK DESA,KD SUNGAI PUYU,"LOT 1498, MUKIM 14, JALAN BAGAN LALANG, BUTTERWORTH",,13400,,,,,5.4300802,100.3971433
847,21-07040102,BUKA,AWAM,KKM,,PULAU PINANG,SEBERANG PERAI UTARA,KLINIK,KLINIK DESA,KD TELOK AIR TAWAR,"LOT 1768, MUKIM 7, JALAN TELOK AIR TAWAR, BUTTERWORTH",,13050,,,,,5.4923048,100.3839618
848,21-07040105,BUKA,AWAM,KKM,,PULAU PINANG,SEBERANG PERAI UTARA,KLINIK,KLINIK DESA,KD TOK BEDU,"LOT 1358, MUKIM 6, JALAN POKOK MACHANG, TASEK GELUGOR",,13300,,,,,5.4864287,100.4763528
849,21-07040047,BUKA,AWAM,KKM,,PULAU PINANG,SEBERANG PERAI UTARA,KLINIK,KLINIK DESA,KD BAGAN AJAM,"LOT 900, MUKIM 9, JALAN BAGAN, BUTTERWORTH",,13000,,,,,5.443156,100.380375
850,21-07040048,BUKA,AWAM,KKM,,PULAU PINANG,SEBERANG PERAI UTARA,KLINIK,KLINIK DESA,KD BAGAN DALAM,"LOT 1090, MUKIM 15, JALAN BAGAN DALAM, BUTTERWORTH",,12100,,,,,5.4087084,100.3774913
851,21-07050049,BUKA,AWAM,KKM,,PULAU PINANG,TIMUR LAUT,KLINIK,KLINIK DESA,KD BATU FERRINGHI,"LOT 404, SEKSYEN 1,
BANDAR BATU FERINGHI",,12100,,,,,5.4746493,100.249259
854,21-07020111,BUKA,AWAM,KKM,,PULAU PINANG,SEBERANG PERAI SELATAN,KLINIK,KLINIK KESIHATAN,KK SUNGAI BAKAP,SUNGAI BAKAP,,14200,,,,,5.2175566,100.4980549
855,21-07050110,BUKA,AWAM,KKM,,PULAU PINANG,TIMUR LAUT,KLINIK,KLINIK KESIHATAN IBU DAN ANAK,KKIA RIFLE RANGE,"UNIT A-G-18, FLAT PADANG TEMBAK BLOK A, RUMAH PANGSA RIFLE RANGE, AYER ITAM",,11500,,,,,5.4100265,100.2912321
856,21-07050112,BUKA,AWAM,KKM,,PULAU PINANG,TIMUR LAUT,KLINIK,KLINIK KESIHATAN IBU DAN ANAK,KKIA TAMAN TUN SARDON,"UNIT A-G-9 & A-G-10 RUMAH PANGSA TAMAN TUN SARDON, GELUGOR",,11700,,,,,5.371698,100.3023821
857,21-07050113,BUKA,AWAM,KKM,,PULAU PINANG,TIMUR LAUT,KLINIK,KLINIK KESIHATAN IBU DAN ANAK,KKIA TANJONG TOKONG,"UNIT A-G-3 & A-G-4 RUMAH PANGSA TANJONG TOKONG UDA, FASA 1 BANDAR TANJUNG PINANG",,10470,,,,,5.4583809,100.303487
858,21-08010034,BUKA,AWAM,KKM,,PERAK,BATANG PADANG,KLINIK,KLINIK KESIHATAN,KK BIDOR,"JALAN BESAR BIDOR, PEKAN BIDOR, BIDOR",,35500,,,,,4.1104875,101.2875387
859,21-08010043,BUKA,AWAM,KKM,,PERAK,BATANG PADANG,KLINIK,KLINIK KESIHATAN,KK TROLAK SELATAN,"JALAN BESAR TROLAK SELATAN, FELDA TROLAK SELATAN, SUNGKAI",,35600,,,,,3.929899,101.3658
860,21-08010046,BUKA,AWAM,KKM,,PERAK,BATANG PADANG,KLINIK,KLINIK KESIHATAN,KK GUNUNG BESOUT,"JALAN KLINIK, GUNUNG BESOUT, SUNGKAI",,35600,,,,,3.9979665,101.3092785
861,21-08010091,BUKA,AWAM,KKM,,PERAK,BATANG PADANG,KLINIK,KLINIK KESIHATAN,KK SUNGKAI,"JALAN PEKAN SUNGKAI, SUNGKAI",,35600,,,,,3.9970364,101.3081516
862,21-08010095,BUKA,AWAM,KKM,,PERAK,BATANG PADANG,KLINIK,KLINIK KESIHATAN,KK TAPAH,"JALAN DAMAI, TAPAH",,35000,,,,,4.1884975,101.2649515
863,21-08010328,BUKA,AWAM,KKM,,PERAK,BATANG PADANG,KLINIK,KLINIK KESIHATAN,KK TAPAH ROAD,KLINIK KESIHATAN TAPAH ROAD,,35400,,,,,4.1739924,101.189437
864,21-08010395,BUKA,AWAM,KKM,,PERAK,BATANG PADANG,KLINIK,KLINIK KESIHATAN,KK BATU 17,"BATU 17, JALAN PAHANG, TAPAH",,35000,,,,,4.3541619,101.3394869
865,21-08020031,BUKA,AWAM,KKM,,PERAK,HILIR PERAK,KLINIK,KLINIK KESIHATAN,KK BAGAN DATOH,"PEKAN BAGAN DATOH, BAGAN DATOH",,36100,,,,,3.964729,100.752957
866,21-08020042,BUKA,AWAM,KKM,,PERAK,HILIR PERAK,KLINIK,KLINIK KESIHATAN,KK CHENDERONG BALAI,"CHENDERONG BALAI, CHENDERONG BALAI",,36600,,,,,4.1326818,101.1027879
867,21-08020049,BUKA,AWAM,KKM,,PERAK,HILIR PERAK,KLINIK,KLINIK KESIHATAN,KK HUTAN MELINTANG,"JALAN HUTAN MELINTANG, HILIR PERAK",,36400,,,,,3.8766439,100.9341084
868,21-08020062,BUKA,AWAM,KKM,,PERAK,HILIR PERAK,KLINIK,KLINIK KESIHATAN,KK LANGKAP,LANGKAP,,36700,,,,,4.0800794,101.1496771
869,21-08020083,BUKA,AWAM,KKM,,PERAK,HILIR PERAK,KLINIK,KLINIK KESIHATAN,KK SELEKOH,"JALAN BAGAN DATOH, SELEKOH",,36100,,,,,3.9913366,100.7863404
870,21-08020090,BUKA,AWAM,KKM,,PERAK,HILIR PERAK,KLINIK,KLINIK KESIHATAN,KK SUNGAI SUMUN,"KAMPUNG SUNGAI SUMUN,
SUNGAI SUMUN",,36300,,,,,3.8903597,100.8542129
871,21-08020360,BUKA,AWAM,KKM,,PERAK,HILIR PERAK,KLINIK,KLINIK KESIHATAN,KK TELOK INTAN,"JALAN BANDAR, TELOK INTAN",,36000,,,,,4.0289284,101.0206112
872,21-08020214,BUKA,AWAM,KKM,,PERAK,HILIR PERAK,KLINIK,KLINIK KESIHATAN,KK SUNGAI TIANG,BAGAN DATOH,,36100,,,,,3.9920171,100.7860726
873,21-08030063,BUKA,AWAM,KKM,,PERAK,HULU PERAK,KLINIK,KLINIK KESIHATAN,KK LAWIN,"JALAN LENGGONG-GERIK, LAWIN",,33410,,,,,5.293834,101.058654
874,21-08030065,BUKA,AWAM,KKM,,PERAK,HULU PERAK,KLINIK,KLINIK KESIHATAN,KK LENGGONG,"JALAN GERIK - LENGGONG, LENGGONG",,33400,,,,,5.141558,100.9893883
875,21-08030076,BUKA,AWAM,KKM,,PERAK,HULU PERAK,KLINIK,KLINIK KESIHATAN,KK PENGKALAN HULU,"JALAN PENGKALAN HULU, PENGKALAN HULU",,33100,,,,,5.70644,100.9998371
876,21-08030077,BUKA,AWAM,KKM,,PERAK,HULU PERAK,KLINIK,KLINIK KESIHATAN,KK PLANG,"JALAN GERIK-PENGKALAN HULU,
KAMPUNG PLANG, GERIK",,33320,,,,,5.4725405,101.073399
877,21-08030388,BUKA,AWAM,KKM,,PERAK,HULU PERAK,KLINIK,KLINIK KESIHATAN,KK POS KEMAR,"RANCANGAN PENEMPATAN SEMULA ORANG ASLI KEMAR, GERIK",,33300,,,,,5.4377995,101.1398081
878,21-08030611,BUKA,AWAM,KKM,,PERAK,HULU PERAK,KLINIK,KLINIK KESIHATAN,KK FELDA BERSIA,KAMPUNG FELDA BERSIA,,33320,,,,,5.4749307,101.2027816
879,21-08040029,BUKA,AWAM,KKM,,PERAK,KERIAN,KLINIK,KLINIK KESIHATAN,KK ALOR PONGSU,"JALAN STESEN ALOR PONGSU, ALOR PONGSU",,34300,,,,,5.0569544,100.6007578
880,21-08040032,BUKA,AWAM,KKM,,PERAK,KERIAN,KLINIK,KLINIK KESIHATAN,KK BAGAN SERAI,"JALAN TAIPING, PEKAN BAGAN SERAI, BAGAN SERAI",,34300,,,,,4.950862,100.628275
881,21-08040048,BUKA,AWAM,KKM,,PERAK,KERIAN,KLINIK,KLINIK KESIHATAN,KK GUNUNG SEMANGGOL,"JALAN KUBU GAJAH, SIMPANG EMPAT, GUNUNG SEMANGGOL",,34400,,,,,4.965898,100.6521078
882,21-08040050,BUKA,AWAM,KKM,,PERAK,KERIAN,KLINIK,KLINIK KESIHATAN,KK JALAN BARU,"JALAN TANAH KEBUN, KERIAN",,34250,,,,,5.07456,100.478
883,21-08040057,BUKA,AWAM,KKM,,PERAK,KERIAN,KLINIK,KLINIK KESIHATAN,KK KEDAI EMPAT,"KEDAI EMPAT, TANJUNG PIANDANG",,34250,,,,,5.1086949,100.438371
884,21-08040058,BUKA,AWAM,KKM,,PERAK,KERIAN,KLINIK,KLINIK KESIHATAN,KK KUALA GULA,KUALA GULA,,34350,,,,,4.9365996,100.4649168
885,21-08040059,BUKA,AWAM,KKM,,PERAK,KERIAN,KLINIK,KLINIK KESIHATAN,KK KUALA KURAU,"JALAN KUALA KURAU, KUALA KURAU",,34350,,,,,5.0256158,100.4356251
886,21-08040096,BUKA,AWAM,KKM,,PERAK,KERIAN,KLINIK,KLINIK KESIHATAN,KK TELUK MEDAN,"JALAN TAIPING, KAMPUNG TELUK MEDAN, BAGAN SERAI",,34300,,,,,4.9857639,100.580858
887,21-08040097,BUKA,AWAM,KKM,,PERAK,KERIAN,KLINIK,KLINIK KESIHATAN,KK TANJUNG PIANDANG,"JALAN PANTAI, TANJUNG PIANDANG",,34250,,,,,5.071788,100.3853241
888,21-08040210,BUKA,AWAM,KKM,,PERAK,KERIAN,KLINIK,KLINIK KESIHATAN,KK SELINSING,"KAMPUNG SELINSING, SIMPANG AMPAT, SEMANGGOL",,34400,,,,,4.9266951,100.6252813
889,21-08110044,BUKA,AWAM,KKM,,PERAK,KAMPAR,KLINIK,KLINIK KESIHATAN,KK GOPENG,"JALAN DR.RAJA NAZRIN, PEKAN GOPENG, GOPENG",,31600,,,,,4.4535816,101.1649599
890,21-08110052,BUKA,AWAM,KKM,,PERAK,KAMPAR,KLINIK,KLINIK KESIHATAN,KK KAMPAR,JALAN DEGONG,,31900,,,,,4.2985073,101.1570411
891,21-08110067,BUKA,AWAM,KKM,,PERAK,KAMPAR,KLINIK,KLINIK KESIHATAN,KK MALIM NAWAR,"JALAN MALIM NAWAR, MALAIM NAWAR",,31700,,,,,4.3577757,101.1218316
892,21-08110379,BUKA,AWAM,KKM,,PERAK,KAMPAR,KLINIK,KLINIK KESIHATAN,KK KOTA BHARU,"JALAN KOTA BHARU, GOPENG",,31610,,,,,4.4598176,101.1577983
893,21-08050041,BUKA,AWAM,KKM,,PERAK,KINTA,KLINIK,KLINIK KESIHATAN,KK CHEMOR,"JALAN TANAH HITAM, CHEMOR",,31200,,,,,4.7279835,101.137142
894,21-08050045,BUKA,AWAM,KKM,,PERAK,KINTA,KLINIK,KLINIK KESIHATAN,KK GREENTOWN,"JALAN RAJA MUSA AZIZ, IPOH",,30450,,,,,4.60281,101.08713
895,21-08050047,BUKA,AWAM,KKM,,PERAK,KINTA,KLINIK,KLINIK KESIHATAN,KK GUNUNG RAPAT,JALAN RAJA DR. NAZRIN SHAH,,31350,,,,,4.5633308,101.1122601
896,21-08050051,BUKA,AWAM,KKM,,PERAK,KINTA,KLINIK,KLINIK KESIHATAN,KK JELAPANG,"JALAN JELAPANG, IPOH",,30020,,,,,4.6141774,101.0570813
897,21-08050054,BUKA,AWAM,KKM,,PERAK,KINTA,KLINIK,KLINIK KESIHATAN,KK KAMPUNG SIMEE,"JALAN KOMPLEKS SUKAN, IPOH",,31400,,,,,4.6167707,101.1152071
898,21-08050068,BUKA,AWAM,KKM,,PERAK,KINTA,KLINIK,KLINIK KESIHATAN,KK MANJOI,"JALAN MASJID, IPOH",,30100,,,,,4.6178546,101.0724096
899,21-08050070,BUKA,AWAM,KKM,,PERAK,KINTA,KLINIK,KLINIK KESIHATAN,KK MENGLEMBU,"JALAN MENGLEMBU TIMUR 10, IPOH",,31450,,,,,4.5629009,101.0508429
900,21-08050075,BUKA,AWAM,KKM,,PERAK,KINTA,KLINIK,KLINIK KESIHATAN,KK PASIR PINJI,"JALAN BUNGA RAYA, IPOH",,31650,,,,,4.5752871,101.0853341
901,21-08050093,BUKA,AWAM,KKM,,PERAK,KINTA,KLINIK,KLINIK KESIHATAN,KK TANJUNG RAMBUTAN,ULU KINTA,,31250,,,,,4.665601,101.158061
902,21-08050094,BUKA,AWAM,KKM,,PERAK,KINTA,KLINIK,KLINIK KESIHATAN,KK TANJUNG TUALANG,TANJUNG TUALANG,,31800,,,,,4.3260554,101.0537873
903,21-08050099,BUKA,AWAM,KKM,,PERAK,KINTA,KLINIK,KLINIK KESIHATAN,KK TRONOH,"JALAN BESAR, TRONOH",,31750,,,,,4.4218075,100.9698871
904,21-08050383,BUKA,AWAM,KKM,,PERAK,KINTA,KLINIK,KLINIK KESIHATAN,KK BUNTONG,"JALAN DESA RISHAH, IPOH",,30100,,,,,4.5851327,101.050841
905,21-08050407,BUKA,AWAM,KKM,,PERAK,KINTA,KLINIK,KLINIK KESIHATAN,KK UTC IPOH,"LOT LB21 & 22 OFF JALAN DATO' ONN JAAFAR, IPOH",,30300,,,,,4.5963955,101.0819436
906,21-08060056,BUKA,AWAM,KKM,,PERAK,KUALA KANGSAR,KLINIK,KLINIK KESIHATAN,KK KARAI,"JALAN BESAR, KAMPUNG KARAI, ENGGOR",,33600,,,,,4.7803011,101.1106715
907,21-08060066,BUKA,AWAM,KKM,,PERAK,KUALA KANGSAR,KLINIK,KLINIK KESIHATAN,KK LINTANG,"KAMPUNG LINTANG, SUNGAI SIPUT UTARA",,31110,,,,,4.819012,101.0737181
908,21-08060069,BUKA,AWAM,KKM,,PERAK,KUALA KANGSAR,KLINIK,KLINIK KESIHATAN,KK MANONG,"JALAN RUMAH AWAM II, KUALA KANGSAR",,33800,,,,,4.5915155,100.8797272
909,21-08060071,BUKA,AWAM,KKM,,PERAK,KUALA KANGSAR,KLINIK,KLINIK KESIHATAN,KK PADANG RENGAS,"PEKAN PADANG RENGAS, PADANG RENGAS",,33700,,,,,4.7755756,100.8500327
910,21-08060080,BUKA,AWAM,KKM,,PERAK,KUALA KANGSAR,KLINIK,KLINIK KESIHATAN,KK SAUK,"JALAN BESAR LENGGONG, KUALA KANGSAR",,33500,,,,,5.0893807,100.9603291
911,21-08060089,BUKA,AWAM,KKM,,PERAK,KUALA KANGSAR,KLINIK,KLINIK KESIHATAN,KK SUNGAI SIPUT,"JALAN IPOH, PEKAN SUNGAI SIPUT,
SUNGAI SIPUT",,31100,,,,,4.8155182,101.0796766
912,21-08060173,BUKA,AWAM,KKM,,PERAK,KUALA KANGSAR,KLINIK,KLINIK KESIHATAN,KK BEKOR,"BEKOR, MANONG",,33800,,,,,4.5779533,100.926963
913,21-08060612,BUKA,AWAM,KKM,,PERAK,KUALA KANGSAR,KLINIK,KLINIK KESIHATAN,KK KUALA KANGSAR,"JALAN SULTAN IDRIS SHAH 1, 
KUALA KANGSAR",,33000,,,,,4.7790515,100.9398377
914,21-08070033,BUKA,AWAM,KKM,,PERAK,LARUT DAN MATANG,KLINIK,KLINIK KESIHATAN,KK BATU KURAU,"PEKAN BATU KURAU, BATU KURAU",,34500,,,,,4.975668,100.798274
915,21-08070038,BUKA,AWAM,KKM,,PERAK,LARUT DAN MATANG,KLINIK,KLINIK KESIHATAN,KK CHANGKAT JERING,"PEKAN CHANGKAT JERING, JALAN KUALA KANGSAR, LARUT, MATANG & SELAMA",,34850,,,,,4.787124,100.722412
916,21-08070055,BUKA,AWAM,KKM,,PERAK,LARUT DAN MATANG,KLINIK,KLINIK KESIHATAN,KK KAMUNTING,"JALAN EKSPO, PEKAN KAMUNTING, KAMUNTING",,34600,,,,,4.891217,100.733747
917,21-08070060,BUKA,AWAM,KKM,,PERAK,LARUT DAN MATANG,KLINIK,KLINIK KESIHATAN,KK KUALA SEPETANG,"KAMPUNG KUALA SEPETANG,
KUALA SEPETANG",,34600,,,,,4.8376016,100.6321945
918,21-08070078,BUKA,AWAM,KKM,,PERAK,LARUT DAN MATANG,KLINIK,KLINIK KESIHATAN,KK POKOK ASSAM,"JALAN MENTERI BESAR, PEKAN POKOK ASSAM, TAIPING",,34000,,,,,4.832693,100.7403493
919,21-08070079,BUKA,AWAM,KKM,,PERAK,LARUT DAN MATANG,KLINIK,KLINIK KESIHATAN,KK REDANG PANJANG,"JALAN BATU KURAU, IJOK",,34510,,,,,5.1153781,100.7838712
920,21-08070082,BUKA,AWAM,KKM,,PERAK,LARUT DAN MATANG,KLINIK,KLINIK KESIHATAN,KK SELAMA,"PEKAN SELAMA, LARUT, MATANG & SELAMA",,34100,,,,,4.8547216,100.743609
921,21-08070087,BUKA,AWAM,KKM,,PERAK,LARUT DAN MATANG,KLINIK,KLINIK KESIHATAN,KK SUNGAI BAYOR,"PEKAN SUNGAI BAYOR, SELAMA",,34110,,,,,5.249544,100.7783798
922,21-08070088,BUKA,AWAM,KKM,,PERAK,LARUT DAN MATANG,KLINIK,KLINIK KESIHATAN,KK SUNGAI KERANG,"JALAN PANTAI REMIS, TRONG, LARUT, MATANG & SELAMA",,34800,,,,,4.598225,100.6819492
923,21-08070098,BUKA,AWAM,KKM,,PERAK,LARUT DAN MATANG,KLINIK,KLINIK KESIHATAN,KK TRONG,"TRONG, LARUT, MATANG & SELAMA",,34800,,,,,4.6657612,100.7323332
924,21-08070157,BUKA,AWAM,KKM,,PERAK,LARUT DAN MATANG,KLINIK,KLINIK KESIHATAN,KK FELDA IJOK,"FELDA IJOK, REDANG PANJANG",,34120,,,,,5.1633352,100.7689828
925,21-08070384,BUKA,AWAM,KKM,,PERAK,LARUT DAN MATANG,KLINIK,KLINIK KESIHATAN,KK TAIPING,"JALAN TUPAI, TAIPING, LARUT, MATANG & SELAMA",,34000,,,,,4.8473964,100.7450864
926,21-08070417,BUKA,AWAM,KKM,,PERAK,LARUT DAN MATANG,KLINIK,KLINIK KESIHATAN,KK SIMPANG,"JALAN KUALA KANGSAR, SIMPANG, TAIPING",,34700,,,,,4.8111737,100.7106483
927,21-08080030,BUKA,AWAM,KKM,,PERAK,MANJUNG,KLINIK,KLINIK KESIHATAN,KK AYER TAWAR,"JALAN BESAR, PEKAN AYER TAWAR,
AYER TAWAR",,32400,,,,,4.2407417,100.6808414
928,21-08080037,BUKA,AWAM,KKM,,PERAK,MANJUNG,KLINIK,KLINIK KESIHATAN,KK BRUAS,"JALAN BESAR, BRUAS, MANJUNG",,32700,,,,,4.4973415,100.7891365
929,21-08080039,BUKA,AWAM,KKM,,PERAK,MANJUNG,KLINIK,KLINIK KESIHATAN,KK CHANGKAT KRUING,"KAMPUNG CHANGKAT KRUING,
CHANGKAT KRUING",,32500,,,,,4.388577,100.6861
930,21-08080064,BUKA,AWAM,KKM,,PERAK,MANJUNG,KLINIK,KLINIK KESIHATAN,KK LEKIR,"BATU 8, LEKIR",,32020,,,,,4.135791,100.729939
931,21-08080072,BUKA,AWAM,KKM,,PERAK,MANJUNG,KLINIK,KLINIK KESIHATAN,KK PULAU PANGKOR,"JALAN PASIR BOGAK, PEKAN PULAU PANGKOR, PULAU PANGKOR",,32300,,,,,4.2132286,100.5736201
932,21-08080073,BUKA,AWAM,KKM,,PERAK,MANJUNG,KLINIK,KLINIK KESIHATAN,KK PANTAI REMIS,"JLN TANGKI AIR, KG SUNGAI BATU, 
PANTAI REMIS",,34900,,,,,4.43535,100.62487
933,21-08080085,BUKA,AWAM,KKM,,PERAK,MANJUNG,KLINIK,KLINIK KESIHATAN,KK SITIAWAN,"JALAN DATO' AHMAD YUNUS, KAMPUNG SERDANG, SITIAWAN",,32000,,,,,4.222794,100.6999672
934,21-08080267,BUKA,AWAM,KKM,,PERAK,MANJUNG,KLINIK,KLINIK KESIHATAN,KK PENGKALAN BARU,"KAMPUNG PENGKALAN BARU,
PANTAI REMIS",,34900,,,,,4.4808333,100.6383178
935,21-08090036,BUKA,AWAM,KKM,,PERAK,PERAK TENGAH,KLINIK,KLINIK KESIHATAN,KK BOTA KIRI,"JALAN BOTA KIRI, BOTA KIRI",,32600,,,,,4.3565714,100.8716635
936,21-08090040,BUKA,AWAM,KKM,,PERAK,PERAK TENGAH,KLINIK,KLINIK KESIHATAN,KK CHANGKAT LADA,"KAMPUNG GAJAH, PERAK TENGAH",,36800,,,,,4.144139,100.901731
937,21-08090053,BUKA,AWAM,KKM,,PERAK,PERAK TENGAH,KLINIK,KLINIK KESIHATAN,KK KAMPUNG GAJAH,KAMPUNG GAJAH,,36800,,,,,4.1832924,100.940228
938,21-08090061,BUKA,AWAM,KKM,,PERAK,PERAK TENGAH,KLINIK,KLINIK KESIHATAN,KK LAMBOR KIRI,LAMBOR,,32900,,,,,4.2797726,100.8808898
939,21-08090074,BUKA,AWAM,KKM,,PERAK,PERAK TENGAH,KLINIK,KLINIK KESIHATAN,KK PARIT,"JALAN PEJABAT POS, PARIT",,32800,,,,,4.476698,100.9097631
940,21-08090100,BUKA,AWAM,KKM,,PERAK,PERAK TENGAH,KLINIK,KLINIK KESIHATAN,KK ULU DEDAP,TELUK INTAN,,36000,,,,,4.0588889,100.9313889
941,21-08090104,BUKA,AWAM,KKM,,PERAK,PERAK TENGAH,KLINIK,KLINIK KESIHATAN,KK AIR KUNING,"KG TERSUSUN AIR KUNING, TG. TUALANG",,31800,,,,,4.1864471,101.0756374
942,21-08090278,BUKA,AWAM,KKM,,PERAK,PERAK TENGAH,KLINIK,KLINIK KESIHATAN,KK FELCRA NASARUDDIN,"FELCRA NASARUDIN, BOTA",,32600,,,,,4.3383866,100.9358765
943,21-08090610,BUKA,AWAM,KKM,,PERAK,PERAK TENGAH,KLINIK,KLINIK KESIHATAN,KK SERI ISKANDAR,SERI ISKANDAR,,32610,,,,,4.3692895,100.9531981
944,21-08100086,BUKA,AWAM,KKM,,PERAK,MUALLIM,KLINIK,KLINIK KESIHATAN,KK SLIM RIVER,"JALAN INDAH, SLIM RIVER, SLIM RIVER",,35800,,,,,3.8388019,101.4007368
945,21-08100092,BUKA,AWAM,KKM,,PERAK,MUALLIM,KLINIK,KLINIK KESIHATAN,KK TANJUNG MALIM,"PEKAN TANJUNG MALIM, TANJUNG MALIM",,35950,,,,,3.7640208,101.4395931
946,21-08020391,BUKA,AWAM,KKM,,PERAK,HILIR PERAK,KLINIK,KLINIK KOMUNITI,KKOM TELUK INTAN,"NO.1 TAMAN MEDAN MAHARAJA, JALAN KAMPUNG BANJAR, TELUK INTAN",,36000,,,,,3.9759282,101.0321357
947,21-08020423,BUKA,AWAM,KKM,,PERAK,HILIR PERAK,KLINIK,KLINIK KOMUNITI,KKOM TAMAN SEMESTI,"NO.129, LORONG 7, TAMAN SEMESTI, BATU 8",,36000,,,,,3.9349109,100.9586943
949,21-08110404,BUKA,AWAM,KKM,,PERAK,KAMPAR,KLINIK,KLINIK KOMUNITI,KKOM TAMAN BANDAR BARU,"NO. 2174 (TINGKAT BAWAH) JALAN BATU KARANG, TAMAN BANDAR BARU",,31900,,,,,4.328024,101.146166
950,21-08050403,BUKA,AWAM,KKM,,PERAK,KINTA,KLINIK,KLINIK KOMUNITI,KKOM MERU RAYA,"NO.1, JALAN MERU BISTRAI A4, MEDAN MERU BISTARI",,30000,,,,,4.6712145,101.0747117
951,21-08050392,BUKA,AWAM,KKM,,PERAK,KINTA,KLINIK,KLINIK KOMUNITI,KKOM BERCHAM,"NO.6A-1 & 10, PERSIARAN MEDAN BERCHAM 7, PUSAT BANDAR 
BERCHAM TIMUR",,31400,,,,,4.640089,101.1352389
952,21-08050396,BUKA,AWAM,KKM,,PERAK,KINTA,KLINIK,KLINIK KOMUNITI,KKOM STATION 18,NO. 92 MEDAN STATION 19/2 STATION 18 MENGLEMBU,,31450,,,,,4.543248,101.068835
953,21-08050397,BUKA,AWAM,KKM,,PERAK,KINTA,KLINIK,KLINIK KOMUNITI,KKOM KG TAWAS,"NO 2 -2A, LALUAN TAWAS DAMAI 4, ANJUNG TAWAS DAMAI",,30010,,,,,4.6615901,101.1106106
954,21-08050426,BUKA,AWAM,KKM,,PERAK,KINTA,KLINIK,KLINIK KOMUNITI,KKOM AMPANG BARU,"NO.21, JALAN AMPANG BARU 6C, PUSAT PERDAGANGAN AMPANG BARU",,31400,,,,,4.5845845,101.1261813
955,21-08060421,BUKA,AWAM,KKM,,PERAK,KUALA KANGSAR,KLINIK,KLINIK KOMUNITI,KKOM SUNGAI SIPUT (U),"NO. 11, PERSIARAN KOMERSIAL 2, COMMERCIAL WATERFRONT, 
SUNGAI SIPUT (U)",,31100,,,,,4.8284899,101.0794971
958,21-08070419,BUKA,AWAM,KKM,,PERAK,LARUT DAN MATANG,KLINIK,KLINIK KOMUNITI,KKOM KAMUNTING,"NO. 15 & 17, LOT 33918 & 33919, LORONG PK3, JALAN STESYEN PERUSAHAAN KAMUNTING",,34600,,,,,4.853009,100.7378564
959,21-08070424,BUKA,AWAM,KKM,,PERAK,LARUT DAN MATANG,KLINIK,KLINIK KOMUNITI,KKOM KURAU DAMAI,"NO.27 & 29, LORONG DAMAI 1, TAMAN KURAU DAMAI, BATU KURAU",,34500,,,,,4.9968165,100.8049004
960,21-08080398,BUKA,AWAM,KKM,,PERAK,MANJUNG,KLINIK,KLINIK KOMUNITI,KKOM TAMAN SAMUDERA,"NO.607, TAMAN SAMUDERA JALAN DATO YU NEH HUAT, SRI MANJUNG",,32040,,,,,4.200314,100.660744
961,21-08080410,BUKA,AWAM,KKM,,PERAK,MANJUNG,KLINIK,KLINIK KOMUNITI,KKOM KG. ACHEH,"33, TAMAN ACHEH MAJU, MEDAN ACHEH, JALAN KG",,32000,,,,,4.245073,100.67013
962,21-08080422,BUKA,AWAM,KKM,,PERAK,MANJUNG,KLINIK,KLINIK KOMUNITI,KKOM TAMAN LUMUT INDAH,"NO. 47 & 48, TAMAN LUMUT INDAH",,32200,,,,,4.2084684,100.6372425
963,21-08100411,BUKA,AWAM,KKM,,PERAK,MUALLIM,KLINIK,KLINIK KOMUNITI,KKOM BANDAR BEHRANG 2020,"17, JALAN WAWASAN DAGANGAN 4, BANDAR BEHRANG, TANJONG MALIM",,35950,,,,,3.7240905,101.4729831
964,21-08010108,BUKA,AWAM,KKM,,PERAK,BATANG PADANG,KLINIK,KLINIK DESA,KD AIR KUNING,"AIR KUNING, TAPAH",,31920,,,,,4.1953225,101.1430328
965,21-08010120,BUKA,AWAM,KKM,,PERAK,BATANG PADANG,KLINIK,KLINIK DESA,KD BATU 3,"TEMOH, TAPAH",,35350,,,,,4.222381,101.2264178
966,21-08010122,BUKA,AWAM,KKM,,PERAK,BATANG PADANG,KLINIK,KLINIK DESA,KD BATU 6,"JALAN PAHANG, TAPAH",,35300,,,,,4.2014151,101.2619805
967,21-08010143,BUKA,AWAM,KKM,,PERAK,BATANG PADANG,KLINIK,KLINIK DESA,KD CHANGKAT SULAIMAN,"CHANGKAT SULAIMAN, SUNGKAI",,35600,,,,,3.9712716,101.2955514
968,21-08010147,BUKA,AWAM,KKM,,PERAK,BATANG PADANG,KLINIK,KLINIK DESA,KD CHENDERIANG,"CHENDERIANG, TAPAH",,35300,,,,,4.2554295,101.2451278
969,21-08010162,BUKA,AWAM,KKM,,PERAK,BATANG PADANG,KLINIK,KLINIK DESA,KD JERAM MENGKUANG,"JERAM MENGKUANG, BIDOR",,35500,,,,,4.064226,101.2401911
970,21-08010172,BUKA,AWAM,KKM,,PERAK,BATANG PADANG,KLINIK,KLINIK DESA,KD BATU MELINTANG,"KAMPUNG BATU MELINTANG, TAPAH",,35000,,,,,4.1986321,101.2855906
971,21-08010177,BUKA,AWAM,KKM,,PERAK,BATANG PADANG,KLINIK,KLINIK DESA,KD KAMPUNG BIKAM,"KAMPUNG BIKAM, SUNGKAI",,35600,,,,,4.0499,101.29552
972,21-08010183,BUKA,AWAM,KKM,,PERAK,BATANG PADANG,KLINIK,KLINIK DESA,KD KAMPUNG GUNTUNG,"KAMPUNG GUNTUNG, SUNGKAI",,35600,,,,,4.0024467,101.3297463
973,21-08010184,BUKA,AWAM,KKM,,PERAK,BATANG PADANG,KLINIK,KLINIK DESA,KD KAMPUNG JAMBAI,"KAMPUNG JAMBAI, TAPAH",,35000,,,,,4.2046969,101.2950278
974,21-08010205,BUKA,AWAM,KKM,,PERAK,BATANG PADANG,KLINIK,KLINIK DESA,KD KAMPUNG POH,"KAMPUNG POH, BIDOR",,35500,,,,,4.0791855,101.3423967
975,21-08010218,BUKA,AWAM,KKM,,PERAK,BATANG PADANG,KLINIK,KLINIK KESIHATAN,KK TEMOH ,"KAMPUNG HAJI ALI, BATANG PADANG 35000 PERAK",,35350,,,,,4.239912,101.1743219
976,21-08010154,BUKA,AWAM,KKM,,PERAK,BATANG PADANG,KLINIK,KLINIK DESA,KD GUNUNG BESOUT,"FELDA GUNUNG BESOUT, SUNGKAI",,35600,,,,,3.8362212,101.2905547
977,21-08010306,BUKA,AWAM,KKM,,PERAK,BATANG PADANG,KLINIK,KLINIK DESA,KD SUNGAI KLAH,"FELDA SUNGAI KALAH, SUNGKAI",,35600,,,,,3.9980312,101.3930369
978,21-08010309,BUKA,AWAM,KKM,,PERAK,BATANG PADANG,KLINIK,KLINIK DESA,KD SUNGAI LESONG,"KAMPUNG SUNGAI LESONG, TAPAH",,31950,,,,,4.2348927,101.1453124
979,21-08010343,BUKA,AWAM,KKM,,PERAK,BATANG PADANG,KLINIK,KLINIK DESA,KD TEMOH PEKAN,"PEKAN TEMOH, TEMOH",,35000,,,,,4.2434228,101.1942303
981,21-08010349,BUKA,AWAM,KKM,,PERAK,BATANG PADANG,KLINIK,KLINIK DESA,KD TROLAK UTARA,"TROLAK UTARA, SUNGKAI",,35600,,,,,3.9298991,101.3658004
982,21-08020106,BUKA,AWAM,KKM,,PERAK,HILIR PERAK,KLINIK,KLINIK DESA,KD AYER ITAM,"KAMPUNG AYER ITAM, AYER ITAM, HILIR PERAK",,36700,,,,,4.020632,101.2006012
983,21-08020112,BUKA,AWAM,KKM,,PERAK,HILIR PERAK,KLINIK,KLINIK DESA,KD BAGAN LALANG,"KAMPUNG BAGAN LALANG, 
HUTAN MELINTANG, HILIR PERAK",,36400,,,,,3.7973803,101.0365076
984,21-08020113,BUKA,AWAM,KKM,,PERAK,HILIR PERAK,KLINIK,KLINIK DESA,KD BAGAN PASIR LAUT,"BAGAN PASIR LAUT, SELEKOH",,36200,,,,,3.8597555,100.8194396
985,21-08020117,BUKA,AWAM,KKM,,PERAK,HILIR PERAK,KLINIK,KLINIK DESA,KD BATU 12,"BATU 12, JALAN BIDOR, LANGKAP",,36700,,,,,4.0045758,101.1743181
986,21-08020150,BUKA,AWAM,KKM,,PERAK,HILIR PERAK,KLINIK,KLINIK DESA,KD CHUI CHAK,"KAMPUNG CHUI CHAK, LANGKAP",,36700,,,,,4.0437874,101.1727823
987,21-08020165,BUKA,AWAM,KKM,,PERAK,HILIR PERAK,KLINIK,KLINIK DESA,KD BAGAN PASIR,"BATU 20, SELEKOH",,36200,,,,,3.8923634,100.8145931
988,21-08020168,BUKA,AWAM,KKM,,PERAK,HILIR PERAK,KLINIK,KLINIK DESA,KD KAMPUNG BANJAR,"KAMPUNG BANJAR, TELUK INTAN",,36000,,,,,3.991584,101.023852
989,21-08020178,BUKA,AWAM,KKM,,PERAK,HILIR PERAK,KLINIK,KLINIK DESA,KD CHIKUS,"CHIKUS, CHENDERUNG BALAI",,36600,,,,,4.1449254,101.0598617
990,21-08020209,BUKA,AWAM,KKM,,PERAK,HILIR PERAK,KLINIK,KLINIK DESA,KD KG SELABAK,"KAMPUNG SELABAK, JALAN DATO' MUHAMMAD, BATU 3, TELUK INTAN",,36000,,,,,3.9898849,101.044355
991,21-08020265,BUKA,AWAM,KKM,,PERAK,HILIR PERAK,KLINIK,KLINIK DESA,KD PEKAN RABU,"KAMPUNG PEKAN RABU,
CHENDERUNG BALAI",,36600,,,,,4.0904315,101.0780137
992,21-08020270,BUKA,AWAM,KKM,,PERAK,HILIR PERAK,KLINIK,KLINIK DESA,KD PERMATANG,"KAMPUNG PERMATANG,
CHENDERUNG BALAI",,36600,,,,,4.11611,101.0295
993,21-08020284,BUKA,AWAM,KKM,,PERAK,HILIR PERAK,KLINIK,KLINIK DESA,KD RUNGKUP,"RUNGKUP, BAGAN DATOH",,36100,,,,,3.9779166,100.7774424
995,21-08020294,BUKA,AWAM,KKM,,PERAK,HILIR PERAK,KLINIK,KLINIK DESA,KD SUNGAI BALAI,"SUNGAI BALAI, BAGAN DATOH",,36100,,,,,3.983844,100.7322199
996,21-08020300,BUKA,AWAM,KKM,,PERAK,HILIR PERAK,KLINIK,KLINIK DESA,KD SUNGAI DULANG,"KAMPUNG SUNGAI DULANG,
SUNGAI SUMUN",,36300,,,,,3.9548765,100.8776227
997,21-08020308,BUKA,AWAM,KKM,,PERAK,HILIR PERAK,KLINIK,KLINIK DESA,KD SUNGAI LAMPAM,"KAMPUNG SUNGAI LAMPAM, CENDERUNG BALAI",,36600,,,,,4.090985,101.1045555
998,21-08020310,BUKA,AWAM,KKM,,PERAK,HILIR PERAK,KLINIK,KLINIK DESA,KD SUNGAI MANILA,"FELDA SUNGAI MANILA,
HUTAN MELINTANG",,36400,,,,,3.7686118,101.1049528
999,21-08020311,BUKA,AWAM,KKM,,PERAK,HILIR PERAK,KLINIK,KLINIK DESA,KD SUNGAI PERGAM,"SUNGAI PERGAM, BAGAN DATOH",,36100,,,,,3.9594213,100.8059246
1001,21-08020321,BUKA,AWAM,KKM,,PERAK,HILIR PERAK,KLINIK,KLINIK DESA,KD SUNGAI TUKANG SIDIN,"SUNGAI TUKANG SIDIN,
CHENDERUNG BALAI",,36600,,,,,4.1347188,101.0797648
1002,21-08020322,BUKA,AWAM,KKM,,PERAK,HILIR PERAK,KLINIK,KLINIK DESA,KD SUNGAI TUNGKU,"KAMPUNG SUNGAI TUNGKU,
TELUK INTAN",,36000,,,,,4.075616,101.037398
1003,21-08020326,BUKA,AWAM,KKM,,PERAK,HILIR PERAK,KLINIK,KLINIK DESA,KD TANJUNG KERAMAT,"KAMPUNG TANJUNG KERAMAT, TANJUNG KERAMAT",,36700,,,,,4.1297936,101.1443397
1006,21-08020335,BUKA,AWAM,KKM,,PERAK,HILIR PERAK,KLINIK,KLINIK DESA,KD TELUK BARU,"TELUK BARU, TELUK INTAN",,36000,,,,,3.9676455,100.929414
1007,21-08020336,BUKA,AWAM,KKM,,PERAK,HILIR PERAK,KLINIK,KLINIK DESA,KD TELUK BULUH,"KAMPUNG TELUK BULOH,
HUTAN MELINTANG",,36400,,,,,3.8108679,100.9826069
1008,21-08020387,BUKA,AWAM,KKM,,PERAK,HILIR PERAK,KLINIK,KLINIK DESA,KD CHANGKAT JONG,"JALAN CHANGKAT JONG, TELUK INTAN",,36000,,,,,3.9854723,101.0719489
1009,21-08030103,BUKA,AWAM,KKM,,PERAK,HULU PERAK,KLINIK,KLINIK DESA,KD AIR GANDA,"KAMPUNG GANDA TEMENGOR, GERIK, HULU PERAK",,33300,,,,,5.316292,101.1447384
1010,21-08030107,BUKA,AWAM,KKM,,PERAK,HULU PERAK,KLINIK,KLINIK DESA,KD AIR KALA,"KAMPUNG AYER KALA, LENGGONG, HULU PERAK",,33420,,,,,5.1958297,101.0573708
1011,21-08030109,BUKA,AWAM,KKM,,PERAK,HULU PERAK,KLINIK,KLINIK DESA,KD AIR PANAS,"KAMPUNG AYER PANAS, GERIK",,33300,,,,,5.3963448,101.11045
1012,21-08030138,BUKA,AWAM,KKM,,PERAK,HULU PERAK,KLINIK,KLINIK DESA,KD BUKIT SAPI,"BUKIT SAPI, LENGGONG",,33400,,,,,5.1333333,101.05
1013,21-08030149,BUKA,AWAM,KKM,,PERAK,HULU PERAK,KLINIK,KLINIK DESA,KD CHEPOR,"KAMPUNG CHEPOR, LENGGONG",,33400,,,,,5.144815,100.991277
1014,21-08030153,BUKA,AWAM,KKM,,PERAK,HULU PERAK,KLINIK,KLINIK DESA,KD PAPULUT,"FELDA PAPULUT, LAWIN",,33419,,,,,5.3247903,101.0801743
1015,21-08030175,BUKA,AWAM,KKM,,PERAK,HULU PERAK,KLINIK,KLINIK DESA,KD BENG,"KAMPUNG BENG, LENGGONG",,33400,,,,,5.0168847,100.9858819
1016,21-08030182,BUKA,AWAM,KKM,,PERAK,HULU PERAK,KLINIK,KLINIK DESA,KD GELOK,"KAMPUNG GELOK, LENGGONG",,33400,,,,,5.1285462,100.9889496
1017,21-08030195,BUKA,AWAM,KKM,,PERAK,HULU PERAK,KLINIK,KLINIK DESA,KD KOTA TAMPAN,"KAMPUNG KOTA TAMPAN, LENGGONG",,33400,,,,,5.047884,100.9558181
1018,21-08030216,BUKA,AWAM,KKM,,PERAK,HULU PERAK,KLINIK,KLINIK DESA,KD KAMPUNG TASEK,"KAMPUNG TASEK, PENGKALAN HULU",,33100,,,,,5.6669929,100.9737315
1019,21-08030222,BUKA,AWAM,KKM,,PERAK,HULU PERAK,KLINIK,KLINIK DESA,KD KELIAN INTAN,"KAMPUNG KELIAN INTAN,
PENGKALAN HULU",,33100,,,,,5.633392,101.0215
1020,21-08030223,BUKA,AWAM,KKM,,PERAK,HULU PERAK,KLINIK,KLINIK DESA,KD KERUNAI,"KAMPUNG KERUNAI, GERIK",,33300,,,,,5.518759,101.1257201
1021,21-08030227,BUKA,AWAM,KKM,,PERAK,HULU PERAK,KLINIK,KLINIK DESA,KD KUAK,"PEKAN KUAK, LENGGONG",,33400,,,,,4.9949384,100.937529
1022,21-08030228,BUKA,AWAM,KKM,,PERAK,HULU PERAK,KLINIK,KLINIK DESA,KD KUAK LUAR,"KAMPUNG KUAK LUAR,
PENGKALAN HULU",,33100,,,,,5.7168961,100.9963276
1023,21-08030229,BUKA,AWAM,KKM,,PERAK,HULU PERAK,KLINIK,KLINIK DESA,KD KUALA KENERING,"KUALA KENERING, LAWIN",,33410,,,,,5.227956,101.0728418
1024,21-08030230,BUKA,AWAM,KKM,,PERAK,HULU PERAK,KLINIK,KLINIK DESA,KD KUALA RUI,"KAMPUNG KUALA RUI, GERIK",,33300,,,,,5.4590479,101.1736753
1025,21-08030239,BUKA,AWAM,KKM,,PERAK,HULU PERAK,KLINIK,KLINIK DESA,KD LEPANG NENERING,"FELDA LEPANG NERERING,
PENGKALAN HULU",,33100,,,,,5.6882672,101.0828018
1026,21-08030241,BUKA,AWAM,KKM,,PERAK,HULU PERAK,KLINIK,KLINIK DESA,KD LUAT,"KAMPUNG LUAT, LENGGONG",,33400,,,,,5.0429864,100.986685
1027,21-08030250,BUKA,AWAM,KKM,,PERAK,HULU PERAK,KLINIK,KLINIK DESA,KD PAHIT LUAR,"KAMPUNG PAHIT LUAR, GERIK",,33300,,,,,5.6000803,101.0630377
1028,21-08030292,BUKA,AWAM,KKM,,PERAK,HULU PERAK,KLINIK,KLINIK DESA,KD SUMPITAN,"KAMPUNG SUMPITAN, LENGGONG",,33400,,,,,5.1595605,100.9947613
1029,21-08030329,BUKA,AWAM,KKM,,PERAK,HULU PERAK,KLINIK,KLINIK DESA,KD TAWAI,"KAMPUNG TAWAI, GERIK",,33300,,,,,5.3891119,101.0770202
1030,21-08030380,BUKA,AWAM,KKM,,PERAK,HULU PERAK,KLINIK,KLINIK DESA,KD BANDARIANG,"BANDARIANG, GERIK, HULU PERAK",,33300,,,,,5.4519693,101.1941063
1031,21-08040114,BUKA,AWAM,KKM,,PERAK,KERIAN,KLINIK,KLINIK DESA,KD BAGAN TIANG,"BAGAN TIANG, TANJUNG PIANDANG",,34250,,,,,5.0696776,100.383479
1032,21-08040115,BUKA,AWAM,KKM,,PERAK,KERIAN,KLINIK,KLINIK DESA,KD BALIK BUKIT SEMANGGOL,"JALAN KERIAN, GUNUNG SEMANGGOL",,34400,,,,,4.9512778,100.6603432
1034,21-08040136,BUKA,AWAM,KKM,,PERAK,KERIAN,KLINIK,KLINIK DESA,KD BUKIT MERAH,"BUKIT MERAH, GUNUNG SEMANGGOL",,34400,,,,,4.9874231,100.6656664
1035,21-08040142,BUKA,AWAM,KKM,,PERAK,KERIAN,KLINIK,KLINIK DESA,KD CHANGKAT LOBAK,"CHANGKAT LOBAK, ALOR PONGSU",,34300,,,,,5.127772,100.629985
1036,21-08040158,BUKA,AWAM,KKM,,PERAK,KERIAN,KLINIK,KLINIK DESA,KD JALAN GULA,"JALAN GULA, SIMPANG AMPAT, SEMANGGOL",,34400,,,,,4.9673049,100.5233803
1037,21-08040181,BUKA,AWAM,KKM,,PERAK,KERIAN,KLINIK,KLINIK DESA,KD KAMPUNG DEW,"KAMPUNG DEW, SIMPANG AMPAT SEMANGGOL",,34400,,,,,4.909041,100.6618935
1038,21-08040221,BUKA,AWAM,KKM,,PERAK,KERIAN,KLINIK,KLINIK DESA,KD KEDAI DUA,"KEDAI DUA, KUALA KURAU",,34350,,,,,5.0263768,100.4623674
1040,21-08040246,BUKA,AWAM,KKM,,PERAK,KERIAN,KLINIK,KLINIK DESA,KD NIBONG HANGUS,"KAMPUNG NIBONG HANGUS,
KUALA KURAU",,34350,,,,,5.011963,100.480703
1045,21-08040254,BUKA,AWAM,KKM,,PERAK,KERIAN,KLINIK,KLINIK DESA,KD PARIT HJ. ALI,"KAMPUNG PARIT HAJI ALI,
BAGAN SERAI",,34300,,,,,4.9666667,100.55
1046,21-08040255,BUKA,AWAM,KKM,,PERAK,KERIAN,KLINIK,KLINIK DESA,KD PARIT JAWA ATAS,JALAN BARU,,34300,,,,,5.0364029,100.4939259
1047,21-08040256,BUKA,AWAM,KKM,,PERAK,KERIAN,KLINIK,KLINIK DESA,KD PARIT TOK HIN,"PARIT TOK HIN, TANJUNG PIANDANG",,34250,,,,,5.044361,100.4092049
1049,21-08040189,BUKA,AWAM,KKM,,PERAK,KERIAN,KLINIK,KLINIK DESA,KD KAMPUNG KEDAH (BAGAN SERAI),"BAGAN SERAI, PARIT BUNTAR",,34200,,,,,4.97108,100.55558
1050,21-08040298,BUKA,AWAM,KKM,,PERAK,KERIAN,KLINIK,KLINIK DESA,KD SUNGAI BARU,"KAMPUNG SUNGAI BHARU,
TANJUNG PIANDANG",,34250,,,,,5.0489105,100.3883468
1053,21-08040307,BUKA,AWAM,KKM,,PERAK,KERIAN,KLINIK,KLINIK DESA,KD SUNGAI LABU,"JKR 1061, KAMPUNG SUNGAI LABU, TANJUNG PIANDANG",,34250,,,,,5.0909038,100.3937222
1054,21-08040313,BUKA,AWAM,KKM,,PERAK,KERIAN,KLINIK,KLINIK DESA,KD SUNGAI PROTAN,"KAMPUNG SUNGAI PROTAN, SIMPANG AMPAT, SEMANGGOL",,34400,,,,,4.91685,100.603
1055,21-08040331,BUKA,AWAM,KKM,,PERAK,KERIAN,KLINIK,KLINIK DESA,KD TEBOK MATAU,"TEBOK MATAU, GUNONG SEMANGGOL",,34400,,,,,4.989312,100.6324831
1056,21-08040332,BUKA,AWAM,KKM,,PERAK,KERIAN,KLINIK,KLINIK DESA,KD TEBUK PANCHOR,"TEBUK PANCHOR,
GUNUNG SEMANGGOL",,34400,,,,,5.015482,100.648552
1058,21-08040346,BUKA,AWAM,KKM,,PERAK,KERIAN,KLINIK,KLINIK DESA,KD TITI SERONG,PARIT BUNTAR,,34200,,,,,5.104932,100.4674079
1061,21-08110187,BUKA,AWAM,KKM,,PERAK,KAMPAR,KLINIK,KLINIK DESA,KD JERAM,"KAMPUNG JERAM, KAMPAR",,31900,,,,,4.406513,101.1570091
1062,21-08110208,BUKA,AWAM,KKM,,PERAK,KAMPAR,KLINIK,KLINIK DESA,KD KAMPUNG SAHOM,"KAMPUNG SAHOM, MALIM NAWAR",,31700,,,,,4.3836183,101.2102086
1063,21-08110243,BUKA,AWAM,KKM,,PERAK,KAMPAR,KLINIK,KLINIK DESA,KD MAMBANG DI AWAN,"PEKAN MAMBANG DI AWAN,
KAMPAR",,31900,,,,,4.267349,101.1477449
1064,21-08110304,BUKA,AWAM,KKM,,PERAK,KAMPAR,KLINIK,KLINIK DESA,KD SUNGAI ITEK,"KAMPUNG SUNGAI ITEK, GOPENG",,31600,,,,,4.4594086,101.1888893
1065,21-08050129,BUKA,AWAM,KKM,,PERAK,KINTA,KLINIK,KLINIK DESA,KD BEMBAN,"JALAN BEMBAN, BATU GAJAH",,31000,,,,,4.4634512,101.0137397
1066,21-08050144,BUKA,AWAM,KKM,,PERAK,KINTA,KLINIK,KLINIK DESA,KD CHANGKAT TIN,TANJUNG TUALANG,,31800,,,,,4.2762251,101.0527174
1067,21-08050148,BUKA,AWAM,KKM,,PERAK,KINTA,KLINIK,KLINIK DESA,KD CHENDRONG,"JALAN TANJUNG TUALANG,
BATU GAJAH",,31800,,,,,4.4304962,101.0444827
1069,21-08050211,BUKA,AWAM,KKM,,PERAK,KINTA,KLINIK,KLINIK DESA,KD KAMPUNG SERI RAHMAT,"NO. 5736, KAMPUNG TERSUSUN SERI RAHMAT, BATU GAJAH",,31000,,,,,4.4872149,101.0717547
1070,21-08050219,BUKA,AWAM,KKM,,PERAK,KINTA,KLINIK,KLINIK DESA,KD ULU CHEPOR,"KAMPUNG ULU CHEPOR, BATU 9",,31200,,,,,4.699592,101.0882632
1071,21-08050290,BUKA,AWAM,KKM,,PERAK,KINTA,KLINIK,KLINIK DESA,KD SIPUTEH,"SIPUTEH, TRONOH",,31750,,,,,4.4532888,100.9947965
1073,21-08050320,BUKA,AWAM,KKM,,PERAK,KINTA,KLINIK,KLINIK DESA,KD SUNGAI TERAP,BATU GAJAH,,31000,,,,,4.4790822,101.0401379
1074,21-08050323,BUKA,AWAM,KKM,,PERAK,KINTA,KLINIK,KLINIK DESA,KD TAMBUN,ULU KINTA,,31250,,,,,4.636406,101.1475801
1075,21-08050351,BUKA,AWAM,KKM,,PERAK,KINTA,KLINIK,KLINIK DESA,KD ULU CHEMOR,"JALAN ULU CHEMOR, CHEMOR",,31200,,,,,4.699592,101.0882632
1076,21-08060145,BUKA,AWAM,KKM,,PERAK,KUALA KANGSAR,KLINIK,KLINIK DESA,KD CHEGAR GALAH,"CHEGAR GALAH, SAUK",,33500,,,,,4.9376038,100.9467939
1077,21-08060160,BUKA,AWAM,KKM,,PERAK,KUALA KANGSAR,KLINIK,KLINIK DESA,KD JALONG,"KAMPUNG JALONG, SUNGAI SIPUT",,31100,,,,,4.8335758,101.1461304
1078,21-08060163,BUKA,AWAM,KKM,,PERAK,KUALA KANGSAR,KLINIK,KLINIK DESA,KD JERLUN,"KAMPUNG JERLUN, KUALA KANGSAR",,33000,,,,,4.750331,100.9208048
1080,21-08060174,BUKA,AWAM,KKM,,PERAK,KUALA KANGSAR,KLINIK,KLINIK DESA,KD BELURU,"KAMPUNG BELURU, ENGGOR",,33600,,,,,4.8216481,100.9442667
1081,21-08060185,BUKA,AWAM,KKM,,PERAK,KUALA KANGSAR,KLINIK,KLINIK DESA,KD JAMUAN,"KAMPUNG JAMUAN, KUALA KANGSAR",,33000,,,,,4.8186497,100.9618361
1082,21-08060192,BUKA,AWAM,KKM,,PERAK,KUALA KANGSAR,KLINIK,KLINIK DESA,KD KENANG,"KAMPUNG KENANG, SUNGAI SIPUT",,31100,,,,,4.851581,101.1863678
1084,21-08060198,BUKA,AWAM,KKM,,PERAK,KUALA KANGSAR,KLINIK,KLINIK DESA,KD MENORA,KAMPUNG MENORA,,33000,,,,,4.709238,100.9490884
1085,21-08060215,BUKA,AWAM,KKM,,PERAK,KUALA KANGSAR,KLINIK,KLINIK DESA,KD TALANG,KAMPUNG TALANG,,33000,,,,,4.77497,100.91281
1086,21-08060220,BUKA,AWAM,KKM,,PERAK,KUALA KANGSAR,KLINIK,KLINIK DESA,KD KATI,SAUK,,33020,,,,,4.8974916,100.901604
1087,21-08060224,BUKA,AWAM,KKM,,PERAK,KUALA KANGSAR,KLINIK,KLINIK DESA,KD KOTA LAMA KANAN,"KOTA LAMA KANAN, KARAI",,33040,,,,,4.8311208,100.9672293
1090,21-08060236,BUKA,AWAM,KKM,,PERAK,KUALA KANGSAR,KLINIK,KLINIK DESA,KD FELDA LASAH,"LASAH, SUNGAI SIPUT",,31100,,,,,4.959564,101.121201
1091,21-08060242,BUKA,AWAM,KKM,,PERAK,KUALA KANGSAR,KLINIK,KLINIK DESA,KD LUBOK MERBAU,"KAMPUNG LUBOK MERBAU,
LUBUK MERBAU",,33010,,,,,4.805431,100.8912161
1092,21-08060283,BUKA,AWAM,KKM,,PERAK,KUALA KANGSAR,KLINIK,KLINIK DESA,KD RIMBA PANJANG,"KAMPUNG BARU RIMBA PANJANG,
SUNGAI SIPUT UTARA",,31100,,,,,4.9517782,101.1192686
1093,21-08060285,BUKA,AWAM,KKM,,PERAK,KUALA KANGSAR,KLINIK,KLINIK DESA,KD SALAK BARU,"SALAK BARU, KARAI",,33600,,,,,4.8419731,100.9900532
1094,21-08060286,BUKA,AWAM,KKM,,PERAK,KUALA KANGSAR,KLINIK,KLINIK DESA,KD SAYONG,KAMPUNG SAYONG,,33000,,,,,4.773595,100.9420448
1095,21-08060344,BUKA,AWAM,KKM,,PERAK,KUALA KANGSAR,KLINIK,KLINIK DESA,KD TEMONG HULU,"TEMONG HULU, KATI",,33020,,,,,4.8683784,100.9383089
1096,21-08060350,BUKA,AWAM,KKM,,PERAK,KUALA KANGSAR,KLINIK,KLINIK DESA,KD TROSOR,"KAMPUNG TROSOR, SUNGAI SIPUT",,31100,,,,,4.88486,101.01601
1097,21-08060352,BUKA,AWAM,KKM,,PERAK,KUALA KANGSAR,KLINIK,KLINIK DESA,KD ULU KENAS,"KAMPUNG ULU KENAS, MANONG",,33800,,,,,4.69141,100.9123598
1098,21-08060386,BUKA,AWAM,KKM,,PERAK,KUALA KANGSAR,KLINIK,KLINIK DESA,KD BAWONG,"JALAN LASAH, SG. SIPUT (U)",,31100,,,,,4.9563082,101.1224702
1099,21-08070105,BUKA,AWAM,KKM,,PERAK,LARUT DAN MATANG,KLINIK,KLINIK DESA,KD ANAK KURAU,"KAMPUNG ANAK KURAU, BATU KURAU",,34500,,,,,4.942956,100.784912
1103,21-08070133,BUKA,AWAM,KKM,,PERAK,LARUT DAN MATANG,KLINIK,KLINIK DESA,KD BUKIT BERTAM,"BUKIT BERTAM, SUNGAI BAYOR",,34110,,,,,4.9166667,100.7666667
1105,21-08070140,BUKA,AWAM,KKM,,PERAK,LARUT DAN MATANG,KLINIK,KLINIK DESA,KD CHANGKAT IBOL,"KAMPUNG CHANGKAT IBOL, CHANGKAT JERING",,34850,,,,,4.760338,100.7409589
1106,21-08070141,BUKA,AWAM,KKM,,PERAK,LARUT DAN MATANG,KLINIK,KLINIK DESA,KD CHANGKAT LARAH,"KAMPUNG CHANGKAT LARAH, TAIPING",,34600,,,,,4.9374,100.7240749
1107,21-08070146,BUKA,AWAM,KKM,,PERAK,LARUT DAN MATANG,KLINIK,KLINIK DESA,KD KG CHEH,"KAMPUNG CHEH, CHANGKAT JERING",,34850,,,,,4.753845,100.76693
1108,21-08070156,BUKA,AWAM,KKM,,PERAK,LARUT DAN MATANG,KLINIK,KLINIK DESA,KD HUJUNG MATANG,"KAMPUNG HUJUNG MATANG, KUALA SEPETANG",,34750,,,,,4.794956,100.679634
1109,21-08070161,BUKA,AWAM,KKM,,PERAK,LARUT DAN MATANG,KLINIK,KLINIK DESA,KD JELAI,"KAMPUNG JELAI, BATU KURAU",,34520,,,,,5.0079068,100.8127006
1110,21-08070197,BUKA,AWAM,KKM,,PERAK,LARUT DAN MATANG,KLINIK,KLINIK DESA,KD KAMPUNG MASJID,"KAMPUNG MESJID, REDANG PANJANG",,34510,,,,,5.1170856,100.786107
1111,21-08070202,BUKA,AWAM,KKM,,PERAK,LARUT DAN MATANG,KLINIK,KLINIK DESA,KD KAMPUNG PERAK BATU KURAU,"KAMPUNG PERAK BATU KURAU,
BATU KURAU",,34500,,,,,4.937326,100.8107719
1113,21-08070204,BUKA,AWAM,KKM,,PERAK,LARUT DAN MATANG,KLINIK,KLINIK DESA,KD KAMPUNG PINANG,"KAMPUNG PINANG, KAMUNTING",,34600,,,,,4.883004,100.7269711
1114,21-08070207,BUKA,AWAM,KKM,,PERAK,LARUT DAN MATANG,KLINIK,KLINIK DESA,KD KAMPUNG REPOH,"KAMPUNG REPOH, BATU KURAU",,34500,,,,,4.958388,100.816708
1116,21-08070233,BUKA,AWAM,KKM,,PERAK,LARUT DAN MATANG,KLINIK,KLINIK DESA,KD KUBU GAJAH,"PEKAN KUBU GAJAH, SELAMA",,34100,,,,,5.166381,100.675536
1119,21-08070271,BUKA,AWAM,KKM,,PERAK,LARUT DAN MATANG,KLINIK,KLINIK DESA,KD PERMATANG RAJA,"KAMPUNG PERMATANG RAJA, 
SUNGAI KERANG",,34900,,,,,4.5390393,100.6753586
1122,21-08070280,BUKA,AWAM,KKM,,PERAK,LARUT DAN MATANG,KLINIK,KLINIK DESA,KD RANTAU PANJANG,"RANTAU PANJANG, SELAMA",,34100,,,,,5.2686946,100.766163
1123,21-08070293,BUKA,AWAM,KKM,,PERAK,LARUT DAN MATANG,KLINIK,KLINIK DESA,KD SUNGAI ARA,"KAMPUNG SUNGAI ARA, BATU KURAU",,34520,,,,,5.0720104,100.8230697
1127,21-08080119,BUKA,AWAM,KKM,,PERAK,MANJUNG,KLINIK,KLINIK DESA,KD AIR TAWAR BATU 16,"BATU 16, AYER TAWAR",,32400,,,,,4.3193075,100.7723623
1128,21-08080124,BUKA,AWAM,KKM,,PERAK,MANJUNG,KLINIK,KLINIK DESA,KD BATU 8 SEGARI,"KAMPUNG BATU 8 SEGARI, LUMUT",,32300,,,,,4.359581,100.624284
1130,21-08080169,BUKA,AWAM,KKM,,PERAK,MANJUNG,KLINIK,KLINIK DESA,KD KAMPUNG BANJAR,"KAMPUNG BANJAR, BRUAS",,32700,,,,,4.37983,100.7908171
1131,21-08080170,BUKA,AWAM,KKM,,PERAK,MANJUNG,KLINIK,KLINIK DESA,KD KAMPUNG BARU,"KAMPUNG BARU, SITIAWAN",,32000,,,,,4.1942852,100.7051421
1132,21-08080171,BUKA,AWAM,KKM,,PERAK,MANJUNG,KLINIK,KLINIK DESA,KD BATU 10 LEKIR,"BATU 10, LEKIR",,32020,,,,,4.1276012,100.7585226
1133,21-08080179,BUKA,AWAM,KKM,,PERAK,MANJUNG,KLINIK,KLINIK DESA,KD KAMPUNG DATO' SRI KAMARUDDIN,"KAMPUNG DATO' SRI KAMARUDIN, SERI MANJUNG",,32040,,,,,4.1819143,100.6527357
1134,21-08080180,BUKA,AWAM,KKM,,PERAK,MANJUNG,KLINIK,KLINIK DESA,KD KAMPUNG DENDANG,"KAMPUNG DENDANG, BRUAS",,32700,,,,,4.499314,100.8128351
1135,21-08080188,BUKA,AWAM,KKM,,PERAK,MANJUNG,KLINIK,KLINIK DESA,KD KAMPUNG KAYAN,"KAMPUNG KAYAN, LEKIR",,32020,,,,,4.1571254,100.7246253
1136,21-08080191,BUKA,AWAM,KKM,,PERAK,MANJUNG,KLINIK,KLINIK DESA,KD KAMPUNG KEDAH,"KAMPUNG KEDAH, BRUAS",,32700,,,,,4.415287,100.778063
1137,21-08080193,BUKA,AWAM,KKM,,PERAK,MANJUNG,KLINIK,KLINIK DESA,KD KAMPUNG KOH,"KAMPUNG KOH, SITIAWAN",,32000,,,,,4.195817,100.7012182
1138,21-08080199,BUKA,AWAM,KKM,,PERAK,MANJUNG,KLINIK,KLINIK DESA,KD PADANG SERAI,"PADANG SERAI, PANTAI REMIS",,34900,,,,,4.41791,100.647852
1139,21-08080200,BUKA,AWAM,KKM,,PERAK,MANJUNG,KLINIK,KLINIK DESA,KD KAMPUNG PANCHOR,"KAMPUNG PANCHOR, PANTAI REMIS",,34900,,,,,4.5149312,100.6492309
1140,21-08080206,BUKA,AWAM,KKM,,PERAK,MANJUNG,KLINIK,KLINIK DESA,KD KAMPUNG RAJA HITAM,"KAMPUNG RAJA HITAM, AIR TAWAR",,32400,,,,,4.333685,100.7541331
1141,21-08080213,BUKA,AWAM,KKM,,PERAK,MANJUNG,KLINIK,KLINIK DESA,KD KAMPUNG SITIAWAN,KAMPUNG SITIAWAN,,32000,,,,,4.240802,100.68318
1142,21-08080217,BUKA,AWAM,KKM,,PERAK,MANJUNG,KLINIK,KLINIK DESA,KD KAMPUNG TELOK KECIL,"KAMPUNG TELOK KECIL, PANGKOR",,32300,,,,,4.2075317,100.5765615
1143,21-08080262,BUKA,AWAM,KKM,,PERAK,MANJUNG,KLINIK,KLINIK DESA,KD PASIR PANJANG LAUT,"KAMPUNG PASIR PANJANG LAUT, SETIAWAN",,32000,,,,,4.177897,100.6891121
1144,21-08080264,BUKA,AWAM,KKM,,PERAK,MANJUNG,KLINIK,KLINIK DESA,KD PEKAN GURNEY,"KAMPUNG PEKAN GURNEY, SITIAWAN",,32000,,,,,4.22297,100.744394
1145,21-08080312,BUKA,AWAM,KKM,,PERAK,MANJUNG,KLINIK,KLINIK DESA,KD SUNGAI PINANG KECIL,"SUNGAI PINANG KECIL, PANGKOR",,32300,,,,,4.225895,100.572705
1147,21-08080333,BUKA,AWAM,KKM,,PERAK,MANJUNG,KLINIK,KLINIK DESA,KD TELAGA NENAS,"CHANGKAT KRUING, AIR TAWAR",,32400,,,,,4.3210536,100.6663688
1148,21-08080381,BUKA,AWAM,KKM,,PERAK,MANJUNG,KLINIK,KLINIK DESA,KD BATU 3 SEGARI,"BATU 3 SEGARI, LUMUT",,32300,,,,,4.2776618,100.6251068
1149,21-08090128,BUKA,AWAM,KKM,,PERAK,PERAK TENGAH,KLINIK,KLINIK DESA,KD BELANJA KIRI,"KAMPUNG BELANJA KIRI, PARIT",,32800,,,,,4.4788719,100.9049828
1150,21-08090132,BUKA,AWAM,KKM,,PERAK,PERAK TENGAH,KLINIK,KLINIK DESA,KD BOTA KANAN,"BOTA KANAN, BOTA",,32600,,,,,4.348381,100.8829361
1151,21-08090134,BUKA,AWAM,KKM,,PERAK,PERAK TENGAH,KLINIK,KLINIK DESA,KD BUKIT CHUPAK,"BUKIT CHUPAK, PARIT",,32800,,,,,4.5,100.9166667
1152,21-08090139,BUKA,AWAM,KKM,,PERAK,PERAK TENGAH,KLINIK,KLINIK DESA,KD BULUH AKAR,"BULUH AKAR, PARIT",,32800,,,,,4.523493,100.8669589
1153,21-08090226,BUKA,AWAM,KKM,,PERAK,PERAK TENGAH,KLINIK,KLINIK DESA,KD KOTA SETIA,"MUKIM KOTA SETIA, TELUK INTAN",,36000,,,,,4.0267721,100.8790171
1154,21-08090234,BUKA,AWAM,KKM,,PERAK,PERAK TENGAH,KLINIK,KLINIK DESA,KD LAMBOR KANAN,KAMPUNG LAMBOR KANAN,,32900,,,,,4.267861,100.9060531
1155,21-08090237,BUKA,AWAM,KKM,,PERAK,PERAK TENGAH,KLINIK,KLINIK DESA,KD LAYANG-LAYANG KANAN,"KAMPUNG BARU, PARIT",,32800,,,,,4.4004005,100.8883886
1156,21-08090238,BUKA,AWAM,KKM,,PERAK,PERAK TENGAH,KLINIK,KLINIK DESA,KD LAYANG-LAYANG KIRI,"KAMPUNG SELAT LAYANG-LAYANG KIRI, PARIT",,32800,,,,,4.401073,100.8780811
1157,21-08090247,BUKA,AWAM,KKM,,PERAK,PERAK TENGAH,KLINIK,KLINIK DESA,KD PADANG CHANGKAT,"PADANG CHANGKAT, BOTA",,32600,,,,,4.32338,100.9065071
1158,21-08090258,BUKA,AWAM,KKM,,PERAK,PERAK TENGAH,KLINIK,KLINIK DESA,KD PASIR GAJAH,"KAMPUNG PASIR GAJAH, PARIT",,32800,,,,,4.4433085,100.8984356
1161,21-08090275,BUKA,AWAM,KKM,,PERAK,PERAK TENGAH,KLINIK,KLINIK DESA,KD PULAU BESAR,KAMPUNG GAJAH,,36800,,,,,4.170431,100.940208
1162,21-08090276,BUKA,AWAM,KKM,,PERAK,PERAK TENGAH,KLINIK,KLINIK DESA,KD PULAU TIGA KANAN,"KAMPUNG PULAU TIGA KANAN, KAMPUNG GAJAH",,36800,,,,,4.2305049,100.9238786
1163,21-08090277,BUKA,AWAM,KKM,,PERAK,PERAK TENGAH,KLINIK,KLINIK DESA,KD PULAU TIGA KIRI,"PULAU TIGA KIRI, KAMPUNG GAJAH",,36800,,,,,4.2163435,100.9200704
1164,21-08090287,BUKA,AWAM,KKM,,PERAK,PERAK TENGAH,KLINIK,KLINIK DESA,KD SELAT PULAU,"153, JALAN SELAT PULAU, 
KAMPUNG GAJAH",,36800,,,,,4.1809601,100.9268169
1166,21-08090302,BUKA,AWAM,KKM,,PERAK,PERAK TENGAH,KLINIK,KLINIK DESA,KD SUNGAI GALAH,"SUNGAI GALAH, KAMPUNG GAJAH",,31800,,,,,4.250503,101.0292811
1167,21-08090305,BUKA,AWAM,KKM,,PERAK,PERAK TENGAH,KLINIK,KLINIK DESA,KD SUNGAI JEJAWI,"SUNGAI JEJAWI, TELUK INTAN",,36000,,,,,4.0588889,100.9313889
1168,21-08090315,BUKA,AWAM,KKM,,PERAK,PERAK TENGAH,KLINIK,KLINIK DESA,KD SUNGAI RANGGAM,"KAMPUNG SUNGAI RANGGAM, MUKIM KOTA SETIA, TELUK INTAN",,36000,,,,,4.04194,100.9035871
1169,21-08090324,BUKA,AWAM,KKM,,PERAK,PERAK TENGAH,KLINIK,KLINIK DESA,KD TANJUNG BELANJA,"TANJUNG BELANJA, PARIT",,32800,,,,,4.504991,100.9251681
1172,21-08090338,BUKA,AWAM,KKM,,PERAK,PERAK TENGAH,KLINIK,KLINIK DESA,KD TELUK KEPAYANG,"KAMPUNG TELUK KEPAYANG, LAMBOR KANAN",,32900,,,,,4.321877,100.8810029
1174,21-08090341,BUKA,AWAM,KKM,,PERAK,PERAK TENGAH,KLINIK,KLINIK DESA,KD TELOK SENA,"KAMPUNG TELUK SENA, 
LAMBOR KANAN",,32900,,,,,4.2561614,100.896392
1175,21-08090345,BUKA,AWAM,KKM,,PERAK,PERAK TENGAH,KLINIK,KLINIK DESA,KD TEPUS,"KAMPUNG TEPUS, PARIT",,32800,,,,,4.531517,100.931054
1176,21-08100201,BUKA,AWAM,KKM,,PERAK,MUALLIM,KLINIK,KLINIK DESA,KD KAMPUNG PASIR,"KAMPUNG PASIR, SLIM RIVER",,35800,,,,,3.8798396,101.4968454
1177,21-08100291,BUKA,AWAM,KKM,,PERAK,MUALLIM,KLINIK,KLINIK DESA,KD SLIM VILLAGE,"SLIM VILLAGE, SLIM RIVER",,35800,,,,,3.852418,101.471388
1178,21-08100282,BUKA,AWAM,KKM,,PERAK,MUALLIM,KLINIK,KLINIK DESA,KD RASAU,"KAMPUNG RASAU, SLIM RIVER",,35800,,,,,3.858552,101.4480511
1179,21-08100186,BUKA,AWAM,KKM,,PERAK,MUALLIM,KLINIK,KLINIK DESA,KD KAMPUNG JAYA,"KAMPUNG JAYA, KUALA SLIM,
 SLIM RIVER",,35800,,,,,3.830025,101.4046448
1181,21-08100279,BUKA,AWAM,KKM,,PERAK,BATANG PADANG,KLINIK,KLINIK DESA,KD R.P.GUNUNG BESOUT 4,"R.P GUNUNG BESOUT 4,
BATANG PADANG",,35600,,,,,3.7821285,101.2757949
1182,21-08100159,BUKA,AWAM,KKM,,PERAK,MUALLIM,KLINIK,KLINIK DESA,KD JALAN KETOYONG,"JALAN KETOYONG, TANJUNG MALIM",,35900,,,,,3.6915557,101.5151806
1183,21-08100126,BUKA,AWAM,KKM,,PERAK,MUALLIM,KLINIK,KLINIK DESA,KD BEHRANG ULU,BEHRANG HULU,,35950,,,,,3.7640208,101.4395931
1185,21-08100295,BUKA,AWAM,KKM,,PERAK,MUALLIM,KLINIK,KLINIK DESA,KD SUNGAI BEHRANG (FELDA),"FELDA SUNGAI BEHRANG, 
 TANJUNG MALIM",,35950,,,,,3.779641,101.459178
1186,21-08020361,BUKA,AWAM,KKM,,PERAK,HILIR PERAK,KLINIK,KLINIK KESIHATAN IBU DAN ANAK,KKIA TELOK INTAN,"JALAN MAHARAJALELA, TELUK INTAN",,36000,,,,,4.0013162,101.0094886
1187,21-08030354,BUKA,AWAM,KKM,,PERAK,HULU PERAK,KLINIK,KLINIK KESIHATAN IBU DAN ANAK,KKIA GERIK,"JALAN INTAN, GERIK",,33300,,,,,5.650655,101.0172931
1188,21-08040357,BUKA,AWAM,KKM,,PERAK,KERIAN,KLINIK,KLINIK KESIHATAN IBU DAN ANAK,KKIA PARIT BUNTAR,"JALAN SEKOLAH, PARIT BUNTAR",,34200,,,,,5.1301344,100.4821171
1189,21-08050355,BUKA,AWAM,KKM,,PERAK,KINTA,KLINIK,KLINIK KESIHATAN IBU DAN ANAK,KKIA BATU GAJAH,"JALAN CHANGKAT, BATU GAJAH",,31000,,,,,4.477887,101.03548
1190,21-08050131,BUKA,AWAM,KKM,,PERAK,KINTA,KLINIK,KLINIK KESIHATAN IBU DAN ANAK,KKIA GREENTOWN,"JALAN RAJA MUSA AZIZ, IPOH",,30450,,,,,4.60281,101.08713
1191,21-08050362,BUKA,AWAM,KKM,,PERAK,KINTA,KLINIK,KLINIK KESIHATAN IBU DAN ANAK,KKIA ULU KINTA,"KEM PASUKAN GERAKAN AM, ULU KINTA",,31150,,,,,4.636406,101.1475801
1192,21-08050268,BUKA,AWAM,KKM,,PERAK,KINTA,KLINIK,KLINIK KESIHATAN IBU DAN ANAK,KKIA PENGKALAN PEGOH,LAHAT,,31550,,,,,4.5369741,101.0693743
1193,21-08050289,BUKA,AWAM,KKM,,PERAK,KINTA,KLINIK,KLINIK KESIHATAN IBU DAN ANAK,KKIA SIMPANG PULAI,KAMPUNG KEPAYANG,,31300,,,,,4.528985,101.1292301
1194,21-08050358,BUKA,AWAM,KKM,,PERAK,KINTA,KLINIK,KLINIK KESIHATAN IBU DAN ANAK,KKIA PUSING,"8A, JALAN SEROJA, 
TAMAN PUSING BARU, PUSING",,31550,,,,,4.4880151,101.0131257
1196,21-10010026,BUKA,AWAM,KKM,,SELANGOR,GOMBAK,KLINIK,KLINIK KESIHATAN,KK AU2,"JALAN AU2, TAMAN SERI KERAMAT, KUALA LUMPUR",,54200,,,,,3.1741513,101.7519981
1197,21-10010030,BUKA,AWAM,KKM,,SELANGOR,GOMBAK,KLINIK,KLINIK KESIHATAN,KK BATU ARANG,"JKR G/1325, BATU ARANG",,48100,,,,,3.3195342,101.4724288
1198,21-10010204,BUKA,AWAM,KKM,,SELANGOR,GOMBAK,KLINIK,KLINIK KESIHATAN,KK GOMBAK SETIA,"JKR G/922 JLN. SEKOLAH, GOMBAK",,53000,,,,,3.2178978,101.7142393
1199,21-10010046,BUKA,AWAM,KKM,,SELANGOR,GOMBAK,KLINIK,KLINIK KESIHATAN,KK KUANG,"BATU 20, KUANG, RAWANG",,48050,,,,,3.2593149,101.5521113
1200,21-10010055,BUKA,AWAM,KKM,,SELANGOR,GOMBAK,KLINIK,KLINIK KESIHATAN,KK RAWANG,"TAMAN RAWANG PERDANA, RAWANG",,48000,,,,,3.3147693,101.5958835
1201,21-10010059,BUKA,AWAM,KKM,,SELANGOR,GOMBAK,KLINIK,KLINIK KESIHATAN,KK SELAYANG BARU,"JLN SG. TUA MUKIM BATU, BATU CAVES",,68100,,,,,3.2454205,101.673958
1202,21-10010068,BUKA,AWAM,KKM,,SELANGOR,GOMBAK,KLINIK,KLINIK KESIHATAN,KK SUNGAI BULOH,"LOT, 1853, KG MELAYU SG.BULOH, SUNGAI BULOH",,47000,,,,,3.2192607,101.5779741
1203,21-10010071,BUKA,AWAM,KKM,,SELANGOR,GOMBAK,KLINIK,KLINIK KESIHATAN,KK TAMAN EHSAN,"JLN. E4/16 TAMAN EHSAN, KEPONG",,51000,,,,,3.220572,101.625291
1204,21-10010109,BUKA,AWAM,KKM,,SELANGOR,GOMBAK,KLINIK,KLINIK KESIHATAN,KK BATU 8 GOMBAK,"BATU 8, JALAN GOMBAK UTARA, GOMBAK",,53000,,,,,3.2460491,101.7225907
1205,21-10010110,BUKA,AWAM,KKM,,SELANGOR,GOMBAK,KLINIK,KLINIK KESIHATAN,KK HULU KELANG,"JALAN DATOK ABU SAMAH KAMPONG PASIR, AMPANG",,68000,,,,,3.2012655,101.7621262
1206,21-10020025,BUKA,AWAM,KKM,,SELANGOR,HULU LANGAT,KLINIK,KLINIK KESIHATAN,KK AMPANG,"JALAN MEWAH 3, PEKAN AMPANG",,68000,,,,,3.1451499,101.7613522
1207,21-10020220,BUKA,AWAM,KKM,,SELANGOR,HULU LANGAT,KLINIK,KLINIK KESIHATAN,KK BANDAR BARU BANGI,"JALAN PERSIARAN 3, SEKSYEN 3, 
BANDAR BARU BANGI",,43650,,,,,2.9358527,101.7738746
1208,21-10020247,BUKA,AWAM,KKM,,SELANGOR,HULU LANGAT,KLINIK,KLINIK KESIHATAN,KK BANDAR SERI PUTRA,"JALAN SERI PUTRA, BANDAR SERI PUTRA BANGI, KAJANG",,43000,,,,,2.8869123,101.7808124
1209,21-10020035,BUKA,AWAM,KKM,,SELANGOR,HULU LANGAT,KLINIK,KLINIK KESIHATAN,KK BATU 14,"BATU 13 3/4, HULU LANGAT",,43200,,,,,3.1113665,101.8149184
1210,21-10020219,BUKA,AWAM,KKM,,SELANGOR,HULU LANGAT,KLINIK,KLINIK KESIHATAN,KK BATU 9,"BATU 9, CHERAS",,43200,,,,,3.0692808,101.7746213
1211,21-10020031,BUKA,AWAM,KKM,,SELANGOR,HULU LANGAT,KLINIK,KLINIK KESIHATAN,KK BERANANG,"JALAN SEREMBAN, BERANANG",,43700,,,,,2.7541718,101.8274245
1212,21-10020039,BUKA,AWAM,KKM,,SELANGOR,HULU LANGAT,KLINIK,KLINIK KESIHATAN,KK KAJANG,"KLINIK KOMUNITI KAJANG, JALAN SEMENYIH, KAJANG",,43000,,,,,2.9785392,101.8258479
1213,21-10020060,BUKA,AWAM,KKM,,SELANGOR,HULU LANGAT,KLINIK,KLINIK KESIHATAN,KK SEMENYIH,LOT 10818 KAMPUNG BARU,,43500,,,,,2.951987,101.8407319
1214,21-10020252,BUKA,AWAM,KKM,,SELANGOR,HULU LANGAT,KLINIK,KLINIK KESIHATAN,KK SG. CHUA,"KAWASAN PERINDUSTRIAN SUNGAI CHUA, SUNGAI RAMAL LUAR, KAJANG",,43000,,,,,2.9840537,101.77056
1215,21-10020223,BUKA,AWAM,KKM,,SELANGOR,HULU LANGAT,KLINIK,KLINIK KESIHATAN,KK SUNGAI SEKAMAT,"BATU 12 JALAN CHERAS, KAJANG",,43000,,,,,3.0231323,101.7757476
1216,21-10020084,BUKA,AWAM,KKM,,SELANGOR,HULU LANGAT,KLINIK,KLINIK KESIHATAN,KK BALAKONG,"KAMPUNG BARU BALAKONG, BALAKONG",,43300,,,,,3.0273609,101.7468249
1217,21-10020769,BUKA,AWAM,KKM,,SELANGOR,HULU LANGAT,KLINIK,KLINIK KESIHATAN,KK BANDAR TUN HUSSIEN ONN,"JALAN SUADAMAI, BANDAR TUN HUSSIEN ONN, CHERAS",,43200,,,,,3.0550287,101.7567757
1218,21-10020774,BUKA,AWAM,KKM,,SELANGOR,HULU LANGAT,KLINIK,KLINIK KESIHATAN,KK RINCHING TENGAH,"KAMPUNG RINCHING TENGAH, BERANANG",,43700,,,,,2.9149572,101.8622582
1219,21-10030054,BUKA,AWAM,KKM,,SELANGOR,HULU SELANGOR,KLINIK,KLINIK KESIHATAN,KK RASA,"JALAN BESAR, RASA, HULU SELANGOR",,44200,,,,,3.4774271,101.6429786
1220,21-10030061,BUKA,AWAM,KKM,,SELANGOR,HULU SELANGOR,KLINIK,KLINIK KESIHATAN,KK SERENDAH,"SERENDAH, HULU SELANGOR",,48200,,,,,3.363928,101.6028641
1221,21-10030040,BUKA,AWAM,KKM,,SELANGOR,HULU SELANGOR,KLINIK,KLINIK KESIHATAN,KK KALUMPANG,"KERLING, HULU SELANGOR",,44100,,,,,3.6368506,101.5729663
1222,21-10030065,BUKA,AWAM,KKM,,SELANGOR,HULU SELANGOR,KLINIK,KLINIK KESIHATAN,KK SOEHARTO,KUALA KUBU BARU,,44010,,,,,3.6124515,101.4254509
1223,21-10030070,BUKA,AWAM,KKM,,SELANGOR,HULU SELANGOR,KLINIK,KLINIK KESIHATAN,KK SUNGAI SELISEK,HULU SELANGOR,,44020,,,,,3.7335503,101.4454457
1224,21-10030077,BUKA,AWAM,KKM,,SELANGOR,HULU SELANGOR,KLINIK,KLINIK KESIHATAN,KK ULU YAM BHARU,"BATANG KALI, SELANGOR",,44300,,,,,3.434854,101.656462
1225,21-10040249,BUKA,AWAM,KKM,,SELANGOR,KLANG,KLINIK,KLINIK KESIHATAN,KK BANDAR BOTANIK,"BLOK A, JALAN LANGAT BANDAR BOTANIK, KLANG",,41200,,,,,2.9898949,101.4462863
1226,21-10040033,BUKA,AWAM,KKM,,SELANGOR,KLANG,KLINIK,KLINIK KESIHATAN,KK BUKIT KUDA,"JALAN BATU TIGA LAMA, KLANG",,41300,,,,,3.0510855,101.458466
1227,21-10040042,BUKA,AWAM,KKM,,SELANGOR,KLANG,KLINIK,KLINIK KESIHATAN,KK KAPAR,"PT 7363, BATU 10, JALAN KAPAR",,42200,,,,,3.129313,101.3791253
1228,21-10040044,BUKA,AWAM,KKM,,SELANGOR,KLANG,KLINIK,KLINIK KESIHATAN,KK ANIKA KLANG,"JALAN PEGAWAI, OFF TENGKU KELANA, KLANG",,41000,,,,,3.0378631,101.4468004
1229,21-10040047,BUKA,AWAM,KKM,,SELANGOR,KLANG,KLINIK,KLINIK KESIHATAN,KK MERU,"PT 55/61, JALAN KENANGAN, MERU",,41050,,,,,3.1363989,101.440919
1230,21-10040048,BUKA,AWAM,KKM,,SELANGOR,KLANG,KLINIK,KLINIK KESIHATAN,KK PANDAMARAN,"PERSIARAN RAJA MUDA MUSA, PELABUHAN KLANG",,42000,,,,,3.0139884,101.4127671
1231,21-10040050,BUKA,AWAM,KKM,,SELANGOR,KLANG,KLINIK,KLINIK KESIHATAN,KK PELABUHAN KLANG,"JALAN LIMBUNGAN, PELABUHAN KLANG",,42000,,,,,3.0007505,101.3939786
1232,21-10040052,BUKA,AWAM,KKM,,SELANGOR,KLANG,KLINIK,KLINIK KESIHATAN,KK PULAU INDAH,"JALAN RAHMAT, PELABUHAN KLANG",,42920,,,,,2.9378793,101.3249762
1233,21-10070790,BUKA,AWAM,KKM,,SELANGOR,PETALING,KLINIK,KLINIK KESIHATAN,KK KG MELAYU SUBANG,"JALAN MERBAU KG MELAYU SUBANG, SHAH ALAM, 40152",,40150,,,,,3.1550091,101.5329174
1234,21-10092302,BUKA,AWAM,KKM,,SELANGOR,HULU SELANGOR,KLINIK,KLINIK KESIHATAN,KK SG BUAYA,"KAMPUNG SUNGAI BUAYA, 48010 RAWANG",,48010,,,,,3.388206,101.525063
1235,21-10092303,BUKA,AWAM,KKM,,SELANGOR,HULU SELANGOR,KLINIK,KLINIK KESIHATAN,KK HULU BERNAM,TAMAN HULU BERNAM. 35900 KERLING,,35900,,,,,3.6708662,101.5263004
1236,21-10072301,BUKA,AWAM,KKM,,SELANGOR,SEPANG,KLINIK,KLINIK KESIHATAN,KK CYBERJAYA,"D/A ASRAMA JURURAWAT HOSPITAL CYBERJAYA, PERSIARAN MULTIMEDIA, CYBER 11, 63000 CYBER",,63000,,,,,2.9211529,101.6324149
1237,21-10040053,BUKA,AWAM,KKM,,SELANGOR,KLANG,KLINIK,KLINIK KESIHATAN,KK PULAU KETAM,"PT 14208, JALAN MERDEKA, PULAU KETAM, KLANG",,42490,,,,,3.0186117,101.2529317
1238,21-10040160,BUKA,AWAM,KKM,,SELANGOR,KLANG,KLINIK,KLINIK KESIHATAN,KK RANTAU PANJANG,"JALAN RANTAU PANJANG, KLANG",,41400,,,,,3.0638769,101.4103358
1239,21-10040271,BUKA,AWAM,KKM,,SELANGOR,KLANG,KLINIK,KLINIK KESIHATAN,KK BUKIT NAGA,"SEKSYEN 32, SHAH ALAM",,42450,,,,,3.0034778,101.5053235
1240,21-10040175,BUKA,AWAM,KKM,,SELANGOR,KLANG,KLINIK,KLINIK KESIHATAN,KK SUNGAI BERTIK,JALAN TEPI SUNGAI,,41100,,,,,3.0490018,101.4277182
1241,21-10050032,BUKA,AWAM,KKM,,SELANGOR,KUALA LANGAT,KLINIK,KLINIK KESIHATAN,KK BUKIT CHANGGANG,"JALAN LABOHAN DAGANG, BANTING",,42700,,,,,2.8272363,101.6206584
1242,21-10050037,BUKA,AWAM,KKM,,SELANGOR,KUALA LANGAT,KLINIK,KLINIK KESIHATAN,KK JENJAROM,"JENJOROM, KUALA LANGAT, JALAN BESAR, BANTING",,42700,,,,,2.8784422,101.5004496
1243,21-10050028,BUKA,AWAM,KKM,,SELANGOR,KUALA LANGAT,KLINIK,KLINIK KESIHATAN,KK KAMPUNG BANDAR,"JALAN KURAU, BANTING",,42700,,,,,2.8514869,101.444301
1244,21-10050064,BUKA,AWAM,KKM,,SELANGOR,KUALA LANGAT,KLINIK,KLINIK KESIHATAN,KK SIJANGKANG,"JLN SEKOLAH, BATU 1, KG SIJANGKANG",,42500,,,,,2.9414953,101.4562351
1245,21-10050074,BUKA,AWAM,KKM,,SELANGOR,KUALA LANGAT,KLINIK,KLINIK KESIHATAN,KK TANJUNG SEPAT,TANJUNG SEPAT,,42700,,,,,2.6655523,101.5514679
1246,21-10050075,BUKA,AWAM,KKM,,SELANGOR,KUALA LANGAT,KLINIK,KLINIK KESIHATAN,KK TELOK DATOK,"JLN PEGAWAI, BANTING",,42700,,,,,2.8193319,101.5174237
1247,21-10050076,BUKA,AWAM,KKM,,SELANGOR,KUALA LANGAT,KLINIK,KLINIK KESIHATAN,KK TELOK PANGLIMA GARANG,"TELUK PANGLIMA GARANG, KUALA LANGAT",,42500,,,,,2.9049166,101.4675504
1248,21-10050130,BUKA,AWAM,KKM,,SELANGOR,KUALA LANGAT,KLINIK,KLINIK KESIHATAN,KK KAMPUNG SUNGAI LANG,"BANTING, SELANGOR",,42700,,,,,2.7907919,101.5217802
1249,21-10050087,BUKA,AWAM,KKM,,SELANGOR,KUALA LANGAT,KLINIK,KLINIK KESIHATAN,KK KEBUN BARU,"JALAN DATO KASMAN, KEBUN BARU, TELUK PANGLIMA GARANG",,42500,,,,,2.9121634,101.4880083
1250,21-10050278,BUKA,AWAM,KKM,,SELANGOR,KUALA LANGAT,KLINIK,KLINIK KESIHATAN,KK KANCHONG DARAT,"JALAN DURIAN, KANCHONG DARAT",,42700,,,,,2.788946,101.4884299
1251,21-10060029,BUKA,AWAM,KKM,,SELANGOR,KUALA SELANGOR,KLINIK,KLINIK KESIHATAN,KK BESTARI JAYA,LOT 1867 JALAN KAMPONG,,45600,,,,,3.3797279,101.4070519
1252,21-10060036,BUKA,AWAM,KKM,,SELANGOR,KUALA SELANGOR,KLINIK,KLINIK KESIHATAN,KK IJOK,"JKR 1087 JALAN SIMPANG TIGA, IJOK",,45600,,,,,3.314692,101.416491
1253,21-10060038,BUKA,AWAM,KKM,,SELANGOR,KUALA SELANGOR,KLINIK,KLINIK KESIHATAN,KK JERAM,JERAM,,45800,,,,,3.233009,101.315069
1254,21-10060045,BUKA,AWAM,KKM,,SELANGOR,KUALA SELANGOR,KLINIK,KLINIK KESIHATAN,KK KUALA SELANGOR,"JALAN KLINIK, KUALA SELANGOR",,45000,,,,,3.3369251,101.2499507
1255,21-10060073,BUKA,AWAM,KKM,,SELANGOR,KUALA SELANGOR,KLINIK,KLINIK KESIHATAN,KK TANJONG KARANG,"JALAN SUNGAI KAJANG, TANJUNG KARANG",,45500,,,,,3.421166,101.1737351
1256,21-10060190,BUKA,AWAM,KKM,,SELANGOR,KUALA SELANGOR,KLINIK,KLINIK KESIHATAN,KK SUNGAI TENGI KANAN,"JALAN KIAI HJ MOID, KAMPUNG SUNGAI TENGI KANAN, TANJONG KARANG",,45500,,,,,3.4391322,101.201154
1257,21-10060099,BUKA,AWAM,KKM,,SELANGOR,KUALA SELANGOR,KLINIK,KLINIK KESIHATAN,KK BUKIT CHERAKAH,"JALAN RIZAB MASJID, KG BUKIT CHERAKAH, JERAM",,45800,,,,,3.2723794,101.3650889
1258,21-10070043,BUKA,AWAM,KKM,,SELANGOR,PETALING,KLINIK,KLINIK KESIHATAN,KK KELANA JAYA,"LOT.38294, JLN SS6/3A KELANA JAYA",,47301,,,,,3.0989691,101.6005755
1259,21-10070051,BUKA,AWAM,KKM,,SELANGOR,PETALING,KLINIK,KLINIK KESIHATAN,KK PUCHONG,"BATU 14, JALAN PUCHONG, PUCHONG",,47100,,,,,2.9940808,101.619711
1260,21-10070248,BUKA,AWAM,KKM,,SELANGOR,PETALING,KLINIK,KLINIK KESIHATAN,KK SEKSYEN 19,"JALAN GELORA 19/46, SEKSYEN 19 
SHAH ALAM",,40300,,,,,3.0497738,101.5329147
1261,21-10070063,BUKA,AWAM,KKM,,SELANGOR,PETALING,KLINIK,KLINIK KESIHATAN,KK SEKSYEN 7 SHAH ALAM,"NO.2 PERSIARAN KAYANGAN SEKSYEN 7, SHAH ALAM",,40000,,,,,3.0722935,101.4909369
1262,21-10070062,BUKA,AWAM,KKM,,SELANGOR,PETALING,KLINIK,KLINIK KESIHATAN,KK SERI KEMBANGAN,"JALAN BESAR, SERI KEMBANGAN",,43300,,,,,3.0276261,101.71157
1263,21-10070088,BUKA,AWAM,KKM,,SELANGOR,PETALING,KLINIK,KLINIK KESIHATAN,KK BATU 13 1/2 PUCHONG,BATU 13 1/2 PUCHONG,,47800,,,,,3.0209441,101.5926069
1264,21-10070206,BUKA,AWAM,KKM,,SELANGOR,PETALING,KLINIK,KLINIK KESIHATAN,KK TAMAN MEDAN,"JLN PJS 2C/5 TAMAN DATO HARUN, PETALING",,46000,,,,,3.079249,101.6344939
1265,21-10070270,BUKA,AWAM,KKM,,SELANGOR,PETALING,KLINIK,KLINIK KESIHATAN,KK PAYA JARAS,"BT.15 SUNGAI BULOH, SG BULOH",,47000,,,,,3.2002743,101.5513626
1266,21-10070767,BUKA,AWAM,KKM,,SELANGOR,PETALING,KLINIK,KLINIK KESIHATAN,KK KOTA DAMANSARA,"NO. 58 TINGKAT 3, JALAN PEKAKA 8/3, KOTA DAMANSARA",,47810,,,,,3.1765223,101.575651
1267,21-10070771,BUKA,AWAM,KKM,,SELANGOR,PETALING,KLINIK,KLINIK KESIHATAN,KK UTC SELANGOR,"LOT G, ANGGERIK MALL, JALAN 14/7, SEKSYEN 14",,40000,,,,,3.0713913,101.5196124
1268,21-10080027,BUKA,AWAM,KKM,,SELANGOR,SABAK BERNAM,KLINIK,KLINIK KESIHATAN,KK BAGAN TERAP,"JALAN BAGAN TERAP, SUNGAI BESAR",,45300,,,,,3.7487983,101.0606123
1269,21-10080049,BUKA,AWAM,KKM,,SELANGOR,SABAK BERNAM,KLINIK,KLINIK KESIHATAN,KK PARIT BARU,"JALAN MASJID, SUNGAI AIR TAWAR",,45100,,,,,3.8167961,100.8434878
1270,21-10080058,BUKA,AWAM,KKM,,SELANGOR,SABAK BERNAM,KLINIK,KLINIK KESIHATAN,KK SEKINCHAN,"JALAN PEKAN, SEKINCAN, SABAK BERNAM",,45400,,,,,3.509767,101.1023805
1271,21-10080067,BUKA,AWAM,KKM,,SELANGOR,SABAK BERNAM,KLINIK,KLINIK KESIHATAN,KK SUNGAI BESAR,"JALAN SUNGAI LIMAU, SUNGAI BESAR",,45300,,,,,3.6730772,100.9840765
1272,21-10080066,BUKA,AWAM,KKM,,SELANGOR,SABAK BERNAM,KLINIK,KLINIK KESIHATAN,KK SUNGAI AIR TAWAR,"JLN SEKOLAH, SUNGAI AIR TAWAR, SABAK BERNAM",,45100,,,,,3.8403982,100.9046717
1273,21-10080239,BUKA,AWAM,KKM,,SELANGOR,SABAK BERNAM,KLINIK,KLINIK KESIHATAN,KK MERBAU BERDARAH,"JALAN SUNGAI PANJANG, SABAK BERNAM",,45300,,,,,3.7132903,101.1264497
1274,21-10080295,BUKA,AWAM,KKM,,SELANGOR,SABAK BERNAM,KLINIK,KLINIK KESIHATAN,KK SABAK BERNAM,"JALAN RAJA CHULAN, SABAK BERNAM",,45200,,,,,3.7701864,100.9843063
1275,21-10080761,BUKA,AWAM,KKM,,SELANGOR,SABAK BERNAM,KLINIK,KLINIK KESIHATAN,KK SIMPANG LIMA,"KLINIK KESIHATAN SIMPANG 5, SUNGAI BESAR",,45300,,,,,3.6261286,101.0510307
1276,21-10090034,BUKA,AWAM,KKM,,SELANGOR,SEPANG,KLINIK,KLINIK KESIHATAN,KK DENGKIL,"JALAN BESAR DENGKIL, DENGKIL, SEPANG",,43800,,,,,2.859256,101.681787
1277,21-10090057,BUKA,AWAM,KKM,,SELANGOR,SEPANG,KLINIK,KLINIK KESIHATAN,KK SALAK,"JALAN SALAK, SEPANG",,43900,,,,,2.7895199,101.7491886
1278,21-10090069,BUKA,AWAM,KKM,,SELANGOR,SEPANG,KLINIK,KLINIK KESIHATAN,KK SUNGAI PELEK,"JALAN SG PELEK, SEPANG",,43950,,,,,2.6446353,101.7185045
1279,21-10090272,BUKA,AWAM,KKM,,SELANGOR,SEPANG,KLINIK,KLINIK KESIHATAN,KK SEPANG,"JALAN KELAB, SEPANG",,43900,,,,,2.6893628,101.7501281
1280,21-10010243,BUKA,AWAM,KKM,,SELANGOR,GOMBAK,KLINIK,KLINIK KOMUNITI,KKOM TAMAN GOMBAK PERMAI,"NO 1G, JALAN GP 2A, TAMAN GOMBAK PERMAI, BATU CAVES",,68100,,,,,3.2514341,101.6872693
1281,21-10010288,BUKA,AWAM,KKM,,SELANGOR,GOMBAK,KLINIK,KLINIK KOMUNITI,KKOM BANDAR TASIK PUTERI,NO.27-G JALAN HIJAU 5/3 GREEN VALLEY PARK BANDAR TASIK PUTERI,,48010,,,,,3.280533,101.4651715
1282,21-10020293,BUKA,AWAM,KKM,,SELANGOR,HULU LANGAT,KLINIK,KLINIK KOMUNITI,KKOM TAMAN SRI WATAN,"NO.4G & 4A, JLN WATAN 8, 
TAMAN SRI WATAN",,68000,,,,,3.1394046,101.7725672
1283,21-10020286,BUKA,AWAM,KKM,,SELANGOR,HULU LANGAT,KLINIK,KLINIK KOMUNITI,KKOM TAMAN IMPIAN EHSAN,"NO 15, JALAN BALAKONG JAYA 2, TAMAN INDUSTRI BALAKONG JAYA",,43200,,,,,3.018758,101.7544162
1284,21-10030251,BUKA,AWAM,KKM,,SELANGOR,HULU SELANGOR,KLINIK,KLINIK KOMUNITI,KKOM BATANG KALI,"NO 9, GROUND FLOOR, JALAN MAHOGANI, 2A/7, BANDAR UTAMA, BATANG KALI",,44300,,,,,3.45874,101.662884
1285,21-10030246,BUKA,AWAM,KKM,,SELANGOR,HULU SELANGOR,KLINIK,KLINIK KOMUNITI,KKOM BUKIT BERUNTUNG,"C-G-01, APARTMENT KENANGA, TAMAN BUNGA RAYA, BUKIT BERUNTUNG",,48000,,,,,3.44077,101.551644
1286,21-10030245,BUKA,AWAM,KKM,,SELANGOR,HULU SELANGOR,KLINIK,KLINIK KOMUNITI,KKOM BUKIT SENTOSA,"NO.13 JALAN SEROJA 1B, BUKIT SENTOSA",,48000,,,,,3.417229,101.577701
1289,21-10040255,BUKA,AWAM,KKM,,SELANGOR,KLANG,KLINIK,KLINIK KOMUNITI,KKOM KG DELEK KANAN,"NO.94, TAMAN DAHLIA, JALAN LURAH SAID 1, KG DELEK KANAN",,41250,,,,,3.0356753,101.4073706
1290,21-10050282,BUKA,AWAM,KKM,,SELANGOR,KUALA LANGAT,KLINIK,KLINIK KOMUNITI,KKOM BANDAR SAUJANA PUTRA,"NO.79 JALAN SPU 2, BANDAR SAUJANA PUTRA",,42160,,,,,2.9530018,101.5802209
1292,21-10060244,BUKA,AWAM,KKM,,SELANGOR,KUALA SELANGOR,KLINIK,KLINIK KOMUNITI,KKOM BANDAR PUNCAK ALAM,"NO.105, JALAN CAKERAPURNAMA, 12/2 SEKSYEN 12, BANDAR BARU PUNCAK ALAM",,42300,,,,,3.242611,101.4247519
1293,21-10060291,BUKA,AWAM,KKM,,SELANGOR,KUALA SELANGOR,KLINIK,KLINIK KOMUNITI,KKOM SAUJANA UTAMA,"NO. 6 & 8 (GROUND FLOOR), 
JALAN BIDARA 6/2",,47000,,,,,3.206441,101.4772587
1295,21-10070257,BUKA,AWAM,KKM,,SELANGOR,PETALING,KLINIK,KLINIK KOMUNITI,KKOM KAYU ARA DAMANSARA,"G-G1 BLOK G, PANGSAPURI PELANGI ARA, PJU 6A, JALAN TERATAI, PETALING JAYA",,47400,,,,,3.1385663,101.6152543
1296,21-10070256,BUKA,AWAM,KKM,,SELANGOR,PETALING,KLINIK,KLINIK KOMUNITI,KKOM TAMAN PUCHONG PERMAI,"F6-0-01, JALAN PERMAI 2/3, BLOK F6, TAMAN PUCHONG PERMAI, PUCHONG",,47100,,,,,3.0122081,101.5973964
1299,21-10070718,BUKA,AWAM,KKM,,SELANGOR,PETALING,KLINIK,KLINIK KOMUNITI,KKOM BUKIT LANCHONG SHAH ALAM,"NO.103, JLN. PENDAMAR 27/90, SHAH ALAM",,40400,,,,,2.9882048,101.5563705
1300,21-10070772,BUKA,AWAM,KKM,,SELANGOR,PETALING,KLINIK,KLINIK KOMUNITI,KKOM GUGUSAN SEMARAK 2,"TINGKAT BAWAH GUGUSAN SEMARAK 2, 
JALAN CAMAR 4/1",,47810,,,,,3.1532133,101.5805172
1301,21-10080283,BUKA,AWAM,KKM,,SELANGOR,SABAK BERNAM,KLINIK,KLINIK KOMUNITI,KKOM TAMAN PADU PERMAI,"NO 13A, JALAN PP1/2, TAMAN PADU PERMAI",,45300,,,,,3.6632514,100.9879745
1302,21-10090285,BUKA,AWAM,KKM,,SELANGOR,SEPANG,KLINIK,KLINIK KOMUNITI,KKOM BANDAR BARU SALAK TINGGI,"NO F18-1, FASA KOMPLEKS BANDAR BARU SALAK TINGGI",,43900,,,,,2.8127755,101.7378428
1303,21-10090281,BUKA,AWAM,KKM,,SELANGOR,SEPANG,KLINIK,KLINIK KOMUNITI,KKOM PANTAI SEPANG PUTRA,"NO 6, JALAN PERLING, PANTAI SEPANG PUTRA, SUNGAI PELEK",,43950,,,,,2.6238088,101.7072089
1304,21-10090297,BUKA,AWAM,KKM,,SELANGOR,SEPANG,KLINIK,KLINIK KOMUNITI,KKOM TAMAN PUTRA PERDANA,"NO.54, JALAN PUTRA PERDANA 2/2, TAMAN PUTRA PERDANA, PUCHONG",,47120,,,,,2.9474229,101.618927
1305,21-10010124,BUKA,AWAM,KKM,,SELANGOR,GOMBAK,KLINIK,KLINIK DESA,KD KAMPUNG KENANGA,"JKR-1, JALAN IPOH KG BARU",,48050,,,,,3.2501417,101.6499414
1306,21-10010138,BUKA,AWAM,KKM,,SELANGOR,GOMBAK,KLINIK,KLINIK DESA,KD KUNDANG,"JALAN SEKOLAH, KUNDANG, RAWANG",,48050,,,,,3.2769931,101.5127651
1307,21-10010165,BUKA,AWAM,KKM,,SELANGOR,GOMBAK,KLINIK,KLINIK DESA,KD SELAYANG BARU,"JALAN 9 SELAYANG BARU, BATU CAVES",,68100,,,,,3.2458268,101.6704897
1308,21-10010185,BUKA,AWAM,KKM,,SELANGOR,GOMBAK,KLINIK,KLINIK DESA,KD SUNGAI SERAI,"LORONG SERAI 2, KG SUNGAI SERAI, KUANG, RAWANG",,48050,,,,,3.2816439,101.5451834
1309,21-10020085,BUKA,AWAM,KKM,,SELANGOR,HULU LANGAT,KLINIK,KLINIK DESA,KD BANGI LAMA,"JALAN BESAR BANGI, KAJANG",,43000,,,,,2.967347,101.757526
1310,21-10020089,BUKA,AWAM,KKM,,SELANGOR,HULU LANGAT,KLINIK,KLINIK DESA,KD BATU 18,BATU 18,,43200,,,,,3.1638062,101.8472795
1311,21-10020095,BUKA,AWAM,KKM,,SELANGOR,HULU LANGAT,KLINIK,KLINIK DESA,KD BROGA,"BROGA, SEMENYIH",,43500,,,,,2.93669,101.9111479
1312,21-10020105,BUKA,AWAM,KKM,,SELANGOR,HULU LANGAT,KLINIK,KLINIK DESA,KD DUSUN TUA,BATU 16,,43200,,,,,3.1391067,101.8334686
1313,21-10020114,BUKA,AWAM,KKM,,SELANGOR,HULU LANGAT,KLINIK,KLINIK DESA,KD KAMPONG PADANG,HULU LANGAT,,43100,,,,,3.194881,101.856047
1314,21-10020161,BUKA,AWAM,KKM,,SELANGOR,HULU LANGAT,KLINIK,KLINIK DESA,KD RINCHING HILIR,"RINCHING HILIR, SEMENYIH",,43000,,,,,2.9011971,101.8122432
1315,21-10020188,BUKA,AWAM,KKM,,SELANGOR,HULU LANGAT,KLINIK,KLINIK DESA,KD SUNGAI TEKALI,SUNGAI TEKALI,,43200,,,,,3.1069634,101.858032
1316,21-10020221,BUKA,AWAM,KKM,,SELANGOR,HULU LANGAT,KLINIK,KLINIK DESA,KD SUNGAI LALANG,"SUNGAI LALANG, SEMENYIH",,43500,,,,,2.959536,101.8458098
1317,21-10020222,BUKA,AWAM,KKM,,SELANGOR,HULU LANGAT,KLINIK,KLINIK DESA,KD MINANGKABAU,"MINANGKABAU, BERANANG",,43700,,,,,2.9043711,101.8549588
1318,21-10020229,BUKA,AWAM,KKM,,SELANGOR,HULU LANGAT,KLINIK,KLINIK DESA,KD SUNGAI RAMAL LUAR,"JALAN MENTRI, SG RAMAL LUAR, KAJANG",,43000,,,,,2.9899594,101.7661366
1319,21-10020230,BUKA,AWAM,KKM,,SELANGOR,HULU LANGAT,KLINIK,KLINIK DESA,KD SUNGAI LUI,BT 21,,43200,,,,,3.1629009,101.8867913
1320,21-10030086,BUKA,AWAM,KKM,,SELANGOR,HULU SELANGOR,KLINIK,KLINIK DESA,KD BATANG KALI,"BATANG KALI, HULU SELANGOR",,44300,,,,,3.4601368,101.6550138
1321,21-10030107,BUKA,AWAM,KKM,,SELANGOR,HULU SELANGOR,KLINIK,KLINIK DESA,KD GEDANGSA,"FELDA GEDANGSA, KUALA KUBU BARU",,44010,,,,,3.6124515,101.4254509
1322,21-10030108,BUKA,AWAM,KKM,,SELANGOR,HULU SELANGOR,KLINIK,KLINIK DESA,KD GENTING MALEK,GENTING MALEK,,44300,,,,,3.4666257,101.6639027
1323,21-10030111,BUKA,AWAM,KKM,,SELANGOR,HULU SELANGOR,KLINIK,KLINIK DESA,KD HULU RENING,HULU RENING,,44300,,,,,3.4854787,101.6972568
1324,21-10030136,BUKA,AWAM,KKM,,SELANGOR,HULU SELANGOR,KLINIK,KLINIK DESA,KD KERLING,KERLING,,44300,,,,,3.4081955,101.6840589
1325,21-10030137,BUKA,AWAM,KKM,,SELANGOR,HULU SELANGOR,KLINIK,KLINIK DESA,KD KG GURNEY,KAMPUNG GURNEY,,44300,,,,,3.4259612,101.6613677
1326,21-10030189,BUKA,AWAM,KKM,,SELANGOR,HULU SELANGOR,KLINIK,KLINIK DESA,KD SUNGAI TENGI,HULU SELANGOR,,45500,,,,,3.647573,101.4166199
1327,21-10030191,BUKA,AWAM,KKM,,SELANGOR,HULU SELANGOR,KLINIK,KLINIK DESA,KD SUNGAI TENGI SELATAN,KUALA KUBU BARU,,45500,,,,,3.565293,101.4347761
1328,21-10030202,BUKA,AWAM,KKM,,SELANGOR,HULU SELANGOR,KLINIK,KLINIK DESA,KD ULU YAM LAMA,BATANG KALI,,44300,,,,,3.45148,101.6439163
1331,21-10040091,BUKA,AWAM,KKM,,SELANGOR,KLANG,KLINIK,KLINIK DESA,KD BATU BELAH KLANG,235 JALAN ISTIMEWA,,42100,,,,,3.071928,101.4381236
1332,21-10040100,BUKA,AWAM,KKM,,SELANGOR,KLANG,KLINIK,KLINIK DESA,KD BUKIT KAPAR,"JALAN ISKANDAR, KAPAR",,42200,,,,,3.1621017,101.4181245
1333,21-10040112,BUKA,AWAM,KKM,,SELANGOR,KLANG,KLINIK,KLINIK DESA,KD JALAN KEBUN,"BATU 7, JALAN KEBUN",,42450,,,,,2.9793422,101.5069755
1334,21-10040122,BUKA,AWAM,KKM,,SELANGOR,KLANG,KLINIK,KLINIK DESA,KD KAMPUNG JAWA,"BATU 2, JALAN SYAHBANDARAYA",,41000,,,,,3.0248905,101.4649874
1335,21-10040128,BUKA,AWAM,KKM,,SELANGOR,KLANG,KLINIK,KLINIK DESA,KD KAMPUNG PENDAMAR,"JKR 12294, KAMPUNG PENDAMAR",,41200,,,,,3.0140686,101.4167967
1336,21-10040133,BUKA,AWAM,KKM,,SELANGOR,KLANG,KLINIK,KLINIK DESA,KD KAMPUNG TOK MUDA,"BATU 12 1/2, KAMPUNG TOK MUDA",,42200,,,,,3.1441601,101.3541468
1337,21-10040145,BUKA,AWAM,KKM,,SELANGOR,KLANG,KLINIK,KLINIK DESA,KD PADANG JAWA,5317 JALAN PADANG,,41300,,,,,3.0533695,101.4900321
1338,21-10040166,BUKA,AWAM,KKM,,SELANGOR,KLANG,KLINIK,KLINIK DESA,KD SEMENTA,"BATU 6, JALAN SEMENTA, JALAN KAPAR KAPAR",,41400,,,,,3.0883318,101.3857131
1339,21-10040186,BUKA,AWAM,KKM,,SELANGOR,KLANG,KLINIK,KLINIK DESA,KD SUNGAI SERDANG,"BATU 13, KAMPUNG SUNGAI SERDANG, KAPAR",,42200,,,,,3.1554615,101.3321972
1340,21-10040192,BUKA,AWAM,KKM,,SELANGOR,KLANG,KLINIK,KLINIK DESA,KD SUNGAI UDANG,"LOT 2183, JALAN SUNGAI UDANG",,41150,,,,,3.0405518,101.4121106
1341,21-10040194,BUKA,AWAM,KKM,,SELANGOR,KLANG,KLINIK,KLINIK DESA,KD TELOK GONG,"JALAN TELOK GONG, 
PELABUHAN KLANG",,42000,,,,,2.943901,101.3772982
1342,21-10040195,BUKA,AWAM,KKM,,SELANGOR,KLANG,KLINIK,KLINIK DESA,KD TELOK MENEGON,KLANG,,41000,,,,,3.0310931,101.4755116
1343,21-10050092,BUKA,AWAM,KKM,,SELANGOR,KUALA LANGAT,KLINIK,KLINIK DESA,KD BATU LAUT,BATU LAUT,,42800,,,,,2.6810134,101.5127475
1344,21-10050120,BUKA,AWAM,KKM,,SELANGOR,KUALA LANGAT,KLINIK,KLINIK DESA,KD KAMPUNG ENDAH,KAMPUNG ENDAH,,42700,,,,,2.7123536,101.4743591
1345,21-10050123,BUKA,AWAM,KKM,,SELANGOR,KUALA LANGAT,KLINIK,KLINIK DESA,KD KAMPUNG JENJAROM,KAMPUNG JENJAROM,,42600,,,,,2.861692,101.4878714
1346,21-10050125,BUKA,AWAM,KKM,,SELANGOR,KUALA LANGAT,KLINIK,KLINIK DESA,KD KAMPUNG MEDAN,"KAMPUNG MEDAN, BANTING",,42700,,,,,2.925734,101.4649009
1347,21-10050134,BUKA,AWAM,KKM,,SELANGOR,KUALA LANGAT,KLINIK,KLINIK DESA,KD KANCHONG TENGAH,"KANCHONG TENGAH, BANTING",,42700,,,,,2.7494157,101.495003
1348,21-10050135,BUKA,AWAM,KKM,,SELANGOR,KUALA LANGAT,KLINIK,KLINIK DESA,KD KELANANG,BANTING,,42700,,,,,2.799646,101.4431782
1349,21-10050139,BUKA,AWAM,KKM,,SELANGOR,KUALA LANGAT,KLINIK,KLINIK DESA,KD KUNDANG,TANJUNG SEPAT,,42800,,,,,2.7023274,101.5475409
1350,21-10050140,BUKA,AWAM,KKM,,SELANGOR,KUALA LANGAT,KLINIK,KLINIK DESA,KD LABOHAN DAGANG,"JKR 456, KUARTERS LABOHAN DAGANG, BANTING",,42700,,,,,2.8124,101.623651
1351,21-10050143,BUKA,AWAM,KKM,,SELANGOR,KUALA LANGAT,KLINIK,KLINIK DESA,KD MORIB,BANTING,,42700,,,,,2.7495127,101.4426016
1352,21-10050144,BUKA,AWAM,KKM,,SELANGOR,KUALA LANGAT,KLINIK,KLINIK DESA,KD OLAK LEMPIT,"OLAK LEMPIT, BANTING",,42700,,,,,2.835247,101.5949689
1353,21-10050155,BUKA,AWAM,KKM,,SELANGOR,KUALA LANGAT,KLINIK,KLINIK DESA,KD PERMATANG PASIR,"PERMATANG PASIR, BANTING",,42700,,,,,2.838938,101.4362888
1354,21-10050169,BUKA,AWAM,KKM,,SELANGOR,KUALA LANGAT,KLINIK,KLINIK DESA,KD SIJANGKANG DALAM,"SIJANGKANG DALAM,
TELUK PANGLIMA GARANG",,42500,,,,,2.9326767,101.4348337
1355,21-10050170,BUKA,AWAM,KKM,,SELANGOR,KUALA LANGAT,KLINIK,KLINIK DESA,KD SIJANGKANG LUAR,"SIJANGKANG LUAR, 
TELUK PANGLIMA GARANG",,42500,,,,,2.9394142,101.4570076
1356,21-10050173,BUKA,AWAM,KKM,,SELANGOR,KUALA LANGAT,KLINIK,KLINIK DESA,KD SRI CHEEDING,"SRI CHEEDING, BANTING",,42700,,,,,2.889848,101.5504409
1357,21-10050178,BUKA,AWAM,KKM,,SELANGOR,KUALA LANGAT,KLINIK,KLINIK DESA,KD SUNGAI BUAYA,BANTING,,42700,,,,,2.8446912,101.4449168
1358,21-10050182,BUKA,AWAM,KKM,,SELANGOR,KUALA LANGAT,KLINIK,KLINIK DESA,KD SUNGAI KELAMBU,"JALAN SEMARAK 1, KG SUNGAI KELAMBU, BANTING",,42700,,,,,2.790239,101.5488939
1359,21-10050199,BUKA,AWAM,KKM,,SELANGOR,KUALA LANGAT,KLINIK,KLINIK DESA,KD TUMBUK DARAT,"JKR 1327, JALAN TUMBOK DARAT, KG TUMBOK DARAT TANJUNG SEPAT",,42800,,,,,2.6736875,101.5895625
1360,21-10050224,BUKA,AWAM,KKM,,SELANGOR,KUALA LANGAT,KLINIK,KLINIK DESA,KD TELOK BUNUT,BANTING,,42700,,,,,2.8226448,101.5114263
1361,21-10060080,BUKA,AWAM,KKM,,SELANGOR,KUALA SELANGOR,KLINIK,KLINIK DESA,KD ASAM JAWA,"JALAN BUKIT ROTAN, BUKIT ROTAN",,45700,,,,,3.292248,101.2941281
1362,21-10060081,BUKA,AWAM,KKM,,SELANGOR,KUALA SELANGOR,KLINIK,KLINIK DESA,KD BAGAN PASIR,"JALAN BAGAN PASIR, TANJONG KARANG",,45500,,,,,3.4100437,101.1755565
1364,21-10060096,BUKA,AWAM,KKM,,SELANGOR,KUALA SELANGOR,KLINIK,KLINIK DESA,KD BUKIT BADONG,JALAN DATO' KARJAN,,45600,,,,,3.3353549,101.3979118
1365,21-10060098,BUKA,AWAM,KKM,,SELANGOR,KUALA SELANGOR,KLINIK,KLINIK DESA,KD BUKIT BELIMBING,BUKIT BELIMBING,,45000,,,,,3.3833333,101.2666667
1366,21-10060101,BUKA,AWAM,KKM,,SELANGOR,KUALA SELANGOR,KLINIK,KLINIK DESA,KD BUKIT KERAYONG,"JKR 177, JALAN SEKOLAH, 
KAPAR, KLANG",,45800,,,,,3.2074453,101.4053334
1367,21-10060102,BUKA,AWAM,KKM,,SELANGOR,KUALA SELANGOR,KLINIK,KLINIK DESA,KD BUKIT KUCHING,JERAM,,45800,,,,,3.2767217,101.3483452
1368,21-10060153,BUKA,AWAM,KKM,,SELANGOR,KUALA SELANGOR,KLINIK,KLINIK DESA,KD PASIR PENAMBANG,PASIR PENAMBANG,,45000,,,,,3.349901,101.2530089
1369,21-10060158,BUKA,AWAM,KKM,,SELANGOR,KUALA SELANGOR,KLINIK,KLINIK DESA,KD PUNCAK ALAM,"89 LORONG NALURI SUKMA 8/14,
BANDAR PUNCAK ALAM",,45010,,,,,3.2322866,101.4252093
1370,21-10060159,BUKA,AWAM,KKM,,SELANGOR,KUALA SELANGOR,KLINIK,KLINIK DESA,KD RAJA MUSA,"BT 8 JALAN RAJA MUSA, BESTARI JAYA",,45600,,,,,3.4058053,101.3146835
1371,21-10060164,BUKA,AWAM,KKM,,SELANGOR,KUALA SELANGOR,KLINIK,KLINIK DESA,KD SAWAH SEMPADAN,TANJUNG KARANG,,45500,,,,,3.462647,101.2208743
1372,21-10060174,BUKA,AWAM,KKM,,SELANGOR,KUALA SELANGOR,KLINIK,KLINIK DESA,KD SRI TIRAM JAYA,"SRI TIRAM JAYA, TANJONG KARANG",,45500,,,,,3.427522,101.2546969
1373,21-10060179,BUKA,AWAM,KKM,,SELANGOR,KUALA SELANGOR,KLINIK,KLINIK DESA,KD SUNGAI BURONG,"BATU 12, JALAN BERNAM,
TANJUNG KARANG",,45500,,,,,3.463954,101.1383294
1374,21-10060181,BUKA,AWAM,KKM,,SELANGOR,KUALA SELANGOR,KLINIK,KLINIK DESA,KD SUNGAI GULANG-GULANG,"JALAN SUNGAI GULANG-GULANG, TANJUNG KARANG",,45500,,,,,3.4089749,101.2045631
1375,21-10060184,BUKA,AWAM,KKM,,SELANGOR,KUALA SELANGOR,KLINIK,KLINIK DESA,KD SUNGAI SEMBILANG,JERAM,,45800,,,,,3.1948924,101.3204361
1376,21-10060187,BUKA,AWAM,KKM,,SELANGOR,KUALA SELANGOR,KLINIK,KLINIK DESA,KD SUNGAI SIREH,"KAMPUNG SUNGAI SIREH,
TANJONG KARANG",,45500,,,,,3.4697557,101.1732557
1377,21-10060198,BUKA,AWAM,KKM,,SELANGOR,KUALA SELANGOR,KLINIK,KLINIK DESA,KD TIRAM SETIA,TANJUNG KARANG,,45500,,,,,3.427952,101.246828
1378,21-10060225,BUKA,AWAM,KKM,,SELANGOR,KUALA SELANGOR,KLINIK,KLINIK DESA,KD PARIT EMPAT,"BAN 2, TANJUNG KARANG",,45500,,,,,3.5036921,101.1407251
1379,21-10060226,BUKA,AWAM,KKM,,SELANGOR,KUALA SELANGOR,KLINIK,KLINIK DESA,KD KAMPUNG KUANTAN,KUALA SELANGOR,,45600,,,,,3.361159,101.2999792
1380,21-10060227,BUKA,AWAM,KKM,,SELANGOR,KUALA SELANGOR,KLINIK,KLINIK DESA,KD JAYA SETIA,BESTARI JAYA,,45600,,,,,3.3636315,101.4193865
1381,21-10070119,BUKA,AWAM,KKM,,SELANGOR,PETALING,KLINIK,KLINIK DESA,KD KAMPUNG DAMANSARA,JLN.17A/9 SEKSYEN 17,,46400,,,,,3.1309375,101.6325625
1382,21-10070142,BUKA,AWAM,KKM,,SELANGOR,PETALING,KLINIK,KLINIK DESA,KD MERBAU SEMPAK,"BT18, JLN KUALA SELANGOR,
SUNGAI BULOH",,47000,,,,,3.2171071,101.5144149
1383,21-10080090,BUKA,AWAM,KKM,,SELANGOR,SABAK BERNAM,KLINIK,KLINIK DESA,KD BATU 4 SEPINTAS,JALAN SEKOLAH,,45200,,,,,3.7799387,101.0298177
1384,21-10080115,BUKA,AWAM,KKM,,SELANGOR,SABAK BERNAM,KLINIK,KLINIK DESA,KD KAMPUNG BANTING,"JALAN KG. BANTING, SUNGAI AIR TAWAR",,45100,,,,,3.75224,100.92053
1385,21-10080116,BUKA,AWAM,KKM,,SELANGOR,SABAK BERNAM,KLINIK,KLINIK DESA,KD KAMPUNG BARU,JALAN KG. BARU,,45200,,,,,3.7776187,100.9591057
1386,21-10080117,BUKA,AWAM,KKM,,SELANGOR,SABAK BERNAM,KLINIK,KLINIK DESA,KD KAMPUNG BATU 38,JALAN SEKENDI BATU 38,,45200,,,,,3.7538122,100.9568802
1388,21-10080131,BUKA,AWAM,KKM,,SELANGOR,SABAK BERNAM,KLINIK,KLINIK DESA,KD KAMPUNG SUNGAI PULAI,JALAN BAGAN SG PULAI,,45200,,,,,3.720954,100.938695
1389,21-10080132,BUKA,AWAM,KKM,,SELANGOR,SABAK BERNAM,KLINIK,KLINIK DESA,KD KAMPUNG SUNGAI TENGAR,JALAN BESAR SG. TENGAR,,45100,,,,,3.824323,100.8771059
1390,21-10080141,BUKA,AWAM,KKM,,SELANGOR,SABAK BERNAM,KLINIK,KLINIK DESA,KD LUBUK PUSING,"JALAN PT. 13 KG. TOK KHALIFAH, 
SUNGAI BESAR",,45100,,,,,3.7581874,101.0845213
1391,21-10080146,BUKA,AWAM,KKM,,SELANGOR,SABAK BERNAM,KLINIK,KLINIK DESA,KD PARIT 12,"JALAN PARIT 12 TIMUR, SUNGAI BESAR",,45300,,,,,3.7418953,101.0445814
1392,21-10080147,BUKA,AWAM,KKM,,SELANGOR,SABAK BERNAM,KLINIK,KLINIK DESA,KD PARIT 4,"JALAN PEKET 20, KAMPUNG SG. HAJI DORANI JALAN PEKAN SELASA, 
SUNGAI BESAR",,45300,,,,,3.6580269,101.0504031
1393,21-10080148,BUKA,AWAM,KKM,,SELANGOR,SABAK BERNAM,KLINIK,KLINIK DESA,KD PARIT 6,"JALAN PARIT 6 TIMUR, SUNGAI BESAR",,45300,,,,,3.6947201,101.0319579
1394,21-10080149,BUKA,AWAM,KKM,,SELANGOR,SABAK BERNAM,KLINIK,KLINIK DESA,KD PARIT 9 SUNGAI BESAR,JALAN PARIT 9 BARAT SUNGAI BESAR,,45300,,,,,3.7299,101.03
1395,21-10080150,BUKA,AWAM,KKM,,SELANGOR,SABAK BERNAM,KLINIK,KLINIK DESA,KD PARIT 9,"JALAN PARIT 9, KG. SG. LEMAN, SEKINCAN",,45400,,,,,3.5660065,101.1134182
1396,21-10080151,BUKA,AWAM,KKM,,SELANGOR,SABAK BERNAM,KLINIK,KLINIK DESA,KD PARIT BARU BAROH,"JALAN BAGAN PARIT BARU BAROH, 
SUNGAI AIR TAWAR",,45100,,,,,3.8302061,100.8444746
1397,21-10080152,BUKA,AWAM,KKM,,SELANGOR,SABAK BERNAM,KLINIK,KLINIK DESA,KD PASIR PANJANG,"JALAN BESAR PEKAN PASIR PANJANG, SEKINCAN",,45400,,,,,3.5670893,101.0745286
1398,21-10080171,BUKA,AWAM,KKM,,SELANGOR,SABAK BERNAM,KLINIK,KLINIK DESA,KD SIMPANG 4,"JALAN BAGAN NAKHODA OMAR,
 SUNGAI AIR TAWAR",,45100,,,,,3.7896688,100.8371759
1399,21-10080180,BUKA,AWAM,KKM,,SELANGOR,SABAK BERNAM,KLINIK,KLINIK DESA,KD SUNGAI BURUNG,JALAN PANCANG BEDENA,,45300,,,,,3.6896635,100.9332962
1400,21-10080183,BUKA,AWAM,KKM,,SELANGOR,SABAK BERNAM,KLINIK,KLINIK DESA,KD SUNGAI NIBONG,"JALAN BESAR KG. SG NIBONG, SEKINCAN",,45400,,,,,3.6030945,101.0566788
1401,21-10080193,BUKA,AWAM,KKM,,SELANGOR,SABAK BERNAM,KLINIK,KLINIK DESA,KD TEBUK MUFRAT,"BATU 1, JALAN FERI, JALAN TEBUK MUFRAT, SUNGAI AIR TAWAR",,45100,,,,,3.802616,100.9183111
1402,21-10080196,BUKA,AWAM,KKM,,SELANGOR,SABAK BERNAM,KLINIK,KLINIK DESA,KD TELUK RHU,"JALAN BESAR KG. TELUK RHU, 
 SUNGAI AIR TAWAR",,45100,,,,,3.7850967,100.8648917
1403,21-10090097,BUKA,AWAM,KKM,,SELANGOR,SEPANG,KLINIK,KLINIK DESA,KD BUKIT BANGKONG,SUNGAI PELEK,,43950,,,,,2.66945,101.6790149
1404,21-10090104,BUKA,AWAM,KKM,,SELANGOR,SEPANG,KLINIK,KLINIK DESA,KD DATO ABU BAKAR BAGINDA,KAJANG,,43000,,,,,2.9570295,101.738147
1405,21-10090106,BUKA,AWAM,KKM,,SELANGOR,SEPANG,KLINIK,KLINIK DESA,KD GECHING,JALAN LABU LANJUT,,43900,,,,,2.7956911,101.7214426
1406,21-10090113,BUKA,AWAM,KKM,,SELANGOR,SEPANG,KLINIK,KLINIK DESA,KD JENDERAM HULU,"KAMPUNG JENDERAM HULU, DENGKIL",,43800,,,,,2.8471431,101.7383515
1407,21-10090157,BUKA,AWAM,KKM,,SELANGOR,SEPANG,KLINIK,KLINIK DESA,KD PULAU MERANTI,PUCHONG,,47100,,,,,2.9622133,101.6345255
1408,21-10090168,BUKA,AWAM,KKM,,SELANGOR,SEPANG,KLINIK,KLINIK DESA,KD SG. MERAB LUAR,KAJANG,,43000,,,,,2.9379688,101.7493187
1409,21-10090176,BUKA,AWAM,KKM,,SELANGOR,SEPANG,KLINIK,KLINIK DESA,KD SUNGAI BUAH,"JKR 248, BATU 30, 
JALAN KAJANG, DENGKIL",,43800,,,,,2.8794284,101.7641687
1410,21-10090201,BUKA,AWAM,KKM,,SELANGOR,SEPANG,KLINIK,KLINIK DESA,KD ULU CHUCUH,SUNGAI PELEK,,43950,,,,,2.6753622,101.6848926
1411,21-10020203,BUKA,AWAM,KKM,,SELANGOR,HULU LANGAT,KLINIK,KLINIK KESIHATAN IBU DAN ANAK,KKIA CHERAS BARU,"JALAN 49 BUKIT E, CHERAS BARU",,43000,,,,,3.1120473,101.7534193
1412,21-10072313,BUKA,AWAM,KKM,,SELANGOR,SEPANG,KLINIK,KLINIK KESIHATAN,KK DESA PUTRA,"JALAN UTAMA DESA PUTRA, KAJANG",,43000,,03-8926 9536,,,2.9197237,101.7321066
1413,21-10020232,BUKA,AWAM,KKM,,SELANGOR,HULU LANGAT,KLINIK,KLINIK KESIHATAN,KK TAMAN NIRWANA,"KAMPUNG PANDAN, HULU LANGAT",,55100,,,,,3.1457436,101.7506346
1414,21-10030231,BUKA,AWAM,KKM,,SELANGOR,HULU SELANGOR,KLINIK,KLINIK KESIHATAN IBU DAN ANAK,KKIA BUKIT SENTOSA,"JALAN SEROJA, 1A BUKIT SENTOSA",,44200,,,,,3.4170973,101.5772111
1415,21-10030205,BUKA,AWAM,KKM,,SELANGOR,HULU SELANGOR,KLINIK,KLINIK KESIHATAN IBU DAN ANAK,KKIA KUALA KUBU BARU,JALAN KOLAM AIR,,44000,,,,,3.560932,101.658546
1416,21-14010009,BUKA,AWAM,KKM,,WILAYAH PERSEKUTUAN KUALA LUMPUR,WILAYAH PERSEKUTUAN KUALA LUMPUR DAN PUTRAJAYA,KLINIK,KLINIK KESIHATAN,KK BANDAR TUN RAZAK,"NO. 16 & 18 JALAN JUJUR 3, 
BANDAR TUN RAZAK",,56000,,,,,3.0869324,101.7204635
1417,21-14010010,BUKA,AWAM,KKM,,WILAYAH PERSEKUTUAN KUALA LUMPUR,WILAYAH PERSEKUTUAN KUALA LUMPUR DAN PUTRAJAYA,KLINIK,KLINIK KESIHATAN,KK BATU MUDA,"NO. 7, JALAN 3/124, 
TAMAN BATU MUDA",,51100,,,,,3.2116858,101.684082
1418,21-14010011,BUKA,AWAM,KKM,,WILAYAH PERSEKUTUAN KUALA LUMPUR,WILAYAH PERSEKUTUAN KUALA LUMPUR DAN PUTRAJAYA,KLINIK,KLINIK KESIHATAN,KK CHERAS,"NO. 14, JALAN YAACOB LATIF, 
CHERAS, KUALA LUMPUR",,56000,,,,,3.106658,101.7268766
1419,21-14010012,BUKA,AWAM,KKM,,WILAYAH PERSEKUTUAN KUALA LUMPUR,WILAYAH PERSEKUTUAN KUALA LUMPUR DAN PUTRAJAYA,KLINIK,KLINIK KESIHATAN,KK CHERAS BARU,JALAN 16 KAMPUNG CHERAS BARU,,56100,,,,,3.1060688,101.7484261
1420,21-14010013,BUKA,AWAM,KKM,,WILAYAH PERSEKUTUAN KUALA LUMPUR,WILAYAH PERSEKUTUAN KUALA LUMPUR DAN PUTRAJAYA,KLINIK,KLINIK KESIHATAN,KK DATO' KERAMAT,"PT 1199, JALAN ENGGANG SELATAN 2, TAMAN KERAMAT, 54200, KUALA LUMPUT",,54000,,,,,3.166825,101.7375488
1421,21-14010014,BUKA,AWAM,KKM,,WILAYAH PERSEKUTUAN KUALA LUMPUR,WILAYAH PERSEKUTUAN KUALA LUMPUR DAN PUTRAJAYA,KLINIK,KLINIK KESIHATAN,KK JINJANG,"NO.2, JALAN JINJANG SETIA 3, JINJANG UTARA TAMBAHAN",,52000,,,,,3.2199462,101.6547953
1422,21-14010015,BUKA,AWAM,KKM,,WILAYAH PERSEKUTUAN KUALA LUMPUR,WILAYAH PERSEKUTUAN KUALA LUMPUR DAN PUTRAJAYA,KLINIK,KLINIK KESIHATAN,KK KAMPUNG PANDAN,"JALAN BELANGKAS, KAMPUNG PANDAN",,55100,,,,,3.1442131,101.7324797
1423,21-14010017,BUKA,AWAM,KKM,,WILAYAH PERSEKUTUAN KUALA LUMPUR,WILAYAH PERSEKUTUAN KUALA LUMPUR DAN PUTRAJAYA,KLINIK,KLINIK KESIHATAN,KK PETALING BAHAGIA,"BATU 6, JALAN PUCHONG",,58200,,,,,3.0784066,101.6646799
1424,21-14010018,BUKA,AWAM,KKM,,WILAYAH PERSEKUTUAN KUALA LUMPUR,WILAYAH PERSEKUTUAN KUALA LUMPUR DAN PUTRAJAYA,KLINIK,KLINIK KESIHATAN,KK SENTUL,"TINGKAT 2, KOMPLEKS PERNIAGAAN & KOMUNITI, JALAN 3/48A, 
BANDAR BARU SENTUL",,51000,,,,,3.1807278,101.6975293
1425,21-14010019,BUKA,AWAM,KKM,,WILAYAH PERSEKUTUAN KUALA LUMPUR,WILAYAH PERSEKUTUAN KUALA LUMPUR DAN PUTRAJAYA,KLINIK,KLINIK KESIHATAN,KK SETAPAK,"TINGKAT 2, WISMA RAMPAI, BLOK PASIFIK, JLN. 34/26, TAMAN SRI RAMPAI",,53200,,,,,3.1951469,101.7314156
1426,21-14010020,BUKA,AWAM,KKM,,WILAYAH PERSEKUTUAN KUALA LUMPUR,WILAYAH PERSEKUTUAN KUALA LUMPUR DAN PUTRAJAYA,KLINIK,KLINIK KESIHATAN,KK SUNGAI BESI,"NO.80 & 80-1, JALAN TASIK UTAMA 5, MEDAN NIAGA TASIK DAMAI, 
SUNGAI BESI, KUALA LUMPUR",,57000,,,,,3.0616377,101.708742
1427,21-14010021,BUKA,AWAM,KKM,,WILAYAH PERSEKUTUAN KUALA LUMPUR,WILAYAH PERSEKUTUAN KUALA LUMPUR DAN PUTRAJAYA,KLINIK,KLINIK KESIHATAN,KK TANGLIN,"JALAN CENDERASARI, KUALA LUMPUR",,50590,,,,,3.1447445,101.6909408
1428,21-14010069,BUKA,AWAM,KKM,,WILAYAH PERSEKUTUAN KUALA LUMPUR,WILAYAH PERSEKUTUAN KUALA LUMPUR DAN PUTRAJAYA,KLINIK,KLINIK KESIHATAN,KK UTC PUDU SENTRAL,"ARAS G LOT A42-A46 PUDU SENTRAL, 
JALAN PUDU",,55100,,,,,3.1458684,101.7007419
1429,21-14010082,BUKA,AWAM,KKM,,WILAYAH PERSEKUTUAN KUALA LUMPUR,WILAYAH PERSEKUTUAN KUALA LUMPUR DAN PUTRAJAYA,KLINIK,KLINIK KESIHATAN,KK UTC KERAMAT MALL,"LOT NO. 3, TINGKAT UG, UTC KERAMAT MALL, JALAN DATO' KERAMAT",,51200,,,,,3.1689298,101.7276507
1430,21-14010411,BUKA,AWAM,KKM,,WILAYAH PERSEKUTUAN KUALA LUMPUR,WILAYAH PERSEKUTUAN KUALA LUMPUR DAN PUTRAJAYA,KLINIK,KLINIK KESIHATAN,KK KUALA LUMPUR,"LOT 151 & 116, JALAN TEMERLOH, 
TAMAN TASIK TITIWANGSA",,53200,,,,,3.1736162,101.7082792
1431,21-14010059,BUKA,AWAM,KKM,,WILAYAH PERSEKUTUAN KUALA LUMPUR,WILAYAH PERSEKUTUAN KUALA LUMPUR DAN PUTRAJAYA,KLINIK,KLINIK KESIHATAN,KK SEGAMBUT,"LOT 13725 SEGAMBUT TENGAH,
KUALA LUMPUR",,52100,,,,,3.1826879,101.6543326
1432,21-14010039,BUKA,AWAM,KKM,,WILAYAH PERSEKUTUAN KUALA LUMPUR,WILAYAH PERSEKUTUAN KUALA LUMPUR DAN PUTRAJAYA,KLINIK,KLINIK KESIHATAN,KK SALAK SELATAN,"LOT 13836, JLN 1, SALAK SELATAN",,57100,,,,,3.0912836,101.7020525
1433,21-14010058,BUKA,AWAM,KKM,,WILAYAH PERSEKUTUAN KUALA LUMPUR,WILAYAH PERSEKUTUAN KUALA LUMPUR DAN PUTRAJAYA,KLINIK,KLINIK KESIHATAN,KK MUHIBBAH,"KOMPLEKS KOMUNITI MUHIBBAH, JLN 1/152 JLN. OUG",,58200,,,,,3.0625548,101.6595514
1434,21-16010003,BUKA,AWAM,KKM,,WILAYAH PERSEKUTUAN PUTRAJAYA,WILAYAH PERSEKUTUAN PUTRAJAYA,KLINIK,KLINIK KESIHATAN,KK PUTRAJAYA PRESINT 9,"NO 1, JALAN PRESINT 9E, PRESINT 9,
PUTRAJAYA",,62250,,,,,2.9414133,101.6761639
1435,21-16010008,BUKA,AWAM,KKM,,WILAYAH PERSEKUTUAN PUTRAJAYA,WILAYAH PERSEKUTUAN PUTRAJAYA,KLINIK,KLINIK KESIHATAN,KK PUTRAJAYA PRESINT 14,"LOT BILIK BACAAN, BLOK E, KUARTERS KAKITANGAN KERAJAAN PRESINT 14, PUTRAJAYA",,62250,,,,,2.9535879,101.7262156
1436,21-16010009,BUKA,AWAM,KKM,,WILAYAH PERSEKUTUAN PUTRAJAYA,WILAYAH PERSEKUTUAN PUTRAJAYA,KLINIK,KLINIK KESIHATAN,KK PUTRAJAYA PRESINT 11,"KUARTERS PENJAWAT AWAM, ZON 6B, JALAN P11J, PRESINT 11, PUTRAJAYA",,62300,,,,,2.9527515,101.6773161
1437,21-16010010,BUKA,AWAM,KKM,,WILAYAH PERSEKUTUAN PUTRAJAYA,WILAYAH PERSEKUTUAN PUTRAJAYA,KLINIK,KLINIK KESIHATAN,KK PUTRAJAYA PRESINT 18,"JALAN P18C1, PRESINT 18, PUTRAJAYA",,62500,,,,,2.9222489,101.6982225
1438,21-14010048,BUKA,AWAM,KKM,,WILAYAH PERSEKUTUAN KUALA LUMPUR,WILAYAH PERSEKUTUAN KUALA LUMPUR DAN PUTRAJAYA,KLINIK,KLINIK KOMUNITI,KKOM KERINCHI,"ARAS BAWAH BLOK E, PPR KERINCHI, JALAN PANTAI PERMAI 1, JALAN PANTAI PERMAI",,59200,,,,,3.114148,101.6643038
1439,21-14010049,BUKA,AWAM,KKM,,WILAYAH PERSEKUTUAN KUALA LUMPUR,WILAYAH PERSEKUTUAN KUALA LUMPUR DAN PUTRAJAYA,KLINIK,KLINIK KOMUNITI,KKOM PERKASA,"B-0-1, BLOK B, PPR PERKASA, JALAN NAKHODA YUSOF, KAMPUNG PANDAN",,55100,,,,,3.140636,101.7288931
1440,21-14010050,BUKA,AWAM,KKM,,WILAYAH PERSEKUTUAN KUALA LUMPUR,WILAYAH PERSEKUTUAN KUALA LUMPUR DAN PUTRAJAYA,KLINIK,KLINIK KOMUNITI,KKOM TAMAN MELATI,"DEWAN SERBAGUNA, PUSAT KONUNITI GOMBAK, TAMAN MELATI",,53100,,,,,3.221806,101.725659
1441,21-14010051,BUKA,AWAM,KKM,,WILAYAH PERSEKUTUAN KUALA LUMPUR,WILAYAH PERSEKUTUAN KUALA LUMPUR DAN PUTRAJAYA,KLINIK,KLINIK KOMUNITI,KKOM INTAN BAIDURI,"B-0-5, BLOK B, KEPONG UTARA, 
MUKIM BATU, KEPONG",,52100,,,,,3.207742,101.6449891
1442,21-14010052,BUKA,AWAM,KKM,,WILAYAH PERSEKUTUAN KUALA LUMPUR,WILAYAH PERSEKUTUAN KUALA LUMPUR DAN PUTRAJAYA,KLINIK,KLINIK KOMUNITI,KKOM DESA REJANG,"BLOK B-0-1, PPR DESA REJANG, SETAPAK",,53300,,,,,3.1894084,101.73035
1443,21-14010054,BUKA,AWAM,KKM,,WILAYAH PERSEKUTUAN KUALA LUMPUR,WILAYAH PERSEKUTUAN KUALA LUMPUR DAN PUTRAJAYA,KLINIK,KLINIK KOMUNITI,KKOM DESA TUN RAZAK,"TINGKAT BAWAH BLOK 8, 
PPR DESA TUN RAZAK",,56000,,,,,3.079034,101.718229
1444,21-14010065,BUKA,AWAM,KKM,,WILAYAH PERSEKUTUAN KUALA LUMPUR,WILAYAH PERSEKUTUAN KUALA LUMPUR DAN PUTRAJAYA,KLINIK,KLINIK KOMUNITI,KKOM METRO PRIMA,"NO 5 & 7, JLN PRIMA 7, METRO PRIMA",,52100,,,,,3.2125871,101.6416448
1445,21-14010057,BUKA,AWAM,KKM,,WILAYAH PERSEKUTUAN KUALA LUMPUR,WILAYAH PERSEKUTUAN KUALA LUMPUR DAN PUTRAJAYA,KLINIK,KLINIK KOMUNITI,KKOM SERI MALAYSIA,"A-0-5, PPR SERI MALAYSIA, SUNGAI BESI",,57100,,,,,3.057444,101.71787
1446,21-14010064,BUKA,AWAM,KKM,,WILAYAH PERSEKUTUAN KUALA LUMPUR,WILAYAH PERSEKUTUAN KUALA LUMPUR DAN PUTRAJAYA,KLINIK,KLINIK KOMUNITI,KKOM PPR SERI ALAM,"PPR SERI ALAM BLOK 1, 
JALAN SG BESI PUDU",,56000,,,,,3.134848,101.7135562
1447,21-14010067,BUKA,AWAM,KKM,,WILAYAH PERSEKUTUAN KUALA LUMPUR,WILAYAH PERSEKUTUAN KUALA LUMPUR DAN PUTRAJAYA,KLINIK,KLINIK KOMUNITI,KKOM KUCHAI ENT.PARK,"NO 47 & 49 JALAN 10/116B, 
KUCHAI ENT.PARK",,58200,,,,,3.090053,101.6900381
1448,21-14010066,BUKA,AWAM,KKM,,WILAYAH PERSEKUTUAN KUALA LUMPUR,WILAYAH PERSEKUTUAN KUALA LUMPUR DAN PUTRAJAYA,KLINIK,KLINIK KOMUNITI,KKOM HANG TUAH,BANGUNAN KLINIK KESIHATAN IBU ANAK HANG TUAH,,55200,,,,,3.1499222,101.6944619
1449,21-14010061,BUKA,AWAM,KKM,,WILAYAH PERSEKUTUAN KUALA LUMPUR,WILAYAH PERSEKUTUAN KUALA LUMPUR DAN PUTRAJAYA,KLINIK,KLINIK KOMUNITI,KKOM FLAT DANAU KOTA,ARAS BAWAH BLOK D FLAT DANAU KOTA SETAPAK,,53300,,,,,3.2025275,101.7168871
1451,21-14010077,BUKA,AWAM,KKM,,WILAYAH PERSEKUTUAN KUALA LUMPUR,WILAYAH PERSEKUTUAN KUALA LUMPUR DAN PUTRAJAYA,KLINIK,KLINIK KOMUNITI,"KKOM TAMAN TUN DR ISMAIL, KUALA LUMPUR","JALAN TUN MOHD FUAD, TAMAN TUN DR ISMAIL, KUALA LUMPUR",,60000,,,,,3.1400215,101.6304376
1452,21-14010079,BUKA,AWAM,KKM,,WILAYAH PERSEKUTUAN KUALA LUMPUR,WILAYAH PERSEKUTUAN KUALA LUMPUR DAN PUTRAJAYA,KLINIK,KLINIK KOMUNITI,KKOM SUNGAI MULIA JALAN GOMBAK,"BANGUNAN KUARTERS LAMA KAKITANGAN JKWPKL&P SUNGAI MULIA, 
JLN GOMBAK, KUALA LUMPUR",,53000,,,,,3.2096156,101.7048038
1453,21-14010084,BUKA,AWAM,KKM,,WILAYAH PERSEKUTUAN KUALA LUMPUR,WILAYAH PERSEKUTUAN KUALA LUMPUR DAN PUTRAJAYA,KLINIK,KLINIK KOMUNITI,KKOM PINGGIRAN BUKIT JALIL,"BLOK E (ARAS BAWAH) PPR PINGGIRAN BUKIT JALIL, (JALAN BUKIT JALIL INDAH 1), BUKIT JALIL",,57000,,,,,3.0586745,101.6917068
1454,21-14010086,BUKA,AWAM,KKM,,WILAYAH PERSEKUTUAN KUALA LUMPUR,WILAYAH PERSEKUTUAN KUALA LUMPUR DAN PUTRAJAYA,KLINIK,KLINIK KOMUNITI,KKOM PANTAI RIA,"ARAS BAWAH KOLONG BLOK A, PPR PANTAI RIA, JLN. KAMPONG PASIR, KAMPUNG PASIR, OFF JLN. KLANG LAMA, 
PANTAI DALAM, KUALA LUMPUR",,59200,,,,,3.111359,101.6622439
1455,21-14010412,BUKA,AWAM,KKM,,WILAYAH PERSEKUTUAN KUALA LUMPUR,WILAYAH PERSEKUTUAN KUALA LUMPUR DAN PUTRAJAYA,KLINIK,KLINIK KOMUNITI,KKOM RAYA PERMAI,"D-00-01, PPR RAYA PERMAI, JALAN SUNGAI BESI, WILAYAH PERSEKUTUAN, SUNGAI BESI, KUALA LUMPUR",,57100,,,,,3.0445225,101.7233698
1456,21-14010413,BUKA,AWAM,KKM,,WILAYAH PERSEKUTUAN KUALA LUMPUR,WILAYAH PERSEKUTUAN KUALA LUMPUR DAN PUTRAJAYA,KLINIK,KLINIK KOMUNITI,KKOM TAMAN WAHYU,"C-00-09, BLOK C, TINGKAT BAWAH, PPR TAMAN WAHYU 2, BATU 6 1/2, 
JALAN IPOH, KUALA LUMPUR",,51200,,,,,3.218694,101.6706719
1458,21-14010033,BUKA,AWAM,KKM,,WILAYAH PERSEKUTUAN KUALA LUMPUR,WILAYAH PERSEKUTUAN KUALA LUMPUR DAN PUTRAJAYA,KLINIK,KLINIK KESIHATAN IBU DAN ANAK,KKIA BANDAR TUN RAZAK,"BLOK 90-00-05, FLAT SRI KOTA, 
BANDAR TUN RAZAK",,56000,,,,,3.0891939,101.7141464
1459,21-14010035,BUKA,AWAM,KKM,,WILAYAH PERSEKUTUAN KUALA LUMPUR,WILAYAH PERSEKUTUAN KUALA LUMPUR DAN PUTRAJAYA,KLINIK,KLINIK KESIHATAN IBU DAN ANAK,KKIA TAMAN SRI SENTOSA,"BLOK 67-00-01 & 67-00-02, 
TAMAN SRI SENTOSA",,55800,,,,,3.07658,101.6545612
1460,21-14010036,BUKA,AWAM,KKM,,WILAYAH PERSEKUTUAN KUALA LUMPUR,WILAYAH PERSEKUTUAN KUALA LUMPUR DAN PUTRAJAYA,KLINIK,KLINIK KESIHATAN IBU DAN ANAK,KKIA TAMAN PANTAI INDAH,"NO 7, JLN 2/ 112 F, TAMAN PANTAI INDAH, JLN PANTAI DALAM, BANGSAR",,59100,,,,,3.0939558,101.6692483
1461,21-14010037,BUKA,AWAM,KKM,,WILAYAH PERSEKUTUAN KUALA LUMPUR,WILAYAH PERSEKUTUAN KUALA LUMPUR DAN PUTRAJAYA,KLINIK,KLINIK KESIHATAN IBU DAN ANAK,KKIA CHERAS MAKMUR,"NO 16 & 18 JLN 2/96 A, 
TAMAN CHERAS MAKMUR",,56100,,,,,3.1019399,101.7406651
1462,21-14010038,BUKA,AWAM,KKM,,WILAYAH PERSEKUTUAN KUALA LUMPUR,WILAYAH PERSEKUTUAN KUALA LUMPUR DAN PUTRAJAYA,KLINIK,KLINIK KESIHATAN IBU DAN ANAK,KKIA KOPERASI POLIS FASA 2,"PTD 13591, KAMPUNG KENANG-KENANGAN DATO' ONN, JALAN PERAK, SIMPANG KANAN",,68100,,,,,3.2444184,101.7044614
1463,21-05020034,BUKA,AWAM,KKM,,NEGERI SEMBILAN,JEMPOL,KLINIK,KLINIK KESIHATAN,KK LUI MUDA,"BANDAR SRI JEMPOL, BAHAU",,72120,,,,,2.90361,102.420802
1464,21-05020038,BUKA,AWAM,KKM,,NEGERI SEMBILAN,JEMPOL,KLINIK,KLINIK KESIHATAN,"KK PALONG 4,5,6","KLINIK KESIHATAN PALONG 4,5,6, GEMAS",,73430,,,,,2.741509,102.6473861
1465,21-05020050,BUKA,AWAM,KKM,,NEGERI SEMBILAN,JEMPOL,KLINIK,KLINIK KESIHATAN,KK SERTING HILIR,"SERTING HILIR, BANDAR SRI JEMPOL",,72120,,,,,2.945446,102.493309
1466,21-05020021,BUKA,AWAM,KKM,,NEGERI SEMBILAN,JEMPOL,KLINIK,KLINIK KESIHATAN,KK BAHAU,BAHAU,,72120,,,,,2.8031332,102.3778618
1467,21-05020028,BUKA,AWAM,KKM,,NEGERI SEMBILAN,JEMPOL,KLINIK,KLINIK KESIHATAN,KK BANDAR SERI JEMPOL,BANDAR SERI JEMPOL,,72120,,,,,2.945446,102.493309
1468,21-05020039,BUKA,AWAM,KKM,,NEGERI SEMBILAN,JEMPOL,KLINIK,KLINIK KESIHATAN,KK PALONG 7&8(FELDA),GEMAS,,73430,,,,,2.82201,102.667
1469,21-05020040,BUKA,AWAM,KKM,,NEGERI SEMBILAN,JEMPOL,KLINIK,KLINIK KESIHATAN,"KK PALONG 9,10,11","JKR 861, KLINIK KESIHATAN PALONG, 9,10,11, GEMAS",,73430,,,,,2.7842323,102.5811996
1470,21-05010027,BUKA,AWAM,KKM,,NEGERI SEMBILAN,JELEBU,KLINIK,KLINIK KESIHATAN,KK JELEBU,KUALA KLAWANG,,71600,,,,,2.9551305,102.0597024
1471,21-05010086,BUKA,AWAM,KKM,,NEGERI SEMBILAN,JELEBU,KLINIK,KLINIK KESIHATAN,KK PASOH 1,"PASOH 1, SIMPANG PERTANG",,72300,,,,,3.0162978,102.2685623
1472,21-05010043,BUKA,AWAM,KKM,,NEGERI SEMBILAN,JELEBU,KLINIK,KLINIK KESIHATAN,KK PERTANG,SIMPANG PERTANG,,72300,,,,,2.9556092,102.2245753
1473,21-05010051,BUKA,AWAM,KKM,,NEGERI SEMBILAN,JELEBU,KLINIK,KLINIK KESIHATAN,KK SIMPANG DURIAN,SIMPANG DURIAN,,72400,,,,,3.101361,102.220555
1474,21-05010055,BUKA,AWAM,KKM,,NEGERI SEMBILAN,JELEBU,KLINIK,KLINIK KESIHATAN,KK TITI,JELEBU,,71650,,,,,3.0027064,102.0794771
1475,21-05010063,BUKA,AWAM,KKM,,NEGERI SEMBILAN,JELEBU,KLINIK,KLINIK KESIHATAN,KK CHENNAH,"KLINIK KESIHATAN CHENNAH, 
KG. CHENNAH",,71650,,,,,3.0913181,102.0718223
1476,21-05030031,BUKA,AWAM,KKM,,NEGERI SEMBILAN,KUALA PILAH,KLINIK,KLINIK KESIHATAN,KK KUALA PILAH,KUALA PILAH,,72000,,,,,2.7370908,102.2490575
1477,21-05030025,BUKA,AWAM,KKM,,NEGERI SEMBILAN,KUALA PILAH,KLINIK,KLINIK KESIHATAN,KK GUNUNG PASIR,SRI MENANTI,,71550,,,,,2.668071,102.1457981
1478,21-05030029,BUKA,AWAM,KKM,,NEGERI SEMBILAN,KUALA PILAH,KLINIK,KLINIK KESIHATAN,KK JOHOL,KUALA PILAH,,73100,,,,,2.5789559,102.2319048
1479,21-05030030,BUKA,AWAM,KKM,,NEGERI SEMBILAN,KUALA PILAH,KLINIK,KLINIK KESIHATAN,KK JUASSEH,KUALA PILAH,,72500,,,,,2.79334,102.303
1480,21-05030037,BUKA,AWAM,KKM,,NEGERI SEMBILAN,KUALA PILAH,KLINIK,KLINIK KESIHATAN,KK PADANG LEBAR,BATU KIKIR,,72200,,,,,2.8338051,102.314655
1481,21-05030096,BUKA,AWAM,KKM,,NEGERI SEMBILAN,KUALA PILAH,KLINIK,KLINIK KESIHATAN,KK SENALING,KUALA PILAH,,72000,,,,,2.7069358,102.2483544
1482,21-05030052,BUKA,AWAM,KKM,,NEGERI SEMBILAN,KUALA PILAH,KLINIK,KLINIK KESIHATAN,KK SRI MENANTI,SRI MENANTI,,71550,,,,,2.6983238,102.1610459
1483,21-05030054,BUKA,AWAM,KKM,,NEGERI SEMBILAN,KUALA PILAH,KLINIK,KLINIK KESIHATAN,KK TERACHI,TANJONG IPOH,,71500,,,,,2.74171,102.135
1484,21-05040022,BUKA,AWAM,KKM,,NEGERI SEMBILAN,PORT DICKSON,KLINIK,KLINIK KESIHATAN,KK BUKIT PELANDUK,PORT DICKSON,,71960,,,,,2.6372465,101.7614688
1485,21-05040033,BUKA,AWAM,KKM,,NEGERI SEMBILAN,PORT DICKSON,KLINIK,KLINIK KESIHATAN,KK LINGGI,DAERAH PORT DICKSON,,71150,,,,,2.4831613,102.0178128
1486,21-05040130,BUKA,AWAM,KKM,,NEGERI SEMBILAN,PORT DICKSON,KLINIK,KLINIK KESIHATAN,KK LUKUT,"KM 10, JALAN SEREMBAN,
LUKUT",,71010,,,,,2.5758982,101.837447
1487,21-05040041,BUKA,AWAM,KKM,,NEGERI SEMBILAN,PORT DICKSON,KLINIK,KLINIK KESIHATAN,KK PASIR PANJANG,PASIR PANJANG,,71250,,,,,2.4292411,101.9367721
1488,21-05040044,BUKA,AWAM,KKM,,NEGERI SEMBILAN,PORT DICKSON,KLINIK,KLINIK KESIHATAN,KK PORT DICKSON,"KM 1, JALAN SEREMBAN",,71000,,,,,2.5281308,101.7919092
1489,21-05040126,BUKA,AWAM,KKM,,NEGERI SEMBILAN,PORT DICKSON,KLINIK,KLINIK KESIHATAN,KK BAGAN PINANG,"BATU 4, JALAN PANTAI",,71050,,,,,2.5044304,101.8359225
1490,21-05050020,BUKA,AWAM,KKM,,NEGERI SEMBILAN,REMBAU,KLINIK,KLINIK KESIHATAN,KK ASTANA RAJA,"KG. ASTANA RAJA, KOTA",,71350,,,,,2.510584,102.126073
1491,21-05050163,BUKA,AWAM,KKM,,NEGERI SEMBILAN,REMBAU,KLINIK,KLINIK KESIHATAN,KK KOTA,KOTA,,71350,,,,,2.5217468,102.1569216
1492,21-05050042,BUKA,AWAM,KKM,,NEGERI SEMBILAN,REMBAU,KLINIK,KLINIK KESIHATAN,KK PEDAS,PEKAN PEDAS,,71400,,,,,2.6293,102.06287
1493,21-05050047,BUKA,AWAM,KKM,,NEGERI SEMBILAN,REMBAU,KLINIK,KLINIK KESIHATAN,KK REMBAU,JLN BATU HAMPAR,,71300,,,,,2.5944304,102.1017461
1494,21-05060019,BUKA,AWAM,KKM,,NEGERI SEMBILAN,SEREMBAN,KLINIK,KLINIK KESIHATAN,KK AMPANGAN,"KM 4, JALAN SEREMBAN-KUALA PILAH",,70400,,,,,2.723503,101.9872635
1495,21-05060155,BUKA,AWAM,KKM,,NEGERI SEMBILAN,SEREMBAN,KLINIK,KLINIK KESIHATAN,KK DESA RHU,SIKAMAT,,70400,,,,,2.7454914,101.9616089
1496,21-05060032,BUKA,AWAM,KKM,,NEGERI SEMBILAN,SEREMBAN,KLINIK,KLINIK KESIHATAN,KK LENGGENG,LENGGENG,,71750,,,,,2.86717,101.937
1497,21-05060035,BUKA,AWAM,KKM,,NEGERI SEMBILAN,SEREMBAN,KLINIK,KLINIK KESIHATAN,KK MANTIN,JALAN BESAR MANTIN,,71700,,,,,2.8249219,101.8930432
1498,21-05060036,BUKA,AWAM,KKM,,NEGERI SEMBILAN,SEREMBAN,KLINIK,KLINIK KESIHATAN,KK NILAI,"JALAN BESAR, PEKAN NILAI",,71800,,,,,2.8029347,101.798674
1499,21-05060045,BUKA,AWAM,KKM,,NEGERI SEMBILAN,SEREMBAN,KLINIK,KLINIK KESIHATAN,KK KUARTERS KLIA,NILAI,,71800,,,,,2.7668068,101.7645442
1500,21-05060046,BUKA,AWAM,KKM,,NEGERI SEMBILAN,SEREMBAN,KLINIK,KLINIK KESIHATAN,KK RANTAU,RANTAU,,71200,,,,,2.6010343,101.9618773
1501,21-05060179,BUKA,AWAM,KKM,,NEGERI SEMBILAN,SEREMBAN,KLINIK,KLINIK KESIHATAN,KK SENAWANG,PERSIARAN SENAWANG 2,,70450,,,,,2.692094,101.9881546
1502,21-05060048,BUKA,AWAM,KKM,,NEGERI SEMBILAN,SEREMBAN,KLINIK,KLINIK KESIHATAN,KK SENDAYAN ,FELDA SENDAYAN,,71950,,,,,2.6787278,101.8455539
1503,21-05060049,BUKA,AWAM,KKM,,NEGERI SEMBILAN,SEREMBAN,KLINIK,KLINIK KESIHATAN,KK SEREMBAN,JALAN RASAH,,70300,,,,,2.7082427,101.9398229
1504,21-05060180,BUKA,AWAM,KKM,,NEGERI SEMBILAN,SEREMBAN,KLINIK,KLINIK KESIHATAN,KK SEREMBAN 2,JALAN S2 A2,,70300,,,,,2.705862,101.9083675
1505,21-05060206,BUKA,AWAM,KKM,,NEGERI SEMBILAN,SEREMBAN,KLINIK,KLINIK KESIHATAN,KK SIKAMAT,"KLINIK KESIHATAN SIKAMAT, JLN. TUNKU KURSHIAH",,70400,,,,,2.7356829,101.9540789
1506,21-05060296,BUKA,AWAM,KKM,,NEGERI SEMBILAN,SEREMBAN,KLINIK,KLINIK KESIHATAN,KK UTC SEREMBAN,"UDA MALL SBD BHD, NO.G-05 & G-06, TINGKAT GF (GROUND FLOOR), UTC N. SEMBILAN & ANGSANA SEREMBAN, JLN. SEREMBAN, KUALA PILAH",,70400,,,,,2.7229112,101.9622402
1507,21-05060143,BUKA,AWAM,KKM,,NEGERI SEMBILAN,SEREMBAN,KLINIK,KLINIK KESIHATAN,KK FELDA LBJ,LBJ,,71760,,,,,2.722214,101.7835628
1508,21-05070170,BUKA,AWAM,KKM,,NEGERI SEMBILAN,TAMPIN,KLINIK,KLINIK KESIHATAN,KK BUKIT ROKAN (FELDA),GEMENCHEH,,73200,,,,,2.5541667,102.4486111
1509,21-05070023,BUKA,AWAM,KKM,,NEGERI SEMBILAN,TAMPIN,KLINIK,KLINIK KESIHATAN,KK GEMAS,"JALAN TOK SULONG, GEMAS",,73400,,,,,2.5793541,102.5984255
1510,21-05070024,BUKA,AWAM,KKM,,NEGERI SEMBILAN,TAMPIN,KLINIK,KLINIK KESIHATAN,KK GEMENCHEH,GEMENCHEH,,73200,,,,,2.532729,102.3997979
1511,21-05070026,BUKA,AWAM,KKM,,NEGERI SEMBILAN,TAMPIN,KLINIK,KLINIK KESIHATAN,KK JELAI,GEMAS,,73400,,,,,2.6458089,102.4890594
1512,21-05070053,BUKA,AWAM,KKM,,NEGERI SEMBILAN,TAMPIN,KLINIK,KLINIK KESIHATAN,KK TAMPIN,TAMPIN,,73009,,,,,2.472971,102.231194
1513,21-05070018,BUKA,AWAM,KKM,,NEGERI SEMBILAN,TAMPIN,KLINIK,KLINIK KESIHATAN,KK AIR KUNING SELATAN,GEMENCHEH,,73200,,,,,2.496109,102.4769149
1515,21-05010201,BUKA,AWAM,KKM,,NEGERI SEMBILAN,JELEBU,KLINIK,KLINIK KOMUNITI,KKOM TAMAN BUKIT KEMPAS,"NO 14 (TING.BWH) JLN BUKIT KEMPAS 1, TAMAN BUKIT KEMPAS",,71650,,,,,2.9811364,102.0659134
1516,21-05030195,BUKA,AWAM,KKM,,NEGERI SEMBILAN,KUALA PILAH,KLINIK,KLINIK KOMUNITI,KKOM TAMAN DESA MELANG,"NO. 108, JLN DESA MELANG",,72000,,,,,2.736195,102.2234471
1517,21-05040185,BUKA,AWAM,KKM,,NEGERI SEMBILAN,PORT DICKSON,KLINIK,KLINIK KOMUNITI,KKOM TAMAN INTAN PERDANA,"NO. 205 &207, JALAN 2/2 TAMAN INTAN PERDANA, TELOK KEMANG",,71250,,,,,2.4530099,101.8747688
1518,21-05050199,BUKA,AWAM,KKM,,NEGERI SEMBILAN,REMBAU,KLINIK,KLINIK KOMUNITI,KKOM KOTA,"NO.806 (TING.BWH) TAMAN SRI KOTA, 
JLN SEREMBAN-TAMPIN",,71350,,,,,2.5075424,102.1685933
1519,21-05060181,BUKA,AWAM,KKM,,NEGERI SEMBILAN,SEREMBAN,KLINIK,KLINIK KOMUNITI,KKOM SEREMBAN JAYA,"NO.2294, JALAN SJ 10/1, 
TAMAN SEREMBAN JAYA",,70450,,,,,2.6700776,101.9833441
1520,21-05060182,BUKA,AWAM,KKM,,NEGERI SEMBILAN,SEREMBAN,KLINIK,KLINIK KOMUNITI,KKOM TAMAN RASAH JAYA,"NO.3773, JALAN RASAH JAYA 6-11, 
TAMAN RASAH JAYA",,70300,,,,,2.6788497,101.9440342
1521,21-05060183,BUKA,AWAM,KKM,,NEGERI SEMBILAN,SEREMBAN,KLINIK,KLINIK KOMUNITI,KKOM TAMAN SEMARAK 2,"NO. 5742, JALAN TS 2/1E, 
TAMAN SEMARAK 2, NILAI",,71800,,,,,2.8211588,101.8169252
1523,21-05060204,BUKA,AWAM,KKM,,NEGERI SEMBILAN,SEREMBAN,KLINIK,KLINIK KOMUNITI,KKOM KUALA SAWAH,"LOT 1887, JALAN BESAR KUALA SAWAH, RANTAU",,71200,,,,,2.5861939,101.9618653
1524,21-05070200,BUKA,AWAM,KKM,,NEGERI SEMBILAN,TAMPIN,KLINIK,KLINIK KOMUNITI,KKOM GEMAS,"NO 3, (TING.BWH) LOT PERNIAGAAN TAMAN DESA",,73400,,,,,2.581593,102.612488
1525,21-05020057,BUKA,AWAM,KKM,,NEGERI SEMBILAN,JEMPOL,KLINIK,KLINIK DESA,KD AIR HITAM,JEMPOL,,72120,,,,,2.9395839,102.3833832
1526,21-05020059,BUKA,AWAM,KKM,,NEGERI SEMBILAN,JEMPOL,KLINIK,KLINIK DESA,KD BATU KIKIR,BATU KIKIR,,72200,,,,,2.8806402,102.2433477
1527,21-05020062,BUKA,AWAM,KKM,,NEGERI SEMBILAN,JEMPOL,KLINIK,KLINIK DESA,KD BUKIT ROKAN BARAT,ROMPIN,,73200,,,,,2.6774061,102.3794126
1528,21-05020075,BUKA,AWAM,KKM,,NEGERI SEMBILAN,JEMPOL,KLINIK,KLINIK DESA,KD LADANG GADDES,BANDAR SERI JEMPOL,,72120,,,,,2.86014,102.52039
1529,21-05020077,BUKA,AWAM,KKM,,NEGERI SEMBILAN,JEMPOL,KLINIK,KLINIK DESA,KD LUI BARAT,JEMPOL,,72120,,,,,2.969783,102.374798
1530,21-05020078,BUKA,AWAM,KKM,,NEGERI SEMBILAN,JEMPOL,KLINIK,KLINIK DESA,KD LUI SELATAN,"7/82, KLINIK DESA LUI SELATAN, 
BANDAR SERI JEMPOL",,72120,,,,,3.0006033,102.40012
1531,21-05020079,BUKA,AWAM,KKM,,NEGERI SEMBILAN,JEMPOL,KLINIK,KLINIK DESA,KD LUI TIMUR,BANDAR SERI JEMPOL,,72120,,,,,3.0652019,102.3903523
1532,21-05020081,BUKA,AWAM,KKM,,NEGERI SEMBILAN,JEMPOL,KLINIK,KLINIK DESA,KD PALONG 1,JEMPOL,,73440,,,,,2.684817,102.5717357
1533,21-05020082,BUKA,AWAM,KKM,,NEGERI SEMBILAN,JEMPOL,KLINIK,KLINIK DESA,"KD PALONG 12,13","JKR 938, GEMAS",,73470,,,,,2.8231223,102.5891709
1534,21-05020083,BUKA,AWAM,KKM,,NEGERI SEMBILAN,JEMPOL,KLINIK,KLINIK DESA,"KD PALONG 14,15,16",PUSAT BANDAR PALONG,,73470,,,,,2.85535,102.62
1535,21-05020084,BUKA,AWAM,KKM,,NEGERI SEMBILAN,JEMPOL,KLINIK,KLINIK DESA,KD PALONG 2,JEMPOL,,73460,,,,,2.7298925,102.5868519
1536,21-05020085,BUKA,AWAM,KKM,,NEGERI SEMBILAN,JEMPOL,KLINIK,KLINIK DESA,KD PALONG 3,JEMPOL,,73460,,,,,2.6867448,102.6165312
1537,21-05020087,BUKA,AWAM,KKM,,NEGERI SEMBILAN,JEMPOL,KLINIK,KLINIK DESA,KD PASOH 2,JEMPOL,,72300,,,,,2.943794,102.3003691
1538,21-05020088,BUKA,AWAM,KKM,,NEGERI SEMBILAN,JEMPOL,KLINIK,KLINIK DESA,KD PASOH 3,JEMPOL,,72200,,,,,2.9294708,102.3365417
1541,21-05020097,BUKA,AWAM,KKM,,NEGERI SEMBILAN,JEMPOL,KLINIK,KLINIK DESA,KD SERTING ILIR,BAHAU,,72100,,,,,2.8049123,102.4096283
1542,21-05020098,BUKA,AWAM,KKM,,NEGERI SEMBILAN,JEMPOL,KLINIK,KLINIK DESA,KD SERTING TENGAH,BATU KIKIR,,72200,,,,,2.884524,102.319992
1543,21-05020138,BUKA,AWAM,KKM,,NEGERI SEMBILAN,JEMPOL,KLINIK,KLINIK DESA,KD SERTING ULU,SIMPANG PERTANG,,72100,,,,,2.9442994,102.2609211
1544,21-05020100,BUKA,AWAM,KKM,,NEGERI SEMBILAN,JEMPOL,KLINIK,KLINIK DESA,KD SUNGAI LUI,BANDAR SERI JEMPOL,,72120,,,,,2.903417,102.4011407
1546,21-05010066,BUKA,AWAM,KKM,,NEGERI SEMBILAN,JELEBU,KLINIK,KLINIK DESA,KD FELDA TITI,"JALAN KAMPUNG SEPRI, JELEBU",,71650,,,,,3.0587769,102.0580788
1547,21-05010069,BUKA,AWAM,KKM,,NEGERI SEMBILAN,JELEBU,KLINIK,KLINIK DESA,KD JAMBATAN SERONG,"BT.22, JALAN SEREMBAN, KUALA KLAWANG",,71600,,,,,2.913791,102.052998
1548,21-05010071,BUKA,AWAM,KKM,,NEGERI SEMBILAN,JELEBU,KLINIK,KLINIK DESA,KD JERANG,SIMPANG DURIAN,,72400,,,,,3.1264743,102.2477011
1549,21-05010076,BUKA,AWAM,KKM,,NEGERI SEMBILAN,JELEBU,KLINIK,KLINIK DESA,KD LAKAI,"KAMPUNG LAKAI, SIMPANG DURIAN",,72400,,,,,3.0514684,102.2559061
1550,21-05010089,BUKA,AWAM,KKM,,NEGERI SEMBILAN,JELEBU,KLINIK,KLINIK DESA,KD PASOH 4 (KD LAMA),SPG PERTANG,,72300,,,,,3.0145039,102.2948311
1551,21-05010090,BUKA,AWAM,KKM,,NEGERI SEMBILAN,JELEBU,KLINIK,KLINIK DESA,KD PERADONG,KUALA KLAWANG,,71600,,,,,2.966148,102.1361771
1552,21-05010091,BUKA,AWAM,KKM,,NEGERI SEMBILAN,JELEBU,KLINIK,KLINIK DESA,KD PETASEH,JELEBU,,72300,,,,,2.98195,102.1867294
1553,21-05010093,BUKA,AWAM,KKM,,NEGERI SEMBILAN,JELEBU,KLINIK,KLINIK DESA,KD RANGOI ,SIMPANG DURIAN,,72300,,,,,2.9682427,102.2776838
1554,21-05010101,BUKA,AWAM,KKM,,NEGERI SEMBILAN,JELEBU,KLINIK,KLINIK DESA,KD SIMPANG PERTANG,JELEBU,,72300,,,,,2.9409241,102.2648859
1555,21-05010105,BUKA,AWAM,KKM,,NEGERI SEMBILAN,JELEBU,KLINIK,KLINIK DESA,KD ULU JELEBU,KUALA KLAWANG,,71600,,,,,2.9375903,102.0777676
1556,21-05010107,BUKA,AWAM,KKM,,NEGERI SEMBILAN,JELEBU,KLINIK,KLINIK DESA,KD ULU KLAWANG,"BT.19, JALAN SEREMBAN, KUALA KLAWANG",,71600,,,,,2.8828631,102.0375565
1557,21-05010108,BUKA,AWAM,KKM,,NEGERI SEMBILAN,JELEBU,KLINIK,KLINIK DESA,KD ULU TERIANG,KUALA KLAWANG,,71600,,,,,2.9311389,102.0946818
1558,21-05030109,BUKA,AWAM,KKM,,NEGERI SEMBILAN,KUALA PILAH,KLINIK,KLINIK DESA,KD AMPANG TINGGI,KUALA PILAH,,72000,,,,,2.7443372,102.220463
1559,21-05030058,BUKA,AWAM,KKM,,NEGERI SEMBILAN,KUALA PILAH,KLINIK,KLINIK DESA,KD AYER MAWANG,JOHOL,,73100,,,,,2.556542,102.258553
1560,21-05030060,BUKA,AWAM,KKM,,NEGERI SEMBILAN,KUALA PILAH,KLINIK,KLINIK DESA,KD BETING,KUALA PILAH,,72000,,,,,2.7695238,102.2514705
1561,21-05030061,BUKA,AWAM,KKM,,NEGERI SEMBILAN,KUALA PILAH,KLINIK,KLINIK DESA,KD BETONG,KUALA PILAH,,73100,,,,,2.740474,102.2488718
1562,21-05030064,BUKA,AWAM,KKM,,NEGERI SEMBILAN,KUALA PILAH,KLINIK,KLINIK DESA,KD DANGI,JOHOL,,73100,,,,,2.644545,102.3236971
1563,21-05030065,BUKA,AWAM,KKM,,NEGERI SEMBILAN,KUALA PILAH,KLINIK,KLINIK DESA,KD FELDA KEPIS,KUALA PILAH,,72100,,,,,2.7386936,102.3474526
1564,21-05030067,BUKA,AWAM,KKM,,NEGERI SEMBILAN,KUALA PILAH,KLINIK,KLINIK DESA,KD GACHONG,SRI MENANTI,,71550,,,,,2.695283,102.21503
1565,21-05030068,BUKA,AWAM,KKM,,NEGERI SEMBILAN,KUALA PILAH,KLINIK,KLINIK DESA,KD INAS,INAS,,73100,,,,,2.740474,102.2488718
1566,21-05030070,BUKA,AWAM,KKM,,NEGERI SEMBILAN,KUALA PILAH,KLINIK,KLINIK DESA,KD JELAI,BAHAU,,72100,,,,,2.8049123,102.4096283
1567,21-05030072,BUKA,AWAM,KKM,,NEGERI SEMBILAN,KUALA PILAH,KLINIK,KLINIK DESA,KD KAMPUNG KEPIS,JOHOL,,73100,,,,,2.697611,102.324236
1568,21-05030073,BUKA,AWAM,KKM,,NEGERI SEMBILAN,KUALA PILAH,KLINIK,KLINIK DESA,KD KAMPUNG TENGAH,SRI MENANTI,,71550,,,,,2.715249,102.185509
1569,21-05030080,BUKA,AWAM,KKM,,NEGERI SEMBILAN,KUALA PILAH,KLINIK,KLINIK DESA,KD MELANG TENGAH,KUALA PILAH,,72000,,,,,2.736195,102.2234471
1570,21-05030110,BUKA,AWAM,KKM,,NEGERI SEMBILAN,KUALA PILAH,KLINIK,KLINIK DESA,KD PELANGI,KUALA PILAH,,72000,,,,,2.7344808,102.2319048
1571,21-05030094,BUKA,AWAM,KKM,,NEGERI SEMBILAN,KUALA PILAH,KLINIK,KLINIK DESA,KD REMBANG PANAS,JUASSEH,,72500,,,,,2.766323,102.3126509
1572,21-05030099,BUKA,AWAM,KKM,,NEGERI SEMBILAN,KUALA PILAH,KLINIK,KLINIK DESA,KD SG. DUA,KUALA PILAH,,72000,,,,,2.7454427,102.2607439
1573,21-05030102,BUKA,AWAM,KKM,,NEGERI SEMBILAN,KUALA PILAH,KLINIK,KLINIK DESA,KD TALANG,TANJONG IPOH,,71500,,,,,2.742457,102.171707
1574,21-05030103,BUKA,AWAM,KKM,,NEGERI SEMBILAN,KUALA PILAH,KLINIK,KLINIK DESA,KD TENGKEK,BATU KIKIR,,72200,,,,,2.857736,102.2064019
1575,21-05030104,BUKA,AWAM,KKM,,NEGERI SEMBILAN,KUALA PILAH,KLINIK,KLINIK DESA,KD TANJONG IPOH,TANJUNG IPOH,,71500,,,,,2.7408226,102.1836086
1576,21-05030106,BUKA,AWAM,KKM,,NEGERI SEMBILAN,KUALA PILAH,KLINIK,KLINIK DESA,KD ULU JUASSEH,JUASSEH,,72500,,,,,2.809436,102.278155
1577,21-05030112,BUKA,AWAM,KKM,,NEGERI SEMBILAN,KUALA PILAH,KLINIK,KLINIK DESA,KD ULU PILAH,SRI MENANTI,,71550,,,,,2.685674,102.185658
1578,21-05040125,BUKA,AWAM,KKM,,NEGERI SEMBILAN,PORT DICKSON,KLINIK,KLINIK DESA,KD CHUAH,PORT DICKSON,,71960,,,,,2.605434,101.7737014
1579,21-05040128,BUKA,AWAM,KKM,,NEGERI SEMBILAN,PORT DICKSON,KLINIK,KLINIK DESA,KD PENGKALAN KEMPAS,LINGGI,,71150,,,,,2.442857,102.0069022
1580,21-05040127,BUKA,AWAM,KKM,,NEGERI SEMBILAN,PORT DICKSON,KLINIK,KLINIK DESA,KD SUNGAI RAYA,PASIR PANJANG,,73009,,,,,2.4383776,101.9576061
1581,21-05040124,BUKA,AWAM,KKM,,NEGERI SEMBILAN,PORT DICKSON,KLINIK,KLINIK DESA,KD TAMPIN LINGGI,LINGGI,,71150,,,,,2.5039767,102.0049
1582,21-05040129,BUKA,AWAM,KKM,,NEGERI SEMBILAN,PORT DICKSON,KLINIK,KLINIK DESA,KD TELUK KEMANG,PASIR PANJANG,,73009,,,,,2.454562,101.8599476
1583,21-05050168,BUKA,AWAM,KKM,,NEGERI SEMBILAN,REMBAU,KLINIK,KLINIK DESA,KD GADONG,"JKR 505, LOT 2436, MUKIM GADONG",,71350,,,,,2.510496,102.159401
1584,21-05050162,BUKA,AWAM,KKM,,NEGERI SEMBILAN,REMBAU,KLINIK,KLINIK DESA,KD KAMPUNG BONGEK,"JKR 35, LOT 951, MUKIM BONGEK",,71300,,,,,2.5690788,102.1223992
1585,21-05050160,BUKA,AWAM,KKM,,NEGERI SEMBILAN,REMBAU,KLINIK,KLINIK DESA,KD KUNDOR,"KAMPUNG KUNDUR, BATU 8",,71300,,,,,2.6093098,102.1061105
1586,21-05050157,BUKA,AWAM,KKM,,NEGERI SEMBILAN,REMBAU,KLINIK,KLINIK DESA,KD LUBOK CHINA,"JKR 110, LOT 2934, MUKIM PEKAN 
LUBUK CHINA",,71300,,,,,2.456325,102.0729483
1587,21-05050167,BUKA,AWAM,KKM,,NEGERI SEMBILAN,REMBAU,KLINIK,KLINIK DESA,KD PEDAS HILIR,"JALAN KUNDOR, BATU 4",,71400,,,,,2.5698652,102.046325
1588,21-05050159,BUKA,AWAM,KKM,,NEGERI SEMBILAN,REMBAU,KLINIK,KLINIK DESA,KD PILIN,"JKR 343, LOT 422, MUKIM PILIN",,71300,,,,,2.5368877,102.0661154
1589,21-05050164,BUKA,AWAM,KKM,,NEGERI SEMBILAN,REMBAU,KLINIK,KLINIK DESA,KD PULAU MAMPAT,"JKR 489, LOT 1655, MUKIM NERASAU",,71350,,,,,2.544329,102.109545
1590,21-05050166,BUKA,AWAM,KKM,,NEGERI SEMBILAN,REMBAU,KLINIK,KLINIK DESA,KD SAWAH RAJA,"JKR 109, LOT 3326, 
MUKIM TITIAN BINTANGOR",,71350,,,,,2.484243,102.1078501
1591,21-05050158,BUKA,AWAM,KKM,,NEGERI SEMBILAN,REMBAU,KLINIK,KLINIK DESA,KD SELAMAK,"JKR 173, LOT 2039, MUKIM SELEMAK",,71300,,,,,2.5884277,102.115776
1592,21-05050165,BUKA,AWAM,KKM,,NEGERI SEMBILAN,REMBAU,KLINIK,KLINIK DESA,KD SEMERBOK,"JKR 361, LOT 1313, MUKIM SEMERBOK",,71350,,,,,2.486713,102.1221241
1593,21-05050169,BUKA,AWAM,KKM,,NEGERI SEMBILAN,REMBAU,KLINIK,KLINIK DESA,KD SEPRI,KAMPUNG SEPRI,,71400,,,,,2.6345743,102.0809721
1594,21-05050161,BUKA,AWAM,KKM,,NEGERI SEMBILAN,REMBAU,KLINIK,KLINIK DESA,KD CHEMBONG HALT,KAMPUNG CHEMBONG HALT,,71400,,,,,2.6148859,102.0815246
1596,21-05060151,BUKA,AWAM,KKM,,NEGERI SEMBILAN,SEREMBAN,KLINIK,KLINIK DESA,KD DACING,"ULU BERANANG, LENGGENG",,71750,,,,,2.9036339,101.9485572
1597,21-05060144,BUKA,AWAM,KKM,,NEGERI SEMBILAN,SEREMBAN,KLINIK,KLINIK DESA,KD GADONG JAYA,LABU,,71900,,,,,2.6999337,101.824675
1598,21-05060147,BUKA,AWAM,KKM,,NEGERI SEMBILAN,SEREMBAN,KLINIK,KLINIK DESA,KD JIMAH LAMA,SILIAU,,71100,,,,,2.646196,101.8469895
1599,21-05060139,BUKA,AWAM,KKM,,NEGERI SEMBILAN,SEREMBAN,KLINIK,KLINIK DESA,KD KAMPUNG JIJAN,"KG. JIJAN, JIJAN",,71900,,,,,2.7552181,101.7818653
1600,21-05060149,BUKA,AWAM,KKM,,NEGERI SEMBILAN,SEREMBAN,KLINIK,KLINIK DESA,KD KUALA SAWAH,RANTAU,,71200,,,,,2.633374,101.9467451
1601,21-05060142,BUKA,AWAM,KKM,,NEGERI SEMBILAN,SEREMBAN,KLINIK,KLINIK DESA,KD MAMBAU,MAMBAU,,70300,,,,,2.6749113,101.9241095
1602,21-05060152,BUKA,AWAM,KKM,,NEGERI SEMBILAN,SEREMBAN,KLINIK,KLINIK DESA,KD MANTIN DALAM,MANTIN,,71700,,,,,2.8169113,101.8886715
1603,21-05060146,BUKA,AWAM,KKM,,NEGERI SEMBILAN,SEREMBAN,KLINIK,KLINIK DESA,KD PAJAM,MANTIN,,71700,,,,,2.851692,101.8372219
1604,21-05060150,BUKA,AWAM,KKM,,NEGERI SEMBILAN,SEREMBAN,KLINIK,KLINIK DESA,KD PANTAI,JALAN PANTAI,,71770,,,,,2.7619345,102.0001457
1605,21-05060145,BUKA,AWAM,KKM,,NEGERI SEMBILAN,SEREMBAN,KLINIK,KLINIK DESA,KD KAMPUNG PULAU,LABU,,71900,,,,,2.767196,101.8121828
1606,21-05060153,BUKA,AWAM,KKM,,NEGERI SEMBILAN,SEREMBAN,KLINIK,KLINIK DESA,KD SILIAU,KG. SILIAU,,71200,,,,,2.57006,101.929239
1608,21-05060148,BUKA,AWAM,KKM,,NEGERI SEMBILAN,SEREMBAN,KLINIK,KLINIK DESA,KD ULU BERANANG,LENGGENG,,71750,,,,,2.9036339,101.9485572
1609,21-05070113,BUKA,AWAM,KKM,,NEGERI SEMBILAN,TAMPIN,KLINIK,KLINIK DESA,KD BENGKAHULU,GEMAS,,73400,,,,,2.6119195,102.5899111
1610,21-05070115,BUKA,AWAM,KKM,,NEGERI SEMBILAN,TAMPIN,KLINIK,KLINIK DESA,KD BUKIT JALOR (FELDA),AIR KUNING,,73200,,,,,2.5055617,102.5422245
1611,21-05070175,BUKA,AWAM,KKM,,NEGERI SEMBILAN,TAMPIN,KLINIK,KLINIK DESA,KD BUKIT ROKAN (FELDA),GEMENCHEH,,73200,,,,,2.5541667,102.4486111
1612,21-05070174,BUKA,AWAM,KKM,,NEGERI SEMBILAN,TAMPIN,KLINIK,KLINIK DESA,KD GEDOK,TAMPIN,,73200,,,,,2.5443996,102.4194315
1613,21-05070114,BUKA,AWAM,KKM,,NEGERI SEMBILAN,TAMPIN,KLINIK,KLINIK DESA,KD GEMENCHEH,GEMENCHEH,,73200,,,,,2.5771572,102.4151335
1614,21-05070173,BUKA,AWAM,KKM,,NEGERI SEMBILAN,TAMPIN,KLINIK,KLINIK DESA,KD KERU,TAMPIN,,73000,,,,,2.491166,102.2891314
1615,21-05070178,BUKA,AWAM,KKM,,NEGERI SEMBILAN,TAMPIN,KLINIK,KLINIK DESA,KD PASIR BESAR,GEMAS,,73400,,,,,2.604615,102.5926525
1616,21-05070177,BUKA,AWAM,KKM,,NEGERI SEMBILAN,TAMPIN,KLINIK,KLINIK DESA,KD SUNGAI JERNIH,GEMENCHEH,,73200,,,,,2.5543897,102.3542136
1617,21-05070171,BUKA,AWAM,KKM,,NEGERI SEMBILAN,TAMPIN,KLINIK,KLINIK DESA,KD SUNGAI KELAMAH,GEMAS,,73400,,,,,2.5898519,102.5152475
1618,21-05070176,BUKA,AWAM,KKM,,NEGERI SEMBILAN,TAMPIN,KLINIK,KLINIK DESA,KD TEBONG,TAMPIN,,73000,,,,,2.4520234,102.334934
1619,21-05070172,BUKA,AWAM,KKM,,NEGERI SEMBILAN,TAMPIN,KLINIK,KLINIK DESA,KD ULU ROKAN,GEMENCHEH,,73200,,,,,2.5427914,102.3937718
1620,21-04010014,BUKA,AWAM,KKM,,MELAKA,ALOR GAJAH,KLINIK,KLINIK KESIHATAN,KK DURIAN TUNGGAL,"JALAN PADANG KELADI, DURIAN TUNGGAL",,76100,,06-5531133,,,2.31083,102.286
1621,21-04010015,BUKA,AWAM,KKM,,MELAKA,ALOR GAJAH,KLINIK,KLINIK KESIHATAN,KK HUTAN PERCHA,FELDA HUTAN PERCHA,,78000,,06-5548224,,,2.4427653,102.3009129
1622,21-04010021,BUKA,AWAM,KKM,,MELAKA,ALOR GAJAH,KLINIK,KLINIK KESIHATAN,KK KUALA SUNGAI BARU,PEKAN KUALA SUNGAI BARU,,78200,,"06-3876333/       
06-3877533",,,2.3634734,102.0337754
1623,21-04010022,BUKA,AWAM,KKM,,MELAKA,ALOR GAJAH,KLINIK,KLINIK KESIHATAN,KK LUBOK CHINA,PEKAN LUBOK CHINA,,78100,,06-6966475,,,2.45423,102.0709
1624,21-04010023,BUKA,AWAM,KKM,,MELAKA,ALOR GAJAH,KLINIK,KLINIK KESIHATAN,KK MACAP BARU,"KM 17, KAMPUNG MACAP BARU",,76100,,06-5252333,,,2.380621,102.3386159
1625,21-04010024,BUKA,AWAM,KKM,,MELAKA,ALOR GAJAH,KLINIK,KLINIK KESIHATAN,KK MASJID TANAH,"BATU 18 1/2, PAYA RUMPUT, 
MASJID TANAH",,78300,,"06-3842533/     
06-3843012",,,2.3673814,102.0934206
1626,21-04010026,BUKA,AWAM,KKM,,MELAKA,ALOR GAJAH,KLINIK,KLINIK KESIHATAN,KK PADANG SEBANG,"BATU 19 1/2, KAMPUNG PADANG SEBANG",,78000,,06-5547932,,,2.426652,102.250042
1627,21-04010029,BUKA,AWAM,KKM,,MELAKA,ALOR GAJAH,KLINIK,KLINIK KESIHATAN,KK SIMPANG AMPAT,"BATU 22, KAMPUNG SIMPANG EMPAT",,78000,,06-5529498,,,2.440828,102.1841939
1628,21-04010114,BUKA,AWAM,KKM,,MELAKA,ALOR GAJAH,KLINIK,KLINIK KESIHATAN,KK TEBONG,TEBONG,,76100,,06-4486716,,,2.4520234,102.334934
1629,21-04010266,BUKA,AWAM,KKM,,MELAKA,ALOR GAJAH,KLINIK,KLINIK KESIHATAN,KK REMBIA,PEKAN REMBIA,,78000,,"06-3161076 /     
06-3161497 /      
06-3161158",,,2.325743,102.2080044
1630,21-04010321,BUKA,AWAM,KKM,,MELAKA,ALOR GAJAH,KLINIK,KLINIK KESIHATAN,KK PENGKALAN BALAK,"KLINIK KESIHATAN PENGKALAN BALAK, JALAN TELOK GONG, 78300 MASJID TANAH, MELAKA",,78300,,06-384400,,,2.3240271,102.0727152
1631,21-04010009,BUKA,AWAM,KKM,,MELAKA,ALOR GAJAH,KLINIK,KLINIK KESIHATAN,KK ALOR GAJAH,PEJABAT KESIHATAN DAERAH ALOR GAJAH,,78000,,  06-5566240,,,2.3814332,102.2075017
1632,21-04020018,BUKA,AWAM,KKM,,MELAKA,JASIN,KLINIK,KLINIK KESIHATAN,KK JASIN,PEJ. KESIHATAN JASIN,,77000,,06-5294636,,,2.3069908,102.429258
1633,21-04020019,BUKA,AWAM,KKM,,MELAKA,JASIN,KLINIK,KLINIK KESIHATAN,KK KEMENDOR,JALAN BUNGA KERTAS,,77000,,06-5293330,,,2.3510811,102.4040633
1634,21-04020025,BUKA,AWAM,KKM,,MELAKA,JASIN,KLINIK,KLINIK KESIHATAN,KK MERLIMAU,"KAMPUNG MERLIMAU,
JALAN BESAR MERLIMAU",,77300,,06-2631533,,,2.153616,102.4276534
1635,21-04020028,BUKA,AWAM,KKM,,MELAKA,JASIN,KLINIK,KLINIK KESIHATAN,KK SELANDAR,"JALAN MACAP, SELANDAR",,77500,,06-5251495,,,2.4001968,102.3849304
1636,21-04020030,BUKA,AWAM,KKM,,MELAKA,JASIN,KLINIK,KLINIK KESIHATAN,KK SIMPANG BEKOH,"KAMPUNG SIMPANG BEKOH, 
JALAN BESAR, ASAHAN",,77100,,06-5236033,,,2.35847,102.5118476
1637,21-04020031,BUKA,AWAM,KKM,,MELAKA,JASIN,KLINIK,KLINIK KESIHATAN,KK SUNGAI RAMBAI,"KM 32, SUNGAI RAMBAI",,77400,,06-2659526,,,2.124499,102.492809
1638,21-04020037,BUKA,AWAM,KKM,,MELAKA,JASIN,KLINIK,KLINIK KESIHATAN,KK UMBAI,"JALAN MUAR, UMBAI",,77300,,06-2615606,,,2.1592621,102.3422022
1639,21-04020060,BUKA,AWAM,KKM,,MELAKA,JASIN,KLINIK,KLINIK KESIHATAN,KK FELDA BUKIT SENGGEH,"FELDA BUKIT SENGGEH, ASAHAN",,77100,,06-5228305,,,2.3882628,102.4677983
1640,21-04020320,BUKA,AWAM,KKM,,MELAKA,JASIN,KLINIK,KLINIK KESIHATAN,KK BATANG MELAKA,"KLINIK KESIHATAN BATANG MELAKA, JALAN BATANG MELAKA JAYA 1, TAMAN BATANG MELAKA JAYA, BATANG MELAKA, JASIN, 77500, MELAKA",,77500,,06-4461087,,,2.4664499,102.412041
1641,21-04020078,BUKA,AWAM,KKM,,MELAKA,JASIN,KLINIK,KLINIK KESIHATAN,KK NYALAS,"JKR 2016, KUARTERS KLINIK KESIHATAN NYALAS, PEKAN NYALAS, ASAHAN",,77100,,06-5228306,,,2.4299968,102.4674184
1642,21-04030010,BUKA,AWAM,KKM,,MELAKA,MELAKA TENGAH,KLINIK,KLINIK KESIHATAN,KK AYER KEROH,JALAN AYER KEROH LAMA,,75350,,06-2312344,,,2.2674261,102.2846878
1643,21-04030011,BUKA,AWAM,KKM,,MELAKA,MELAKA TENGAH,KLINIK,KLINIK KESIHATAN,KK AYER MOLEK,JALAN AIR MOLEK,,75460,,06-2680333,,,2.2073357,102.3158573
1644,21-04030012,BUKA,AWAM,KKM,,MELAKA,MELAKA TENGAH,KLINIK,KLINIK KESIHATAN,KK BUKIT RAMBAI,"JALAN BUKIT RAMBAI, BUKIT RAMBAI",,75250,,06-3512464,,,2.2548833,102.1799721
1645,21-04030013,BUKA,AWAM,KKM,,MELAKA,MELAKA TENGAH,KLINIK,KLINIK KESIHATAN,KK CHENG,JALAN CHENG,,75250,,06-3123333,,,2.2743949,102.2151565
1646,21-04030017,BUKA,AWAM,KKM,,MELAKA,MELAKA TENGAH,KLINIK,KLINIK KESIHATAN,KK JALAN GEREJA,BANDAR KABA,,75500,,06-2824452,,,2.1944849,102.2498848
1647,21-04030020,BUKA,AWAM,KKM,,MELAKA,MELAKA TENGAH,KLINIK,KLINIK KESIHATAN,KK KLEBANG BESAR,JALAN KLEBANG BESAR,,75200,,06-3154144/      06-3153952,,,2.2185638,102.200742
1648,21-04030027,BUKA,AWAM,KKM,,MELAKA,MELAKA TENGAH,KLINIK,KLINIK KESIHATAN,KK PERINGGIT,JALAB PANTAI PERINGGIT,,75400,,06-2882344,,,2.2225326,102.2543488
1649,21-04030032,BUKA,AWAM,KKM,,MELAKA,MELAKA TENGAH,KLINIK,KLINIK KESIHATAN,KK SUNGAI UDANG,"BATU 11 1/2, SUNGAI UDANG",,76300,,06-3531333,,,2.2806434,102.1320676
1650,21-04030033,BUKA,AWAM,KKM,,MELAKA,MELAKA TENGAH,KLINIK,KLINIK KESIHATAN,KK SERI TANJUNG,"BATU 7 PEKAN TANJUNG KLING,
TANJUNG KLING",,76400,,06-3511333,,,2.2423774,102.1583576
1651,21-04030034,BUKA,AWAM,KKM,,MELAKA,MELAKA TENGAH,KLINIK,KLINIK KESIHATAN,KK TENGKERA,"JALAN DATO WIRA POH AH TIAM, LORONG PANDAN",,75200,,06-3360176,,,2.2137761,102.2300507
1652,21-04030035,BUKA,AWAM,KKM,,MELAKA,MELAKA TENGAH,KLINIK,KLINIK KESIHATAN,KK UJONG PASIR,JALAN UJONG PASIR,,75050,,06-2867333,,,2.1873089,102.2712437
1653,21-04030194,BUKA,AWAM,KKM,,MELAKA,MELAKA TENGAH,KLINIK,KLINIK KESIHATAN,KK UTC MELAKA,"PUSAT TRANSFORMASI BANDAR/URBAN TRANSFORMATION CENTRE (UTC), ARAS BAWAH, WISMA DMDI, JALAN TAY CHAY YAN, OFF JALAN HANG TUAH",,75300,,06-2880080,,,2.201341,102.2463338
1654,21-04030319,BUKA,AWAM,KKM,,MELAKA,MELAKA TENGAH,KLINIK,KLINIK KESIHATAN,KK BACHANG,"KLINIK KESIHATAN BACHANG, KAMPUNG BACHANG, LORANG HAJI YANG, ALOR GAJAH, 78000, MELAKA",,78000,,06-334 2344,,,2.2254651,102.2413522
1655,21-04030267,BUKA,AWAM,KKM,,MELAKA,MELAKA TENGAH,KLINIK,KLINIK KESIHATAN,KK BATU BERENDAM,JALAN BATU BERENDAM,,75350,,06-2706200,,,2.2572656,102.253475
1656,21-04010117,BUKA,AWAM,KKM,,MELAKA,ALOR GAJAH,KLINIK,KLINIK KOMUNITI,KKOM SERI PENGKALAN,"KM 4615, JALAN SAMARINDA 2, 
TAMAN SAMARINDA, PENGKALAN",,78000,,,,,2.373321,102.2299519
1657,21-04010190,BUKA,AWAM,KKM,,MELAKA,ALOR GAJAH,KLINIK,KLINIK KOMUNITI,"KKOM MERAK EMAS, DURIAN TUNGGAL","TMN MERAK EMAS, DURIAN TUNGGAL",,76100,,,,,2.321858,102.2788411
1659,21-04020119,BUKA,AWAM,KKM,,MELAKA,JASIN,KLINIK,KLINIK KOMUNITI,KKOM TMN BEMBAN HEIGHT,"JB 8835, TMN BEBAN HEIGHT, BEMBAN",,77200,,,,,2.2616422,102.376701
1660,21-04020127,BUKA,AWAM,KKM,,MELAKA,JASIN,KLINIK,KLINIK KOMUNITI,KKOM SERKAM,"JB 9068, SR/1, TAMAN SERKAM DARAT, MERLIMAU",,77300,,,,,2.1503066,102.3879122
1661,21-04020189,BUKA,AWAM,KKM,,MELAKA,JASIN,KLINIK,KLINIK KOMUNITI,KKOM CHENDERAH JASIN,KAMPUNG CHENDERAH JASIN,,77000,,,,,2.2989577,102.4657428
1663,21-04030116,BUKA,AWAM,KKM,,MELAKA,MELAKA TENGAH,KLINIK,KLINIK KOMUNITI,KKOM BUKIT KATIL,"NO.17 JALAN IKS, BUKIT KATIL",,75450,,,,,2.2544111,102.3063052
1664,21-04030124,BUKA,AWAM,KKM,,MELAKA,MELAKA TENGAH,KLINIK,KLINIK KOMUNITI,KKOM TANJUNG MINYAK,"NO. 24, JLN TMS 1, 
TANAM TG MINYAK SETIA",,75250,,,,,2.2578521,102.1957706
1665,21-04030129,BUKA,AWAM,KKM,,MELAKA,MELAKA TENGAH,KLINIK,KLINIK KOMUNITI,KKOM DUYONG,"NO 12, JLD SD 2/A, TAMAN SERI DUYONG, AYER MOLEK",,75460,,,,,2.2035741,102.311589
1666,21-04030191,BUKA,AWAM,KKM,,MELAKA,MELAKA TENGAH,KLINIK,KLINIK KOMUNITI,KKOM SG UDANG,"NO 6, JLN KERAMBIT 4, 
BANDAR BARU SG UDANG",,76300,,,,,2.2932741,102.1369954
1667,21-04030196,BUKA,AWAM,KKM,,MELAKA,MELAKA TENGAH,KLINIK,KLINIK KOMUNITI,KKOM TANGGA BATU,"5-1, JALAN TANGGA BATU, 
TAMAN TANGGA BATU SEKSYEN 1",,76400,,,,,2.2517372,102.1570658
1668,21-04030197,BUKA,AWAM,KKM,,MELAKA,MELAKA TENGAH,KLINIK,KLINIK KOMUNITI,KKOM KRUBONG,"NO.41, JLN. PK 8A, 
TAMAN PERINDUSTRIAN KRUBONG",,75250,,,,,2.2964427,102.2400746
1669,21-04010044,BUKA,AWAM,KKM,,MELAKA,ALOR GAJAH,KLINIK,KLINIK DESA,KD AIR MOLEK,"BATU 25, KAMPUNG AIR MOLEK, KUALA SUNGAI BARU",,78200,,,,,2.38566,102.0495971
1670,21-04010053,BUKA,AWAM,KKM,,MELAKA,ALOR GAJAH,KLINIK,KLINIK DESA,KD BELIMBING DALAM,"BATU 12, KAMPUNG BELIMBING DALAM, DURIAN TUNGGAL",,76100,,,,,2.3233433,102.2581027
1671,21-04010057,BUKA,AWAM,KKM,,MELAKA,ALOR GAJAH,KLINIK,KLINIK DESA,KD BRISU,"BATU 31, KG BRISU, SIMPANG EMPAT",,78000,,,,,2.434135,102.1352789
1672,21-04010064,BUKA,AWAM,KKM,,MELAKA,ALOR GAJAH,KLINIK,KLINIK DESA,KD DURIAN DAUN,"BATU 20, KAMPUNG DURIAN DAUN, MASJID TANAH",,78000,,,,,2.35213,102.1265161
1673,21-04010065,BUKA,AWAM,KKM,,MELAKA,ALOR GAJAH,KLINIK,KLINIK KESIHATAN,KK GADEK,"BATU 18, KAMPUNG GADEK",,78000,,,,,2.410533,102.247861
1674,21-04010066,BUKA,AWAM,KKM,,MELAKA,ALOR GAJAH,KLINIK,KLINIK DESA,KD KAMPONG PULAU,"BATU 20, KAMPUNG PULAU, 
MASJID TANAH",,78300,,,,,2.3724945,102.0758658
1675,21-04010072,BUKA,AWAM,KKM,,MELAKA,ALOR GAJAH,KLINIK,KLINIK DESA,KD KUALA LINGGI,"BATU 21, KAMPUNG BUKIT DARAT, KUALA SUNGAI BARU",,78200,,,,,2.374714,101.98295
1676,21-04010073,BUKA,AWAM,KKM,,MELAKA,ALOR GAJAH,KLINIK,KLINIK DESA,KD LENDU,"KM 13, KAMPUNG BARU",,78000,,,,,2.35724,102.1751809
1677,21-04010076,BUKA,AWAM,KKM,,MELAKA,ALOR GAJAH,KLINIK,KLINIK DESA,KD MELAKA PINDAH,"BUKIT 16, KAMPUNG MELAKA PINDAH",,78000,,,,,2.3739087,102.2320504
1678,21-04010080,BUKA,AWAM,KKM,,MELAKA,ALOR GAJAH,KLINIK,KLINIK DESA,KD PANTAI BELIMBING,"BATU 13 3/4, KAMPUNG PANTAI BELIMBING DALAM, DURIAN TUNGGAL",,76100,,,,,2.2897157,102.2429967
1679,21-04010083,BUKA,AWAM,KKM,,MELAKA,ALOR GAJAH,KLINIK,KLINIK DESA,KD PEGOH,"BATU 16 1/2, KAMPUNG PEGOH",,78000,,,,,2.4025505,102.2120702
1680,21-04010086,BUKA,AWAM,KKM,,MELAKA,ALOR GAJAH,KLINIK,KLINIK DESA,KD PULAU SEBANG,"BATU 21, KAMPUNG PULAU SEBANG",,78000,,,,,2.4575819,102.230399
1681,21-04010094,BUKA,AWAM,KKM,,MELAKA,ALOR GAJAH,KLINIK,KLINIK DESA,KD SUNGAI BULUH,"BATU 27 1/2, KAMPUNG SUNGAI BULOH, SIMPANG EMPAT",,78000,,,,,2.4247102,102.1557261
1682,21-04010095,BUKA,AWAM,KKM,,MELAKA,ALOR GAJAH,KLINIK,KLINIK DESA,KD SUNGAI SIPUT,"BATU 20, KAMPUNG PULAU, 
MASJID TANAH",,78100,,,,,2.370706,102.076294
1683,21-04010098,BUKA,AWAM,KKM,,MELAKA,ALOR GAJAH,KLINIK,KLINIK DESA,KD TANJUNG BIDARA,"BATU 22 1/2, KAMPUNG AIR HITAM PANTAI, MASJID TANAH",,78000,,,,,2.2921385,102.0873224
1684,21-04010110,BUKA,AWAM,KKM,,MELAKA,ALOR GAJAH,KLINIK,KLINIK DESA,KD SUNGAI PETAI,"TAMAN BUKIT EMAS, SUNGAI PETANI",,78000,,,,,2.360402,102.2089579
1685,21-04010111,BUKA,AWAM,KKM,,MELAKA,ALOR GAJAH,KLINIK,KLINIK DESA,KD MELEKEK,"BATU 17, KAMPUNG MELEKEK, 
JALAN PERLING",,78000,,,,,2.4263272,102.1893517
1686,21-04010195,BUKA,AWAM,KKM,,MELAKA,ALOR GAJAH,KLINIK,KLINIK DESA,KD KEMUNING,"LOT 194, MUKIM KEMUNING",,78000,,,,,2.454257,102.2705438
1687,21-04020046,BUKA,AWAM,KKM,,MELAKA,JASIN,KLINIK,KLINIK DESA,KD ASAHAN,"KAMPUNG ASAHAN, ASAHAN",,77100,,,,,2.386298,102.53641
1688,21-04020047,BUKA,AWAM,KKM,,MELAKA,JASIN,KLINIK,KLINIK DESA,KD AIR MERBAU,KAMPUNG AIR MERBAU,,77000,,,,,2.278506819,102.3993423
1690,21-04020052,BUKA,AWAM,KKM,,MELAKA,JASIN,KLINIK,KLINIK DESA,KD BATU GAJAH PASIR,"KAMPUNG BATU GAJAH PASIR, 
SUNGAI RAMBAI",,77400,,,,,2.1483918,102.4767539
1691,21-04020054,BUKA,AWAM,KKM,,MELAKA,JASIN,KLINIK,KLINIK DESA,KD BEMBAN,KAMPUNG BEMBAN,,77000,,,,,2.259661,102.3778591
1692,21-04020062,BUKA,AWAM,KKM,,MELAKA,JASIN,KLINIK,KLINIK DESA,KD CHENDERAH,KAMPUNG CHENDERAH,,77000,,,,,2.2989577,102.4657428
1693,21-04020063,BUKA,AWAM,KKM,,MELAKA,JASIN,KLINIK,KLINIK DESA,KD CHIN CHIN,KAMPUNG CHIN-CHIN,,77000,,,,,2.286581,102.4865759
1694,21-04020069,BUKA,AWAM,KKM,,MELAKA,JASIN,KLINIK,KLINIK DESA,KD KESANG TUA,"KAMPUNG KESANG TUA, SELANDAR",,77000,,,,,2.3191313,102.3912176
1695,21-04020075,BUKA,AWAM,KKM,,MELAKA,JASIN,KLINIK,KLINIK DESA,KD MASJID BARU,"KAMPUNG MASJID BARU, ASAHAN",,77100,,,,,2.406857,102.4901579
1696,21-04020079,BUKA,AWAM,KKM,,MELAKA,JASIN,KLINIK,KLINIK DESA,KD ON LOK,"KAMPUNG BARU ON LOK, SELANDAR",,76470,,,,,2.389358,102.378442
1698,21-04020091,BUKA,AWAM,KKM,,MELAKA,JASIN,KLINIK,KLINIK DESA,KD SEMUJUK (FELCRA),"KAMPUNG SEMUJUK, MERLIMAU",,77300,,,,,2.22115,102.457
1699,21-04020100,BUKA,AWAM,KKM,,MELAKA,JASIN,KLINIK,KLINIK DESA,KD TEDONG,"KAMPUNG TEDONG, MERLIMAU",,77300,,,,,2.147225,102.3977761
1700,21-04020101,BUKA,AWAM,KKM,,MELAKA,JASIN,KLINIK,KLINIK DESA,KD KAMPUNG TEHEL,KAMPUNG TEHEL,,77000,,,,,2.2423566,102.3428936
1702,21-04030055,BUKA,AWAM,KKM,,MELAKA,MELAKA TENGAH,KLINIK,KLINIK DESA,KD BERTAM ULU,JALAN BERTAM ULU,,75250,,,,,2.2895157,102.1913554
1703,21-04030058,BUKA,AWAM,KKM,,MELAKA,MELAKA TENGAH,KLINIK,KLINIK DESA,KD BUKIT KATIL,KAMPUNG BUKIT KATIL,,75450,,,,,2.22254,102.2968739
1704,21-04030059,BUKA,AWAM,KKM,,MELAKA,MELAKA TENGAH,KLINIK,KLINIK DESA,KD BUKIT PIATU,JALAN BUKIT BARU,,75150,,,,,2.2138977,102.2756647
1705,21-04030070,BUKA,AWAM,KKM,,MELAKA,MELAKA TENGAH,KLINIK,KLINIK DESA,KD KRUBONG,KAMPUNG KRUBONG,,75250,,,,,2.2969655,102.2516495
1706,21-04030090,BUKA,AWAM,KKM,,MELAKA,MELAKA TENGAH,KLINIK,KLINIK DESA,KD SEMABOK,"1-1 JALAN SEMABOK JAYA 2, TAMAN SEMABOK JAYA",,75050,,,,,2.2039177,102.2834075
1707,21-04030093,BUKA,AWAM,KKM,,MELAKA,MELAKA TENGAH,KLINIK,KLINIK DESA,KD PAYA DALAM,"JALAN SEKOLAH, PAYA DALAM",,75460,,,,,2.1940866,102.3503009
1708,21-04030097,BUKA,AWAM,KKM,,MELAKA,MELAKA TENGAH,KLINIK,KLINIK DESA,KD TANGGA BATU,"BATU 9, KAMPONG TANGGA BATU, TANGGA BATU",,76400,,,,,2.252249,102.1578386
1709,21-04030102,BUKA,AWAM,KKM,,MELAKA,MELAKA TENGAH,KLINIK,KLINIK DESA,KD TELOK MAS,"NO 27, JALAN 37, 
TAMAN SRI TELOK MAS",,75460,,,,,2.1636366,102.3274676
1710,21-04030103,BUKA,AWAM,KKM,,MELAKA,MELAKA TENGAH,KLINIK,KLINIK DESA,KD TIANG DUA,KAMPUNG TIANG DUA,,75460,,,,,2.2130501,102.3621878
1711,21-04030112,BUKA,AWAM,KKM,,MELAKA,MELAKA TENGAH,KLINIK,KLINIK DESA,KD PAYA RUMPUT,"LEBUHRAYA AMJ, JALAN PAYA RUMPUT",,76450,,,,,2.2934563,102.2137393
1712,21-04030081,BUKA,AWAM,KKM,,MELAKA,MELAKA TENGAH,KLINIK,KLINIK DESA,KD PANTAI KUNDOR,"KAMPUNG PANTAI KUNDUR PANTAI PUTERI, TANJUNG KLING",,76400,,,,,2.2486848,102.1372006
1713,21-04030067,BUKA,AWAM,KKM,,MELAKA,MELAKA TENGAH,KLINIK,KLINIK DESA,KD KAMPONG PADANG,"KAMPUNG PADANG, 
JALAN POKOK MANGGA",,75250,,,,,2.2209497,102.2204378
1714,21-04030265,BUKA,AWAM,KKM,,MELAKA,MELAKA TENGAH,KLINIK,KLINIK DESA,KD ALAI,"JALAN KANDANG, ALAI",,75600,,,,,2.2000003,102.3145598
1715,21-01010029,BUKA,AWAM,KKM,,JOHOR,BATU PAHAT,KLINIK,KLINIK KESIHATAN,KK AYER HITAM,BATU 1 JALAN YONG PENG,,86100,,07-7581966,,,1.9254208,103.1776962
1716,21-01010030,BUKA,AWAM,KKM,,JOHOR,BATU PAHAT,KLINIK,KLINIK KESIHATAN,KK BAGAN,"MLO 091, PEKAN PARIT BESAR BAGAN, BAGAN",,83000,,07-4138107,,,1.8493854,102.8555906
1717,21-01010039,BUKA,AWAM,KKM,,JOHOR,BATU PAHAT,KLINIK,KLINIK KESIHATAN,KK BATU PAHAT,"PTD 6625, JALAN KLUANG BATU PAHAT, SIMPANG KANAN",,83000,,07-4331544,,,1.8501649,102.9418211
1718,21-01010077,BUKA,AWAM,KKM,,JOHOR,BATU PAHAT,KLINIK,KLINIK KESIHATAN,KK PARIT RAJA,"MLO 261, JALAN BESAR AIR HITAM, 
SRI GADING",,86400,,07-4541237,,,1.8635476,103.109534
1719,21-01010079,BUKA,AWAM,KKM,,JOHOR,BATU PAHAT,KLINIK,KLINIK KESIHATAN,KK PARIT SULONG,"PEKAN PARIT SULONG, PARIT SULONG BATU PAHAT",,83500,,07-4186204,,,1.9774444,102.8812863
1720,21-01010080,BUKA,AWAM,KKM,,JOHOR,BATU PAHAT,KLINIK,KLINIK KESIHATAN,KK PARIT YAANI,"LOT 9167, PEKAN PARIT YAANI, MUKIM 7",,83710,,07-4846521,,,1.9577279,103.0273284
1721,21-01010090,BUKA,AWAM,KKM,,JOHOR,BATU PAHAT,KLINIK,KLINIK KESIHATAN,KK PESTA,"PTD 13591, KAMPUNG KENANG-KENANGAN DATO' ONN, JALAN PERAK, SIMPANG KANAN",,83000,,07-4343355,,,1.8568082,102.9457556
1722,21-01010093,BUKA,AWAM,KKM,,JOHOR,BATU PAHAT,KLINIK,KLINIK KESIHATAN,KK RENGIT,"TLO 52, JALAN BESAR RENGIT, RENGIT",,83100,,07-4241224,,,1.6806751,103.1444549
1723,21-01010096,BUKA,AWAM,KKM,,JOHOR,BATU PAHAT,KLINIK,KLINIK KESIHATAN,KK SEMERAH,"JALAN MUAR BATU PAHAT, MUKIM 1 LUBOK SEMERAH",,83600,,07-4162685,,,1.881492,102.7848481
1724,21-01010097,BUKA,AWAM,KKM,,JOHOR,BATU PAHAT,KLINIK,KLINIK KESIHATAN,KK SENGGARANG,"JALAN ISMAIL, SENGGARANG, BATU PAHAT",,83200,,07-4291015,,,1.74958,103.045509
1725,21-01010101,BUKA,AWAM,KKM,,JOHOR,BATU PAHAT,KLINIK,KLINIK KESIHATAN,KK SRI GADING,"LOT 5360, SRI GADING, JALAN KLUANG, SIMPANG KANAN",,83300,,07-4558216,,,1.8542525,103.0276183
1726,21-01010102,BUKA,AWAM,KKM,,JOHOR,BATU PAHAT,KLINIK,KLINIK KESIHATAN,KK SERI MEDAN,"LOT 5660, PEKAN SERI MEDAN, MUKIM 18",,83400,,07-4850272,,,1.98759,102.9615402
1727,21-01010078,BUKA,AWAM,KKM,,JOHOR,BATU PAHAT,KLINIK,KLINIK KESIHATAN,KK SRI MERLONG,"LOT 5086, KAMPUNG SRI MERLONG, 
SUNGAI KLUANG",,83100,,07-4258511,,,1.7333244,103.188868
1728,21-01010112,BUKA,AWAM,KKM,,JOHOR,BATU PAHAT,KLINIK,KLINIK KESIHATAN,KK TONGKANG PECHAH,"PTD 1921, JALAN BESAR TONGKANG PECHAH, LINAU",,83010,,07-4152091,,,1.9098091,102.9519338
1729,21-01010115,BUKA,AWAM,KKM,,JOHOR,BATU PAHAT,KLINIK,KLINIK KESIHATAN,KK YONG PENG,"SIMPANG JALAN PALOH, YONG PENG",,83700,,07-4671361,,,2.0309,103.05644
1730,21-01020171,BUKA,AWAM,KKM,,JOHOR,JOHOR BAHRU,KLINIK,KLINIK KESIHATAN,KK KAMPUNG CAHAYA BARU,"JKR 2116, JLN PERAK, 
KAMPUNG CAHAYA BARU, MASAI",,81750,,07-2612346,,,1.5269609,103.9314275
1731,21-01020050,BUKA,AWAM,KKM,,JOHOR,JOHOR BAHRU,KLINIK,KLINIK KESIHATAN,KK GELANG PATAH,JKR 4176 JALAN BESAR GELANG PATAH,,81550,,07-5101252,,,1.4313362,103.5784012
1732,21-01020060,BUKA,AWAM,KKM,,JOHOR,JOHOR BAHRU,KLINIK,KLINIK KESIHATAN,KK KEMPAS,"JKR 6044, JLN PERSISIRAN TANJUNG TAMPOI",,81200,,07-2382060,,,1.4938407,103.6776533
1733,21-01020066,BUKA,AWAM,KKM,,JOHOR,JOHOR BAHRU,KLINIK,KLINIK KESIHATAN,KK LARKIN,"PTD 4999, JALAN SENTOSA, LARKIN",,80350,,07-2233249,,,1.4968401,103.7489463
1734,21-01020089,BUKA,AWAM,KKM,,JOHOR,JOHOR BAHRU,KLINIK,KLINIK KESIHATAN,KK MAHMOODIAH,JKR 6274 JALAN MAHAMMODIAH,,80100,,07-2266166,,,1.4622657,103.7485565
1735,21-01020058,BUKA,AWAM,KKM,,JOHOR,JOHOR BAHRU,KLINIK,KLINIK KESIHATAN,KK MAJIDEE,"PESAKIT LUAR KK MAJIDEE, 
JALAN TEBRAU LAMA",,81100,,07-3323535,,,1.5143259,103.7574343
1736,21-01020070,BUKA,AWAM,KKM,,JOHOR,JOHOR BAHRU,KLINIK,KLINIK KESIHATAN,KK MASAI,"JKR 5638, JALAN PEKELILING MASAI",,81750,,"07-2521882 /    
07-2511333",,,1.4911985,103.8861109
1737,21-01020082,BUKA,AWAM,KKM,,JOHOR,JOHOR BAHRU,KLINIK,KLINIK KESIHATAN,KK PASIR GUDANG,"JKR 5376, JALAN 8/1 PERJIRANAN 8,
 PASIR GUDANG",,81700,,07-2510594,,,1.4643322,103.9064224
1738,21-01020185,BUKA,AWAM,KKM,,JOHOR,JOHOR BAHRU,KLINIK,KLINIK KESIHATAN,KK PAYA MENGKUANG,"JKR 4091 JLN KELASI, DESA PAYA MENGKUANG, GELANG PATAH",,81550,,07-5080015,,,1.3771452,103.5922699
1739,21-01021044,BUKA,AWAM,KKM,,JOHOR,JOHOR BAHRU,KLINIK,KLINIK KESIHATAN,KK SKUDAI BARU,"KLINIK KESIHATAN  SKUDAI BARU, PTD 4418, JALAN HANG LEKIR 1, TAMAN SKUDAI BARU",,81300,,"07-5548028
07-5113727",,,1.5049013,103.6387294
1740,21-01020429,BUKA,AWAM,KKM,,JOHOR,JOHOR BAHRU,KLINIK,KLINIK KESIHATAN,KK SULTAN ISMAIL,"JALAN PERSIARAN MUTIARA EMAS UTAMA, TAMAN MOUNT AUSTIN",,81100,,07-3577121,,,1.5482076,103.7896473
1741,21-01020428,BUKA,AWAM,KKM,,JOHOR,JOHOR BAHRU,KLINIK,KLINIK KESIHATAN,KK TAMAN UNIVERSITI,"JALAN KEBUDAYAAN 28, TAMAN UNIVERSITI",,81300,,07-5216800,,,1.5372678,103.6255869
1742,21-01020108,BUKA,AWAM,KKM,,JOHOR,JOHOR BAHRU,KLINIK,KLINIK KESIHATAN,KK TAMPOI,"JKR 4969, BATU 5 JALAN SKUDAI",,81200,,07-2361030,,,1.4926522,103.7066122
1743,21-01020106,BUKA,AWAM,KKM,,JOHOR,JOHOR BAHRU,KLINIK,KLINIK KESIHATAN,KK TEBRAU,"JKR 5409, 5410, 5413 JALAN KERAMBIT, TAMAN SRI TEBRAU",,80050,,07-3342067,,,1.48842,103.7710647
1744,21-01020114,BUKA,AWAM,KKM,,JOHOR,JOHOR BAHRU,KLINIK,KLINIK KESIHATAN,KK ULU TIRAM,"JKR 2159, JLN BESAR, ULU TIRAM",,81800,,07-8611402,,,1.6143955,103.819825
1746,21-01020715,BUKA,AWAM,KKM,,JOHOR,JOHOR BAHRU,KLINIK,KLINIK KESIHATAN,KK BUKIT INDAH,"PTD 89954, JALAN INDAH 4/14, 
TAMAN BUKIT INDAH",,79100,,-,,,1.4866132,103.6472113
1747,21-01030055,BUKA,AWAM,KKM,,JOHOR,KLUANG,KLINIK,KLINIK KESIHATAN,KK KAHANG BATU 22,"LOT 96, JALAN MERSING BATU 22, KAHANG",,86700,,07-7881229,,,2.2127416,103.5367943
1748,21-01030056,BUKA,AWAM,KKM,,JOHOR,KLUANG,KLINIK,KLINIK KESIHATAN,KK KAHANG TIMUR,"JALAN MERAK, FELDA KAHANG TIMUR",,86007,,07-7866633,,,2.0807131,103.4966142
1749,21-01030067,BUKA,AWAM,KKM,,JOHOR,KLUANG,KLINIK,KLINIK KESIHATAN,KK LAYANG-LAYANG,"JALAN PEJABAT POS, LAYANG-LAYANG",,81850,,07-7527233,,,1.8182244,103.4738275
1750,21-01030052,BUKA,AWAM,KKM,,JOHOR,KLUANG,KLINIK,KLINIK KESIHATAN,KK MENGKIBOL,JALAN MENGKIBOL,,86000,,07-7765343,,,2.0071208,103.3216871
1751,21-01030073,BUKA,AWAM,KKM,,JOHOR,KLUANG,KLINIK,KLINIK KESIHATAN,KK PALOH,"NO 139 JALAN KLINIK, PALOH",,86600,,07-7811059,,,2.1408154,103.2402191
1752,21-01030092,BUKA,AWAM,KKM,,JOHOR,KLUANG,KLINIK,KLINIK KESIHATAN,KK RENGGAM,"PTD 2495, JALAN SIMPANG RENGGAM, RENGGAM",,86300,,07-7535255,,,1.8846073,103.3963248
1753,21-01030100,BUKA,AWAM,KKM,,JOHOR,KLUANG,KLINIK,KLINIK KESIHATAN,KK SIMPANG RENGGAM,"KLINIK KESIHATAN 3 SIMPANG RENGGAM, 
JALAN RAMBUTAN, SIMPANG RENGGAM",,82600,,07-7554143,,,1.8261173,103.3052445
1754,21-01030113,BUKA,AWAM,KKM,,JOHOR,KLUANG,KLINIK,KLINIK KESIHATAN,KK ULU BELITONG,"JALAN CEMARA, FELDA ULU BELITONG",,86007,,07-7863333,,,1.9485388,103.4745276
1755,21-01040027,BUKA,AWAM,KKM,,JOHOR,KOTA TINGGI,KLINIK,KLINIK KESIHATAN,KK AIR TAWAR 2,"FELDA AIR TAWAR 2, KOTA TINGGI",,81900,,07-8932207,,,1.67614,104.0197259
1756,21-01040129,BUKA,AWAM,KKM,,JOHOR,KOTA TINGGI,KLINIK,KLINIK KESIHATAN,KK AIR TAWAR 5 (FELDA),"FELDA AIR TAWAR 5, KOTA TINGGI",,81900,,07-8952872,,,1.604789,104.0889319
1757,21-01040033,BUKA,AWAM,KKM,,JOHOR,KOTA TINGGI,KLINIK,KLINIK KESIHATAN,KK BANDAR MAS,"BANDAR MAS, KOTA TINGGI",,81900,,07-8236155,,,1.6125524,104.1538983
1758,21-01040034,BUKA,AWAM,KKM,,JOHOR,KOTA TINGGI,KLINIK,KLINIK KESIHATAN,KK BANDAR PENAWAR,"JLN PEMBANGUNAN, BANDAR PENAWAR",,81900,,07-8221064,,,1.5511193,104.2301029
1759,21-01040036,BUKA,AWAM,KKM,,JOHOR,KOTA TINGGI,KLINIK,KLINIK KESIHATAN,KK BANDAR TENGGARA,KULAIJAYA,,81900,,07-8966199,,,1.863589,103.6231136
1760,21-01040042,BUKA,AWAM,KKM,,JOHOR,KOTA TINGGI,KLINIK,KLINIK KESIHATAN,KK BUKIT BESAR,"FELDA BUKIT BESAR, KULAI JAYA",,81450,,07-8977255 /     07-8976130,,,1.7683594,103.7063868
1761,21-01040046,BUKA,AWAM,KKM,,JOHOR,KOTA TINGGI,KLINIK,KLINIK KESIHATAN,KK BUKIT WAHA,FELDA BUKIT WAHA,,81900,,07-8925595,,,1.7521885,104.074003
1762,21-01040069,BUKA,AWAM,KKM,,JOHOR,KOTA TINGGI,KLINIK,KLINIK KESIHATAN,KK LOK HENG,JALAN AMANAH,,81900,,07-8947188 /     07-8947016,,,1.6986632,104.1121495
1763,21-01040088,BUKA,AWAM,KKM,,JOHOR,KOTA TINGGI,KLINIK,KLINIK KESIHATAN,KK PENGERANG,"FELDA LOK HENG, TANJUNG SURAT",,81600,,07-8252455,,,1.3647023,104.1111109
1764,21-01040062,BUKA,AWAM,KKM,,JOHOR,KOTA TINGGI,KLINIK,KLINIK KESIHATAN,KK SEDILI BESAR,"LOT 218, JALAN HJ MD LAZIM, KAMBU",,81910,,07-8899870,,,1.926186,104.1213532
1765,21-01040098,BUKA,AWAM,KKM,,JOHOR,KOTA TINGGI,KLINIK,KLINIK KESIHATAN,KK SENING,KOTA TINGGI,,81900,,07-8277398 /     07-8276168,,,1.4798179,104.1823636
1766,21-01040105,BUKA,AWAM,KKM,,JOHOR,KOTA TINGGI,KLINIK,KLINIK KESIHATAN,KK SUNGAI RENGIT,PENGERANG,,81620,,07-8263285 /     07-8264290,,,1.35021,104.22351
1767,21-01040109,BUKA,AWAM,KKM,,JOHOR,KOTA TINGGI,KLINIK,KLINIK KESIHATAN,KK TANJONG SEDILI,FELDA SENING,,81900,,07-8918370 /     07-8916751,,,1.925632,104.1089321
1768,21-01040704,BUKA,AWAM,KKM,,JOHOR,KOTA TINGGI,KLINIK,KLINIK KESIHATAN,KK BAYU DAMAI,PENGERANG,,81600,,019-7251130,,,1.3879805,104.2725659
1769,21-01041195,BUKA,AWAM,KKM,,JOHOR,KOTA TINGGI,KLINIK,KLINIK KESIHATAN,KK BANDAR KOTA TINGGI,"LOT 1385, JALAN SUNGAI SIPUT",,81900,,07-8837745,,,1.747788784,103.9023214
1770,21-01090402,BUKA,AWAM,KKM,,JOHOR,KULAI,KLINIK,KLINIK KESIHATAN,KK KULAI,"JALAN PEJABAT KERAJAAN, KULAI, KULAIJAYA",,81000,,07-6625255,,,1.6556913,103.6067806
1771,21-01090063,BUKA,AWAM,KKM,,JOHOR,KULAI,KLINIK,KLINIK KESIHATAN,KK KULAI BESAR,"BATU 19 JALAN AIR HITAM, KULAIJAYA",,81000,,07-6622403,,,1.667382,103.5892645
1772,21-01091042,BUKA,AWAM,KKM,,JOHOR,KULAI,KLINIK,KLINIK KESIHATAN,KK KELAPA SAWIT,"JALAN KELAPA SAWIT, SEDEMAL, KULAI",,81000,,,,,1.67594,103.529
1773,21-01090327,BUKA,AWAM,KKM,,JOHOR,KULAI,KLINIK,KLINIK KESIHATAN,KK SENAI,BATU 13 JALAN AIR HITAM,,81400,,07-5985872,,,1.6675562,103.5893282
1774,21-01100043,BUKA,AWAM,KKM,,JOHOR,TANGKAK,KLINIK,KLINIK KESIHATAN,KK BUKIT GAMBIR,"LOT 11961 KLINIK KESIHATAN BUKIT GAMBIR, GERSIK",,84800,,06-9762549 /     06-9761353,,,2.215757,102.6591586
1775,21-01100045,BUKA,AWAM,KKM,,JOHOR,TANGKAK,KLINIK,KLINIK KESIHATAN,KK BUKIT SERAMPANG,"JALAN DURIAN CONDONG, BUKIT SERAMPANG, JEMENTAH, LEDANG",,85220,,06-9776961,,,2.3578188,102.80609
1776,21-01100051,BUKA,AWAM,KKM,,JOHOR,TANGKAK,KLINIK,KLINIK KESIHATAN,KK GERSIK,"GERSIK, LEDANG",,84700,,06-9728780,,,2.209114,102.7103929
1777,21-01100083,BUKA,AWAM,KKM,,JOHOR,TANGKAK,KLINIK,KLINIK KESIHATAN,KK PAYAMAS,"JALAN PAYAMAS, TANGKAK",,84900,,06-9781861,,,2.2752849,102.5455059
1778,21-01100094,BUKA,AWAM,KKM,,JOHOR,TANGKAK,KLINIK,KLINIK KESIHATAN,KK SAGIL,"JALAN SEGAMAT, LEDANG",,84020,,06-9772244,,,2.4761978,102.9120615
1779,21-01100104,BUKA,AWAM,KKM,,JOHOR,TANGKAK,KLINIK,KLINIK KESIHATAN,KK SUNGAI MATI,"TANGKAK, LEDANG",,84400,,06-9751054,,,2.1468874,102.5635374
1780,21-01050049,BUKA,AWAM,KKM,,JOHOR,MERSING,KLINIK,KLINIK KESIHATAN,KK ENDAU,"JLN SEKOLAH, MERSING",,86800,,07-7945066 /     07-7943214,,,2.4658605,103.8183152
1781,21-01050053,BUKA,AWAM,KKM,,JOHOR,MERSING,KLINIK,KLINIK KESIHATAN,KK JEMALUANG,MERSING,,86800,,07-7921271,,,2.267828,103.8545528
1782,21-01050071,BUKA,AWAM,KKM,,JOHOR,MERSING,KLINIK,KLINIK KESIHATAN,KK MERSING KANAN,"JALAN ENDAU, MERSING",,86800,,07-7992005,,,2.4371544,103.8338129
1783,21-01050237,BUKA,AWAM,KKM,,JOHOR,MERSING,KLINIK,KLINIK KESIHATAN,KK NITAR 1,"JALAN MERBAH, MERSING",,86800,,07-7961633,,,2.3819226,103.7128559
1784,21-01050110,BUKA,AWAM,KKM,,JOHOR,MERSING,KLINIK,KLINIK KESIHATAN,KK TENGGAROH 02,"JEMALUANG, MERSING",,86800,,07-7911267,,,2.273918,103.8573529
1785,21-01050111,BUKA,AWAM,KKM,,JOHOR,MERSING,KLINIK,KLINIK KESIHATAN,KK TENGLU,"KILOMETER 8, JALAN ENDAU, MERSING",,86800,,07-7991276 /     07-7993676,,,2.4428065,103.8329496
1786,21-01060037,BUKA,AWAM,KKM,,JOHOR,MUAR,KLINIK,KLINIK KESIHATAN,KK AIR HITAM,"BATU 15, AIR HITAM, MUAR",,84200,,07-4212512,,,2.02981,102.76547
1787,21-01060031,BUKA,AWAM,KKM,,JOHOR,MUAR,KLINIK,KLINIK KESIHATAN,KK BAKRI,"JALAN BATU NAMPAK, BAKRI",,84200,,06-9867007,,,2.04052,102.6596
1788,21-01060032,BUKA,AWAM,KKM,,JOHOR,MUAR,KLINIK,KLINIK KESIHATAN,KK MAHARANI,"JALAN HOSPITAL, TAMAN UTAMA 1",,84000,,06-9539729,,,2.05831,102.5765
1789,21-01060044,BUKA,AWAM,KKM,,JOHOR,MUAR,KLINIK,KLINIK KESIHATAN,KK BUKIT PASIR,"JALAN PANCHOR, 84300 BUKIT PASIR, MUAR",,84000,,06-9856196,,,2.09923,102.6399
1790,21-01060057,BUKA,AWAM,KKM,,JOHOR,MUAR,KLINIK,KLINIK KESIHATAN,KK MUAR,"BYPASS OFF JALAN DATO' HAJI KOSAI, 84000 MUAR,",,84000,,06-9523563,,,2.03508,102.6004
1791,21-01060068,BUKA,AWAM,KKM,,JOHOR,MUAR,KLINIK,KLINIK KESIHATAN,KK LENGA,"BATU 29 LENGA, MUAR",,84040,,06-9711445,,,2.259262,102.832368
1792,21-01060072,BUKA,AWAM,KKM,,JOHOR,MUAR,KLINIK,KLINIK KESIHATAN,KK PAGOH,"BATU 15 JLN MUAR LENGA, MUAR",,84600,,06-9746270,,,2.15153,102.7749
1793,21-01060074,BUKA,AWAM,KKM,,JOHOR,MUAR,KLINIK,KLINIK KESIHATAN,KK PARIT BAKAR,"JALAN TEMENGGUNG AHMAD, MUAR",,84000,,06-9811324,,,1.9997088,102.6084768
1794,21-01060076,BUKA,AWAM,KKM,,JOHOR,MUAR,KLINIK,KLINIK KESIHATAN,KK PARIT JAWA,"JALAN TEMENGGUNG AHMAD, MUAR",,84150,,06-9874252,,,1.96145,102.642413
1795,21-01060081,BUKA,AWAM,KKM,,JOHOR,MUAR,KLINIK,KLINIK KESIHATAN,KK PARIT YUSOF,"KLINIK KESIHATAN PARIT YUSOF , JALAN PARIT YUSOF, MUAR  JOHOR",,83600,,07-4161277,,,1.8963077,102.7602205
1796,21-01060103,BUKA,AWAM,KKM,,JOHOR,MUAR,KLINIK,KLINIK KESIHATAN,KK SRI MENANTI,"PARIT JAWA, MUAR",,84150,,06-9881059,,,1.91004,102.687
1797,21-01070028,BUKA,AWAM,KKM,,JOHOR,PONTIAN,KLINIK,KLINIK KESIHATAN,KK AYER BALOI,"AYER BALOI, PONTIAN",,82100,,07-6931213 /     07-6933712,,,1.5927428,103.3313369
1798,21-01070041,BUKA,AWAM,KKM,,JOHOR,PONTIAN,KLINIK,KLINIK KESIHATAN,KK BENUT,"JALAN PARIT ISMAIL, BENUT",,82200,,07-6903633,,,1.7055722,103.288968
1799,21-01070059,BUKA,AWAM,KKM,,JOHOR,PONTIAN,KLINIK,KLINIK KESIHATAN,KK KAYU ARA PASONG,"JLN KAYU ARA PASONG, API-API",,82010,,07-6951355,,,1.5753431,103.4040765
1800,21-01070075,BUKA,AWAM,KKM,,JOHOR,PONTIAN,KLINIK,KLINIK KESIHATAN,KK PARIT ISMAIL,"JLN PARIT ISMAIL, PONTIAN",,82200,,07-6903671,,,1.7008792,103.2871785
1801,21-01070085,BUKA,AWAM,KKM,,JOHOR,PONTIAN,KLINIK,KLINIK KESIHATAN,KK PEKAN NANAS,"JLN PEKAN NANAS, PONTIAN",,81500,,07-6994352,,,1.5221629,103.5142789
1802,21-01070086,BUKA,AWAM,KKM,,JOHOR,PONTIAN,KLINIK,KLINIK KESIHATAN,KK PENEROK,"JLN KUKUP, PONTIAN",,82300,,07-6960311,,,1.379272,103.443029
1803,21-01070091,BUKA,AWAM,KKM,,JOHOR,PONTIAN,KLINIK,KLINIK KESIHATAN,KK PONTIAN,"JALAN ALSAGOFF, PONTIAN",,82000,,07-6868211 /     212 / 213,,,1.5011485,103.3833759
1804,21-01070099,BUKA,AWAM,KKM,,JOHOR,PONTIAN,KLINIK,KLINIK KESIHATAN,KK SERKAT,"JALAN SERKAT, PONTIAN",,82030,,07-6960359,,,1.3182999,103.470803
1805,21-01080035,BUKA,AWAM,KKM,,JOHOR,SEGAMAT,KLINIK,KLINIK KESIHATAN,KK BANDAR PUTRA,"JALAN GENUANG, BANDAR PUTRA, SEGAMAT",,85000,,07-9436099,,,2.4945178,102.8630752
1806,21-01080038,BUKA,AWAM,KKM,,JOHOR,SEGAMAT,KLINIK,KLINIK KESIHATAN,KK BATU ANAM,"JALAN BUKIT CANTIK, JALAN MUAR, BATU ANAM",,85100,,07-9499249,,,2.5751968,102.7082134
1807,21-01080040,BUKA,AWAM,KKM,,JOHOR,SEGAMAT,KLINIK,KLINIK KESIHATAN,KK BEKOK,"JALAN GUNUNG, 86500 BEKOK, SEGAMAT",,86500,,07-9221241,,,2.2977902,103.133987
1808,21-01080047,BUKA,AWAM,KKM,,JOHOR,SEGAMAT,KLINIK,KLINIK KESIHATAN,KK BULOH KASAP,"JALAN TASIK ALAI, BULUH KASAP",,85010,,07-9441241,,,2.5447242,102.7703143
1809,21-01080048,BUKA,AWAM,KKM,,JOHOR,SEGAMAT,KLINIK,KLINIK KESIHATAN,KK CHAAH,"CHAAH, SEGAMAT",,85400,,07-9261236,,,2.249619,103.0400849
1810,21-01080054,BUKA,AWAM,KKM,,JOHOR,SEGAMAT,KLINIK,KLINIK KESIHATAN,KK JEMENTAH,"JALAN MUAR, JEMENTAH, SEGAMAT",,85200,,07-9475097 /      07-9471321,,,2.439213,102.6845127
1811,21-01080065,BUKA,AWAM,KKM,,JOHOR,SEGAMAT,KLINIK,KLINIK KESIHATAN,KK LABIS,"JALAN PEJABAT, LABIS",,85300,,07-9251500 ,,,2.50527,103.0178721
1812,21-01080084,BUKA,AWAM,KKM,,JOHOR,SEGAMAT,KLINIK,KLINIK KESIHATAN,KK PEKAN AIR PANAS,"PEKAN AIR PANAS, LABIS, SEGAMAT",,85300,,07-9287008,,,2.4734561,103.0536983
1813,21-01080087,BUKA,AWAM,KKM,,JOHOR,SEGAMAT,KLINIK,KLINIK KESIHATAN,KK PEMANIS,"FELDA PEMANIS, SEGAMAT",,85009,,07-9456673,,,2.6667071,102.9002941
1814,21-01080095,BUKA,AWAM,KKM,,JOHOR,SEGAMAT,KLINIK,KLINIK KESIHATAN,KK SEGAMAT,"JALAN MUAR, SEGAMAT",,85000,,07-9313334,,,2.5095726,102.8140901
1815,21-01080240,BUKA,AWAM,KKM,,JOHOR,SEGAMAT,KLINIK,KLINIK KESIHATAN,KK PALONG TIMUR,"PALONG TIMUR, BATU ANAM",,85000,,07-4669261,,,2.577145,102.7074128
1817,21-01020424,BUKA,AWAM,KKM,,JOHOR,JOHOR BAHRU,KLINIK,KLINIK KOMUNITI,KKOM BANDAR SRI ALAM,"BLOK A, RUMAH PANGSA SRI ALAM, 
JALAN PANGSA 64, BANDAR SRI ALAM",,81750,,,,,1.5061454,103.8901644
1818,21-01020422,BUKA,AWAM,KKM,,JOHOR,JOHOR BAHRU,KLINIK,KLINIK KOMUNITI,KKOM SRI STULANG,"TINGKAT BAWAH, BLOK G, RUMAH PANGSA SRI STULANG 1, BAKAR BATU, TEBRAU",,80050,,,,,1.4950664,103.7890212
1819,21-01020441,BUKA,AWAM,KKM,,JOHOR,JOHOR BAHRU,KLINIK,KLINIK KOMUNITI,KKOM BANDAR BARU KANGKAR PULAI,"ARAS BAWAH PANGSAPURI KENARI B1, JLN PULAI HARMONI, BANDAR BARU KANGKAR PULAI",,81300,,,,,1.5525374,103.5880294
1820,21-01020444,BUKA,AWAM,KKM,,JOHOR,JOHOR BAHRU,KLINIK,KLINIK KOMUNITI,KKOM TAMAN KOTA MASAI,"NO 20, JALAN TEMBIKAI 5, 
TAMAN KOTA MASAI",,81750,,,,,1.482565,103.9537354
1822,21-01020443,BUKA,AWAM,KKM,,JOHOR,JOHOR BAHRU,KLINIK,KLINIK KOMUNITI,KKOM LAMAN TASEK HARMONI,"ARAS BAWAH BLOK C, PANGSA LAMAN TASEK, JALAN HARMONI UTAMA, LAMAN TASEK
LAMAN TASEK",,81100,,,,,1.515491,103.7940431
1823,21-01020463,BUKA,AWAM,KKM,,JOHOR,JOHOR BAHRU,KLINIK,KLINIK KOMUNITI,KKOM TAMAN CEMPAKA,"BLOK 17, TAMAN CEMPAKA, KEMPAS",,81200,,,,,1.544818,103.6949999
1824,21-01030426,BUKA,AWAM,KKM,,JOHOR,KLUANG,KLINIK,KLINIK KOMUNITI,KKOM TAMAN SERI LAMBAK,"BALAI AKTIVITI JKKMB, 
TAMAN SERI LAMBAK",,86000,,,,,1.9609498,103.3868622
1825,21-01030447,BUKA,AWAM,KKM,,JOHOR,KLUANG,KLINIK,KLINIK KOMUNITI,KKOM TAMAN IMPIAN,"NO 11, JALAN IMPIAN 1, TAMAN IMPIAN",,86000,,,,,2.0338729,103.3198587
1826,21-01030472,BUKA,AWAM,KKM,,JOHOR,KLUANG,KLINIK,KLINIK KOMUNITI,KKOM TAMAN EMAS,"NO.15, TINGKAT BAWAH, TAMAN EMAS, KLUANG",,86000,,,,,2.020733,103.301563
1827,21-01090431,BUKA,AWAM,KKM,,JOHOR,KULAI,KLINIK,KLINIK KOMUNITI,KKOM TAMAN PUTRI,"2635- JALAN SRI PUTRI 8/2, TAMAN PUTRI",,81000,,,,,1.6507166,103.5778979
1828,21-01090454,BUKA,AWAM,KKM,,JOHOR,KULAI,KLINIK,KLINIK KOMUNITI,KKOM BANDAR PUTRA,"4909, JLN MERBAU 13, BANDAR PUTRA",,81000,,,,,1.6523677,103.6209461
1829,21-01100445,BUKA,AWAM,KKM,,JOHOR,TANGKAK,KLINIK,KLINIK KOMUNITI,KKOM TAMAN MEGA RIA,"NO 12, TAMAN MEGA RIA",,84900,,,,,2.2536929,102.5283687
1830,21-01100466,BUKA,AWAM,KKM,,JOHOR,TANGKAK,KLINIK,KLINIK KOMUNITI,KKOM TAMAN HARMONI,"TAMAN HARMONI, TANJUNG AGAS, LEDANG",,84000,,,,,2.060177,102.5530549
1831,21-01050450,BUKA,AWAM,KKM,,JOHOR,MERSING,KLINIK,KLINIK KOMUNITI,KKOM TAMAN TUN DR ISMAIL,"PTD 16127, JALAN RAKIT 2, 
TAMAN TUN DR ISMAIL",,86800,,,,,2.4186406,103.8366358
1832,21-01060427,BUKA,AWAM,KKM,,JOHOR,MUAR,KLINIK,KLINIK KOMUNITI,KKOM TAMAN PAGOH JAYA,"NO.5, JALAN JAYA 1/3, 
TAMAN PAGOH JAYA, PAGOH",,84600,,,,,2.1324,102.7173
1833,21-01060451,BUKA,AWAM,KKM,,JOHOR,MUAR,KLINIK,KLINIK KOMUNITI,KKOM TEMENGGONG AHMAD,"NO 6, JALAN SEJAHTERA 1, 
TAMAN SRI TEMENGGONG",,84000,,,,,2.02941,102.58235
1834,21-01080452,BUKA,AWAM,KKM,,JOHOR,SEGAMAT,KLINIK,KLINIK KOMUNITI,KKOM BUKIT SIPUT,"1, JLN EMAS 1, BUKIT BARU, BUKIT SIPUT",,85020,,,,,2.484681,102.8523164
1835,21-01080453,BUKA,AWAM,KKM,,JOHOR,SEGAMAT,KLINIK,KLINIK KOMUNITI,KKOM TAMAN YAYASAN,"NO 19, JLN BESTARI 4/10, TAMAN YAYASAN",,85000,,,,,2.5517031,102.7930028
1836,21-01010139,BUKA,AWAM,KKM,,JOHOR,BATU PAHAT,KLINIK,KLINIK DESA,KD BATU PUTIH,KG BATU PUTEH SIMPANG LIMA BATU PAHAT,,83000,,,,,1.892993,102.876906
1837,21-01010168,BUKA,AWAM,KKM,,JOHOR,BATU PAHAT,KLINIK,KLINIK DESA,KD KAMPUNG BARU,KG BARU MUKIM 7 PARIT YAANI,,83710,,,,,1.9035843,103.0545463
1838,21-01010252,BUKA,AWAM,KKM,,JOHOR,BATU PAHAT,KLINIK,KLINIK DESA,KD PARIT GANTONG,KG PARIT GANTONG,,83500,,,,,1.9940816,102.8705363
1839,21-01010359,BUKA,AWAM,KKM,,JOHOR,BATU PAHAT,KLINIK,KLINIK DESA,KD SUNGAI NIBONG,"KG SUNGAI NIBONG, SEMERAH",,83600,,,,,1.8663889,102.7811111
1840,21-01010325,BUKA,AWAM,KKM,,JOHOR,BATU PAHAT,KLINIK,KLINIK DESA,KD SEJAGONG,"JALAN PARIT JAYUS 3, SRI MEDAN BATU PAHAT",,83400,,,,,1.8646268,102.9244932
1841,21-01010132,BUKA,AWAM,KKM,,JOHOR,BATU PAHAT,KLINIK,KLINIK DESA,KD ASSAM BUBOK,"KAMPUNG PARIT KHALID, MUKIM 7 PARIT RAJA",,86400,,,,,1.849442,102.9288341
1842,21-01010247,BUKA,AWAM,KKM,,JOHOR,BATU PAHAT,KLINIK,KLINIK DESA,KD BELEMAM,"KAMPUNG PARIT BELEMAM, MUKIM 6 TONGKANG PECHAH",,83010,,,,,1.916035,102.922798
1843,21-01010141,BUKA,AWAM,KKM,,JOHOR,BATU PAHAT,KLINIK,KLINIK DESA,KD SRI BEROLEH,"JALAN PANCHOR, KAMPUNG PARIT HAJI SALLEH, BATU PAHAT",,83000,,,,,1.8799244,102.9801544
1844,21-01010142,BUKA,AWAM,KKM,,JOHOR,BATU PAHAT,KLINIK,KLINIK DESA,KD BINDU,"KG. BINDU, TONGKANG PECHAH",,83010,,,,,1.901059,102.966974
1845,21-01010208,BUKA,AWAM,KKM,,JOHOR,BATU PAHAT,KLINIK,KLINIK DESA,KD KANGKAR BARU,"KG. KANGKAR BARU, YONG PENG",,83700,,,,,2.062804,103.1220209
1846,21-01010210,BUKA,AWAM,KKM,,JOHOR,BATU PAHAT,KLINIK,KLINIK DESA,KD KANGKAR SENANGAR,"JKR 1550A KANGKAR SENANGAR, PARIT SULONG",,83500,,,,,1.9935552,102.8735984
1847,21-01010229,BUKA,AWAM,KKM,,JOHOR,BATU PAHAT,KLINIK,KLINIK DESA,KD LINAU KECIL,"KG.LINAU KECIL, BUKIT PASIR BATU PAHAT",,83050,,,,,1.8737552,102.929355
1848,21-01010235,BUKA,AWAM,KKM,,JOHOR,BATU PAHAT,KLINIK,KLINIK DESA,KD MINYAK BEKU,"KG. MINYAK BEKU, BATU PAHAT",,83000,,,,,1.7916214,102.8931941
1849,21-01010243,BUKA,AWAM,KKM,,JOHOR,BATU PAHAT,KLINIK,KLINIK DESA,KD PARIT ABDUL RAHMAN,"KG. PARIT ABDUL RAHMAN, MUKIM 4 SIMPANG KIRI",,83500,,,,,1.91921,102.89453
1850,21-01010260,BUKA,AWAM,KKM,,JOHOR,BATU PAHAT,KLINIK,KLINIK DESA,KD PARIT AMIL,"KAMPONG PARIT AMIL, YONG PENG",,83740,,,,,1.9615779,103.060933
1851,21-01010246,BUKA,AWAM,KKM,,JOHOR,BATU PAHAT,KLINIK,KLINIK DESA,KD PARIT BASRI,"KG PARIT BASRI, SRI MEDAN",,83400,,,,,2.0190708,102.9567754
1852,21-01010248,BUKA,AWAM,KKM,,JOHOR,BATU PAHAT,KLINIK,KLINIK DESA,KD PARIT BETALING,"KAMPUNG BETALING, SRI MEDAN",,83400,,,,,2.0292253,102.9838037
1853,21-01010249,BUKA,AWAM,KKM,,JOHOR,BATU PAHAT,KLINIK,KLINIK DESA,KD PARIT BILAL,"JALAN BUKIT PASIR, BUKIT PASIR BATU PAHAT",,83000,,,,,1.8953072,102.9512853
1854,21-01010258,BUKA,AWAM,KKM,,JOHOR,BATU PAHAT,KLINIK,KLINIK DESA,KD PARIT HAJI SALAM,"KG. PARIT HAJI ABDUL SALAM, SIMPANG LIMA BATU PAHAT",,83020,,,,,1.839551,102.878447
1855,21-01010261,BUKA,AWAM,KKM,,JOHOR,BATU PAHAT,KLINIK,KLINIK DESA,KD PARIT HYLAM,"KG PARIT HYLAM, SENGGARANG",,83200,,,,,1.721683,103.0802378
1856,21-01010264,BUKA,AWAM,KKM,,JOHOR,BATU PAHAT,KLINIK,KLINIK DESA,KD PARIT JELUTONG,"KAMPONG PARIT JELUTONG, PARIT RAJA",,86400,,,,,1.8478834,103.0847421
1857,21-01010265,BUKA,AWAM,KKM,,JOHOR,BATU PAHAT,KLINIK,KLINIK DESA,KD PARIT KADER,"KAMPONG PARIT KADIR, SENGGARANG",,83200,,,,,1.7797162,103.1020111
1858,21-01010267,BUKA,AWAM,KKM,,JOHOR,BATU PAHAT,KLINIK,KLINIK DESA,KD PARIT KASIH,"KAMPUNG PARIT KASIH, SENGGARANG",,83000,,,,,1.7924266,103.0374235
1859,21-01010269,BUKA,AWAM,KKM,,JOHOR,BATU PAHAT,KLINIK,KLINIK DESA,KD PARIT KEMANG,"KAMPUNG PARIT KEMANG, SENGGARANG",,83200,,,,,1.7488889,103.0527778
1860,21-01010271,BUKA,AWAM,KKM,,JOHOR,BATU PAHAT,KLINIK,KLINIK DESA,KD PARIT KUDA,"JALAN MUAR KAMPUNG PARIT KUDA, SEMERAH",,83600,,,,,1.864986,102.813738
1861,21-01010222,BUKA,AWAM,KKM,,JOHOR,BATU PAHAT,KLINIK,KLINIK DESA,KD PARIT LAPIS SEMPADAN,"KG. PARIT LAPIS SEMPADAN, PARIT RAJA",,86400,,,,,1.8498699,103.1052839
1862,21-01010273,BUKA,AWAM,KKM,,JOHOR,BATU PAHAT,KLINIK,KLINIK DESA,KD PARIT LUBOK,"KG. PARIT LUBOK, SEMERAH",,83600,,,,,1.8697222,102.79
1863,21-01010274,BUKA,AWAM,KKM,,JOHOR,BATU PAHAT,KLINIK,KLINIK DESA,KD PARIT MAIMON,"KG. PARIT MAIMON, PARIT SULONG",,83500,,,,,1.940217,102.853069
1864,21-01010277,BUKA,AWAM,KKM,,JOHOR,BATU PAHAT,KLINIK,KLINIK DESA,KD SRI PANDAN,"JALAN PARIT KARJO, PARIT RAJA",,86400,,,,,1.8048751,103.0499705
1865,21-01010287,BUKA,AWAM,KKM,,JOHOR,BATU PAHAT,KLINIK,KLINIK DESA,KD PARIT SANGIT,KAMPUNG PARIT SANGIT,,83600,,,,,1.8914764,102.7479899
1866,21-01010290,BUKA,AWAM,KKM,,JOHOR,BATU PAHAT,KLINIK,KLINIK DESA,KD PARIT SEMARANG,"KG PARIT SEMARANG, PARIT RAJA",,86400,,,,,1.883839,103.1500828
1867,21-01010294,BUKA,AWAM,KKM,,JOHOR,BATU PAHAT,KLINIK,KLINIK DESA,KD PARIT WARIJO,"KG. PARIT WARIJO, SRI MEDAN",,83400,,,,,1.9976392,102.9493989
1868,21-01010295,BUKA,AWAM,KKM,,JOHOR,BATU PAHAT,KLINIK,KLINIK DESA,KD PARIT YOB,"SRI BENGKAL, BATU PAHAT",,83300,,,,,1.9533795,103.0263454
1869,21-01010300,BUKA,AWAM,KKM,,JOHOR,BATU PAHAT,KLINIK,KLINIK DESA,KD PATAH PEDANG,"JALAN PATAH PEDANG, MUKIM MINYAK BEKU BATU PAHAT",,83000,,,,,1.7774485,102.9180423
1870,21-01010306,BUKA,AWAM,KKM,,JOHOR,BATU PAHAT,KLINIK,KLINIK DESA,KD PERPAT,"KG. PARIT PERPAT DARAT, RENGIT",,83100,,,,,1.6781127,103.1090724
1871,21-01010308,BUKA,AWAM,KKM,,JOHOR,BATU PAHAT,KLINIK,KLINIK DESA,KD PESERAI,BATU 4 1/2 JALAN PESERAI,,83000,,,,,1.8578569,102.9198457
1872,21-01010331,BUKA,AWAM,KKM,,JOHOR,BATU PAHAT,KLINIK,KLINIK DESA,KD SEPARAP,"KG PARIT SEPARAP, PARIT SULONG",,83500,,,,,1.9002778,102.8388889
1873,21-01010336,BUKA,AWAM,KKM,,JOHOR,BATU PAHAT,KLINIK,KLINIK DESA,KD SIMPANG ENAM,"KAMPUNG SIMPANG ENAM, RENGIT, BATU PAHAT",,83100,,,,,1.7758908,103.1435537
1874,21-01010342,BUKA,AWAM,KKM,,JOHOR,BATU PAHAT,KLINIK,KLINIK DESA,KD SRI LADANG,KAMPONG SRI LADANG,,83100,,,,,1.7444208,103.1556897
1875,21-01010345,BUKA,AWAM,KKM,,JOHOR,BATU PAHAT,KLINIK,KLINIK DESA,KD SRI MENANTI,"JALAN PARIT BANGAS, SRI MEDAN KAMPUNG SRI MENANTI",,83400,,,,,1.910646,102.689554
1876,21-01010346,BUKA,AWAM,KKM,,JOHOR,BATU PAHAT,KLINIK,KLINIK DESA,KD SRI MENDAPAT,KAMPONG SRI MENDAPAT,,86400,,,,,1.849442,102.9288341
1877,21-01010347,BUKA,AWAM,KKM,,JOHOR,BATU PAHAT,KLINIK,KLINIK DESA,KD PARIT NIPAH,"KG. PARIT NIPAH DARAT, PARIT RAJA",,86400,,,,,1.8315628,103.1681365
1878,21-01010349,BUKA,AWAM,KKM,,JOHOR,BATU PAHAT,KLINIK,KLINIK DESA,KD SUNGAI AYAM,"JALAN SUNGAI AYAM DARAT, KG. SG. AYAM",,83040,,,,,1.780398,102.9330539
1879,21-01010357,BUKA,AWAM,KKM,,JOHOR,BATU PAHAT,KLINIK,KLINIK DESA,KD SUNGAI MERLONG,"KAMPUNG SUNGAI MERLONG, JALAN PONTIAN, RENGIT",,83100,,,,,1.6656891,103.1837081
1880,21-01010366,BUKA,AWAM,KKM,,JOHOR,BATU PAHAT,KLINIK,KLINIK DESA,KD TALANG BUNUT,"KAMPUNG TALANG BUNUT  OLAK BATU, PARIT RAJA",,86400,,,,,1.8469413,102.9352354
1881,21-01010370,BUKA,AWAM,KKM,,JOHOR,BATU PAHAT,KLINIK,KLINIK DESA,KD TANJUNG LABOH,"BATU 10 KAMPUNG KORIS, TANJUNG LABOH",,83200,,,,,1.7913243,102.9665509
1882,21-01010372,BUKA,AWAM,KKM,,JOHOR,BATU PAHAT,KLINIK,KLINIK DESA,KD TANJUNG SEMBERONG,"KG. TANJUNG SEMBERONG, MUKIM 7 PARIT RAJA",,86400,,,,,1.8539494,102.9357477
1883,21-01010448,BUKA,AWAM,KKM,,JOHOR,BATU PAHAT,KLINIK,KLINIK KOMUNITI,KK TAMAN CERIA,"NO.6, JALAN CERIA, TAMAN CERIA BATU PAHAT, JOHO",,83000,,,,,1.8648886,102.9681335
1884,21-01020131,BUKA,AWAM,KKM,,JOHOR,JOHOR BAHRU,KLINIK,KLINIK DESA,KD ANTOI,"JLN ANTOI, MAJIDEE BARU",,81100,,,,,1.5074153,103.7667647
1885,21-01020167,BUKA,AWAM,KKM,,JOHOR,JOHOR BAHRU,KLINIK,KLINIK DESA,KD BAKAR BATU,"JKR 3302, JLN SEKOLAH, BAKAR BATU",,80150,,,,,1.498257,103.7859305
1886,21-01020188,BUKA,AWAM,KKM,,JOHOR,JOHOR BAHRU,KLINIK,KLINIK DESA,KD KAMPUNG PULAI,KG PULAI,,81300,,,,,1.4771498,103.5660913
1887,21-01020209,BUKA,AWAM,KKM,,JOHOR,JOHOR BAHRU,KLINIK,KLINIK DESA,KD KANGKAR PULAI,"JKR 6266, KANGKAR PULAI",,81110,,,,,1.55727,103.59274
1888,21-01020211,BUKA,AWAM,KKM,,JOHOR,JOHOR BAHRU,KLINIK,KLINIK DESA,KD KANGKAR TEBRAU,"JKR 5496, JLN KANGKAR TEBRAU",,81100,,,,,1.535958,103.7580512
1889,21-01020215,BUKA,AWAM,KKM,,JOHOR,JOHOR BAHRU,KLINIK,KLINIK DESA,KD KEMPAS BARU,"JKR 5853, JALAN LURAH 2, KEMPAS BARU",,81200,,,,,1.5325566,103.7147882
1890,21-01020228,BUKA,AWAM,KKM,,JOHOR,JOHOR BAHRU,KLINIK,KLINIK DESA,KD LIMA KEDAI,"ARAS BAWAH, BLOK A, TAMAN PERUMAHAN LIMA KEDAI, GELANG PATAH, ",,81300,,,,,1.5022417,103.6165828
1891,21-01020179,BUKA,AWAM,KKM,,JOHOR,JOHOR BAHRU,KLINIK,KLINIK DESA,KD MAJU JAYA,"JKR 4798, KG MAJU JAYA",,81300,,,,,1.5808348,103.7177753
1892,21-01020183,BUKA,AWAM,KKM,,JOHOR,JOHOR BAHRU,KLINIK,KLINIK DESA,KD PASIR PUTIH,"JKR 4498, KG PASIR PUTIH, MASAI, JOHOR",,81700,,,,,1.4349193,103.9310097
1893,21-01020305,BUKA,AWAM,KKM,,JOHOR,JOHOR BAHRU,KLINIK,KLINIK DESA,KD PERMAS JAYA,JOHOR BAHRU,,81750,,,,,1.5099392,103.8201046
1894,21-01020310,BUKA,AWAM,KKM,,JOHOR,JOHOR BAHRU,KLINIK,KLINIK DESA,KD PLENTONG,"JKR 6124, JLN BUNGA MATAHARI, PLENTONG, MASAI",,81750,,,,,1.522478,103.8203888
1896,21-01020356,BUKA,AWAM,KKM,,JOHOR,JOHOR BAHRU,KLINIK,KLINIK DESA,KD SUNGAI MELAYU,KG. SUNGAI MELAYU,,80200,,,,,1.4547789,103.6909027
1897,21-01020364,BUKA,AWAM,KKM,,JOHOR,JOHOR BAHRU,KLINIK,KLINIK DESA,KD SUNGAI TIRAM,"JKR 2114, JLN SG. TIRAM, 81800 ULU TIRAM",,81800,,,,,1.5859274,103.8897396
1898,21-01020367,BUKA,AWAM,KKM,,JOHOR,JOHOR BAHRU,KLINIK,KLINIK DESA,KD TANJONG LANGSAT,"JKR 5376, JLN KG TG LANGSAT, MASAI, JOHOR",,81750,,,,,1.4888533,103.8812305
1899,21-01020206,BUKA,AWAM,KKM,,JOHOR,JOHOR BAHRU,KLINIK,KLINIK DESA,KD TIRAM DUKU,JOHOR BAHRU,,81560,,,,,1.38166,103.5657874
1900,21-01020389,BUKA,AWAM,KKM,,JOHOR,JOHOR BAHRU,KLINIK,KLINIK DESA,KD ULU TEBRAU (FELDA),"3195A- FELDA ULU TEBRAU, ULU TIRAM",,81800,,,,,1.6327581,103.7553737
1901,21-01030409,BUKA,AWAM,KKM,,JOHOR,KLUANG,KLINIK,KLINIK DESA,KD NYIOR,86000 KLUANG,,86000,,,,,2.0504872,103.2971195
1902,21-01030137,BUKA,AWAM,KKM,,JOHOR,KLUANG,KLINIK,KLINIK DESA,KD FELCRA BATU 4 1/2 PALOH,KLUANG,,86000,,,,,2.16738,103.133
1903,21-01030156,BUKA,AWAM,KKM,,JOHOR,KLUANG,KLINIK,KLINIK DESA,KD FELDA LAYANG-LAYANG,"JALAN TERKUKUR, FELDA LAYANG-LAYANG, 86200 SIMPANG RENGGAM",,81850,,,,,1.7885705,103.3931665
1904,21-01030172,BUKA,AWAM,KKM,,JOHOR,KLUANG,KLINIK,KLINIK DESA,KD KAMPUNG GAJAH,86007 KLUANG,,86700,,,,,2.103424,103.395289
1905,21-01030262,BUKA,AWAM,KKM,,JOHOR,KLUANG,KLINIK,KLINIK DESA,KD KAMPUNG IBRAHIM MAJID,"86200 SIMPANG RENGGAM, KLUANG",,86200,,,,,1.7564504,103.3038473
1906,21-01030255,BUKA,AWAM,KKM,,JOHOR,KLUANG,KLINIK,KLINIK DESA,KD KAMPUNG PARIT HAJI HASHIM,"KAMPUNG PARIT HAJI HASHIM, KLUANG",,86200,,,,,1.8096818,103.3038328
1907,21-01030203,BUKA,AWAM,KKM,,JOHOR,KLUANG,KLINIK,KLINIK DESA,KD KAMPUNG TENGAH RENGGAM,"86300 RENGGAM, KLUANG",,86300,,,,,1.8414589,103.4110824
1908,21-01030233,BUKA,AWAM,KKM,,JOHOR,KLUANG,KLINIK,KLINIK DESA,KD MACAP,"JKR 1034, KAMPUNG MACAP SRI MACAP, 86200 KLUANG",,86200,,,,,1.867496,103.235572
1909,21-01030343,BUKA,AWAM,KKM,,JOHOR,KLUANG,KLINIK,KLINIK DESA,KD SRI LALANG,86000 KLUANG,,86000,,,,,1.99041,103.255452
1910,21-01030355,BUKA,AWAM,KKM,,JOHOR,KLUANG,KLINIK,KLINIK DESA,KD SUNGAI LINAU,"SIMPANG RENGGAM, KLUANG",,86200,,,,,1.841304903,103.2432653
1911,21-01030360,BUKA,AWAM,KKM,,JOHOR,KLUANG,KLINIK,KLINIK DESA,KD SUNGAI SAYONG,"86300 RENGGAM, KLUANG",,86300,,,,,1.8767591,103.4280586
1912,21-01030387,BUKA,AWAM,KKM,,JOHOR,KLUANG,KLINIK,KLINIK DESA,KD ULU BENUT,"SIMPANG RENGGAM, KLUANG",,86200,,,,,1.8394506,103.3356272
1913,21-01030157,BUKA,AWAM,KKM,,JOHOR,KLUANG,KLINIK,KLINIK DESA,KD ULU PENGGELI,86007 KLUANG,,86000,,,,,1.9155264,103.5196429
1914,21-01030154,BUKA,AWAM,KKM,,JOHOR,KLUANG,KLINIK,KLINIK DESA,KD FELDA AIR HITAM,86000 KLUANG,,86000,,,,,1.9567452,103.227056
1915,21-01030152,BUKA,AWAM,KKM,,JOHOR,KLUANG,KLINIK,KLINIK DESA,KD CHAMEK,86000 KLUANG,,86000,,,,,2.1397369,103.231499
1916,21-01030155,BUKA,AWAM,KKM,,JOHOR,KLUANG,KLINIK,KLINIK DESA,KD FELDA KAHANG BARAT,"KAHANG BARAT, KLUANG",,86000,,,,,2.0543692,103.4178614
1917,21-01030164,BUKA,AWAM,KKM,,JOHOR,KLUANG,KLINIK,KLINIK DESA,KD KAHANG BATU 28,86000 KLUANG,,86000,,,,,2.1249467,103.4194547
1918,21-01030184,BUKA,AWAM,KKM,,JOHOR,KLUANG,KLINIK,KLINIK DESA,KD KAMPUNG PAYA,JALAN KG PAYA,,86000,,,,,2.0433928,103.3335037
1919,21-01030201,BUKA,AWAM,KKM,,JOHOR,KLUANG,KLINIK,KLINIK DESA,KD KAMPUNG TENGAH,JALAN SEKOLAH,,86300,,,,,2.028788,103.3153801
1920,21-01030470,BUKA,AWAM,KKM,,JOHOR,KLUANG,KLINIK,KLINIK DESA,KD BUKIT BATU,"MACAP, SIMPANG RENGGAM, KLUANG, 86200 JOHOR",,86200,,,,,1.8702333,103.2353074
1921,21-01040136,BUKA,AWAM,KKM,,JOHOR,KOTA TINGGI,KLINIK,KLINIK DESA,KD BATU 4,JALAN TUN HABAB,,81900,,,,,1.7302842,103.8993864
1922,21-01040433,BUKA,AWAM,KKM,,JOHOR,KOTA TINGGI,KLINIK,KLINIK DESA,KD PUNGGAI,JALAN TERSUSUN PUNGGAI,,81900,,,,,1.4356962,104.2941083
1923,21-01040127,BUKA,AWAM,KKM,,JOHOR,KOTA TINGGI,KLINIK,KLINIK DESA,KD AIR TAWAR 3 (FELDA),FELDA AIR TAWAR 3,,81900,,,,,1.703666,103.9848739
1924,21-01040128,BUKA,AWAM,KKM,,JOHOR,KOTA TINGGI,KLINIK,KLINIK DESA,KD AIR TAWAR 4 (FELDA),KOTA TINGGI,,81900,,,,,1.611253,104.0909461
1925,21-01040130,BUKA,AWAM,KKM,,JOHOR,KOTA TINGGI,KLINIK,KLINIK DESA,KD AIR TAWAR I (FELDA),FELDA AIR TAWAR 1,,81900,,,,,1.630151,104.0475532
1926,21-01040143,BUKA,AWAM,KKM,,JOHOR,KOTA TINGGI,KLINIK,KLINIK DESA,KD APING BARAT (FELDA),FELDA APING BARAT,,81900,,,,,1.8266255,103.9933483
1927,21-01040144,BUKA,AWAM,KKM,,JOHOR,KOTA TINGGI,KLINIK,KLINIK DESA,KD APING TIMUR (FELDA),FELDA APING TIMUR,,81900,,,,,1.82478,104.008558
1928,21-01040150,BUKA,AWAM,KKM,,JOHOR,KOTA TINGGI,KLINIK,KLINIK DESA,KD BUKIT RAMUN (FELDA),FELDA BUKIT RAMUN,,81900,,,,,1.7666667,103.75
1929,21-01040173,BUKA,AWAM,KKM,,JOHOR,KOTA TINGGI,KLINIK,KLINIK DESA,KD GEMBUT,JALAN TANJUNG SEDILI,,81900,,,,,1.9276132,104.1110231
1930,21-01040178,BUKA,AWAM,KKM,,JOHOR,KOTA TINGGI,KLINIK,KLINIK DESA,KD KAMPUNG LINTING,KAMPUNG LINTING,,81900,,,,,1.48408,104.058
1931,21-01040220,BUKA,AWAM,KKM,,JOHOR,KOTA TINGGI,KLINIK,KLINIK DESA,KD KUALA SEDILI KECIL,KG. SEDILI KECIL,,81900,,,,,1.83565,104.1409989
1932,21-01040230,BUKA,AWAM,KKM,,JOHOR,KOTA TINGGI,KLINIK,KLINIK DESA,KD LINGGIU (FELDA),FELDA LINGGUI,,81900,,,,,1.8000064,103.7228876
1933,21-01040180,BUKA,AWAM,KKM,,JOHOR,KOTA TINGGI,KLINIK,KLINIK DESA,KD MAWAI BARU,JALAN TANJUNG SEDILI,,81900,,,,,1.9275991,104.1077065
1934,21-01040297,BUKA,AWAM,KKM,,JOHOR,KOTA TINGGI,KLINIK,KLINIK DESA,KD PASAK (FELDA),KOTA TINGGI,,81900,,,,,1.716554,103.950537
1935,21-01040298,BUKA,AWAM,KKM,,JOHOR,KOTA TINGGI,KLINIK,KLINIK DESA,KD PASIR GOGOK,KG. PASIR GOGOK,,81900,,,,,1.445712,104.112401
1936,21-01040299,BUKA,AWAM,KKM,,JOHOR,KOTA TINGGI,KLINIK,KLINIK DESA,KD PASIR RAJA (FELDA),FELDA PASIR RAJA,,81900,,,,,1.761519,103.685071
1937,21-01040309,BUKA,AWAM,KKM,,JOHOR,KOTA TINGGI,KLINIK,KLINIK DESA,KD PETRI JAYA,FELDA PETRI JAYA,,81900,,,,,1.8129998,103.7685412
1938,21-01040192,BUKA,AWAM,KKM,,JOHOR,KOTA TINGGI,KLINIK,KLINIK DESA,KD SEMANGGAR,KG SEMANGGAR DALAM,,81900,,,,,1.7614939,103.7807413
1939,21-01040326,BUKA,AWAM,KKM,,JOHOR,KOTA TINGGI,KLINIK,KLINIK DESA,KD SEMENCHU (FELDA),FELDA SEMENCHU,,81900,,,,,1.598768,104.1056888
1940,21-01040270,BUKA,AWAM,KKM,,JOHOR,KOTA TINGGI,KLINIK,KLINIK DESA,KD SG TELOR,"KG SERI JAYA, SG TELOR",,81900,,,,,1.72854,103.826
1941,21-01040348,BUKA,AWAM,KKM,,JOHOR,KOTA TINGGI,KLINIK,KLINIK DESA,KD SUNGAI ARA (FELCRA),FELCRA SG ARA,,81900,,,,,2.0117314,103.8623083
1942,21-01040361,BUKA,AWAM,KKM,,JOHOR,KOTA TINGGI,KLINIK,KLINIK DESA,KD SUNGAI SAYONG (FELDA),FELDA SG SAYONG,,81900,,,,,1.782967,103.6821938
1943,21-01040362,BUKA,AWAM,KKM,,JOHOR,KOTA TINGGI,KLINIK,KLINIK DESA,KD SUNGAI SIBOL (FELDA),FELDA SG SIBOL,,81900,,,,,1.849185,103.6360699
1944,21-01040200,BUKA,AWAM,KKM,,JOHOR,KOTA TINGGI,KLINIK,KLINIK DESA,KD TANJONG BUAI,KG. TANJUNG BUAI,,81900,,,,,1.497484,104.043011
1945,21-01040368,BUKA,AWAM,KKM,,JOHOR,KOTA TINGGI,KLINIK,KLINIK DESA,KD TANJONG SERINDIT,KAMPUNG TANJUNG SERINDIT,,81900,,,,,1.513008,104.1043928
1946,21-01040376,BUKA,AWAM,KKM,,JOHOR,KOTA TINGGI,KLINIK,KLINIK DESA,KD TELOK SENGAT,KAMPUNG TELOK SENGAT,,81900,,,,,1.56247,104.0312149
1947,21-01040377,BUKA,AWAM,KKM,,JOHOR,KOTA TINGGI,KLINIK,KLINIK DESA,KD TELUK RAMUNIA,JALAN RAMUNIA,,81900,,,,,1.3722224,104.2480242
1948,21-01040384,BUKA,AWAM,KKM,,JOHOR,KOTA TINGGI,KLINIK,KLINIK DESA,KD TENGGAROH SELATAN 1,FELDA TENGGAROH 1,,81900,,,,,2.0311014,104.0497161
1949,21-01090418,BUKA,AWAM,KKM,,JOHOR,KULAI,KLINIK,KLINIK DESA,KD KAMPUNG BAHAGIA,JALAN MAWAR KG BAHAGIA,,81000,,,,,1.7313124,103.6450635
1950,21-01090125,BUKA,AWAM,KKM,,JOHOR,KULAI,KLINIK,KLINIK DESA,KD AIR BEMBAN,BATU 25 JALAN AIR HITAM,,80950,,,,,1.667432,103.589211
1951,21-01090145,BUKA,AWAM,KKM,,JOHOR,KULAI,KLINIK,KLINIK DESA,KD FELDA BUKIT BATU,"JKR 3736, JALAN KLINIK, KULAI",,81020,,,,,1.705682,103.4372596
1952,21-01090149,BUKA,AWAM,KKM,,JOHOR,KULAI,KLINIK,KLINIK DESA,KD FELDA BUKIT PERMAI,JALAN SEKOLAH KULAI,,81000,,,,,1.7698409,103.5182614
1953,21-01090161,BUKA,AWAM,KKM,,JOHOR,KULAI,KLINIK,KLINIK DESA,KD FELDA INAS,JALAN TITIWANGSA KULAI,,80950,,,,,1.7726361,103.6025172
1954,21-01090170,BUKA,AWAM,KKM,,JOHOR,KULAI,KLINIK,KLINIK DESA,KD KAMPUNG BUKIT BATU,BATU 28 JALAN AIR HITAM,,81000,,,,,1.667432,103.589211
1955,21-01090319,BUKA,AWAM,KKM,,JOHOR,KULAI,KLINIK,KLINIK DESA,KD SALENG,BATU 17 JALAN AIR HITAM,,80950,,,,,1.667708,103.589163
1956,21-01090324,BUKA,AWAM,KKM,,JOHOR,KULAI,KLINIK,KLINIK DESA,KD SEDENAK,BTU 24 LORONG 4,,81010,,,,,1.5698907,103.6048269
1957,21-01090388,BUKA,AWAM,KKM,,JOHOR,KULAI,KLINIK,KLINIK DESA,KD ULU CHOH,KG ULU CHOH,,81150,,,,,1.5246032,103.5432401
1958,21-01100419,BUKA,AWAM,KKM,,JOHOR,TANGKAK,KLINIK,KLINIK DESA,KD BUKIT KANGKAR,BT 19 1/2 JALAN MUAR 84400 SUNGAI MATI,,84400,,,,,2.0973009,102.634762
1959,21-01100373,BUKA,AWAM,KKM,,JOHOR,TANGKAK,KLINIK,KLINIK DESA,KD TELOK BAKONG,"SEROM, SUNGAI MATI LEDANG",,84410,,,,,2.271093,102.5419882
1960,21-01100140,BUKA,AWAM,KKM,,JOHOR,TANGKAK,KLINIK,KLINIK DESA,KD BEKOH BELADING,"TANGKAK, LEDANG",,84900,,,,,2.3504822,102.522479
1961,21-01100190,BUKA,AWAM,KKM,,JOHOR,TANGKAK,KLINIK,KLINIK DESA,KD KAMPUNG SAGIL,SAGIL,,84020,,,,,2.262289,102.62042
1962,21-01100204,BUKA,AWAM,KKM,,JOHOR,TANGKAK,KLINIK,KLINIK DESA,KD KAMPUNG TERATAI,JEMENTAH,,85200,,,,,2.331983,102.726049
1963,21-01100212,BUKA,AWAM,KKM,,JOHOR,TANGKAK,KLINIK,KLINIK DESA,KD KEBUN BARU,"SAGIL, LEDANG",,84020,,,,,2.391389,102.683075
1964,21-01100217,BUKA,AWAM,KKM,,JOHOR,TANGKAK,KLINIK,KLINIK DESA,KD KESANG,"BT 7, KESANG, 84900 LEDANG",,84900,,,,,2.1184716,102.5069383
1965,21-01100177,BUKA,AWAM,KKM,,JOHOR,TANGKAK,KLINIK,KLINIK DESA,KD KUNDANG ULU,"GERSIK, LEDANG",,84710,,,,,2.236493,102.7647151
1966,21-01100242,BUKA,AWAM,KKM,,JOHOR,TANGKAK,KLINIK,KLINIK DESA,KD PANTAI LAYANG,"SUNGAI MATI, LEDANG",,84400,,,,,2.1209581,102.5689436
1967,21-01100283,BUKA,AWAM,KKM,,JOHOR,TANGKAK,KLINIK,KLINIK DESA,KD PARIT RAJA,"GERSIK, LEDANG",,84700,,,,,2.2094289,102.6439947
1968,21-01100296,BUKA,AWAM,KKM,,JOHOR,TANGKAK,KLINIK,KLINIK DESA,KD PARIT ZING,"SEROM 8, SUNGAI MATI",,84410,,,,,2.1927118,102.6196199
1969,21-01100301,BUKA,AWAM,KKM,,JOHOR,TANGKAK,KLINIK,KLINIK DESA,KD PAYA KEPONG,"TANGKAK, LEDANG",,84900,,,,,2.2184505,102.5001122
1970,21-01100316,BUKA,AWAM,KKM,,JOHOR,TANGKAK,KLINIK,KLINIK DESA,KD RAWANG,"84400 SUNGAI MATI, LEDANG",,84400,,,,,2.1160918,102.555186
1971,21-01100323,BUKA,AWAM,KKM,,JOHOR,TANGKAK,KLINIK,KLINIK DESA,KD SAWAH RING,"GERSIK, LEDANG",,84700,,,,,2.227973,102.6823072
1972,21-01100328,BUKA,AWAM,KKM,,JOHOR,TANGKAK,KLINIK,KLINIK DESA,KD SENGKANG BATU 18,"BUKIT GAMBIR, LEDANG",,84800,,,,,2.254336,102.6732341
1973,21-01100329,BUKA,AWAM,KKM,,JOHOR,TANGKAK,KLINIK,KLINIK DESA,KD SENGKANG BATU 20,"BUKIT GAMBIR, LEDANG",,84800,,,,,2.272813,102.692934
1974,21-01100332,BUKA,AWAM,KKM,,JOHOR,TANGKAK,KLINIK,KLINIK DESA,KD SEROM 1,"SEROM, SUNGAI MATI LEDANG",,84410,,,,,2.15811,102.5772581
1975,21-01100333,BUKA,AWAM,KKM,,JOHOR,TANGKAK,KLINIK,KLINIK DESA,KD SEROM 2,"SEROM, SUNGAI MATI LEDANG",,84410,,,,,2.160027,102.5803598
1976,21-01100334,BUKA,AWAM,KKM,,JOHOR,TANGKAK,KLINIK,KLINIK DESA,KD SEROM 3,"SEROM, SG. MATI LEDANG",,84410,,,,,2.163943,102.585073
1977,21-01100335,BUKA,AWAM,KKM,,JOHOR,TANGKAK,KLINIK,KLINIK DESA,KD SEROM 6,"SUNGAI MATI, LEDANG",,84410,,,,,2.174097,102.598151
1978,21-01100194,BUKA,AWAM,KKM,,JOHOR,TANGKAK,KLINIK,KLINIK DESA,KD SIALANG,"TANGKAK, LEDANG",,84900,,,,,2.2732724,102.5263764
1979,21-01100337,BUKA,AWAM,KKM,,JOHOR,TANGKAK,KLINIK,KLINIK DESA,KD SIMPANG LIMA DARAT,"BUKIT GAMBIR, LEDANG",,84800,,,,,2.231519,102.6195332
1980,21-01100338,BUKA,AWAM,KKM,,JOHOR,TANGKAK,KLINIK,KLINIK DESA,KD SIMPANG LIMA PEKAN,"BUKIT GAMBIR, LEDANG",,84800,,,,,2.1991144,102.6358689
1981,21-01100341,BUKA,AWAM,KKM,,JOHOR,TANGKAK,KLINIK,KLINIK DESA,KD FELDA SRI JAYA (FELDA),"JEMENTAH, LEDANG",,85220,,,,,2.440059,102.6851551
1982,21-01100344,BUKA,AWAM,KKM,,JOHOR,TANGKAK,KLINIK,KLINIK DESA,KD SRI LEDANG (FELDA),"JEMENTAH, LEDANG",,85220,,,,,2.440059,102.6851551
1983,21-01100195,BUKA,AWAM,KKM,,JOHOR,TANGKAK,KLINIK,KLINIK DESA,KD SRI MAKMOR,"TANGKAK, LEDANG",,84900,,,,,2.2476597,102.5157654
1984,21-01100375,BUKA,AWAM,KKM,,JOHOR,TANGKAK,KLINIK,KLINIK DESA,KD TELOK RIMBA,"84000 SUNGAI MATI, LEDANG",,84000,,,,,2.1794255,102.5179966
1985,21-01100462,BUKA,AWAM,KKM,,JOHOR,TANGKAK,KLINIK,KLINIK DESA,KD BELEMANG,"SEROM, SUNGAI MATI",,84410,,,,,2.271093,102.5419882
1986,21-01050231,BUKA,AWAM,KKM,,JOHOR,MERSING,KLINIK,KLINIK DESA,KD FELDA ENDAU,MERSING,,86900,,,,,2.618645,103.6738091
1987,21-01050174,BUKA,AWAM,KKM,,JOHOR,MERSING,KLINIK,KLINIK DESA,KD KAMPUNG HUBONG,663 JLN KG HUBONG,,86900,,,,,2.6203416,103.6436479
1988,21-01050238,BUKA,AWAM,KKM,,JOHOR,MERSING,KLINIK,KLINIK DESA,KD NITAR 2 (FELDA),MERSING,,86800,,,,,2.3927691,103.67251
1989,21-01050312,BUKA,AWAM,KKM,,JOHOR,MERSING,KLINIK,KLINIK DESA,KD PULAU AUR,"KG TELUK SAKINAH, PULAU AUR",,86800,,,,,2.444152,104.5247463
1990,21-01050313,BUKA,AWAM,KKM,,JOHOR,MERSING,KLINIK,KLINIK DESA,KD PULAU PEMANGGIL,"KG BAUA, PULAU PEMANGGIL",,86800,,,,,2.5771368,104.3309127
1991,21-01050314,BUKA,AWAM,KKM,,JOHOR,MERSING,KLINIK,KLINIK DESA,KD PULAU SIBU,MERSING,,86800,,,,,2.214955,104.0742749
1992,21-01050315,BUKA,AWAM,KKM,,JOHOR,MERSING,KLINIK,KLINIK DESA,KD PULAU TINGGI,TG BALANG,,86800,,,,,2.30473,104.1175578
1993,21-01050322,BUKA,AWAM,KKM,,JOHOR,MERSING,KLINIK,KLINIK DESA,KD SAWAH DATOK,JALAN ENDAU,,86800,,,,,2.4721167,103.8132087
1994,21-01050196,BUKA,AWAM,KKM,,JOHOR,MERSING,KLINIK,KLINIK DESA,KD SRI PANTAI,JALAN MASJID,,86800,,,,,2.3945787,103.8565797
1995,21-01050382,BUKA,AWAM,KKM,,JOHOR,MERSING,KLINIK,KLINIK DESA,KD TENGGAROH 1 (FELDA),MERSING,,86800,,,,,2.087769,103.8907429
1996,21-01050383,BUKA,AWAM,KKM,,JOHOR,MERSING,KLINIK,KLINIK DESA,KD TENGGAROH 5 (FELDA),MERSING,,86800,,,,,2.1591139,103.9119732
1997,21-01050385,BUKA,AWAM,KKM,,JOHOR,MERSING,KLINIK,KLINIK DESA,KD TRIANG,JLN TRIANG,,86900,,,,,2.6121305,103.6941672
1998,21-01060189,BUKA,AWAM,KKM,,JOHOR,MUAR,KLINIK,KLINIK DESA,KD KAMPUNG RAJA,JKR 1661 KG RAJA PAGOH,,84600,,,,,2.14473,102.6605
1999,21-01060421,BUKA,AWAM,KKM,,JOHOR,MUAR,KLINIK,KLINIK DESA,KD PANJANG SARI,"JKR (B) 3247 A,KG PANJANG SARI, PAGOH",,84600,,,,,2.110768,102.756015
2000,21-01060126,BUKA,AWAM,KKM,,JOHOR,MUAR,KLINIK,KLINIK DESA,KD BATU 18 1/2 AIR HITAM,BT 18 1/2 AIR HITAM MUAR,,84060,,,,,2.01282,102.8094
2001,21-01060224,BUKA,AWAM,KKM,,JOHOR,MUAR,KLINIK,KLINIK DESA,KD BATU 23 PAGOH,JKR 2294 KG HJ. ASARI BT. 23 PAGOH,,84600,,,,,2.1352,102.6581
2002,21-01060225,BUKA,AWAM,KKM,,JOHOR,MUAR,KLINIK,KLINIK DESA,KD BATU 28 LENGA,JKR 1834 BT. 28 LENGA,,84600,,,,,2.25158,102.836
2003,21-01060226,BUKA,AWAM,KKM,,JOHOR,MUAR,KLINIK,KLINIK DESA,KD BATU 31 LENGA,JKR 1078 KG BT. 31 JLN YACOB LENGA,,84040,,,,,2.276644,102.815639
2004,21-01060146,BUKA,AWAM,KKM,,JOHOR,MUAR,KLINIK,KLINIK DESA,KD BUKIT KEPONG,JKR 1079 PEKAN BUKIT KEPONG,,84600,,,,,2.345672,102.830404
2005,21-01060147,BUKA,AWAM,KKM,,JOHOR,MUAR,KLINIK,KLINIK DESA,KD FELCRA BUKIT KEPONG,"JKR 3811, FELCRA BUKIT KEPONG",,84030,,,,,2.379063,102.916523
2006,21-01060148,BUKA,AWAM,KKM,,JOHOR,MUAR,KLINIK,KLINIK DESA,KD BUKIT MOR,"JKR 111, JLN MAHMOOD BUKIT MOR PARIT JAWA",,84150,,,,,1.9764,102.6635
2007,21-01060223,BUKA,AWAM,KKM,,JOHOR,MUAR,KLINIK,KLINIK DESA,KD BATU 27 LENGA,JKR 3811 KG BARU BT 28 LENGA,,84040,,,,,2.244095,102.8744945
2008,21-01060162,BUKA,AWAM,KKM,,JOHOR,MUAR,KLINIK,KLINIK DESA,KD JERAM TEPI,JKR 1077 JALAN SIMPANG JERAM MUAR,,84200,,,,,2.06049,102.6182
2009,21-01060163,BUKA,AWAM,KKM,,JOHOR,MUAR,KLINIK,KLINIK DESA,KD JORAK,KG JORAK,,84300,,,,,2.12954,102.6456
2010,21-01060193,BUKA,AWAM,KKM,,JOHOR,MUAR,KLINIK,KLINIK DESA,KD KAMPUNG SEMASIH,JKR 2569 KG SEMASIH PANCHOR MUAR,,84500,,,,,2.20965,102.70033
2011,21-01060207,BUKA,AWAM,KKM,,JOHOR,MUAR,KLINIK,KLINIK DESA,KD KAMPUNG TUI,JKR 1080 BUKIT KEPONG,,84040,,,,,2.34569,102.851088
2013,21-01060227,BUKA,AWAM,KKM,,JOHOR,MUAR,KLINIK,KLINIK DESA,KD LIANG BATU,JKR 1316 KG LIANG BATU PAGOH,,84600,,,,,2.1203,102.6456
2014,21-01060241,BUKA,AWAM,KKM,,JOHOR,MUAR,KLINIK,KLINIK DESA,KD PANCHOR,"JKR 1315 JALAN ABDULLAH, PANCHOR",,84500,,,,,2.20123,102.7026
2015,21-01060244,BUKA,AWAM,KKM,,JOHOR,MUAR,KLINIK,KLINIK DESA,KD PARIT BAKAR DARAT,JKR 1071 KG PT BAKAR DARAT,,84000,,,,,2.01556,102.6286
2016,21-01060245,BUKA,AWAM,KKM,,JOHOR,MUAR,KLINIK,KLINIK DESA,KD PARIT BARU,JKR 2184 KG PT BARU JLN PT YUSOF,,84060,,,,,1.98524,102.7899
2017,21-01060250,BUKA,AWAM,KKM,,JOHOR,MUAR,KLINIK,KLINIK DESA,KD PARIT BULAT DARAT,JALAN YUSOF MUAR,,84160,,,,,1.91677,102.6804
2018,21-01060251,BUKA,AWAM,KKM,,JOHOR,MUAR,KLINIK,KLINIK DESA,KD PARIT BULAT LINTANG,JKR 2729 KG PT BULAT LINTANG SRI MENANTI,,84160,,,,,1.93758,102.7106
2019,21-01060256,BUKA,AWAM,KKM,,JOHOR,MUAR,KLINIK,KLINIK DESA,KD PARIT LATIFF,"KAMPUNG PARIT BUGIS, PARIT YUSOF, MUAR JOHOR",,83600,,,,,1.9384,102.7886
2020,21-01060268,BUKA,AWAM,KKM,,JOHOR,MUAR,KLINIK,KLINIK DESA,KD PARIT KASSIM LAUT,"JKR 2763 KG PT. KASSIM LAUT, JALAN ABD RAHMAN",,84150,,,,,1.97331,102.62167
2021,21-01060239,BUKA,AWAM,KKM,,JOHOR,MUAR,KLINIK,KLINIK DESA,KD PARIT KEROMA,"JKR 2607 KG PT KEROMA, JLN ABD RAHMAN",,84000,,,,,2.0209311,102.5800293
2022,21-01060278,BUKA,AWAM,KKM,,JOHOR,MUAR,KLINIK,KLINIK DESA,KD PARIT PAYUNG,JKR 1028 KG PARIT PAYUNG,,84000,,,,,1.99065,102.6028
2023,21-01060279,BUKA,AWAM,KKM,,JOHOR,MUAR,KLINIK,KLINIK DESA,KD PARIT PECAH,JKR 2660 KG PARIT PECAH,,84160,,,,,1.92623,102.6725
2024,21-01060281,BUKA,AWAM,KKM,,JOHOR,MUAR,KLINIK,KLINIK DESA,KD PARIT PINANG SERIBU,"JKR 1075, KG PT PINANG 1000 DRT. JN TEMENGGUNG AHMAD",,84000,,,,,1.98849,102.6332
2025,21-01060285,BUKA,AWAM,KKM,,JOHOR,MUAR,KLINIK,KLINIK DESA,KD PARIT SAMSU DARAT,JKR 1144 KG. PT. SAMSU JLN TEMENGGUNG AHMAD,,84000,,,,,1.97783,102.6272
2026,21-01060286,BUKA,AWAM,KKM,,JOHOR,MUAR,KLINIK,KLINIK DESA,KD PARIT SAMSU ULU,"JKR 1036, KG PT. SAMSU DRT",,84150,,,,,1.98862,102.64257
2027,21-01060293,BUKA,AWAM,KKM,,JOHOR,MUAR,KLINIK,KLINIK DESA,KD PARIT ULU JAMIL,"JKR 1116 JLN BARU PT. JAMIL,PT JAWA",,84150,,,,,1.96336,102.713
2028,21-01060186,BUKA,AWAM,KKM,,JOHOR,MUAR,KLINIK,KLINIK DESA,KD PAYA REDAN,"JKR 1954, JALAN PAGOH MUAR",,84600,,,,,2.15783,102.7806
2029,21-01060321,BUKA,AWAM,KKM,,JOHOR,MUAR,KLINIK,KLINIK DESA,KD SARANG BUAYA,"KLINIK DESA SARANG BUAYA , PARIT YUSOF , MUAR ,JOHOR",,83500,,,,,1.91683,102.7511
2030,21-01060350,BUKA,AWAM,KKM,,JOHOR,MUAR,KLINIK,KLINIK DESA,KD SUNGAI BALANG DARAT,"KLINIK DESA SUNGAI BALANG DARAT , PARIT YUSOF , MUAR JOHOR",,84160,,,,,2.0630519,102.5848717
2031,21-01060351,BUKA,AWAM,KKM,,JOHOR,MUAR,KLINIK,KLINIK DESA,KD SUNGAI GERSIK,KG SG GERSIK,,84000,,,,,1.90789,102.7369
2032,21-01060358,BUKA,AWAM,KKM,,JOHOR,MUAR,KLINIK,KLINIK DESA,KD SUNGAI MUDA,JKR 1515 KG SG MUDA,,84160,,,,,1.91248,102.7239
2033,21-01060363,BUKA,AWAM,KKM,,JOHOR,MUAR,KLINIK,KLINIK DESA,KD SUNGAI TERAP,JKR 2173 KG SUNGAI TERAP MUAR,,84000,,,,,2.08934,102.6139
2034,21-01060371,BUKA,AWAM,KKM,,JOHOR,MUAR,KLINIK,KLINIK DESA,KD TANJUNG SELABU,"JKR 1916, KG TG. SELABU BKT. PASIR",,84300,,,,,2.1437806,102.6033726
2035,21-01060378,BUKA,AWAM,KKM,,JOHOR,MUAR,KLINIK,KLINIK DESA,KD TEMIANG,JKR 1317 KG TEMIANG MUAR,,84000,,,,,2.08983,102.58298
2036,21-01070138,BUKA,AWAM,KKM,,JOHOR,PONTIAN,KLINIK,KLINIK DESA,KD BATU HAMPAR,"JLN PARIT HJ MOHAMMAD, BT HAMPAR AYER BALOI",,82100,,,,,1.6116829,103.3818345
2037,21-01070169,BUKA,AWAM,KKM,,JOHOR,PONTIAN,KLINIK,KLINIK DESA,KD KAMPUNG BARU,JLN KG BARU KUKUP,,82030,,,,,1.291881,103.4879937
2038,21-01070320,BUKA,AWAM,KKM,,JOHOR,PONTIAN,KLINIK,KLINIK DESA,KD SANGLANG,"JLN SANGLANG AYER BALOI, PONTIAN",,82100,,,,,1.629719,103.3006309
2039,21-01070135,BUKA,AWAM,KKM,,JOHOR,PONTIAN,KLINIK,KLINIK DESA,KD PENGKALAN RAJA,BT 30 PENGKALAN RAJA PEKAN NANAS,,82000,,,,,1.5283569,103.4945348
2040,21-01070191,BUKA,AWAM,KKM,,JOHOR,PONTIAN,KLINIK,KLINIK DESA,KD KAMPUNG SAWAH,JALAN SAWAH PEKAN NANAS,,81500,,,,,1.5307094,103.5022607
2041,21-01070221,BUKA,AWAM,KKM,,JOHOR,PONTIAN,KLINIK,KLINIK DESA,KD KUKUP LAUT,JALAN KUKUP PONTIAN,,82030,,,,,1.3555792,103.4532817
2042,21-01070181,BUKA,AWAM,KKM,,JOHOR,PONTIAN,KLINIK,KLINIK DESA,KD MELAYU RAYA,"JLN MELAYU RAYA PEKAN NANAS, PONTIAN",,81500,,,,,1.5991936,103.4812653
2043,21-01070288,BUKA,AWAM,KKM,,JOHOR,PONTIAN,KLINIK,KLINIK DESA,KD PARIT 1 SANGLANG,"JLN PT. SATU SANGLANG AYER BALOI, PONTIAN",,82100,,,,,1.611259,103.346004
2044,21-01070253,BUKA,AWAM,KKM,,JOHOR,PONTIAN,KLINIK,KLINIK DESA,KD PARIT HAJI ABDUL RAHMAN,"JLN BAT PAHAT BENUT, PONTIAN",,82200,,,,,1.6510896,103.23241
2045,21-01070254,BUKA,AWAM,KKM,,JOHOR,PONTIAN,KLINIK,KLINIK DESA,KD PARIT HAJI ARIFF,"JLN PT HJ. ARIF, BENUT PONTIAN",,82200,,,,,1.7234974,103.2347023
2046,21-01070257,BUKA,AWAM,KKM,,JOHOR,PONTIAN,KLINIK,KLINIK DESA,KD PARIT HAJI OMAR,JLN API-API PONTIAN,,82010,,,,,1.5694589,103.3949247
2047,21-01070263,BUKA,AWAM,KKM,,JOHOR,PONTIAN,KLINIK,KLINIK DESA,KD PARIT ISMAIL,JALAN PT ISMAIL BENUT PONTIAN,,82200,,,,,1.7256187,103.2951904
2048,21-01070266,BUKA,AWAM,KKM,,JOHOR,PONTIAN,KLINIK,KLINIK DESA,KD PARIT KAHAR,JLN PT. KAHAR AYER BALOI PONTIAN,,82100,,,,,1.6448517,103.3696737
2049,21-01070272,BUKA,AWAM,KKM,,JOHOR,PONTIAN,KLINIK,KLINIK DESA,KD PARIT LAPIS SAYANG,"JLN PT. LAPIS SAYANG BENUT, PONTIAN",,82200,,,,,1.6302778,103.2580556
2050,21-01070275,BUKA,AWAM,KKM,,JOHOR,PONTIAN,KLINIK,KLINIK DESA,KD PARIT MARJUNID,JLN PARIT MARJINID PONTIAN,,82200,,,,,1.6433333,103.2805556
2051,21-01070276,BUKA,AWAM,KKM,,JOHOR,PONTIAN,KLINIK,KLINIK DESA,KD PARIT MESJID,JLN PT MESJID PONTIAN,,82000,,,,,1.4985105,103.419028
2052,21-01070284,BUKA,AWAM,KKM,,JOHOR,PONTIAN,KLINIK,KLINIK DESA,KD PARIT RAMBAI,JLN PT. RAMBAI PONTIAN,,82000,,,,,1.4368257,103.4267326
2053,21-01070289,BUKA,AWAM,KKM,,JOHOR,PONTIAN,KLINIK,KLINIK DESA,KD PARIT SELANGOR,"JLN PT. SELANGOR PEKAN NENAS, PONTIAN",,81500,,,,,1.5452162,103.4351262
2054,21-01070291,BUKA,AWAM,KKM,,JOHOR,PONTIAN,KLINIK,KLINIK DESA,KD PARIT SEMERAH,JLN PT. SEMERAH PONTIAN,,82000,,,,,1.4958333,103.3858333
2055,21-01070292,BUKA,AWAM,KKM,,JOHOR,PONTIAN,KLINIK,KLINIK DESA,KD PARIT SIKOM,"JLN PT. SIKOM KAYU ARA PASONG, PONTIAN",,82010,,,,,1.5552587,103.4006715
2056,21-01070304,BUKA,AWAM,KKM,,JOHOR,PONTIAN,KLINIK,KLINIK DESA,KD PERMAS,"JLN PERMAS KUKUP, PONTIAN",,82030,,,,,1.32687,103.4460022
2057,21-01070280,BUKA,AWAM,KKM,,JOHOR,PONTIAN,KLINIK,KLINIK DESA,KD PERMATANG DUKU,"JLN PERMATANG DUKU BENUT, PONTIAN",,82200,,,,,1.7017971,103.2389998
2058,21-01070307,BUKA,AWAM,KKM,,JOHOR,PONTIAN,KLINIK,KLINIK DESA,KD PERPAT SERKAT,JN PERPAT SERKAT PONTIAN,,82000,,,,,1.305719,103.487634
2059,21-01070311,BUKA,AWAM,KKM,,JOHOR,PONTIAN,KLINIK,KLINIK DESA,KD PULAI SEBATANG,JLN PT. JAWA PULAI SEBATANG API-API PONTIAN,,82000,,,,,1.6446194,103.3366583
2060,21-01070282,BUKA,AWAM,KKM,,JOHOR,PONTIAN,KLINIK,KLINIK DESA,KD PUTERI MENANGIS,"JLN PUTERI MENANGIS, MK SG PINGGAN AYER BALOI",,82100,,,,,1.6028224,103.278091
2061,21-01070318,BUKA,AWAM,KKM,,JOHOR,PONTIAN,KLINIK,KLINIK DESA,KD RIMBA TERJUN,JN RIMBA TERJUN PONTIAN,,82030,,,,,1.4698159,103.4396172
2062,21-01070340,BUKA,AWAM,KKM,,JOHOR,PONTIAN,KLINIK,KLINIK DESA,KD SRI BUNIAN,"BATU 33, JLN JOHOR PONTIAN",,82000,,,,,1.4795955,103.3942675
2063,21-01070198,BUKA,AWAM,KKM,,JOHOR,PONTIAN,KLINIK,KLINIK DESA,KD SUNGAI BOH,JLN SG. BOH PONTIAN,,82030,,,,,1.4869255,103.388961
2064,21-01070365,BUKA,AWAM,KKM,,JOHOR,PONTIAN,KLINIK,KLINIK DESA,KD SUNGAI BUNYI,BT 35 JLN JOHOR PONTIAN,,82000,,,,,1.478859,103.3934301
2065,21-01070199,BUKA,AWAM,KKM,,JOHOR,PONTIAN,KLINIK,KLINIK DESA,KD SUNGAI BURUNG,"JLN SG. BURUNG PEKAN NENAS, PONTIAN",,81500,,,,,1.506689,103.511377
2066,21-01070353,BUKA,AWAM,KKM,,JOHOR,PONTIAN,KLINIK,KLINIK DESA,KD SUNGAI KARANG,JLN SG. KARANG KUKUP PONTIAN,,82000,,,,,1.4604713,103.4280586
2067,21-01070369,BUKA,AWAM,KKM,,JOHOR,PONTIAN,KLINIK,KLINIK DESA,KD TANJUNG AYER HITAM,JLN KAYU ARA PASONG PONTIAN,,82010,,,,,1.5878734,103.4107226
2068,21-01070374,BUKA,AWAM,KKM,,JOHOR,PONTIAN,KLINIK,KLINIK DESA,KD TELOK KERANG,JLN TELUK KERANG KUKUP PONTIAN,,82300,,,,,1.41307,103.429377
2069,21-01080176,BUKA,AWAM,KKM,,JOHOR,SEGAMAT,KLINIK,KLINIK DESA,KD KAMPUNG JAWA,JALAN MEDOI,,85000,,,,,2.5279429,102.8789711
2070,21-01080302,BUKA,AWAM,KKM,,JOHOR,SEGAMAT,KLINIK,KLINIK DESA,KD PAYA PULAI,"KG, PAYA PULAI",,85000,,,,,2.4935914,102.8242924
2071,21-01080134,BUKA,AWAM,KKM,,JOHOR,SEGAMAT,KLINIK,KLINIK DESA,KD BALAI BADANG,"KAMPUNG BALAI BADANG, BATU ANAM",,85000,,,,,2.5591423,102.7430114
2072,21-01080153,BUKA,AWAM,KKM,,JOHOR,SEGAMAT,KLINIK,KLINIK DESA,KD FELDA CHEMPELAK,"FELDA CHEMPELAK, LABIS",,85300,,,,,2.384685,102.9430051
2073,21-01080214,BUKA,AWAM,KKM,,JOHOR,SEGAMAT,KLINIK,KLINIK DESA,KD FELDA KEMELAH,"FELDA KEMELAH, LABIS",,85300,,,,,2.5229952,102.9541863
2074,21-01080234,BUKA,AWAM,KKM,,JOHOR,SEGAMAT,KLINIK,KLINIK DESA,KD FELDA MEDOI,"FELDA MEDOI, SEGAMAT",,85000,,,,,2.5301019,102.8845632
2075,21-01080158,BUKA,AWAM,KKM,,JOHOR,SEGAMAT,KLINIK,KLINIK DESA,KD GELANG CINCIN,KAMPUNG GELANG CINCIN,,85000,,,,,2.5766841,102.8182049
2076,21-01080159,BUKA,AWAM,KKM,,JOHOR,SEGAMAT,KLINIK,KLINIK DESA,KD GEMAS BARU,"GEMAS BARU, BATU ANAM",,85100,,,,,2.5822793,102.6302328
2077,21-01080160,BUKA,AWAM,KKM,,JOHOR,SEGAMAT,KLINIK,KLINIK DESA,KD GEMERAH,JALAN MUAR,,85200,,,,,2.4366951,102.6838018
2078,21-01080175,BUKA,AWAM,KKM,,JOHOR,SEGAMAT,KLINIK,KLINIK DESA,KD KAMPUNG JABI,JALAN BULUH KASAP,,85000,,,,,2.5368927,102.8051291
2079,21-01080187,BUKA,AWAM,KKM,,JOHOR,SEGAMAT,KLINIK,KLINIK DESA,KD KAMPUNG POGOH,KAMPUNG POGOH,,85000,,,,,2.475095,102.8003231
2080,21-01080202,BUKA,AWAM,KKM,,JOHOR,SEGAMAT,KLINIK,KLINIK DESA,KD KAMPUNG TENGAH,KG. TENGAH,,85000,,,,,2.5263882,102.8153175
2081,21-01080219,BUKA,AWAM,KKM,,JOHOR,SEGAMAT,KLINIK,KLINIK DESA,KD KUALA PAYA,"KG. KUALA PAYA, BULUH KASAP",,85010,,,,,2.5486389,102.7658207
2082,21-01080232,BUKA,AWAM,KKM,,JOHOR,SEGAMAT,KLINIK,KLINIK DESA,KD LUBOK BANDAN,"JALAN MUAR, JEMENTAH",,85200,,,,,2.4766288,102.7185174
2083,21-01080182,BUKA,AWAM,KKM,,JOHOR,SEGAMAT,KLINIK,KLINIK DESA,KD MELAYU RAYA,KAMPUNG MELAYU RAYA,,85000,,,,,2.4462578,102.8827213
2084,21-01080236,BUKA,AWAM,KKM,,JOHOR,SEGAMAT,KLINIK,KLINIK DESA,KD MOAKIL,"FELDA MOAKIL, CHAAH",,85400,,,,,2.3024706,102.9703868
2085,21-01080303,BUKA,AWAM,KKM,,JOHOR,SEGAMAT,KLINIK,KLINIK DESA,KD PEKAN JABI,"JALAN BULUH KASAP, 85000 SEGAMAT",,85000,,,,,2.53315,102.80654
2086,21-01080317,BUKA,AWAM,KKM,,JOHOR,SEGAMAT,KLINIK,KLINIK DESA,KD FELDA REDONG,"FELDA REDONG, LABIS",,85300,,,,,2.485771,102.9783049
2087,21-01080330,BUKA,AWAM,KKM,,JOHOR,SEGAMAT,KLINIK,KLINIK DESA,KD SEPANG LOI,KG. SEPANG LOI,,85100,,,,,2.64644,102.7592103
2088,21-01080354,BUKA,AWAM,KKM,,JOHOR,SEGAMAT,KLINIK,KLINIK DESA,KD SUNGAI KARAS,"SUNGAI KARAS, BEKOK",,86500,,,,,2.2965282,103.1305923
2089,21-01080379,BUKA,AWAM,KKM,,JOHOR,SEGAMAT,KLINIK,KLINIK DESA,KD TEMU JODOH,"CHAAH, SEGAMAT",,85400,,,,,2.1812103,103.0374904
2090,21-01080380,BUKA,AWAM,KKM,,JOHOR,SEGAMAT,KLINIK,KLINIK DESA,KD TENANG,"KG TENANG, AIR PANAS",,85300,,,,,2.4733392,103.0533803
2091,21-01080381,BUKA,AWAM,KKM,,JOHOR,SEGAMAT,KLINIK,KLINIK DESA,KD TENANG STATION,"TENANG STATION, LABIS",,85300,,,,,2.4655045,102.9569625
2092,21-01020403,BUKA,AWAM,KKM,,JOHOR,JOHOR BAHRU,KLINIK,KLINIK KESIHATAN IBU DAN ANAK,KKIA JALAN ABD SAMAD,"JALAN ABDUL SAMAD, JOHOR BHARU",,80100,,,,,1.4795819,103.7421403
2093,21-01030390,BUKA,AWAM,KKM,,JOHOR,KLUANG,KLINIK,KLINIK KESIHATAN IBU DAN ANAK,KKIA KLUANG,"PT 3782, JALAN SULTANAH, 86000 KLUANG",,86000,,,,,2.0338064,103.3187311
2094,21-01040391,BUKA,AWAM,KKM,,JOHOR,KOTA TINGGI,KLINIK,KLINIK KESIHATAN IBU DAN ANAK,KKIA JALAN TUN HABAB,"JALAN TUN HABAB, 81900 KOTA TINGGI",,81900,,,,,1.7369384,103.8996171
2095,21-06010050,BUKA,AWAM,KKM,,PAHANG,BENTONG,KLINIK,KLINIK KESIHATAN,KK KARAK,"JALAN BESAR, 28600 KARAK",,28600,,09-2311245,,,3.50666,101.91354
2096,21-06010058,BUKA,AWAM,KKM,,PAHANG,BENTONG,KLINIK,KLINIK KESIHATAN,KK LURAH BILUT (FELDA),28800 BENTONG,,28800,,09-2377333,,,3.6603825,101.891267
2097,21-06010061,BUKA,AWAM,KKM,,PAHANG,BENTONG,KLINIK,KLINIK KESIHATAN,KK MEMPAGA,28600 KARAK,,28600,,09-2377954,,,3.5366091,101.9605645
2098,21-06010073,BUKA,AWAM,KKM,,PAHANG,BENTONG,KLINIK,KLINIK KESIHATAN,KK SIMPANG PELANGAI,28740 BENTONG,,28740,,09-2480755,,,3.181482,102.187245
2099,21-06010314,BUKA,AWAM,KKM,,PAHANG,BENTONG,KLINIK,KLINIK KESIHATAN,KK TELEMONG,28620 KARAK,,28620,,09-2399972,,,3.2908023,102.0875188
2100,21-06010330,BUKA,AWAM,KKM,,PAHANG,BENTONG,KLINIK,KLINIK KESIHATAN,KK BENTONG,"BATU 1 JALAN TERAP, 28700 BENTONG",,28700,,09-2220134,,,3.5402037,101.9022884
2101,21-06010114,BUKA,AWAM,KKM,,PAHANG,BENTONG,KLINIK,KLINIK KESIHATAN,KK CHEMOMOI,"FELDA CHEMOMOI, 28310 TRIANG",,28310,,09-2450926,,,3.2439289,102.2422782
2102,21-06020026,BUKA,AWAM,KKM,,PAHANG,BERA,KLINIK,KLINIK KESIHATAN,KK BANDAR BERA 32,"BANDAR BERA 32, 28300 TRIANG",,28300,,09-2461988,,,3.264006,102.6069487
2103,21-06020036,BUKA,AWAM,KKM,,PAHANG,BERA,KLINIK,KLINIK KESIHATAN,KK BUKIT MENDI,28320 TRIANG,,28320,,09-2450161,,,3.2052128,102.3053359
2104,21-06020051,BUKA,AWAM,KKM,,PAHANG,BERA,KLINIK,KLINIK KESIHATAN,KK KEMAYAN,"KEMAYAN, 28320 TRIANG",,28320,,09-2409715,,,3.139045,102.373426
2105,21-06020082,BUKA,AWAM,KKM,,PAHANG,BERA,KLINIK,KLINIK KESIHATAN,KK TRIANG,28300 BANDAR TRIANG,,28300,,09-2555333,,,3.251525,102.4171261
2106,21-06020317,BUKA,AWAM,KKM,,PAHANG,BERA,KLINIK,KLINIK KESIHATAN,KK TEMBANGAU,28380 KEMAYAN,,28380,,06-4685730,,,3.0405449,102.5327256
2107,21-06020353,BUKA,AWAM,KKM,,PAHANG,BERA,KLINIK,KLINIK KESIHATAN,KK PADANG LUAS,"PEJ. KES. DAERAH BERA, TINGKAT 1 KLINIK KESIHATAN PADANG LUAS, 28200 BANDAR BERA",,28200,,09-2552062,,,5.9843644,116.077344
2108,21-06020354,BUKA,AWAM,KKM,,PAHANG,BERA,KLINIK,KLINIK KESIHATAN,KK PURUN,"FELDA PURUN, 28200",,28200,,09-2481585,,,3.3745657,102.6322199
2109,21-06030077,BUKA,AWAM,KKM,,PAHANG,CAMERON HIGHLANDS,KLINIK,KLINIK KESIHATAN,KK TANAH RATA,"PEJ. KES. DAERAH CAMERON HIGHLAND, 39000 TANAH RATA CAMERON HIGHLANDS",,39000,,"05-4911257/        
05-4911966",,,4.470611,101.376639
2110,21-06030188,BUKA,AWAM,KKM,,PAHANG,CAMERON HIGHLANDS,KLINIK,KLINIK KESIHATAN,KK KAMPUNG RAJA,"KAMPUNG RAJA, 39010 CAMERON HIGHLANDS",,39010,,05-4982372,,,4.567111,101.40957
2111,21-06030274,BUKA,AWAM,KKM,,PAHANG,CAMERON HIGHLANDS,KLINIK,KLINIK KESIHATAN,KK RINGLET,"39200 RINGLET, CAMERON HIGHLANDS",,39200,,05-4956581,,,4.4139234,101.3815533
2112,21-06040041,BUKA,AWAM,KKM,,PAHANG,JERANTUT,KLINIK,KLINIK KESIHATAN,KK DAMAK,27300 JERANTUT,,27300,,"09-2681488/        
09-2681425",,,3.949544,102.2143849
2113,21-06040047,BUKA,AWAM,KKM,,PAHANG,JERANTUT,KLINIK,KLINIK KESIHATAN,KK JENGKA 8,26400 BANDAR JENGKA,,26400,,"09-2081555/       
09-2081554",,,3.8548011,102.4920681
2114,21-06040049,BUKA,AWAM,KKM,,PAHANG,JERANTUT,KLINIK,KLINIK KESIHATAN,KK KAMPUNG BANTAL,"KG. BANTAL, 27020 HULU TEMBELING",,27020,,09-3080400,,,4.49874,102.64662
2115,21-06040053,BUKA,AWAM,KKM,,PAHANG,JERANTUT,KLINIK,KLINIK KESIHATAN,KK KUALA TAHAN,27000 JERANTUT,,27020,,09-2667468,,,4.3821908,102.4015759
2116,21-06040054,BUKA,AWAM,KKM,,PAHANG,JERANTUT,KLINIK,KLINIK KESIHATAN,KK KUALA TEMBELING,27020 JERANTUT,,27020,,09-3086033,,,4.066326,102.3180829
2117,21-06040057,BUKA,AWAM,KKM,,PAHANG,JERANTUT,KLINIK,KLINIK KESIHATAN,KK LEPAR UTARA 4,"POLIKLINIK KOMUNITI LEPAR UTARA 4, 26400 BANDAR TUN RAZAK JENGKA",,26400,,09-4741523,,,3.913004,102.6991494
2118,21-06040076,BUKA,AWAM,KKM,,PAHANG,JERANTUT,KLINIK,KLINIK KESIHATAN,KK SUNGAI TEKAM UTARA,27060 FELDA SG.TEKAM UTARA JERANTUT,,27060,,"09-4811526/      
09-4811471",,,3.857994,102.5306489
2119,21-06040251,BUKA,AWAM,KKM,,PAHANG,JERANTUT,KLINIK,KLINIK KESIHATAN,KK PADANG PIOL,27040 JERANTUT,,27040,,09-2668448,,,4.0335941,102.3832541
2120,21-06040296,BUKA,AWAM,KKM,,PAHANG,JERANTUT,KLINIK,KLINIK KESIHATAN,KK SUNGAI LEKOK,27300 LEKOK,,27000,,09-2667608,,,3.9010506,102.3306438
2121,21-06040401,BUKA,AWAM,KKM,,PAHANG,JERANTUT,KLINIK,KLINIK KESIHATAN,KK BANDAR JERANTUT,"27000, JERANTUT",,27000,,09-2662202,,,3.9353868,102.3622665
2122,21-06040155,BUKA,AWAM,KKM,,PAHANG,JERANTUT,KLINIK,KLINIK KESIHATAN,KK JERANTUT FERI,"JALAN GINTANG, KAMPUNG JERANTUT FERI",,27000,,09-2667739,,,3.9586106,102.4243907
2123,21-06050025,BUKA,AWAM,KKM,,PAHANG,KUANTAN,KLINIK,KLINIK KESIHATAN,KK BALOK,26100 KUANTAN,,26100,,09-5834533,,,3.9327198,103.3720981
2124,21-06050028,BUKA,AWAM,KKM,,PAHANG,KUANTAN,KLINIK,KLINIK KESIHATAN,KK BANDAR KUANTAN,"JALAN DATO LIM HOE LEK, 25200 KUANTAN",,25200,,09-5132055,,,3.8200371,103.3232782
2125,21-06050032,BUKA,AWAM,KKM,,PAHANG,KUANTAN,KLINIK,KLINIK KESIHATAN,KK BESERAH,26100 KUANTAN,,26100,,09-5445633,,,3.849747,103.3618165
2126,21-06050034,BUKA,AWAM,KKM,,PAHANG,KUANTAN,KLINIK,KLINIK KESIHATAN,KK BUKIT GOH (FELDA),26050 KUANTAN,,26050,,09-5478355,,,3.9130002,103.2572901
2127,21-06050043,BUKA,AWAM,KKM,,PAHANG,KUANTAN,KLINIK,KLINIK KESIHATAN,KK GAMBANG,26300 KUANTAN,,26300,,09-54846111,,,3.70733,103.10826
2128,21-06050044,BUKA,AWAM,KKM,,PAHANG,KUANTAN,KLINIK,KLINIK KESIHATAN,KK JAYA GADING,"BANDAR BARU JAYA GADING, JALAN GAMBANG 26070 KUANTAN",,26070,,09-5384252,,,3.7534961,103.2040918
2129,21-06050075,BUKA,AWAM,KKM,,PAHANG,KUANTAN,KLINIK,KLINIK KESIHATAN,KK SUNGAI LEMBING,"26200 SUNGAI LEMBING, KUANTAN",,26070,,09-5411598,,,3.92541,103.07274
2130,21-06050262,BUKA,AWAM,KKM,,PAHANG,KUANTAN,KLINIK,KLINIK KESIHATAN,KK PERMATANG BADAK,25150 KUANTAN,,25150,,09-5364626,,,3.79123,103.2678
2131,21-06050375,BUKA,AWAM,KKM,,PAHANG,KUANTAN,KLINIK,KLINIK KESIHATAN,KK KURNIA,"BATU 3, JALAN GAMBANG",,25150,,09-5361333,,,3.7811597,103.2902733
2132,21-06050376,BUKA,AWAM,KKM,,PAHANG,KUANTAN,KLINIK,KLINIK KESIHATAN,KK PAYA BESAR,"JALAN BAIPAS, 25100 KUANTAN",,25100,,09-5395433/ 5434,,,3.7890131,103.2386984
2133,21-06050392,BUKA,AWAM,KKM,,PAHANG,KUANTAN,KLINIK,KLINIK KESIHATAN,KK INDERA MAHKOTA,"JLM INDERA MAHKOTA 4, BANDAR INDERA MAHKOTA, 25582 KUANTAN",,25582,,09-5736572,,,3.8245195,103.2869805
2134,21-06050399,BUKA,AWAM,KKM,,PAHANG,KUANTAN,KLINIK,KLINIK KESIHATAN,KK UTC PAHANG,"ARAS BAWAH BANGUNAN UTC, JALAN STADIUM 25200",,25200,,09-5124013,,,3.8131657,103.3246033
2135,21-06050306,BUKA,AWAM,KKM,,PAHANG,KUANTAN,KLINIK,KLINIK KESIHATAN,KK SUNGAI ULAR,26080 KUANTAN,,26080,,09-5821344,,,4.0448964,103.3938418
2136,21-06060031,BUKA,AWAM,KKM,,PAHANG,LIPIS,KLINIK,KLINIK KESIHATAN,KK BENTA,"27300 BENTA, KUALA LIPIS",,27310,,09-3239211,,,4.0131987,101.960423
2137,21-06060033,BUKA,AWAM,KKM,,PAHANG,LIPIS,KLINIK,KLINIK KESIHATAN,KK BUKIT BETONG,27200 KUALA LIPIS,,27200,,09-3291212,,,4.255976,101.9211186
2138,21-06060060,BUKA,AWAM,KKM,,PAHANG,LIPIS,KLINIK,KLINIK KESIHATAN,KK MELA,27200 KUALA LIPIS,,27200,,09-3129424,,,4.07371,102.269
2139,21-06060062,BUKA,AWAM,KKM,,PAHANG,LIPIS,KLINIK,KLINIK KESIHATAN,KK MERAPOH,27210 KUALA LIPIS,,27210,,09-9122377,,,4.6964982,102.0004349
2140,21-06060065,BUKA,AWAM,KKM,,PAHANG,LIPIS,KLINIK,KLINIK KESIHATAN,KK PADANG TENGKU,"27100 KG PADANG TENGKU, KUALA LIPIS",,27100,,09-3291533,,,4.235612,101.9881504
2141,21-06060074,BUKA,AWAM,KKM,,PAHANG,LIPIS,KLINIK,KLINIK KESIHATAN,KK SUNGAI KOYAN,POLIKLINIK KOMUNITI SUNGAI KOYAN 27650 KUALA LIPIS,,27200,,09-3401533,,,4.2279245,101.8000784
2142,21-06060156,BUKA,AWAM,KKM,,PAHANG,LIPIS,KLINIK,KLINIK KESIHATAN,KK JERKOH,"27300 BENTA, KUALA LIPIS",,27300,,09-3239440,,,4.0389643,101.9578285
2143,21-06060265,BUKA,AWAM,KKM,,PAHANG,LIPIS,KLINIK,KLINIK KESIHATAN,KK POS BETAU,27650 KUALA LIPIS,,27200,,"09-3401533     
(KK Sungai Koyan)",,,4.2475907,101.7064563
2144,21-06070027,BUKA,AWAM,KKM,,PAHANG,MARAN,KLINIK,KLINIK KESIHATAN,KK BANDAR JENGKA,26400 BANDAR JENGKA,,26400,,"09-4677198/ 
09-4677197",,,3.7662444,102.5428009
2145,21-06070038,BUKA,AWAM,KKM,,PAHANG,MARAN,KLINIK,KLINIK KESIHATAN,KK CHENOR,28100 CHENOR,,28100,,09-2995391,,,3.4791632,102.5919946
2146,21-06070045,BUKA,AWAM,KKM,,PAHANG,MARAN,KLINIK,KLINIK KESIHATAN,KK JENGKA 2,26400 BANDAR JENGKA,,26400,,09-4764320,,,3.7151765,102.6125335
2147,21-06070046,BUKA,AWAM,KKM,,PAHANG,MARAN,KLINIK,KLINIK KESIHATAN,KK JENGKA 22,"POLIKLINIK KOMUNITI FELDA JENGKA 22, 26400 BANDAR JENGKA",,26400,,09-4864423,,,3.70738,102.4835378
2148,21-06070059,BUKA,AWAM,KKM,,PAHANG,MARAN,KLINIK,KLINIK KESIHATAN,KK MARAN,26500 MARAN,,26500,,09-4771333,,,3.5846782,102.7742493
2149,21-06070066,BUKA,AWAM,KKM,,PAHANG,MARAN,KLINIK,KLINIK KESIHATAN,KK PEKAN AWAH,28000 MARAN,,28000,,09-2986333,,,3.493117,102.5317083
2150,21-06070067,BUKA,AWAM,KKM,,PAHANG,MARAN,KLINIK,KLINIK KESIHATAN,KK PEKAN TAJAU,26500 MARAN,,28000,,"09-4774782/       
09-4774621",,,3.56058,102.691
2151,21-06070152,BUKA,AWAM,KKM,,PAHANG,MARAN,KLINIK,KLINIK KESIHATAN,KK JENGKA 7,KLINIK KESIHATAN JENGKA 7,,26410,,09-4671566,,,3.6160841,102.6152145
2152,21-06070522,BUKA,AWAM,KKM,,PAHANG,MARAN,KLINIK,KLINIK KESIHATAN,KK SRI JAYA,"SRI JAYA, MARAN",,26500,,"09-4780121 /
09-4780115",,,3.669311,102.8758259
2153,21-06080040,BUKA,AWAM,KKM,,PAHANG,PEKAN,KLINIK,KLINIK KESIHATAN,KK CHINI,"26690 FELDA CHINI 1, PEKAN PAHANG",,26690,,09-4566333,,,3.3743918,102.9451102
2154,21-06080063,BUKA,AWAM,KKM,,PAHANG,PEKAN,KLINIK,KLINIK KESIHATAN,KK NENASI,26680 KAMPONG NENASI,,26680,,09-4181233,,,3.1386019,103.4377916
2155,21-06080064,BUKA,AWAM,KKM,,PAHANG,PEKAN,KLINIK,KLINIK KESIHATAN,KK PADANG RUMBIA,26650 KG. PADANG RUMBIA,,26650,,09-4281205,,,3.5303693,103.2019775
2156,21-06080068,BUKA,AWAM,KKM,,PAHANG,PEKAN,KLINIK,KLINIK KESIHATAN,KK PERAMU JAYA,26600 PERAMU JAYA,,26600,,09-4269609,,,3.5462891,103.3830969
2157,21-06080276,BUKA,AWAM,KKM,,PAHANG,PEKAN,KLINIK,KLINIK KESIHATAN,KK RUNCHANG,26690 PEKAN,,26690,,09-4530791,,,3.2864255,103.1818326
2158,21-06080362,BUKA,AWAM,KKM,,PAHANG,PEKAN,KLINIK,KLINIK KESIHATAN,KK BANDAR PEKAN,26600 PEKAN,,26600,,09-4221044,,,3.4894514,103.3929415
2159,21-06090039,BUKA,AWAM,KKM,,PAHANG,RAUB,KLINIK,KLINIK KESIHATAN,KK CHEROH,27610 RAUB,,27600,,09-3697228,,,3.9121569,101.8116823
2160,21-06090042,BUKA,AWAM,KKM,,PAHANG,RAUB,KLINIK,KLINIK KESIHATAN,KK DONG,27400 RAUB,,27400,,09-3658355,,,3.9009474,101.8954576
2161,21-06090048,BUKA,AWAM,KKM,,PAHANG,RAUB,KLINIK,KLINIK KESIHATAN,KK JERUAS,"SEGA, 27660 RAUB",,27660,,"09-3657333 (MCH)        
09-365798 (OPD)",,,3.9814813,101.9047275
2162,21-06090056,BUKA,AWAM,KKM,,PAHANG,RAUB,KLINIK,KLINIK KESIHATAN,KK LEMBAH KLAU,27630 RAUB,,27600,,09-3688333,,,3.6905819,102.0046335
2163,21-06090081,BUKA,AWAM,KKM,,PAHANG,RAUB,KLINIK,KLINIK KESIHATAN,KK TERSANG,"26700 FELDA TERSANG, RAUB",,27610,,09-3403086,,,3.98459,101.783
2164,21-06090083,BUKA,AWAM,KKM,,PAHANG,RAUB,KLINIK,KLINIK KESIHATAN,KK ULU GALI,27600 RAUB,,27600,,"09-3686355 (MCH)       
09-3686826 (OPD)",,,3.8238748,101.9136927
2165,21-06070560,BUKA,AWAM,KKM,,PAHANG,RAUB,KLINIK,KLINIK KESIHATAN,KK BANDAR RAUB,"KLINIK KESIHATAN RAUB, JALAN CHEROH LAMA, 27600 RAUB PAHANG",,27600,,09-3562924,,,3.7953535,101.8504944
2166,21-06090363,BUKA,AWAM,KKM,,PAHANG,RAUB,KLINIK,KLINIK KESIHATAN,KK BUKIT FRASER,49000 BUKIT FRASER,,49000,,09-4457297,,,3.7115754,101.7363081
2167,21-06100030,BUKA,AWAM,KKM,,PAHANG,ROMPIN,KLINIK,KLINIK KESIHATAN,KK BANDAR TUN ABDUL RAZAK,"26900 BANDAR TUN RAZAK, ROMPIN",,26900,,09-4585231,,,3.768473,102.545392
2168,21-06100035,BUKA,AWAM,KKM,,PAHANG,ROMPIN,KLINIK,KLINIK KESIHATAN,KK BUKIT IBAM,"26760 BUKIT IBAM, MUADZAM SHAH",,26700,,09-4471106,,,3.165515,102.97575
2169,21-06100037,BUKA,AWAM,KKM,,PAHANG,ROMPIN,KLINIK,KLINIK KESIHATAN,KK CHANIS,"FELDA KRATONG 7, BANDAR CHANIS, 26800 MUADZAM SHAH",,26700,,09-4431333,,,2.859616,102.9823577
2170,21-06100069,BUKA,AWAM,KKM,,PAHANG,ROMPIN,KLINIK,KLINIK KESIHATAN,KK PERANTAU DAMAI,26700 MUADZAM SHAH,,26700,,09-4371176,,,2.9686444,102.9856119
2171,21-06100070,BUKA,AWAM,KKM,,PAHANG,ROMPIN,KLINIK,KLINIK KESIHATAN,KK PERWIRA JAYA,26700 MUADZAM SHAH,,85070,,09-4145333,,,3.056192,103.0852249
2172,21-06100071,BUKA,AWAM,KKM,,PAHANG,ROMPIN,KLINIK,KLINIK KESIHATAN,KK ROMPIN,26800 KUALA ROMPIN,,26800,,09-4132510,,,2.8013047,103.4803211
2173,21-06100078,BUKA,AWAM,KKM,,PAHANG,ROMPIN,KLINIK,KLINIK KESIHATAN,KK TELUK GADING,26820 KUALA ROMPIN,,26820,,09-4191880,,,2.6589825,103.6224702
2174,21-06100079,BUKA,AWAM,KKM,,PAHANG,ROMPIN,KLINIK,KLINIK KESIHATAN,KK TEKEK,"PULAU TIOMAN, 26800 KUALA ROMPIN",,86800,,09-4141237,,,2.8008552,103.487274
2175,21-06100233,BUKA,AWAM,KKM,,PAHANG,ROMPIN,KLINIK,KLINIK KESIHATAN,KK LEBAN CHONDONG,"26800 LEBAN CHONDONG, K.ROMPIN",,26800,,09-4141237,,,2.89394,103.4268689
2176,21-06110029,BUKA,AWAM,KKM,,PAHANG,TEMERLOH,KLINIK,KLINIK KESIHATAN,KK BANDAR MENTAKAB,"JALAN KARAK, 28400 MENTAKAB",,28400,,09-2771845,,,3.4816505,102.3420639
2177,21-06110052,BUKA,AWAM,KKM,,PAHANG,TEMERLOH,KLINIK,KLINIK KESIHATAN,KK KUALA KRAU,"POLIKLINIK KESIHATAN MASYARAKAT, 28050 KUALA KRAU",,28050,,"09-2861242/      
09-2862912",,,3.7096578,102.3651824
2178,21-06110055,BUKA,AWAM,KKM,,PAHANG,TEMERLOH,KLINIK,KLINIK KESIHATAN,KK LANCHANG,28500 LANCHANG,,28500,,09-2803233,,,3.4996837,102.1854066
2179,21-06110072,BUKA,AWAM,KKM,,PAHANG,TEMERLOH,KLINIK,KLINIK KESIHATAN,KK SANGGANG,28020 SANGGANG,,28020,,09-2846333,,,3.5275636,102.4036729
2180,21-06110080,BUKA,AWAM,KKM,,PAHANG,TEMERLOH,KLINIK,KLINIK KESIHATAN,KK TEMERLOH,"JALAN TRIANG, 28000 TEMERLOH",,28000,,09-2961275,,,3.4456545,102.4239195
2181,21-06110203,BUKA,AWAM,KKM,,PAHANG,TEMERLOH,KLINIK,KLINIK KESIHATAN,KK KERDAU,"28010 KERDAU, TEMERLOH",,28020,,09-2847003,,,3.5532146,102.4081362
2182,21-06110377,BUKA,AWAM,KKM,,PAHANG,TEMERLOH,KLINIK,KLINIK KESIHATAN,KK TANJUNG LALANG,"JALAN MENTAKAB, 28000 TEMERLOH",,28000,,09-2961152,,,3.4675592,102.3882444
2183,21-06020396,BUKA,AWAM,KKM,,PAHANG,BERA,KLINIK,KLINIK KOMUNITI,KKOM BERA,"JALAN KEMPAS JAYA 1, TAMAN KEMPAS JAYA, KERAYONG",,28200,,09-3131195,,,3.2661152,102.4473725
2185,21-06050370,BUKA,AWAM,KKM,,PAHANG,KUANTAN,KLINIK,KLINIK KOMUNITI,KKOM KG PADANG JAYA,"TINGKAT BAWAH, B-32 JALAN SUNGAI LEMBING, KG PADANG",,25200,,09-4682085,,,3.8634462,103.2444292
2186,21-06050371,BUKA,AWAM,KKM,,PAHANG,KUANTAN,KLINIK,KLINIK KOMUNITI,KKOM KEMPADANG,"JALAN PANTAI KEMPADANG, KAMPUNG KEMPADANG",,26060,,09-4281115,,,3.756522,103.320347
2187,21-06050387,BUKA,AWAM,KKM,,PAHANG,KUANTAN,KLINIK,KLINIK KOMUNITI,KKOM TAMAN SERI INDERAPURA,"A1/3 TINGKAT BAWAH, TAMAN SERI INDERAPURA 25320, KUANTAN",,25320,,09-2847002,,,3.8369887,103.2928389
2188,21-06050393,BUKA,AWAM,KKM,,PAHANG,KUANTAN,KLINIK,KLINIK KOMUNITI,KKOM BUKIT SETONGKOL,"NO. 38-40, JLN BUKIT SETONGKOL, 25200 KUANTAN",,25200,,,,,3.8060306,103.3024339
2189,21-06080398,BUKA,AWAM,KKM,,PAHANG,PEKAN,KLINIK,KLINIK KOMUNITI,KKOM RTC,"KUALA PAHANG, 26600 PEKAN",,26600,,,,,3.53242,103.4595428
2190,21-06100395,BUKA,AWAM,KKM,,PAHANG,ROMPIN,KLINIK,KLINIK KOMUNITI,KKOM KUALA ROMPIN,"NO.21, TAMAN SENTOSA, BANDAR ROMPIN",,26800,,,,,2.797697,103.48718
2191,21-06100408,BUKA,AWAM,KKM,,PAHANG,ROMPIN,KLINIK,KLINIK KOMUNITI,KKOM MUADZAM SHAH,"NO.20, LINGKARAN MAKMUR, PRESINT NIAGA, BANDAR SATELIT",,26700,,,,,3.0672803,103.0700966
2192,21-06110378,BUKA,AWAM,KKM,,PAHANG,TEMERLOH,KLINIK,KLINIK KOMUNITI,KKOM MENTAKAB,"11, TINGKAT BAWAH, JALAN BALAU OFF JLN JELUTONG, TAMAN RIMBA, MENTAKAB",,28400,,,,,3.4748704,102.3272838
2193,21-06010109,BUKA,AWAM,KKM,,PAHANG,BENTONG,KLINIK,KLINIK DESA,KD BUKIT TINGGI,28750 BENTONG,,28750,,,,,3.400997,101.846822
2194,21-06010380,BUKA,AWAM,KKM,,PAHANG,BENTONG,KLINIK,KLINIK DESA,KD GEMENTI,28700 BENTONG,,28700,,,,,3.488921,101.9165656
2195,21-06010128,BUKA,AWAM,KKM,,PAHANG,BENTONG,KLINIK,KLINIK DESA,KD JAMBU RIAS,28600 KARAK,,28600,,,,,3.4583304,102.096443
2196,21-06010129,BUKA,AWAM,KKM,,PAHANG,BENTONG,KLINIK,KLINIK DESA,KD JANDA BAIK,"KG. JANDA BAIK, 28750 BENTONG",,28750,,,,,3.3374641,101.8259474
2197,21-06010162,BUKA,AWAM,KKM,,PAHANG,BENTONG,KLINIK,KLINIK DESA,KD KAMPUNG BENUS,"KG. BENUS, BENTONG",,28700,,,,,3.493025,101.934463
2198,21-06010171,BUKA,AWAM,KKM,,PAHANG,BENTONG,KLINIK,KLINIK DESA,KD KAMPUNG JAWI-JAWI,"KG. JAWI-JAWI, BENTONG",,28740,,,,,3.176385,102.244145
2199,21-06010177,BUKA,AWAM,KKM,,PAHANG,BENTONG,KLINIK,KLINIK DESA,KD KAMPUNG LEBU,"KG. LEBU, LURAH BILUT",,28800,,,,,3.607825,101.9298128
2200,21-06010178,BUKA,AWAM,KKM,,PAHANG,BENTONG,KLINIK,KLINIK DESA,KD KAMPUNG MANCIS,BENTONG,,28740,,,,,3.201137,102.1630021
2201,21-06010195,BUKA,AWAM,KKM,,PAHANG,BENTONG,KLINIK,KLINIK DESA,KD KEMANSUL,"FELDA KEMANSUL, BENTONG",,28310,,,,,3.284404,102.225577
2202,21-06010286,BUKA,AWAM,KKM,,PAHANG,BENTONG,KLINIK,KLINIK DESA,KD SERTIK (FELDA),28610 KARAK,,28610,,,,,3.494512,102.033815
2203,21-06010290,BUKA,AWAM,KKM,,PAHANG,BENTONG,KLINIK,KLINIK DESA,KD SRI LAYANG,69000 GENTING HIGHLANDS,,69000,,,,,3.3960556,101.7722677
2204,21-06010292,BUKA,AWAM,KKM,,PAHANG,BENTONG,KLINIK,KLINIK DESA,KD SUNGAI DUA,28600 KARAK,,28600,,,,,3.456548,101.9903066
2205,21-06010301,BUKA,AWAM,KKM,,PAHANG,BENTONG,KLINIK,KLINIK DESA,KD SUNGAI PENJURING,28700 BENTONG,,28700,,,,,3.6132739,101.8786709
2206,21-06010368,BUKA,AWAM,KKM,,PAHANG,BENTONG,KLINIK,KLINIK DESA,KD TAMAN DESA DAMAI,28700 BENTONG,,28700,,,,,3.571325,101.890804
2207,21-06020164,BUKA,AWAM,KKM,,PAHANG,BERA,KLINIK,KLINIK DESA,KD BOHOR BARU,BERA,,28200,,,,,3.2696921,102.4537872
2208,21-06020099,BUKA,AWAM,KKM,,PAHANG,BERA,KLINIK,KLINIK DESA,KD BUKIT KEPAYANG,"28300 TRIANG, BERA",,28300,,,,,3.3330556,102.5869444
2209,21-06020104,BUKA,AWAM,KKM,,PAHANG,BERA,KLINIK,KLINIK DESA,KD BUKIT PUCHONG,"28320 TRIANG, BERA",,28320,,,,,3.2318648,102.324755
2210,21-06020122,BUKA,AWAM,KKM,,PAHANG,BERA,KLINIK,KLINIK DESA,KD DURIAN TAWAR,28200 BERA,,28200,,,,,3.348095,102.4423571
2211,21-06020202,BUKA,AWAM,KKM,,PAHANG,BERA,KLINIK,KLINIK DESA,KD KERAYONG,"TRIANG, BERA",,28300,,,,,3.2501416,102.4199823
2212,21-06020212,BUKA,AWAM,KKM,,PAHANG,BERA,KLINIK,KLINIK DESA,KD KUALA BERA,"28300 TRIANG, BERA",,28300,,,,,3.393896,102.5354909
2214,21-06020227,BUKA,AWAM,KKM,,PAHANG,BERA,KLINIK,KLINIK DESA,KD KUMAI,"28300 TRIANG, BERA",,28300,,,,,3.308983906,102.6522873
2215,21-06020247,BUKA,AWAM,KKM,,PAHANG,BERA,KLINIK,KLINIK DESA,KD MAYAM,"28300 TRIANG, BERA",,28300,,,,,3.3610817,102.6525771
2216,21-06020248,BUKA,AWAM,KKM,,PAHANG,BERA,KLINIK,KLINIK DESA,KD MENGKARAK,"28300 MENGKARAK, BERA",,28300,,,,,3.329508,102.419312
2217,21-06020249,BUKA,AWAM,KKM,,PAHANG,BERA,KLINIK,KLINIK DESA,KD MENGKUANG,"28340 TRIANG, BERA",,28300,,,,,3.2373279,102.4154391
2218,21-06020267,BUKA,AWAM,KKM,,PAHANG,BERA,KLINIK,KLINIK DESA,KD POS ISKANDAR,"28380 KEMAYAN, BERA",,28380,,,,,3.0075274,102.6357106
2219,21-06020272,BUKA,AWAM,KKM,,PAHANG,BERA,KLINIK,KLINIK DESA,KD RENTAM,28200 BERA,,28200,,,,,3.2661152,102.4473725
2220,21-06020294,BUKA,AWAM,KKM,,PAHANG,BERA,KLINIK,KLINIK DESA,KD SUNGAI KEMAHAL,"FELDA SG.KEMAHAL, 28310 TRIANG",,28310,,,,,3.1751361,102.2790636
2221,21-06020320,BUKA,AWAM,KKM,,PAHANG,BERA,KLINIK,KLINIK DESA,KD TRIANG 1,28200 BERA,,28200,,,,,3.195892,102.5186389
2222,21-06020321,BUKA,AWAM,KKM,,PAHANG,BERA,KLINIK,KLINIK DESA,KD TRIANG 3,28200 BERA,,28200,,,,,3.2592873,102.5687543
2223,21-06030224,BUKA,AWAM,KKM,,PAHANG,CAMERON HIGHLANDS,KLINIK,KLINIK DESA,KD KUALA TERLA,39000 KUALA TERLA,,39010,,,,,4.546561,101.4161723
2224,21-06030234,BUKA,AWAM,KKM,,PAHANG,CAMERON HIGHLANDS,KLINIK,KLINIK DESA,KD LEMBAH BERTAM,39000 LEMBAH BERTAM,,39200,,,,,4.416921,101.3987497
2225,21-06030322,BUKA,AWAM,KKM,,PAHANG,CAMERON HIGHLANDS,KLINIK,KLINIK DESA,KD TRINGKAP,"39000 TRINGKAP, CAMERON HIGHLAND",,39100,,,,,4.513034,101.4300209
2226,21-06030403,BUKA,AWAM,KKM,,PAHANG,CAMERON HIGHLANDS,KLINIK,KLINIK DESA,KD TERISU,"BT. 49, POS TERISU, KUALA TERLA",,39010,,,,,4.546561,101.4161723
2227,21-06030404,BUKA,AWAM,KKM,,PAHANG,CAMERON HIGHLANDS,KLINIK,KLINIK DESA,KD MENSON,"KG. LERYAR, POS MENSON, RINGLET",,39200,,,,,4.4240467,101.5155464
2228,21-06040089,BUKA,AWAM,KKM,,PAHANG,JERANTUT,KLINIK,KLINIK DESA,KD BATU BALAI,27300 BT. BALAI,,27300,,,,,3.976433,102.1745362
2229,21-06040095,BUKA,AWAM,KKM,,PAHANG,JERANTUT,KLINIK,KLINIK DESA,KD BUKIT DINDING,27000 BUKIT DINDING,,27000,,,,,3.8316667,102.3802778
2230,21-06040097,BUKA,AWAM,KKM,,PAHANG,JERANTUT,KLINIK,KLINIK DESA,KD BUKIT GENTING,27000 JERANTUT,,27000,,,,,3.845387,102.4050488
2231,21-06040102,BUKA,AWAM,KKM,,PAHANG,JERANTUT,KLINIK,KLINIK DESA,KD BUKIT NIKMAT,26400 BUKIT NIKMAT,,26400,,,,,3.825,102.4211111
2232,21-06040373,BUKA,AWAM,KKM,,PAHANG,JERANTUT,KLINIK,KLINIK DESA,KD GUSAI,"KG, GUSAI HULU TEMBELING",,27020,,,,,3.9960592,102.3234816
2233,21-06040136,BUKA,AWAM,KKM,,PAHANG,JERANTUT,KLINIK,KLINIK DESA,KD JENGKA 12,26430 JENGKA 12,,26430,,,,,3.7794112,102.4817012
2234,21-06040137,BUKA,AWAM,KKM,,PAHANG,JERANTUT,KLINIK,KLINIK DESA,KD JENGKA 13,26430 JENGKA 13,,26430,,,,,3.762686,102.4669387
2235,21-06040147,BUKA,AWAM,KKM,,PAHANG,JERANTUT,KLINIK,KLINIK DESA,KD JENGKA 24,26420 JENGKA 24,,26420,,,,,3.7642963,102.4953899
2236,21-06040153,BUKA,AWAM,KKM,,PAHANG,JERANTUT,KLINIK,KLINIK DESA,KD JENGKA 9,26400 JENGKA 9,,26400,,,,,3.81404,102.4698071
2237,21-06040161,BUKA,AWAM,KKM,,PAHANG,JERANTUT,KLINIK,KLINIK DESA,KD KAMPUNG BARU,"27300 KG.BARU, JERANTUT",,27300,,,,,3.9199209,102.2842407
2238,21-06040167,BUKA,AWAM,KKM,,PAHANG,JERANTUT,KLINIK,KLINIK DESA,KD KAMPUNG CHEBONG,"CHEBONG, JERANTUT",,27020,,,,,4.1241299,102.3444905
2239,21-06040176,BUKA,AWAM,KKM,,PAHANG,JERANTUT,KLINIK,KLINIK KESIHATAN,KK KAMPUNG LABU,"KG.LABU, JERANTUT",,27020,,09-3131195,,,4.166576,102.3774811
2240,21-06040182,BUKA,AWAM,KKM,,PAHANG,JERANTUT,KLINIK,KLINIK DESA,KD KAMPUNG PAGI,"KG. PAGI, JERANTUT",,27020,,,,,4.4484478,102.482232
2241,21-06040206,BUKA,AWAM,KKM,,PAHANG,JERANTUT,KLINIK,KLINIK DESA,KD KOTA GELANGGI I & III,KOTA GELANGGI,,27000,,,,,3.9003884,102.473036
2242,21-06040207,BUKA,AWAM,KKM,,PAHANG,JERANTUT,KLINIK,KLINIK DESA,KD KOTA GELANGGI II & IV,KOTA GELANGGI,,27000,,,,,3.9234819,102.5976033
2243,21-06040220,BUKA,AWAM,KKM,,PAHANG,JERANTUT,KLINIK,KLINIK DESA,KD KUALA SAT,27020 HULU TEMBELING,,27020,,,,,3.9960592,102.3234816
2244,21-06040239,BUKA,AWAM,KKM,,PAHANG,JERANTUT,KLINIK,KLINIK DESA,KD LEPAR UTARA 3,27060 LEPAR UTARA 3,,27060,,,,,3.913004,102.6991494
2245,21-06040246,BUKA,AWAM,KKM,,PAHANG,JERANTUT,KLINIK,KLINIK DESA,KD MAT DALING,27020 HULU TEMBELING,,27020,,,,,4.4595192,102.6570697
2246,21-06040259,BUKA,AWAM,KKM,,PAHANG,JERANTUT,KLINIK,KLINIK DESA,KD PAYA TEH,"27000 PAYA, JERANTUT",,27000,,,,,3.9853968,102.3393041
2247,21-06040270,BUKA,AWAM,KKM,,PAHANG,JERANTUT,KLINIK,KLINIK DESA,KD PUSAT PENDIDIKAN TUN RAZAK,27060 TUN RAZAK,,27000,,,,,3.9161896,102.3234816
2248,21-06040302,BUKA,AWAM,KKM,,PAHANG,JERANTUT,KLINIK,KLINIK DESA,KD SUNGAI PUTAT,26400 SG. PUTAT,,26400,,,,,3.937395,102.3620378
2249,21-06040303,BUKA,AWAM,KKM,,PAHANG,JERANTUT,KLINIK,KLINIK DESA,KD SUNGAI RETANG,27000 RETANG,,27000,,,,,4.131474,102.3884111
2250,21-06040305,BUKA,AWAM,KKM,,PAHANG,JERANTUT,KLINIK,KLINIK DESA,KD SUNGAI TEKAM GETAH,27070 SG. TEKAM GETAH,,27070,,,,,3.8649216,102.5357099
2251,21-06040318,BUKA,AWAM,KKM,,PAHANG,JERANTUT,KLINIK,KLINIK DESA,KD TEMIN,27000 JERANTUT,,27000,,,,,3.9245705,102.3826406
2252,21-06040325,BUKA,AWAM,KKM,,PAHANG,JERANTUT,KLINIK,KLINIK DESA,KD ULU CHEKA,27000 ULU CHEKA,,27000,,,,,3.9588413,102.1404037
2253,21-06050100,BUKA,AWAM,KKM,,PAHANG,KUANTAN,KLINIK,KLINIK DESA,KD BUKIT KUANTAN,26050 KUANTAN,,26050,,,,,3.9766667,103.1961111
2254,21-06050101,BUKA,AWAM,KKM,,PAHANG,KUANTAN,KLINIK,KLINIK DESA,KD BUKIT KUIN,26050 KUANTAN,,26050,,,,,3.881267,103.198693
2255,21-06050105,BUKA,AWAM,KKM,,PAHANG,KUANTAN,KLINIK,KLINIK DESA,KD BUKIT SAGU 1,26050 KUANTAN,,26050,,,,,3.9557599,103.1922018
2256,21-06050106,BUKA,AWAM,KKM,,PAHANG,KUANTAN,KLINIK,KLINIK DESA,KD BUKIT SAGU 4 & 5,"PETI SURAT 331, 25740 KUANTAN",,25740,,,,,4.01014,103.154
2257,21-06050364,BUKA,AWAM,KKM,,PAHANG,KUANTAN,KLINIK,KLINIK DESA,KD CHENDOR,26080 KUANTAN,,26080,,,,,4.1627764,103.401075
2258,21-06050115,BUKA,AWAM,KKM,,PAHANG,KUANTAN,KLINIK,KLINIK DESA,KD CHERATING,28080 KUANTAN,,28080,,,,,4.129589,103.3867379
2259,21-06050116,BUKA,AWAM,KKM,,PAHANG,KUANTAN,KLINIK,KLINIK DESA,KD CHEROK PALOH,26610 KUANTAN,,26610,,,,,3.614517,103.3867559
2260,21-06050157,BUKA,AWAM,KKM,,PAHANG,KUANTAN,KLINIK,KLINIK DESA,KD KAMPUNG ALOR BATU,"JABOR, KUANTAN",,26150,,,,,3.9175105,103.3054928
2261,21-06050175,BUKA,AWAM,KKM,,PAHANG,KUANTAN,KLINIK,KLINIK DESA,KD KAMPUNG KEMPADANG,KUANTAN,,26060,,,,,3.7474822,103.3135327
2262,21-06050183,BUKA,AWAM,KKM,,PAHANG,KUANTAN,KLINIK,KLINIK DESA,KD KAMPUNG PANCHING,KUANTAN,,26090,,,,,3.8986092,103.1377109
2263,21-06050214,BUKA,AWAM,KKM,,PAHANG,KUANTAN,KLINIK,KLINIK DESA,KD KUALA KENAU,KUANTAN,,26200,,,,,3.923686,103.0480402
2264,21-06050236,BUKA,AWAM,KKM,,PAHANG,KUANTAN,KLINIK,KLINIK DESA,KD LEPAR HILIR 1,26300 KUANTAN,,26300,,,,,3.6575133,103.0731503
2265,21-06050237,BUKA,AWAM,KKM,,PAHANG,KUANTAN,KLINIK,KLINIK DESA,KD LEPAR HILIR 2,26300 KUANTAN,,26300,,,,,3.6724497,103.0439665
2266,21-06050238,BUKA,AWAM,KKM,,PAHANG,KUANTAN,KLINIK,KLINIK DESA,KD LEPAR HILIR 3,26300 KUANTAN,,26300,,,,,3.6544264,103.0890361
2267,21-06050255,BUKA,AWAM,KKM,,PAHANG,KUANTAN,KLINIK,KLINIK DESA,KD PAYA BUNGOR,26020 KUANTAN,,26020,,,,,3.682088,102.930901
2268,21-06050261,BUKA,AWAM,KKM,,PAHANG,KUANTAN,KLINIK,KLINIK DESA,KD PENOR,26060 KUANTAN,,26060,,,,,3.7021869,103.3356272
2269,21-06050271,BUKA,AWAM,KKM,,PAHANG,KUANTAN,KLINIK,KLINIK DESA,KD RTP BUKIT GOH,26050 KUANTAN,,26050,,,,,3.889119,103.2635564
2270,21-06050298,BUKA,AWAM,KKM,,PAHANG,KUANTAN,KLINIK,KLINIK DESA,KD SUNGAI PANCHING SELATAN (FELDA),26010 KUANTAN,,26010,,,,,3.8168287,103.3317173
2271,21-06050299,BUKA,AWAM,KKM,,PAHANG,KUANTAN,KLINIK,KLINIK DESA,KD SUNGAI PANCHING TIMUR (FELDA),26140 KUANTAN,,26140,,,,,3.8173251,103.1990173
2272,21-06050300,BUKA,AWAM,KKM,,PAHANG,KUANTAN,KLINIK,KLINIK DESA,KD SUNGAI PANCHING UTARA,26140 KUANTAN,,26140,,,,,3.9667398,103.2374927
2273,21-06050313,BUKA,AWAM,KKM,,PAHANG,KUANTAN,KLINIK,KLINIK DESA,KD TANJUNG LUMPUR,26060 KUANTAN,,26060,,,,,3.8069719,103.340506
2274,21-06060092,BUKA,AWAM,KKM,,PAHANG,LIPIS,KLINIK,KLINIK DESA,KD BERTANG,27200 BKT BETONG K.LIPIS,,27200,,,,,4.249192,101.9287953
2275,21-06060113,BUKA,AWAM,KKM,,PAHANG,LIPIS,KLINIK,KLINIK KESIHATAN,KK CHEGAR PERAH,27200 CHEGAR PERAH,,27200,,013-9421395,,,4.0992526,102.1175404
2276,21-06060123,BUKA,AWAM,KKM,,PAHANG,LIPIS,KLINIK,KLINIK DESA,KD FELDA CHEGAR PERAH,27200 CHEGAR PERAH,,27200,,,,,4.4845228,101.9558863
2277,21-06060194,BUKA,AWAM,KKM,,PAHANG,LIPIS,KLINIK,KLINIK DESA,KD FELDA KECAU,"PADANG TENGKU, LIPIS",,27100,,,,,4.31858,102.031
2278,21-06060154,BUKA,AWAM,KKM,,PAHANG,LIPIS,KLINIK,KLINIK DESA,KD JERANSANG,"JERANSANG, LIPIS",,27000,,,,,4.004257,102.0929288
2279,21-06060165,BUKA,AWAM,KKM,,PAHANG,LIPIS,KLINIK,KLINIK DESA,KD KAMPUNG BUDU,"BENTA, LIPIS",,27300,,,,,3.991949,101.9914751
2280,21-06060166,BUKA,AWAM,KKM,,PAHANG,LIPIS,KLINIK,KLINIK DESA,KD KAMPUNG CHAT,"CHAT, LIPIS",,27310,,,,,3.97082,101.979
2281,21-06060174,BUKA,AWAM,KKM,,PAHANG,LIPIS,KLINIK,KLINIK DESA,KD KAMPUNG KEMAHANG,"BENTA, LIPIS",,27300,,,,,4.015304,102.0221759
2282,21-06060186,BUKA,AWAM,KKM,,PAHANG,LIPIS,KLINIK,KLINIK DESA,KD KAMPUNG PENJOM,"PENJOM, LIPIS",,27000,,,,,4.124413,102.0146288
2283,21-06060190,BUKA,AWAM,KKM,,PAHANG,LIPIS,KLINIK,KLINIK DESA,KD KAMPUNG RELONG,"RELONG, LIPIS",,27000,,,,,4.196027,101.961387
2284,21-06060192,BUKA,AWAM,KKM,,PAHANG,LIPIS,KLINIK,KLINIK DESA,KD KAMPUNG TELANG,"TELANG, LIPIS",,27000,,,,,4.24932,101.956
2285,21-06060124,BUKA,AWAM,KKM,,PAHANG,LIPIS,KLINIK,KLINIK DESA,KD KECHAU TUI,27200 KECHAU,,27200,,,,,4.2971698,101.978919
2286,21-06060196,BUKA,AWAM,KKM,,PAHANG,LIPIS,KLINIK,KLINIK DESA,KD KERAMBIT,"MELA, LIPIS",,27200,,,,,4.116928,102.199425
2287,21-06060215,BUKA,AWAM,KKM,,PAHANG,LIPIS,KLINIK,KLINIK DESA,KD KUALA KENONG,"BATU 9, JALAN KERETAPI",,27200,,,,,4.17279,102.165
2288,21-06060216,BUKA,AWAM,KKM,,PAHANG,LIPIS,KLINIK,KLINIK DESA,KD KUALA LANAR,"KUALA LANAR, LIPIS",,27200,,,,,4.172805,102.1044578
2289,21-06060218,BUKA,AWAM,KKM,,PAHANG,LIPIS,KLINIK,KLINIK DESA,KD KUALA MEDANG,"KUALA MEDANG, LIPIS",,27600,,,,,4.286396,101.805
2290,21-06060241,BUKA,AWAM,KKM,,PAHANG,LIPIS,KLINIK,KLINIK DESA,KD LUBOK KULIT,27200 LUBOK KULIT,,27200,,,,,4.1922351,101.9257267
2291,21-06060365,BUKA,AWAM,KKM,,PAHANG,LIPIS,KLINIK,KLINIK DESA,KD POS LENJANG,27200 KUALA LIPIS,,27200,,,,,4.0992526,102.1175404
2292,21-06060366,BUKA,AWAM,KKM,,PAHANG,LIPIS,KLINIK,KLINIK DESA,KD POS SINDERUT,27200 KUALA LIPIS,,27200,,,,,4.0992526,102.1175404
2293,21-06060367,BUKA,AWAM,KKM,,PAHANG,LIPIS,KLINIK,KLINIK DESA,KD POS TITOM,27200 KUALA LIPIS,,27200,,,,,4.0992526,102.1175404
2294,21-06060284,BUKA,AWAM,KKM,,PAHANG,LIPIS,KLINIK,KLINIK DESA,KD SENTANG,27100 PADANG TENGKU,,27100,,,,,4.210484,101.975766
2295,21-06060311,BUKA,AWAM,KKM,,PAHANG,LIPIS,KLINIK,KLINIK DESA,KD TANJUNG BESAR,27000 TANJONG BESAR,,27000,,,,,4.017832,102.0486211
2296,21-06060312,BUKA,AWAM,KKM,,PAHANG,LIPIS,KLINIK,KLINIK DESA,KD TANJUNG GAHAI,27200 TANJONG GAHAI,,27200,,,,,4.2652474,101.8437016
2297,21-06070087,BUKA,AWAM,KKM,,PAHANG,MARAN,KLINIK,KLINIK DESA,KD JENGKA BATU 13,"28100 CHENOR, MARAN",,28100,,,,,3.516535,102.5764312
2298,21-06070091,BUKA,AWAM,KKM,,PAHANG,MARAN,KLINIK,KLINIK DESA,KD BELIMBING,26650 KAMPONG BELIMBING,,26650,,,,,3.454028,102.8855099
2299,21-06070108,BUKA,AWAM,KKM,,PAHANG,MARAN,KLINIK,KLINIK DESA,KD BUKIT TAJAU (FELDA),26500 MARAN,,26500,,,,,3.581617,102.729424
2300,21-06070133,BUKA,AWAM,KKM,,PAHANG,MARAN,KLINIK,KLINIK DESA,KD JENGKA 1,26400 BANDAR JENGKA,,26400,,,,,3.8302507,102.6054206
2301,21-06070134,BUKA,AWAM,KKM,,PAHANG,MARAN,KLINIK,KLINIK DESA,KD JENGKA 10,26400 BANDAR JENGKA,,26400,,,,,3.8262876,102.5310369
2302,21-06070135,BUKA,AWAM,KKM,,PAHANG,MARAN,KLINIK,KLINIK DESA,KD JENGKA 11,26400 BANDAR JENGKA,,26400,,,,,3.7935009,102.5234445
2303,21-06070138,BUKA,AWAM,KKM,,PAHANG,MARAN,KLINIK,KLINIK DESA,KD JENGKA 14,26400 BANDAR JENGKA,,26400,,,,,3.7227318,102.5322654
2304,21-06070139,BUKA,AWAM,KKM,,PAHANG,MARAN,KLINIK,KLINIK DESA,KD JENGKA 15,26400 BANDAR JENGKA,,26400,,,,,3.711879,102.5542508
2305,21-06070140,BUKA,AWAM,KKM,,PAHANG,MARAN,KLINIK,KLINIK DESA,KD JENGKA 16,26400 BANDAR JENGKA,,26400,,,,,3.6948855,102.5377072
2306,21-06070141,BUKA,AWAM,KKM,,PAHANG,MARAN,KLINIK,KLINIK DESA,KD JENGKA 17,28000 PEKAN AWAH,,28000,,,,,3.496748,102.5359171
2307,21-06070142,BUKA,AWAM,KKM,,PAHANG,MARAN,KLINIK,KLINIK DESA,KD JENGKA 18,"28000 PEKAN AWAH, MARAN",,28000,,,,,3.496748,102.5359171
2308,21-06070143,BUKA,AWAM,KKM,,PAHANG,MARAN,KLINIK,KLINIK DESA,KD JENGKA 19,28000 PEKAN AWAH,,28000,,,,,3.576448,102.5253371
2309,21-06070144,BUKA,AWAM,KKM,,PAHANG,MARAN,KLINIK,KLINIK DESA,KD JENGKA 20,28000 PEKAN AWAH,,28000,,,,,3.496748,102.5359171
2310,21-06070145,BUKA,AWAM,KKM,,PAHANG,MARAN,KLINIK,KLINIK DESA,KD JENGKA 21,26400 BANDAR JENGKA,,26400,,,,,3.736949,102.478693
2311,21-06070146,BUKA,AWAM,KKM,,PAHANG,MARAN,KLINIK,KLINIK DESA,KD JENGKA 23,"28000 JENGKA 23, TEMERLOH",,26400,,,,,3.633225,102.47341
2312,21-06070132,BUKA,AWAM,KKM,,PAHANG,MARAN,KLINIK,KLINIK DESA,KD JENGKA 3,26400 BANDAR JENGKA,,26400,,,,,3.6829564,102.6084136
2313,21-06070149,BUKA,AWAM,KKM,,PAHANG,MARAN,KLINIK,KLINIK DESA,KD JENGKA 4,26400 BANDAR JENGKA,,26400,,,,,3.669741,102.6458809
2314,21-06070150,BUKA,AWAM,KKM,,PAHANG,MARAN,KLINIK,KLINIK DESA,KD JENGKA 5,26400 BANDAR JENGKA,,26400,,,,,3.628415,102.6789188
2315,21-06070151,BUKA,AWAM,KKM,,PAHANG,MARAN,KLINIK,KLINIK DESA,KD JENGKA 6,26400 BANDAR JENGKA,,26400,,,,,3.6237253,102.6101398
2316,21-06070193,BUKA,AWAM,KKM,,PAHANG,MARAN,KLINIK,KLINIK DESA,KD KAMPUNG LUIT,MARAN,,26500,,,,,3.604309,102.8136859
2317,21-06070159,BUKA,AWAM,KKM,,PAHANG,MARAN,KLINIK,KLINIK DESA,KD KAMPUNG AWAH (FELDA),28000 PEKAN AWAH,,28000,,,,,3.476916,102.5171168
2318,21-06070181,BUKA,AWAM,KKM,,PAHANG,MARAN,KLINIK,KLINIK DESA,KD KAMPUNG NEW ZEALAND,MARAN,,26500,,,,,3.645976,102.8486689
2319,21-06070204,BUKA,AWAM,KKM,,PAHANG,MARAN,KLINIK,KLINIK DESA,KD KERTAU,"CHENOR, MARAN",,28100,,,,,3.4748736,102.644587
2320,21-06070222,BUKA,AWAM,KKM,,PAHANG,MARAN,KLINIK,KLINIK DESA,KD KUALA SENTUL,26400 BANDAR JENGKA,,26400,,,,,3.6344438,102.5527505
2321,21-06070226,BUKA,AWAM,KKM,,PAHANG,MARAN,KLINIK,KLINIK KESIHATAN,KK KUALA WAU,26500 MARAN,,26500,,09-4682085,,,3.4827118,102.785515
2322,21-06070242,BUKA,AWAM,KKM,,PAHANG,MARAN,KLINIK,KLINIK DESA,KD LUBUK PAKU,26500 MARAN,,26500,,,,,3.509255,102.769951
2323,21-06070243,BUKA,AWAM,KKM,,PAHANG,MARAN,KLINIK,KLINIK DESA,KD MACHANG GELAP,28100 MARAN,,28100,,,,,3.4782996,102.598501
2324,21-06070256,BUKA,AWAM,KKM,,PAHANG,MARAN,KLINIK,KLINIK DESA,KD PAYA PASIR,"28100 CHENOR, MARAN",,28100,,,,,3.53396,102.638
2325,21-06070260,BUKA,AWAM,KKM,,PAHANG,MARAN,KLINIK,KLINIK DESA,KD PEKAN SARI AWAH,28000 PEKAN AWAH,,28000,,,,,3.4938268,102.5554015
2326,21-06070263,BUKA,AWAM,KKM,,PAHANG,MARAN,KLINIK,KLINIK DESA,KD PESAGI,28100 CHENOR,,28100,,,,,3.5226236,102.6471123
2327,21-06070283,BUKA,AWAM,KKM,,PAHANG,MARAN,KLINIK,KLINIK DESA,KD SENGGORA,26500 MARAN,,26500,,,,,3.546286,102.7744083
2328,21-06070285,BUKA,AWAM,KKM,,PAHANG,MARAN,KLINIK,KLINIK DESA,KD SERENGKAM,26500 MARAN,,26500,,,,,3.498073,102.8232011
2329,21-06070287,BUKA,AWAM,KKM,,PAHANG,MARAN,KLINIK,KLINIK DESA,KD SG. JEREK,26400 BANDAR JENGKA,,26400,,,,,3.6344438,102.5527505
2330,21-06070244,BUKA,AWAM,KKM,,PAHANG,MARAN,KLINIK,KLINIK DESA,KD SRI MAKMUR,26500 MARAN,,26500,,,,,3.5288227,102.9161011
2331,21-06070297,BUKA,AWAM,KKM,,PAHANG,MARAN,KLINIK,KLINIK DESA,KD SUNGAI NEREK (FELDA),28000 PEKAN AWAH,,28000,,,,,3.496748,102.5359171
2332,21-06070327,BUKA,AWAM,KKM,,PAHANG,MARAN,KLINIK,KLINIK DESA,KD ULU JEMPOL,26400 BANDAR JENGKA,,26400,,,,,3.747684,102.6255668
2333,21-06080086,BUKA,AWAM,KKM,,PAHANG,PEKAN,KLINIK,KLINIK DESA,KD BANDAR 2,26640 PALOI HINAI,,26640,,,,,3.4955763,103.385652
2334,21-06080088,BUKA,AWAM,KKM,,PAHANG,PEKAN,KLINIK,KLINIK DESA,KD BATU 8 LEPAR,"26650 BATU 8, LEPAR PEKAN",,26650,,,,,3.574772,103.1006819
2335,21-06080117,BUKA,AWAM,KKM,,PAHANG,PEKAN,KLINIK,KLINIK DESA,KD CINI 2,26690 FELDA CHINI 2,,26690,,,,,3.4495093,102.3576156
2336,21-06080118,BUKA,AWAM,KKM,,PAHANG,PEKAN,KLINIK,KLINIK DESA,KD CINI 3 (R.PENEROKA),26690 FELDA CHINI 3,,26690,,,,,3.3707855,102.9571509
2337,21-06080119,BUKA,AWAM,KKM,,PAHANG,PEKAN,KLINIK,KLINIK DESA,KD CINI TIMUR (R.PENEROKA),26690 FELDA CHINI TIMOR,,26690,,,,,3.389956,102.942153
2338,21-06080126,BUKA,AWAM,KKM,,PAHANG,PEKAN,KLINIK,KLINIK DESA,KD GANCHONG,26600 KAMPONG GANCHONG,,26600,,,,,3.5437385,103.2883499
2339,21-06080179,BUKA,AWAM,KKM,,PAHANG,PEKAN,KLINIK,KLINIK DESA,KD KAMPUNG MARHUM,"KG. MARHUM, PEKAN",,26660,,,,,3.5082453,103.4190238
2340,21-06080180,BUKA,AWAM,KKM,,PAHANG,PEKAN,KLINIK,KLINIK DESA,KD KAMPUNG MERCHONG,"KG. MERCHONG, PEKAN",,26660,,,,,3.0169187,103.4277206
2341,21-06080184,BUKA,AWAM,KKM,,PAHANG,PEKAN,KLINIK,KLINIK DESA,KD KAMPUNG PELAK,"KG. PELAK, PEKAN",,26650,,,,,3.4795717,103.0665822
2342,21-06080191,BUKA,AWAM,KKM,,PAHANG,PEKAN,KLINIK,KLINIK DESA,KD KAMPUNG SUNGAI MIANG,"KG. SUNGAI MIANG, PEKAN",,26600,,,,,3.458755704,103.445399
2343,21-06080219,BUKA,AWAM,KKM,,PAHANG,PEKAN,KLINIK,KLINIK DESA,KD KUALA PAHANG,KUALA PAHANG,,26600,,,,,3.53242,103.4595428
2344,21-06080230,BUKA,AWAM,KKM,,PAHANG,PEKAN,KLINIK,KLINIK DESA,KD LANGGAR,"26600 KG. LANGGAR, PEKAN",,26600,,,,,3.538981,103.351892
2345,21-06080235,BUKA,AWAM,KKM,,PAHANG,PEKAN,KLINIK,KLINIK DESA,KD LEPAR HILIR 7,"26650 FELDA LEPAR HILIR 7, PEKAN",,26650,,,,,3.60129,103.008
2346,21-06080245,BUKA,AWAM,KKM,,PAHANG,PEKAN,KLINIK,KLINIK DESA,KD MAMBANG,26600 KAMPUNG MARHUM,,26600,,,,,3.5082453,103.4190238
2347,21-06080252,BUKA,AWAM,KKM,,PAHANG,PEKAN,KLINIK,KLINIK DESA,KD PAHANG TUA,26620 KAMPONG LAMIR,,26620,,,,,3.587366,103.355213
2348,21-06080253,BUKA,AWAM,KKM,,PAHANG,PEKAN,KLINIK,KLINIK DESA,KD PALOH HINAI,26650 KG. PALOH HINAI,,26650,,,,,3.486809,103.1049111
2349,21-06080254,BUKA,AWAM,KKM,,PAHANG,PEKAN,KLINIK,KLINIK DESA,KD PASIR PANJANG,26600 KG. PASIR PANJANG,,26600,,,,,3.499665,103.4330069
2350,21-06080268,BUKA,AWAM,KKM,,PAHANG,PEKAN,KLINIK,KLINIK DESA,KD PULAU JAWA,26600 KG. PULAU JAWA,,26600,,,,,3.5073833,103.4044073
2351,21-06080269,BUKA,AWAM,KKM,,PAHANG,PEKAN,KLINIK,KLINIK DESA,KD PULAU RUSA,26620 KG. PULAU RUSA,,26620,,,,,3.554973,103.3232821
2352,21-06080277,BUKA,AWAM,KKM,,PAHANG,PEKAN,KLINIK,KLINIK DESA,KD SALONG,26690 KG. SALONG,,26690,,,,,3.479834,102.9671521
2353,21-06080360,BUKA,AWAM,KKM,,PAHANG,PEKAN,KLINIK,KLINIK DESA,KD SAWAH BATU,36700 MUADZAM SHAH,,26700,,,,,3.056192,103.0852249
2354,21-06080307,BUKA,AWAM,KKM,,PAHANG,PEKAN,KLINIK,KLINIK DESA,KD TANJONG BATU,26630 KG. TANJUNG BATU,,26630,,,,,3.2047796,103.4410621
2355,21-06080308,BUKA,AWAM,KKM,,PAHANG,PEKAN,KLINIK,KLINIK DESA,KD TANJONG MEDANG,26600 KG. TANJUNG MEDANG,,26600,,,,,3.533314,103.3291339
2356,21-06080309,BUKA,AWAM,KKM,,PAHANG,PEKAN,KLINIK,KLINIK DESA,KD TANJONG PULAI,26660 KG. TANJUNG PULAI,,26660,,,,,3.5237595,103.1647965
2357,21-06080310,BUKA,AWAM,KKM,,PAHANG,PEKAN,KLINIK,KLINIK DESA,KD TANJONG SELANGOR,26660 KG. TANJUNG SELANGOR,,26660,,,,,3.581665,103.4161351
2358,21-06080316,BUKA,AWAM,KKM,,PAHANG,PEKAN,KLINIK,KLINIK KESIHATAN,KK TEMAI,26640 KG. TEMAI,,26640,,09-4281115,,,3.54139,103.227
2359,21-06080323,BUKA,AWAM,KKM,,PAHANG,PEKAN,KLINIK,KLINIK DESA,KD UBAI,26610 KUANTAN,,26610,,,,,3.8168287,103.3317173
2360,21-06090090,BUKA,AWAM,KKM,,PAHANG,RAUB,KLINIK,KLINIK DESA,KD BATU MALIM,27610 BATU MALIM,,27610,,,,,3.9781688,101.7825388
2361,21-06090096,BUKA,AWAM,KKM,,PAHANG,RAUB,KLINIK,KLINIK DESA,KD BUKIT FRASER,49000 BUKIT FRASER,,49000,,,,,3.7202083,101.7352996
2362,21-06090103,BUKA,AWAM,KKM,,PAHANG,RAUB,KLINIK,KLINIK DESA,KD BUKIT PAMPONG,27600 ULU GALI,,27600,,,,,3.885845,101.9461921
2363,21-06090168,BUKA,AWAM,KKM,,PAHANG,RAUB,KLINIK,KLINIK DESA,KD GALI HILIR,27600 RAUB,,27600,,,,,3.861278,101.8892621
2364,21-06090169,BUKA,AWAM,KKM,,PAHANG,RAUB,KLINIK,KLINIK DESA,KD GESING,"27400 GESING, RAUB",,27400,,,,,3.945561,101.8701542
2365,21-06090210,BUKA,AWAM,KKM,,PAHANG,RAUB,KLINIK,KLINIK DESA,KD KRAU 1,"27600 FELDA KRAU 1, RAUB",,27600,,,,,3.7544336,101.9110427
2366,21-06090211,BUKA,AWAM,KKM,,PAHANG,RAUB,KLINIK,KLINIK DESA,KD KUALA ATOK,"27400 GESING, RAUB",,27400,,,,,3.9454886,101.8788554
2367,21-06090221,BUKA,AWAM,KKM,,PAHANG,RAUB,KLINIK,KLINIK DESA,KD KUALA SEMANTAN,27400 SEMANTAN,,27400,,,,,3.9459811,101.8417426
2368,21-06090266,BUKA,AWAM,KKM,,PAHANG,RAUB,KLINIK,KLINIK DESA,KD POS BUNTU,"27600 CHEROH, RAUB",,27600,,,,,3.896201,101.81715
2369,21-06090278,BUKA,AWAM,KKM,,PAHANG,RAUB,KLINIK,KLINIK DESA,KD SANG LEE,"27600 SANG LEE, RAUB",,27600,,,,,3.65382,101.8443719
2370,21-06090291,BUKA,AWAM,KKM,,PAHANG,RAUB,KLINIK,KLINIK DESA,KD SUNGAI CHETANG,27600 SUNGAI CHETANG,,27600,,,,,3.711338,101.8227791
2371,21-06090295,BUKA,AWAM,KKM,,PAHANG,RAUB,KLINIK,KLINIK DESA,KD SUNGAI KLAU,27600 SUNGAI KLAU,,27600,,,,,3.7483836,101.9754728
2372,21-06090304,BUKA,AWAM,KKM,,PAHANG,RAUB,KLINIK,KLINIK DESA,KD SUNGAI RUAN,27600 SUNGAI RUAN,,27600,,,,,3.8030998,101.866362
2373,21-06090319,BUKA,AWAM,KKM,,PAHANG,RAUB,KLINIK,KLINIK DESA,KD TRAS,"27600 TRAS, RAUB",,27670,,,,,3.6662205,101.8301578
2374,21-06090324,BUKA,AWAM,KKM,,PAHANG,RAUB,KLINIK,KLINIK DESA,KD ULU ATOK,"27660 ULU ATOK, RAUB",,27660,,,,,3.793532,101.8574651
2375,21-06090326,BUKA,AWAM,KKM,,PAHANG,RAUB,KLINIK,KLINIK DESA,KD ULU DONG,27400 ULU DONG,,27400,,,,,3.9320415,101.9233964
2376,21-06090328,BUKA,AWAM,KKM,,PAHANG,RAUB,KLINIK,KLINIK DESA,KD ULU RENGGOL,27660 ULU RENGGOL,,27660,,,,,4.007703,101.8943591
2377,21-06090329,BUKA,AWAM,KKM,,PAHANG,RAUB,KLINIK,KLINIK DESA,KD ULU SUNGAI,27610 ULU SUNGAI,,27610,,,,,3.989989,101.7351479
2378,21-06100107,BUKA,AWAM,KKM,,PAHANG,ROMPIN,KLINIK,KLINIK DESA,KD BUKIT SEROK,"26900 BUKIT SEROK, BDR TUN RAZAK",,26900,,,,,2.9152809,102.818802
2379,21-06100110,BUKA,AWAM,KKM,,PAHANG,ROMPIN,KLINIK,KLINIK DESA,KD BULUH NIPIS,"26700 MUADZAM SHAH, ROMPIN",,26700,,,,,3.094855,102.938895
2380,21-06100112,BUKA,AWAM,KKM,,PAHANG,ROMPIN,KLINIK,KLINIK DESA,KD CENDERAWASIH,"26700 CENDERAWASIH, ROMPIN",,26700,,,,,3.0593659,102.8514837
2381,21-06100158,BUKA,AWAM,KKM,,PAHANG,ROMPIN,KLINIK,KLINIK DESA,KD KAMPUNG AUR,"26700 KG.AUR, BKT IBAM",,26700,,,,,3.125641,102.998374
2382,21-06100173,BUKA,AWAM,KKM,,PAHANG,ROMPIN,KLINIK,KLINIK DESA,KD KAMPUNG JUARA,"KG. JUARA, PULAU TIOMAN, ROMPIN",,86800,,,,,2.79304,104.202
2383,21-06100197,BUKA,AWAM,KKM,,PAHANG,ROMPIN,KLINIK,KLINIK DESA,KD KERATONG 1,"KERATONG 1, ROMPIN",,26900,,,,,2.900922,102.8724283
2384,21-06100198,BUKA,AWAM,KKM,,PAHANG,ROMPIN,KLINIK,KLINIK DESA,KD KERATONG 2,"KERATONG 2, ROMPIN",,26900,,,,,2.91132,102.8516821
2385,21-06100199,BUKA,AWAM,KKM,,PAHANG,ROMPIN,KLINIK,KLINIK DESA,KD KERATONG 3,"KERATONG 3, ROMPIN",,26900,,,,,2.916093,102.8946668
2386,21-06100200,BUKA,AWAM,KKM,,PAHANG,ROMPIN,KLINIK,KLINIK DESA,KD KERATONG 5,"KERATONG 5, ROMPIN",,26900,,,,,2.912417,102.9315668
2387,21-06100201,BUKA,AWAM,KKM,,PAHANG,ROMPIN,KLINIK,KLINIK DESA,KD KERATONG 8,"KERATONG 8, ROMPIN",,26700,,,,,2.9643787,102.9949885
2388,21-06100359,BUKA,AWAM,KKM,,PAHANG,ROMPIN,KLINIK,KLINIK DESA,KD KG SIMPAI,"KG SIMPAI, MUADZAM SHAH",,26700,,,,,3.0941052,103.0642304
2389,21-06100205,BUKA,AWAM,KKM,,PAHANG,ROMPIN,KLINIK,KLINIK DESA,KD KOTA BAHAGIA,"KOTA BAHAGIA, ROMPIN",,26700,,,,,2.98147,102.9288859
2390,21-06100208,BUKA,AWAM,KKM,,PAHANG,ROMPIN,KLINIK,KLINIK DESA,KD KOTA PERDANA,"KOTA PERDANA, MUADZAM SHAH",,26700,,,,,3.179393,103.1384002
2391,21-06100209,BUKA,AWAM,KKM,,PAHANG,ROMPIN,KLINIK,KLINIK DESA,KD KPG.GENTING,"86800 KG. GENTING, PULAU TIOMAN",,86800,,,,,2.4082288,103.8448134
2392,21-06100228,BUKA,AWAM,KKM,,PAHANG,ROMPIN,KLINIK,KLINIK DESA,KD LADANG KOSMA,"26900 LADANG KOSMA, BDR TUN RAZAK",,26900,,,,,3.0234922,102.8253778
2393,21-06100250,BUKA,AWAM,KKM,,PAHANG,ROMPIN,KLINIK,KLINIK DESA,KD MUKUT,"86800 KG. MUKUT, P.TIOMAN, ROMPIN",,86600,,,,,2.72088,104.17981
2394,21-06100264,BUKA,AWAM,KKM,,PAHANG,ROMPIN,KLINIK,KLINIK DESA,KD PIANGGU,"26820 PIANGGU, KUALA ROMPIN",,26820,,,,,2.6367582,103.5921964
2395,21-06100275,BUKA,AWAM,KKM,,PAHANG,ROMPIN,KLINIK,KLINIK DESA,KD RPS KEDAIK,"26800 KEDAIK, MUADZAM SHAH",,26800,,,,,2.88661,103.23
2396,21-06100279,BUKA,AWAM,KKM,,PAHANG,ROMPIN,KLINIK,KLINIK DESA,KD SAWIRA,"26700 SAWIRA, ROMPIN",,26700,,,,,3.0783462,103.0700397
2397,21-06100280,BUKA,AWAM,KKM,,PAHANG,ROMPIN,KLINIK,KLINIK DESA,KD SELANCAR 2,"26700 SELANCAR, ROMPIN",,26700,,,,,2.628328,103.011114
2398,21-06100281,BUKA,AWAM,KKM,,PAHANG,ROMPIN,KLINIK,KLINIK DESA,KD SELANCAR 3,"26700 SELANCAR, ROMPIN",,26700,,,,,2.6235732,103.0022064
2399,21-06100273,BUKA,AWAM,KKM,,PAHANG,ROMPIN,KLINIK,KLINIK DESA,KD SELANCAR 4,"SELANCAR 4, 26700 SELANCAR",,28200,,,,,2.6245913,103.0248265
2400,21-06100282,BUKA,AWAM,KKM,,PAHANG,ROMPIN,KLINIK,KLINIK DESA,KD SELENDANG,"26800 SELENDANG, ROMPIN",,26800,,,,,2.745973,103.500057
2401,21-06100288,BUKA,AWAM,KKM,,PAHANG,ROMPIN,KLINIK,KLINIK DESA,KD SEPAYANG,"26800 SEPAYANG, KUALA ROMPIN",,26800,,,,,2.761819,103.4951069
2402,21-06110093,BUKA,AWAM,KKM,,PAHANG,TEMERLOH,KLINIK,KLINIK DESA,KD BOLOK,"28500 BOLOK, TEMERLOH",,28500,,,,,3.5211782,102.1404037
2403,21-06110094,BUKA,AWAM,KKM,,PAHANG,TEMERLOH,KLINIK,KLINIK DESA,KD BUKIT DAMAR,"28500 BUKIT DAMAR, TEMERLOH",,28500,,,,,3.5402,102.119009
2404,21-06110098,BUKA,AWAM,KKM,,PAHANG,TEMERLOH,KLINIK,KLINIK DESA,KD BUKIT KELULUT,"28000 KELULUT, TEMERLOH",,28000,,,,,3.435541,102.4026156
2405,21-06110111,BUKA,AWAM,KKM,,PAHANG,TEMERLOH,KLINIK,KLINIK DESA,KD CAROK PUTTING,28000 TEMERLOH,,28000,,,,,3.437832,102.4609873
2406,21-06110120,BUKA,AWAM,KKM,,PAHANG,TEMERLOH,KLINIK,KLINIK DESA,KD DESA BAKTI,"28000 DESA BAKTI, TEMERLOH",,28000,,,,,3.5004599,102.271202
2407,21-06110121,BUKA,AWAM,KKM,,PAHANG,TEMERLOH,KLINIK,KLINIK DESA,KD DESA MURNI,"28020 DESA MURNI, TEMERLOH",,28020,,,,,3.4497941,102.4172058
2408,21-06110130,BUKA,AWAM,KKM,,PAHANG,TEMERLOH,KLINIK,KLINIK DESA,KD JENDERAK SELATAN (FELDA),"28050 JENDERAK SELATAN, TEMERLOH",,28050,,,,,3.6212578,102.3885763
2409,21-06110131,BUKA,AWAM,KKM,,PAHANG,TEMERLOH,KLINIK,KLINIK DESA,KD JENDERAK UTARA,"28050 JENDERAK UTARA, TEMERLOH",,28050,,,,,3.6855742,102.3139653
2410,21-06110160,BUKA,AWAM,KKM,,PAHANG,TEMERLOH,KLINIK,KLINIK DESA,KD KAMPUNG BANGAU,"28000 BANGAU, TEMERLOH",,28000,,,,,3.4675047,102.4341138
2411,21-06110163,BUKA,AWAM,KKM,,PAHANG,TEMERLOH,KLINIK,KLINIK DESA,KD KAMPUNG BINTANG,TEMERLOH,,28000,,,,,3.494361,102.434458
2412,21-06110170,BUKA,AWAM,KKM,,PAHANG,TEMERLOH,KLINIK,KLINIK DESA,KD KAMPUNG GUAI,28000 TEMERLOH,,28000,,,,,3.34316,102.47994
2413,21-06110172,BUKA,AWAM,KKM,,PAHANG,TEMERLOH,KLINIK,KLINIK DESA,KD KAMPUNG JENDERAK,"KG.JENDERAK, TEMERLOH",,28050,,,,,3.665487,102.4019258
2414,21-06110185,BUKA,AWAM,KKM,,PAHANG,TEMERLOH,KLINIK,KLINIK DESA,KD KAMPUNG PENDERAS,"PENDERAS, TEMERLOH",,28050,,,,,3.7310437,102.2854389
2415,21-06110187,BUKA,AWAM,KKM,,PAHANG,TEMERLOH,KLINIK,KLINIK DESA,KD PURUN,TEMERLOH,,28000,,,,,3.437832,102.4609873
2416,21-06110189,BUKA,AWAM,KKM,,PAHANG,TEMERLOH,KLINIK,KLINIK DESA,KD KAMPUNG RAJA,"MUKIM SONGSANG, TEMERLOH",,28000,,,,,3.4837599,102.402393
2417,21-06110213,BUKA,AWAM,KKM,,PAHANG,TEMERLOH,KLINIK,KLINIK DESA,KD KUALA KAUNG,"KUALA KAUNG, LANCHANG, TEMERLOH",,28500,,,,,3.4831843,102.1453613
2418,21-06110217,BUKA,AWAM,KKM,,PAHANG,TEMERLOH,KLINIK,KLINIK DESA,KD KUALA MAI,"KUALA MAI, TEMERLOH",,28050,,,,,3.776963,102.368507
2419,21-06110223,BUKA,AWAM,KKM,,PAHANG,TEMERLOH,KLINIK,KLINIK KESIHATAN,KK KUALA TEKAL,"28050 KG.TEKAL, KUALA KRAU",,28050,,09-2847002,,,3.6280934,102.3887037
2420,21-06110574,BUKA,AWAM,KKM,,PAHANG,BERA,KLINIK,KLINIK KESIHATAN,KK KUALA TRIANG,28200 BERA,,28200,,019-9810967,,,3.310910525,102.5132947
2421,21-06110229,BUKA,AWAM,KKM,,PAHANG,TEMERLOH,KLINIK,KLINIK DESA,KD LAKUM,"28500 LAKUM, TEMERLOH",,28500,,,,,3.531965,102.0783308
2422,21-06110231,BUKA,AWAM,KKM,,PAHANG,TEMERLOH,KLINIK,KLINIK DESA,KD LEBAK,"28000 LEBAK, TEMERLOH",,28000,,,,,3.437832,102.4609873
2423,21-06110232,BUKA,AWAM,KKM,,PAHANG,TEMERLOH,KLINIK,KLINIK DESA,KD LEBAK SEBERANG,"28000 LEBAK SEBERANG, TEMERLOH",,28000,,,,,3.3986395,102.4299711
2424,21-06110240,BUKA,AWAM,KKM,,PAHANG,TEMERLOH,KLINIK,KLINIK DESA,KD LIPAT KAJANG,"28020 LIPAT KAJANG, TEMERLOH",,28000,,,,,3.5275636,102.4036729
2425,21-06110257,BUKA,AWAM,KKM,,PAHANG,TEMERLOH,KLINIK,KLINIK DESA,KD PAYA PULAI,"28000 PAYA PULAI, TEMERLOH",,28000,,,,,3.459507,102.4635234
2426,21-06110258,BUKA,AWAM,KKM,,PAHANG,TEMERLOH,KLINIK,KLINIK DESA,KD PAYA SOK,"28050 PAYA SOK, TEMERLOH",,28050,,,,,3.8019866,102.3607333
2427,21-06110315,BUKA,AWAM,KKM,,PAHANG,TEMERLOH,KLINIK,KLINIK DESA,KD TELOK SENTANG,"28000 TELUK SENTANG, TEMERLOH",,28000,,,,,3.5541914,102.4349617
2428,21-06110402,BUKA,AWAM,KKM,,PAHANG,TEMERLOH,KLINIK,KLINIK DESA,KD KAMPUNG GAU BARU,"JALAN MARAN, TEMERLOH",,28000,,,,,3.4698635,102.4923067
2429,21-06070148,BUKA,AWAM,KKM,,PAHANG,TEMERLOH,KLINIK,KLINIK DESA,KD JENGKA 25,"28000 JENGKA 25, MARAN",,28000,,,,,3.4582883,102.4542825
2430,21-06050333,BUKA,AWAM,KKM,,PAHANG,KUANTAN,KLINIK,KLINIK KESIHATAN IBU DAN ANAK,KKIA KUANTAN,"JALAN GAMBUT, KUANTAN",,25000,,,,,3.8083947,103.3258749
2431,21-06060332,BUKA,AWAM,KKM,,PAHANG,LIPIS,KLINIK,KLINIK KESIHATAN IBU DAN ANAK,KKIA KUALA LIPIS,27200 KUALA LIPIS,,27200,,,,,4.1855063,102.0538508
2432,21-06100335,BUKA,AWAM,KKM,,PAHANG,ROMPIN,KLINIK,KLINIK KESIHATAN IBU DAN ANAK,KKIA MUADZAM SHAH,"26700 MUADZAM SHAH, ROMPIN",,26700,,,,,3.0533741,103.0903998
2433,21-11010028,BUKA,AWAM,KKM,,TERENGGANU,BESUT,KLINIK,KLINIK KESIHATAN,KK JABI,"JERTEH, JALAN KUALA TERENGGANU",,22020,,"09-6941288 /          
09-6942963",,,5.6727195,102.587153
2434,21-11010030,BUKA,AWAM,KKM,,TERENGGANU,BESUT,KLINIK,KLINIK KESIHATAN,KK JERTEH,"JALAN PASIR AKAR, BESUT",,22000,,09-6971433,,,5.7373153,102.4933729
2435,21-11010035,BUKA,AWAM,KKM,,TERENGGANU,BESUT,KLINIK,KLINIK KESIHATAN,KK KOTA PUTERA,"BESUT, TERENGGANU",,22200,,"09-6956341 /          
09-6953853",,,5.7888497,102.5871807
2436,21-11010039,BUKA,AWAM,KKM,,TERENGGANU,BESUT,KLINIK,KLINIK KESIHATAN,KK KUALA BESUT,JALAN SEMERAK,,22300,,"09-6919333 /      
09-6917664",,,5.8503545,102.5221519
2437,21-11010046,BUKA,AWAM,KKM,,TERENGGANU,BESUT,KLINIK,KLINIK KESIHATAN,KK PASIR AKAR,"JERTEH, BESUT",,22010,,"09-6975373 /        
09-6917644",,,5.6388708,102.5041649
2438,21-11010160,BUKA,AWAM,KKM,,TERENGGANU,BESUT,KLINIK,KLINIK KESIHATAN,KK PULAU PERHENTIAN,"KG. PULAU PERHENTIAN, KUALA BESUT",,22300,,09-6911733,,,5.797728,102.562866
2439,21-11010051,BUKA,AWAM,KKM,,TERENGGANU,BESUT,KLINIK,KLINIK KESIHATAN,KK SRI MEDANG,"KAMPUNG RAJA, BESUT",,22200,,"09-6958386/        
09-6958387",,,5.7631109,102.5976775
2440,21-11010224,BUKA,AWAM,KKM,,TERENGGANU,BESUT,KLINIK,KLINIK KESIHATAN,KK PADANG LUAS,"JERTIH, BESUT",,22000,,"09-6903239 /        
09-6903160",,,5.7428946,102.4767243
2441,21-11070050,BUKA,AWAM,KKM,,TERENGGANU,SETIU,KLINIK,KLINIK KESIHATAN,KK SRI LANGKAP,"SG TONG, SETIU",,21500,,09-6571997,,,5.3610316,102.8810229
2442,21-11070031,BUKA,AWAM,KKM,,TERENGGANU,SETIU,KLINIK,KLINIK KESIHATAN,KK KAMPUNG RAHMAT,"CHALOK, SETIU",,21450,,"09-8240833 /       
09-6663733",,,5.4651746,102.8010341
2443,21-11070020,BUKA,AWAM,KKM,,TERENGGANU,SETIU,KLINIK,KLINIK KESIHATAN,KK BANDAR PERMAISURI,BANDAR PERMAISURI SETIU,,22100,,09-6097633,,,5.5299987,102.7385787
2444,21-11070052,BUKA,AWAM,KKM,,TERENGGANU,SETIU,KLINIK,KLINIK KESIHATAN,KK SUNGAI TONG,"SETIU, TERENGGANU",,21500,,09-8240833,,,5.3074498,102.9074172
2445,21-11020019,BUKA,AWAM,KKM,,TERENGGANU,DUNGUN,KLINIK,KLINIK KESIHATAN,KK ALMUKTAFI BILLAH SHAH,"AL-MUKTAFI BILLAH SHAH, DUNGUN",,23400,,09-8221333,,,4.6182317,103.2144134
2446,21-11020022,BUKA,AWAM,KKM,,TERENGGANU,DUNGUN,KLINIK,KLINIK KESIHATAN,KK BUKIT BESI,"BUKIT BESI, DUNGUN",,23200,,09-8337236,,,4.7551217,103.1857639
2447,21-11020029,BUKA,AWAM,KKM,,TERENGGANU,DUNGUN,KLINIK,KLINIK KESIHATAN,KK JERANGAU,"AJIL, TERENGGANU",,21820,,09-8384333,,,4.9052596,103.1900891
2448,21-11020034,BUKA,AWAM,KKM,,TERENGGANU,DUNGUN,KLINIK,KLINIK KESIHATAN,KK KETENGAH JAYA,"BANDAR KETENGAH JAYA, DUNGUN",,23300,,09-8200233,,,4.5714408,103.3112238
2449,21-11020037,BUKA,AWAM,KKM,,TERENGGANU,DUNGUN,KLINIK,KLINIK KESIHATAN,KK KUALA ABANG,JALAN KLINIK KUALA ABANG,,23050,,09-8442333,,,4.8169499,103.4205077
2450,21-11020206,BUKA,AWAM,KKM,,TERENGGANU,DUNGUN,KLINIK,KLINIK KESIHATAN,KK KUALA DUNGUN,"JALAN ALOR TEMBESU, DUNGUN",,23000,,09-8458820,,,4.7614776,103.4141248
2451,21-11020045,BUKA,AWAM,KKM,,TERENGGANU,DUNGUN,KLINIK,KLINIK KESIHATAN,KK PAKA,"PAKA, DUNGUN",,23100,,09-8271333,,,4.6319198,103.4376115
2452,21-11020182,BUKA,AWAM,KKM,,TERENGGANU,DUNGUN,KLINIK,KLINIK KESIHATAN,KK TOK KAH,"LOT 2004, JALAN TOK KAH",,23000,,09-8448016,,,4.8087729,103.3324976
2453,21-11020150,BUKA,AWAM,KKM,,TERENGGANU,DUNGUN,KLINIK,KLINIK KESIHATAN,KK PASIR RAJA,JALAN SEKOLAH PASIR RAJA,,23000,,09-8331457,,,4.5633358,102.9829172
2454,21-11030018,BUKA,AWAM,KKM,,TERENGGANU,HULU TERENGGANU,KLINIK,KLINIK KESIHATAN,KK AJIL,"AJIL, HULU TERENGGANU",,21800,,09-6861633,,,4.9499611,103.0587399
2455,21-11030134,BUKA,AWAM,KKM,,TERENGGANU,HULU TERENGGANU,KLINIK,KLINIK KESIHATAN,KK FELDA MENGKAWANG,"AJIL, HULU TERENGGANU",,21800,,09-6881896,,,4.861356,103.0283902
2456,21-11030038,BUKA,AWAM,KKM,,TERENGGANU,HULU TERENGGANU,KLINIK,KLINIK KESIHATAN,KK KUALA BERANG,"HOSPITAL HULU, KUALA BERANG",,21700,,"09-6811597 /          
09-6814061",,,5.0759411,103.0119951
2457,21-11030053,BUKA,AWAM,KKM,,TERENGGANU,HULU TERENGGANU,KLINIK,KLINIK KESIHATAN,KK TELEMONG,"JALAN KUALA TELEMONG, HULU TERENGGANU, KUALA BERANG",,21210,,09-6142997,,,5.218961,103.0309909
2458,21-11030054,BUKA,AWAM,KKM,,TERENGGANU,HULU TERENGGANU,KLINIK,KLINIK KESIHATAN,KK TENGKAWANG,"KUALA BERANG, HULU TERENGGANU",,21700,,09-6818710,,,5.0739804,102.9867092
2459,21-11040017,BUKA,AWAM,KKM,,TERENGGANU,KEMAMAN,KLINIK,KLINIK KESIHATAN,KK AIR PUTEH,"JALAN AIR PUTEH, KEMAMAN",,24050,,"09-8593355/         
09-8585560",,,4.2321391,103.3082411
2460,21-11040214,BUKA,AWAM,KKM,,TERENGGANU,KEMAMAN,KLINIK,KLINIK KESIHATAN,KK BATU 2 1/2,"JALAN AIR PUTIH, KEMAMAN",,24000,,09-8581540,,,4.2390749,103.3981969
2461,21-11040036,BUKA,AWAM,KKM,,TERENGGANU,KEMAMAN,KLINIK,KLINIK KESIHATAN,KK KIJAL,"JALAN PANTAI PENUNJUK, KEMAMAN",,24100,,09-8589925,,,4.3332879,103.4863849
2462,21-11040040,BUKA,AWAM,KKM,,TERENGGANU,KEMAMAN,KLINIK,KLINIK KESIHATAN,KK KUALA KEMAMAN,"KUALA KEMAMAN, KEMAMAN",,24000,,09-8683659,,,4.2157094,103.4358309
2463,21-11040049,BUKA,AWAM,KKM,,TERENGGANU,KEMAMAN,KLINIK,KLINIK KESIHATAN,KK SRI BANDI,"JALAN BUNGA RAYA, KEMAMAN",,24200,,"09-8676254/            
09-8676089",,,4.4149636,103.3116188
2464,21-11040025,BUKA,AWAM,KKM,,TERENGGANU,KEMAMAN,KLINIK,KLINIK KESIHATAN,KK CHENEH,"BNADAR BARU CHENEH, KEMAMAN",,24000,,09-8730100,,,4.1242072,103.2432122
2465,21-11040089,BUKA,AWAM,KKM,,TERENGGANU,KEMAMAN,KLINIK,KLINIK KESIHATAN,KK CHERUL,"24000, KEMAMAN, TERENGGANU",,24000,,09-8730895,,,4.1190228,103.1758972
2466,21-11040026,BUKA,AWAM,KKM,,TERENGGANU,KEMAMAN,KLINIK,KLINIK KESIHATAN,KK CHUKAI,"JALAN SENTOSA, KEMAMAN",,24000,,09-8591619,,,4.2399954,103.4188784
2467,21-11040032,BUKA,AWAM,KKM,,TERENGGANU,KEMAMAN,KLINIK,KLINIK KESIHATAN,KK KEMASIK,"KEMASIK, KEMAMAN",,24200,,"09-8640033 /           
09-8642800",,,4.427687,103.4524148
2468,21-11040033,BUKA,AWAM,KKM,,TERENGGANU,KEMAMAN,KLINIK,KLINIK KESIHATAN,KK KERTEH,"KERTEH, KEMAMAN",,24300,,09-8261333,,,4.5039799,103.4411629
2469,21-11040149,BUKA,AWAM,KKM,,TERENGGANU,KEMAMAN,KLINIK,KLINIK KESIHATAN,KK PASIR GAJAH,"PASIR GAJAH, KEMAMAN",,24030,,09-8598369,,,4.2463271,103.2978907
2470,21-11040169,BUKA,AWAM,KKM,,TERENGGANU,KEMAMAN,KLINIK,KLINIK KESIHATAN,KK SEBERANG TAYOR,"KG. SEBERANG TAYOR, KEMAMAN",,24020,,09-8592481,,,4.2710195,103.2533825
2472,21-11050042,BUKA,AWAM,KKM,,TERENGGANU,KUALA TERENGGANU,KLINIK,KLINIK KESIHATAN,KK MANIR,"KAMPUNG KUBANG JELA, KUALA TERENGGANU",,21200,,"09-6224620 /         
09-6224621",,,5.3174923,103.0780075
2473,21-11050305,BUKA,AWAM,KKM,,TERENGGANU,KUALA TERENGGANU,KLINIK,KLINIK KESIHATAN,KK UTC PAYA BUNGA,"L4-UTC-03, UTC TERENGGANU, PAYA BUNGA SQUARE, JALAN MASJID ABIDIN, KUALA TERENGGANU",,20100,,"09-6226890 /        
09-6226892 /       
09-6226902",,,5.3307488,103.136832
2474,21-11050308,BUKA,AWAM,KKM,,TERENGGANU,KUALA TERENGGANU,KLINIK,KLINIK KESIHATAN,KK CHENDERING,KAMPUNG KUBANG IKAN,,21070,,"09-6173670/
09-6173671",,,5.2636994,103.1557968
2475,21-11060073,BUKA,AWAM,KKM,,TERENGGANU,MARANG,KLINIK,KLINIK KESIHATAN,KK BINJAI RENDAH,"BUKIT PAYONG, MARANG",,21040,,09-6192050,,,5.1938748,103.1002672
2476,21-11060023,BUKA,AWAM,KKM,,TERENGGANU,MARANG,KLINIK,KLINIK KESIHATAN,KK BUKIT PAYONG,"MARANG, TERENGGANU",,21400,,"09-6195805 /        
09-6191333",,,5.2352335,103.1000728
2477,21-11060043,BUKA,AWAM,KKM,,TERENGGANU,MARANG,KLINIK,KLINIK KESIHATAN,KK MARANG,"MARANG, TERENGGANU",,21600,,"09-6182216 /        
09-6182030",,,5.2161749,103.2003302
2478,21-11060044,BUKA,AWAM,KKM,,TERENGGANU,MARANG,KLINIK,KLINIK KESIHATAN,KK MERCHANG,"MARANG, TERENGGANU",,21600,,09-8322179,,,5.0200386,103.3018326
2479,21-11060047,BUKA,AWAM,KKM,,TERENGGANU,MARANG,KLINIK,KLINIK KESIHATAN,KK PENGKALAN BERANGAN,"21600 MARANG, TERENGGANU",,21040,,09-6120073,,,5.108551,103.1388072
2480,21-11060055,BUKA,AWAM,KKM,,TERENGGANU,MARANG,KLINIK,KLINIK KESIHATAN,KK WAKAF TAPAI,"21040 MARANG, TERENGGANU",,21040,,09-6801533,,,5.1374796,103.0848194
2481,21-11080021,BUKA,AWAM,KKM,,TERENGGANU,KUALA NERUS,KLINIK,KLINIK KESIHATAN,KK BATU RAKIT,JALAN BATU RAKIT,,21300,,09-6693331,,,5.4174605,103.0639567
2482,21-11080024,BUKA,AWAM,KKM,,TERENGGANU,KUALA NERUS,KLINIK,KLINIK KESIHATAN,KK BUKIT TUNGGAL,"KAMPUNG BUKIT TUNGGAL, KUALA TERENGGANU",,21200,,"09-6626275/         
06-6626271",,,5.3335719,103.1048431
2483,21-11080161,BUKA,AWAM,KKM,,TERENGGANU,KUALA NERUS,KLINIK,KLINIK KESIHATAN,KK PULAU REDANG,"KAMPUNG BARU PULAU REDANG, KUALA TERENGGANU",,21090,,09-6307823,,,5.3476813,103.0923054
2484,21-11080048,BUKA,AWAM,KKM,,TERENGGANU,KUALA NERUS,KLINIK,KLINIK KESIHATAN,KK SEBERANG TAKIR,"JALAN TELOK KETAPANG, KUALA TERENGGANU",,21300,,09-6663333,,,5.3757449,103.1170911
2485,21-11010059,BUKA,AWAM,KKM,,TERENGGANU,BESUT,KLINIK,KLINIK DESA,KD AIR TAWAR,KG AIR TAWAR,,22200,,,,,5.821569,102.5694259
2486,21-11010060,BUKA,AWAM,KKM,,TERENGGANU,BESUT,KLINIK,KLINIK DESA,KD ALOR KELADI,"JALAN PASIR AKAR, JERTEH",,22000,,,,,5.7366628,102.4932895
2487,21-11010061,BUKA,AWAM,KKM,,TERENGGANU,BESUT,KLINIK,KLINIK DESA,KD ALOR LINTAH,JALAN JERTEH-KUALA BESUT,,22000,,,,,5.74801,102.5175442
2488,21-11010062,BUKA,AWAM,KKM,,TERENGGANU,BESUT,KLINIK,KLINIK DESA,KD ANAK MUSANG,"KG ANAK MUSANG, JERTEH",,22020,,,,,5.6734574,102.6294543
2489,21-11010063,BUKA,AWAM,KKM,,TERENGGANU,BESUT,KLINIK,KLINIK DESA,KD APAL,KG JERTEH,,22020,,,,,5.6597972,102.5780924
2490,21-11010071,BUKA,AWAM,KKM,,TERENGGANU,BESUT,KLINIK,KLINIK DESA,KD BERIS BARU,KG BARU,,22300,,,,,5.7983806,102.5172921
2491,21-11010084,BUKA,AWAM,KKM,,TERENGGANU,BESUT,KLINIK,KLINIK DESA,KD BUKIT PAYONG,"KG BUKIT PAYONG, JERTEH",,22010,,,,,5.5902245,102.4970445
2492,21-11010097,BUKA,AWAM,KKM,,TERENGGANU,BESUT,KLINIK,KLINIK DESA,KD FELDA SELASIH,"FELDA SELASIH, JERTEH",,22020,,,,,5.6469458,102.6144485
2493,21-11010104,BUKA,AWAM,KKM,,TERENGGANU,BESUT,KLINIK,KLINIK DESA,KD GONG BAYOR,"KG GONG BAYOR, JERTEH",,22000,,,,,5.7494848,102.5746887
2494,21-11010106,BUKA,AWAM,KKM,,TERENGGANU,BESUT,KLINIK,KLINIK DESA,KD GONG TANAH MERAH,"KG GONG TANAH MERAH, JERTEH",,22000,,,,,5.7044756,102.5181116
2495,21-11010116,BUKA,AWAM,KKM,,TERENGGANU,BESUT,KLINIK,KLINIK DESA,KD KAMPUNG LA,"JALAN LA HOT SPRING, JERTEH",,22010,,,,,5.5168574,102.5345947
2496,21-11010114,BUKA,AWAM,KKM,,TERENGGANU,BESUT,KLINIK,KLINIK DESA,KD KAMPUNG TOK DOR,"KG TOK DOR, JERTEH",,22020,,,,,5.6507573,102.6275748
2497,21-11010120,BUKA,AWAM,KKM,,TERENGGANU,BESUT,KLINIK,KLINIK DESA,KD KERANDANG,"KG KERANDANG, JERTEH",,22000,,,,,5.7203308,102.5540332
2498,21-11010121,BUKA,AWAM,KKM,,TERENGGANU,BESUT,KLINIK,KLINIK DESA,KD KERUAK,"KG KERUAK, JERTEH",,22010,,,,,5.4730489,102.493301
2499,21-11010144,BUKA,AWAM,KKM,,TERENGGANU,BESUT,KLINIK,KLINIK DESA,KD PADANG LANDAK,"JALAN PASIR PUTEH, KG PADANG LANDAK",,22000,,,,,5.7420561,102.4546552
2500,21-11010147,BUKA,AWAM,KKM,,TERENGGANU,BESUT,KLINIK,KLINIK DESA,KD PAK WONG,"KG POK WONG, JERTEH",,22000,,,,,5.7416425,102.5369046
2501,21-11010178,BUKA,AWAM,KKM,,TERENGGANU,BESUT,KLINIK,KLINIK DESA,KD TEMBILA,JALAN RENEK BESUT,,22200,,,,,5.778617,102.5915871
2502,21-11010179,BUKA,AWAM,KKM,,TERENGGANU,BESUT,KLINIK,KLINIK DESA,KD TEMPINIS,JALAN RENEK JERTEH,,22020,,,,,5.6974772,102.6056401
2503,21-11010180,BUKA,AWAM,KKM,,TERENGGANU,BESUT,KLINIK,KLINIK DESA,KD TENANG (FELDA),"FELDA TENANG, JERTEH",,22010,,,,,5.5598124,102.4979991
2504,21-11070199,BUKA,AWAM,KKM,,TERENGGANU,SETIU,KLINIK,KLINIK DESA,KD BARI BESAR,"KG BARI BESAR, JALAN PENARIK",,22100,,,,,5.5735285,102.848805
2505,21-11070074,BUKA,AWAM,KKM,,TERENGGANU,SETIU,KLINIK,KLINIK DESA,KD BINTANG,"PERMAISURI, SETIU",,22100,,,,,5.6304256,102.6743584
2506,21-11070083,BUKA,AWAM,KKM,,TERENGGANU,SETIU,KLINIK,KLINIK DESA,KD MUNDUK,"JALAN SUNGAI TONG, SETIU",,21500,,,,,5.3594331,102.8850388
2507,21-11070200,BUKA,AWAM,KKM,,TERENGGANU,SETIU,KLINIK,KLINIK DESA,KD CHALOK BARAT (FELDA),FELDA CHALOK BARAT,,21450,,,,,5.4101,102.821
2508,21-11070092,BUKA,AWAM,KKM,,TERENGGANU,SETIU,KLINIK,KLINIK DESA,KD BANGGOL,"PERMAISURI, SETIU",,22100,,,,,5.5620985,102.7655903
2509,21-11070100,BUKA,AWAM,KKM,,TERENGGANU,SETIU,KLINIK,KLINIK DESA,KD FIKRI,"JALAN GUNTONG DALAM KE FIKRI, PERMAISURI",,22110,,,,,5.6419458,102.7428867
2510,21-11070202,BUKA,AWAM,KKM,,TERENGGANU,SETIU,KLINIK,KLINIK DESA,KD GONG TERAP,"JALAN TELAGA PAPAN, PERMAISURI",,21450,,,,,5.5111155,102.8983597
2511,21-11070108,BUKA,AWAM,KKM,,TERENGGANU,SETIU,KLINIK,KLINIK DESA,KD GUNTONG LUAR,"KG GUNTONG, PERMAISURI",,22100,,,,,5.588429,102.7060606
2512,21-11070130,BUKA,AWAM,KKM,,TERENGGANU,SETIU,KLINIK,KLINIK DESA,KD LANGKAP,"KG. LANGKAP, SUNGAI TONG, SETIU",,21500,,,,,5.3713505,102.8240198
2513,21-11070201,BUKA,AWAM,KKM,,TERENGGANU,SETIU,KLINIK,KLINIK DESA,KD MERANG,"KG MERANG, JALAN PENARIK KE LEMBAH BIDONG",,22100,,,,,5.5062519,102.9868256
2514,21-11070153,BUKA,AWAM,KKM,,TERENGGANU,SETIU,KLINIK,KLINIK DESA,KD PELONG,"KG PELONG, PERMAISURI",,21500,,,,,5.3855636,102.8340645
2515,21-11070154,BUKA,AWAM,KKM,,TERENGGANU,SETIU,KLINIK,KLINIK DESA,KD PENARIK,"KG PENARIK, JLN PERMAISURI",,22120,,,,,5.604365,102.816815
2516,21-11070198,BUKA,AWAM,KKM,,TERENGGANU,SETIU,KLINIK,KLINIK DESA,KD SUNGAI LEREK,"KG. SUNGAI LEREK, JALAN KUALA TERENGGANU KOTA BHARU",,21450,,,,,5.4244326,102.8480011
2517,21-11020065,BUKA,AWAM,KKM,,TERENGGANU,DUNGUN,KLINIK,KLINIK DESA,KD BANDAR B1,"JALAN DURIAN MENTANGAU, KETENGAH JAYA",,23000,,,,,4.6576186,103.3245884
2518,21-11020090,BUKA,AWAM,KKM,,TERENGGANU,DUNGUN,KLINIK,KLINIK DESA,KD DELONG,JALAN BUKIT BESI,,23200,,,,,4.7932221,103.2136434
2519,21-11020091,BUKA,AWAM,KKM,,TERENGGANU,DUNGUN,KLINIK,KLINIK DESA,KD DENDANG,JALAN BUKIT BESI,,21820,,,,,4.7964012,103.2932135
2520,21-11020095,BUKA,AWAM,KKM,,TERENGGANU,DUNGUN,KLINIK,KLINIK DESA,KD DURIAN MENTANGAU,"JALAN DURIAN MENTANGAU, PAKA",,23100,,,,,4.6791624,103.3577607
2521,21-11020112,BUKA,AWAM,KKM,,TERENGGANU,DUNGUN,KLINIK,KLINIK DESA,KD JERANGAU BARAT,"JALAN FELDA JERANGAU BARAT, AJIL",,21820,,,,,4.9409973,103.1660446
2522,21-11020111,BUKA,AWAM,KKM,,TERENGGANU,DUNGUN,KLINIK,KLINIK DESA,KD JONGOK BATU,JALAN JONGOK BATU,,23000,,,,,4.6743629,103.0532
2523,21-11020118,BUKA,AWAM,KKM,,TERENGGANU,DUNGUN,KLINIK,KLINIK DESA,KD KAMPUNG NYIOR,JALAN DUNGUN PAKA,,23100,,,,,4.65589,103.42514
2524,21-11020127,BUKA,AWAM,KKM,,TERENGGANU,DUNGUN,KLINIK,KLINIK DESA,KD KUALA JENGAL,"KG KUALA JENGAL, AL-MUKTAFI BILLAH SHAH",,23000,,,,,4.6249512,103.2084038
2525,21-11020139,BUKA,AWAM,KKM,,TERENGGANU,DUNGUN,KLINIK,KLINIK DESA,KD NERANG,JALAN BUKIT BESI,,21820,,,,,4.7964012,103.2932135
2526,21-11020141,BUKA,AWAM,KKM,,TERENGGANU,DUNGUN,KLINIK,KLINIK DESA,KD PADANG JAMBU,JALAN PADANG JAMBU,,23000,,,,,4.7711373,103.4054393
2527,21-11020145,BUKA,AWAM,KKM,,TERENGGANU,DUNGUN,KLINIK,KLINIK DESA,KD PADANG PULUT,"JALAN BUKIT BESI, KG PADANG PULUT",,23200,,,,,4.806063,103.2565901
2528,21-11020163,BUKA,AWAM,KKM,,TERENGGANU,DUNGUN,KLINIK,KLINIK DESA,KD PULAU SERAI,JALAN DUNGUN TERENGGANU,,23000,,,,,4.7816667,103.4072222
2529,21-11020167,BUKA,AWAM,KKM,,TERENGGANU,DUNGUN,KLINIK,KLINIK DESA,KD SEBERANG PINTASAN,"JALAN CHENGAL, SEBERANG PINTASAN",,23050,,,,,4.788999,103.4265981
2530,21-11020173,BUKA,AWAM,KKM,,TERENGGANU,DUNGUN,KLINIK,KLINIK DESA,KD SURA,JALAN SURA TENGAH,,23000,,,,,4.727062,103.4261888
2531,21-11030075,BUKA,AWAM,KKM,,TERENGGANU,HULU TERENGGANU,KLINIK,KLINIK DESA,KD BUKIT APIT,"KG BUKIT APIT, AJIL",,21800,,,,,5.0856727,103.1096452
2532,21-11030076,BUKA,AWAM,KKM,,TERENGGANU,HULU TERENGGANU,KLINIK,KLINIK DESA,KD BUKIT BADING,"KG BUKIT BADING, AJIL",,21800,,,,,5.0116139,103.1480841
2533,21-11030078,BUKA,AWAM,KKM,,TERENGGANU,HULU TERENGGANU,KLINIK,KLINIK DESA,KD BUKIT DIMAN,"KG BUKIT DIMAN, AJIL",,21800,,,,,5.0427676,103.1101113
2534,21-11030079,BUKA,AWAM,KKM,,TERENGGANU,HULU TERENGGANU,KLINIK,KLINIK DESA,KD BUKIT GEMURUH,"KG BUKIT GEMURUH,KUALA BERANG",,21700,,,,,5.0728003,103.0090638
2535,21-11030098,BUKA,AWAM,KKM,,TERENGGANU,HULU TERENGGANU,KLINIK,KLINIK DESA,KD FELDA TERSAT,FELDA TERSAT,,21700,,,,,4.9629838,103.0458822
2536,21-11030103,BUKA,AWAM,KKM,,TERENGGANU,HULU TERENGGANU,KLINIK,KLINIK DESA,KD GETANG,"KAMPUNG GETANG, TELEMONG",,21700,,,,,5.183561,103.0359742
2538,21-11030123,BUKA,AWAM,KKM,,TERENGGANU,HULU TERENGGANU,KLINIK,KLINIK DESA,KD KUA,"KG. KUA, KUALA BERANG",,21800,,,,,5.000487,103.073512
2539,21-11030126,BUKA,AWAM,KKM,,TERENGGANU,HULU TERENGGANU,KLINIK,KLINIK DESA,KD KUALA JENERIS,"KG KUALA JENDERIS, KUALA BERANG",,21700,,,,,5.1982261,102.8817567
2540,21-11030132,BUKA,AWAM,KKM,,TERENGGANU,HULU TERENGGANU,KLINIK,KLINIK DESA,KD MENERONG,KAMPUNG MENERONG,,21800,,,,,4.9432761,103.063019
2541,21-11030146,BUKA,AWAM,KKM,,TERENGGANU,HULU TERENGGANU,KLINIK,KLINIK DESA,KD PADANG SETAR,"KG. PADANG SETAR, JALAN SEKAYU",,21700,,,,,4.986801,102.977726
2542,21-11030151,BUKA,AWAM,KKM,,TERENGGANU,HULU TERENGGANU,KLINIK,KLINIK DESA,KD PASIR TINGGI,KG PASIR TINGGI,,21700,,,,,5.210722,103.0414252
2543,21-11030152,BUKA,AWAM,KKM,,TERENGGANU,HULU TERENGGANU,KLINIK,KLINIK DESA,KD PAUH,"KAMPUNG PAUH, KUALA BERANG",,21700,,,,,5.0756389,102.9697012
2544,21-11030172,BUKA,AWAM,KKM,,TERENGGANU,HULU TERENGGANU,KLINIK,KLINIK DESA,KD SUNGAI ULAR,"KG. SUNGAI ULAR, TELEMONG",,21700,,,,,5.1393736,103.0362195
2545,21-11030174,BUKA,AWAM,KKM,,TERENGGANU,HULU TERENGGANU,KLINIK,KLINIK DESA,KD TAJIN,"KAMPUNG TAJIN, KUALA BERANG",,21700,,,,,5.1065373,103.0002866
2546,21-11030175,BUKA,AWAM,KKM,,TERENGGANU,HULU TERENGGANU,KLINIK,KLINIK DESA,KD TANGGOL,"KAMPUNG TANGGOL, KUALA BERANG",,21700,,,,,5.1312734,103.0429132
2547,21-11030181,BUKA,AWAM,KKM,,TERENGGANU,HULU TERENGGANU,KLINIK,KLINIK DESA,KD TOK DOR,"KG. TOK DOR, AJIL",,21800,,,,,4.9857069,103.1469625
2548,21-11040058,BUKA,AWAM,KKM,,TERENGGANU,KEMAMAN,KLINIK,KLINIK DESA,KD AIR JERNIH,"JALAN AIR JERNIH, KEMASIK",,24200,,,,,4.405377,103.3987799
2549,21-11040068,BUKA,AWAM,KKM,,TERENGGANU,KEMAMAN,KLINIK,KLINIK DESA,KD BATU PUTIH,"KG. BATU PUTIH, KERTEH, KEMAMAN",,24300,,,,,4.5684427,103.3987423
2550,21-11040072,BUKA,AWAM,KKM,,TERENGGANU,KEMAMAN,KLINIK,KLINIK DESA,KD BINJAI,"KG. BINJAI, KEMAMAN",,24000,,,,,4.2271997,103.3744486
2551,21-11040081,BUKA,AWAM,KKM,,TERENGGANU,KEMAMAN,KLINIK,KLINIK DESA,KD BUKIT KUANG,"KG. BUKIT KUANG, KEMAMAN",,24000,,,,,4.2645155,103.4303581
2552,21-11040082,BUKA,AWAM,KKM,,TERENGGANU,KEMAMAN,KLINIK,KLINIK DESA,KD BUKIT MENTOK,"JALAN BUKIT MENTOK, CUKAI, KEMAMAN",,24000,,,,,4.2253128,103.4129171
2553,21-11040087,BUKA,AWAM,KKM,,TERENGGANU,KEMAMAN,KLINIK,KLINIK DESA,KD CHABANG,"KERTEH, KEMAMAN",,24300,,,,,4.5386933,103.4280586
2554,21-11040099,BUKA,AWAM,KKM,,TERENGGANU,KEMAMAN,KLINIK,KLINIK DESA,KD FIKRI,"KG. FIKRI, KEMAMAN",,24000,,,,,4.2039907,103.4322667
2555,21-11040109,BUKA,AWAM,KKM,,TERENGGANU,KEMAMAN,KLINIK,KLINIK DESA,KD IBOK,"KG. IBOK, KEMASEK, KEMAMAN",,24200,,,,,4.3217263,103.3653402
2556,21-11040136,BUKA,AWAM,KKM,,TERENGGANU,KEMAMAN,KLINIK,KLINIK DESA,KD NERAM 1,"CHENEH BARU, KEMAMAN",,24060,,,,,4.1172179,103.23748
2557,21-11040138,BUKA,AWAM,KKM,,TERENGGANU,KEMAMAN,KLINIK,KLINIK DESA,KD  NERAM TAMBAHAN 1,"CHENEH BARU, KEMAMAN",,24000,,,,,3.99544,103.279
2558,21-11040137,BUKA,AWAM,KKM,,TERENGGANU,KEMAMAN,KLINIK,KLINIK DESA,KD NERAM 2,"CHENEH BARU, KEMAMAN",,24060,,,,,4.13028,103.236
2559,21-11040142,BUKA,AWAM,KKM,,TERENGGANU,KEMAMAN,KLINIK,KLINIK DESA,KD PADANG KEMUNTING,"KG. PADANG KEMUNTING, KEMAMAN",,24100,,,,,4.3517546,103.407797
2560,21-11040143,BUKA,AWAM,KKM,,TERENGGANU,KEMAMAN,KLINIK,KLINIK DESA,KD PADANG KUBU,"PADANG KUBU, KEMAMAN",,24010,,,,,4.3851059,103.2620933
2561,21-11040208,BUKA,AWAM,KKM,,TERENGGANU,KEMAMAN,KLINIK,KLINIK DESA,KD PAYA BERENJUT,"CUKAI, KEMAMAN",,24000,,,,,4.1850913,103.4212527
2562,21-11040209,BUKA,AWAM,KKM,,TERENGGANU,KEMAMAN,KLINIK,KLINIK DESA,KD PERASING JAYA,"CHENEH BARU, HULU JABOR, KEMAMAN",,24000,,,,,4.1172179,103.23748
2563,21-11040176,BUKA,AWAM,KKM,,TERENGGANU,KEMAMAN,KLINIK,KLINIK DESA,KD TEBAK,"TEBAK, KEMAMAN",,24010,,,,,4.32323,103.1279039
2564,21-11040177,BUKA,AWAM,KKM,,TERENGGANU,KEMAMAN,KLINIK,KLINIK DESA,KD TELOK KALONG,"KG. TELOK KALONG, KIJAL, KEMAMAN",,24100,,,,,4.287217,103.475218
2565,21-11040128,BUKA,AWAM,KKM,,TERENGGANU,KEMAMAN,KLINIK,KLINIK DESA,KD KUALA KEMAMAN,"KG. KUALA KEMAMAN, KEMAMAN",,24000,,,,,4.2399656,103.4426975
2566,21-11050170,BUKA,AWAM,KKM,,TERENGGANU,KUALA TERENGGANU,KLINIK,KLINIK DESA,KD SERADA,KAMPUNG SERADA,,20050,,,,,5.265703,103.0770298
2567,21-11050064,BUKA,AWAM,KKM,,TERENGGANU,KUALA TERENGGANU,KLINIK,KLINIK DESA,KD ATAS TOL,KAMPUNG ATAS TOL,,21070,,,,,5.269808,103.1279281
2568,21-11050066,BUKA,AWAM,KKM,,TERENGGANU,KUALA TERENGGANU,KLINIK,KLINIK DESA,KD BANGGOL PERADONG,KAMPUNG BANGGOL PERADONG,,21200,,,,,5.3251135,103.0494989
2569,21-11050069,BUKA,AWAM,KKM,,TERENGGANU,KUALA TERENGGANU,KLINIK,KLINIK DESA,KD BELADAU KOLAM,KAMPUNG BELADAU KOLAM,,21200,,,,,5.2809307,103.0784288
2570,21-11050088,BUKA,AWAM,KKM,,TERENGGANU,KUALA TERENGGANU,KLINIK,KLINIK DESA,KD CHENDERING,KAMPUNG CHENDERING,,21080,,,,,5.274349,103.1732129
2571,21-11050094,BUKA,AWAM,KKM,,TERENGGANU,KUALA TERENGGANU,KLINIK,KLINIK DESA,KD DURIAN BURUNG,KAMPUNG DURIAN BURUNG,,20050,,,,,5.30374,103.1105959
2572,21-11050101,BUKA,AWAM,KKM,,TERENGGANU,KUALA TERENGGANU,KLINIK,KLINIK DESA,KD GELUGOR KEDAI,KAMPUNG GELUGOR KEDAI,,20050,,,,,5.2779217,103.1228436
2573,21-11050105,BUKA,AWAM,KKM,,TERENGGANU,KUALA TERENGGANU,KLINIK,KLINIK DESA,KD GONG PAUH,JALAN KUALA BERANG,,20050,,,,,5.0058069,103.1329172
2574,21-11050107,BUKA,AWAM,KKM,,TERENGGANU,KUALA TERENGGANU,KLINIK,KLINIK DESA,KD GONG TOK NASEK,KAMPONG GONG TOK NASEK,,20400,,,,,5.2924848,103.1538769
2575,21-11050119,BUKA,AWAM,KKM,,TERENGGANU,KUALA TERENGGANU,KLINIK,KLINIK DESA,KD KEBOR BESAR,"KAMPUNG KEBONG BESAR, MANIR",,21200,,,,,5.3094874,103.0595984
2576,21-11050122,BUKA,AWAM,KKM,,TERENGGANU,KUALA TERENGGANU,KLINIK,KLINIK DESA,KD KESOM,"KG. KESOM, MANIR",,21200,,,,,5.2883578,103.0369896
2577,21-11050125,BUKA,AWAM,KKM,,TERENGGANU,KUALA TERENGGANU,KLINIK,KLINIK DESA,KD KUALA IBAI,JALAN SEK. PUSAT K.IBAI,,20400,,,,,5.2795627,103.163633
2578,21-11050093,BUKA,AWAM,KKM,,TERENGGANU,KUALA TERENGGANU,KLINIK,KLINIK DESA,KD LOSONG,JALAN BUKIT LOSONG,,21000,,,,,5.3177778,103.1022222
2579,21-11050155,BUKA,AWAM,KKM,,TERENGGANU,KUALA TERENGGANU,KLINIK,KLINIK DESA,KD PENGADANG BARU,JALAN SERADA,,20050,,,,,5.277842,103.1055221
2580,21-11050156,BUKA,AWAM,KKM,,TERENGGANU,KUALA TERENGGANU,KLINIK,KLINIK KESIHATAN,KK PAYA DATU,KAMPUNG PAYA DATU JALAN JERAM,,21200,,,,,5.3384865,103.0845747
2581,21-11050157,BUKA,AWAM,KKM,,TERENGGANU,KUALA TERENGGANU,KLINIK,KLINIK DESA,KD PULAU BAHAGIA,KAMPUNG PULAU BAHAGIA,,21200,,,,,5.2710235,103.051106
2582,21-11050162,BUKA,AWAM,KKM,,TERENGGANU,KUALA TERENGGANU,KLINIK,KLINIK DESA,KD PULAU RUSA,JALAN SEK. KEB. PALOH,,20500,,,,,5.311522,103.0849088
2583,21-11050207,BUKA,AWAM,KKM,,TERENGGANU,KUALA TERENGGANU,KLINIK,KLINIK DESA,KD TUALANG,JALAN DURIAN MAS,,21200,,,,,5.2944458,103.0661165
2584,21-11060205,BUKA,AWAM,KKM,,TERENGGANU,MARANG,KLINIK,KLINIK DESA,KD BATANGAN,JALAN BATANGAN SEBERANG MARANG,,21600,,,,,5.2001632,103.2143761
2585,21-11060085,BUKA,AWAM,KKM,,TERENGGANU,MARANG,KLINIK,KLINIK DESA,KD BUKIT PERPAT,"JALAN BUKIT PERPAT, KUALA BERANG",,21040,,,,,5.102605,103.0914112
2586,21-11060110,BUKA,AWAM,KKM,,TERENGGANU,MARANG,KLINIK,KLINIK DESA,KD JAMBU BONGKOK,"JALAN MARANG-DUNGUN, MERCHANG, MARANG",,21610,,,,,5.015082,103.3081229
2587,21-11060113,BUKA,AWAM,KKM,,TERENGGANU,MARANG,KLINIK,KLINIK DESA,KD JERONG SEBERANG,"KG JERONG SEBERANG, WAKAF TAPAI, MARANG",,21040,,,,,5.1379828,103.126284
2588,21-11060135,BUKA,AWAM,KKM,,TERENGGANU,MARANG,KLINIK,KLINIK DESA,KD MERCHANG,"MERCHANG, MARANG",,21600,,,,,5.015082,103.3081229
2589,21-11060203,BUKA,AWAM,KKM,,TERENGGANU,MARANG,KLINIK,KLINIK DESA,KD PASIR PUTIH,"MERCHANG, MARANG",,21410,,,,,5.015082,103.3081229
2590,21-11060164,BUKA,AWAM,KKM,,TERENGGANU,MARANG,KLINIK,KLINIK DESA,KD RAWAI,"JALAN RAWAI, BUKIT PAYONG, MARANG",,21040,,,,,5.2054412,103.0784431
2591,21-11060204,BUKA,AWAM,KKM,,TERENGGANU,MARANG,KLINIK,KLINIK DESA,KD TEBAKANG,BUKIT PAYONG,,21400,,,,,5.229539,103.0791578
2592,21-11060183,BUKA,AWAM,KKM,,TERENGGANU,MARANG,KLINIK,KLINIK DESA,KD UNDANG,"JALAN RHU RENDANG-BUKIT PAYONG, MARANG",,21040,,,,,5.2140578,103.2022999
2593,21-11060131,BUKA,AWAM,KKM,,TERENGGANU,MARANG,KLINIK,KLINIK DESA,KD MEDAN JAYA,"JALAN TAMAN MEDAN JAYA, MARANG",,21080,,,,,5.235328,103.184852
2594,21-11060159,BUKA,AWAM,KKM,,TERENGGANU,MARANG,KLINIK,KLINIK DESA,KD PULAU KERENGGA,"MERCHANG, MARANG",,21610,,,,,5.015082,103.3081229
2595,21-11060165,BUKA,AWAM,KKM,,TERENGGANU,MARANG,KLINIK,KLINIK DESA,KD RHU MUDA,"JALAN MARANG, KUALA TERENGGANU",,21600,,,,,5.1858108,103.2239429
2596,21-11060166,BUKA,AWAM,KKM,,TERENGGANU,MARANG,KLINIK,KLINIK DESA,KD RUSILA,"JALAN MARANG, KUALA TERENGGANU",,21600,,,,,5.1479208,103.1629775
2597,21-11060171,BUKA,AWAM,KKM,,TERENGGANU,MARANG,KLINIK,KLINIK DESA,KD SETOR KANAN,"JALAN MARANG, WAKAF TAPAI",,21600,,,,,5.1450104,103.1535287
2598,21-11080148,BUKA,AWAM,KKM,,TERENGGANU,KUALA NERUS,KLINIK,KLINIK DESA,KD PANTAI BATU RAKIT,JALAN FIKRI,,21030,,,,,5.3533632,103.1299882
2599,21-11080077,BUKA,AWAM,KKM,,TERENGGANU,KUALA NERUS,KLINIK,KLINIK DESA,KD BUKIT CEMPAKA,KAMPUNG BUKIT CEMPAKA,,21060,,,,,5.3919904,103.041361
2600,21-11080086,BUKA,AWAM,KKM,,TERENGGANU,KUALA NERUS,KLINIK,KLINIK DESA,KD BUKIT WAN,KAMPUNG BUKIT WAN,,21060,,,,,5.3993866,103.0108736
2601,21-11080133,BUKA,AWAM,KKM,,TERENGGANU,KUALA NERUS,KLINIK,KLINIK DESA,KD MENGABANG TELIPOT,"JALAN PANTAI,MENGABANG TELIPOT",,21030,,,,,5.4270337,103.0752912
2602,21-11080102,BUKA,AWAM,KKM,,TERENGGANU,KUALA NERUS,KLINIK,KLINIK DESA,KD GEMURUH,"KAMPUNG GEMURUH, JALAN KELANTAN",,21060,,,,,5.3498663,103.0130831
2603,21-11080070,BUKA,AWAM,KKM,,TERENGGANU,KUALA NERUS,KLINIK,KLINIK DESA,KD BELARA,JALAN KELANTAN,,21500,,,,,5.349692,103.0768033
2604,21-11080140,BUKA,AWAM,KKM,,TERENGGANU,KUALA NERUS,KLINIK,KLINIK DESA,KD PADANG AIR,"KAMPUNG PADANG AIR, JALAN KELANTAN",,21060,,,,,5.346298,103.076896
2605,21-11080080,BUKA,AWAM,KKM,,TERENGGANU,KUALA NERUS,KLINIK,KLINIK DESA,KD BUKIT GUNTUNG,KAMPUNG BUKIT GUNTUNG,,21200,,,,,5.3485786,103.0484211
2606,21-11080168,BUKA,AWAM,KKM,,TERENGGANU,KUALA NERUS,KLINIK,KLINIK DESA,KD SEBERANG TAKIR,JALAN IBRAHIM FIKRI KG. BARU,,21300,,,,,5.346331,103.128502
2607,21-11080158,BUKA,AWAM,KKM,,TERENGGANU,KUALA NERUS,KLINIK,KLINIK DESA,KD PULAU DUYUNG,KG. DUYUNG,,21300,,,,,5.364936,103.114691
2609,21-03010186,BUKA,AWAM,KKM,,KELANTAN,BACHOK,KLINIK,KLINIK KESIHATAN,KK KANDIS,BACHOK,,16300,,09-7782825,,,5.95393,102.4385411
2610,21-03010023,BUKA,AWAM,KKM,,KELANTAN,BACHOK,KLINIK,KLINIK KESIHATAN,KK BACHOK,16300 BACHOK,,16300,,09-7789333,,,6.0573498,102.3995247
2611,21-03010031,BUKA,AWAM,KKM,,KELANTAN,BACHOK,KLINIK,KLINIK KESIHATAN,KK BALAI,16300 BACHOK,,16300,,09-7767206,,,6.1061302,102.3731004
2612,21-03010039,BUKA,AWAM,KKM,,KELANTAN,BACHOK,KLINIK,KLINIK KESIHATAN,KK BERIS KUBOR BESAR,"KUBOR BESAR, 16300 BACHOK",,16300,,09-7788633,,,6.0738321,102.365037
2613,21-03010316,BUKA,AWAM,KKM,,KELANTAN,BACHOK,KLINIK,KLINIK KESIHATAN,KK BERIS PANCHOR,"16020 TAWANG, BACHOK",,16020,,09-7767358,,,6.1285842,102.3510035
2614,21-03010051,BUKA,AWAM,KKM,,KELANTAN,BACHOK,KLINIK,KLINIK KESIHATAN,KK GUNONG,16390 BACHOK,,16390,,09-7834333,,,6.0476558,102.394478
2615,21-03010062,BUKA,AWAM,KKM,,KELANTAN,BACHOK,KLINIK,KLINIK KESIHATAN,KK MAHLIGAI,"JALAN PASIR PUTEH KOTA BHARU, 16400 BACHOK",,16400,,09-7834213,,,6.0741435,102.2828132
2616,21-03010204,BUKA,AWAM,KKM,,KELANTAN,BACHOK,KLINIK,KLINIK KESIHATAN,KK KUCHELONG,"KUCHELONG, 16090 BACHOK",,16090,,09-7832989,,,6.0215574,102.3393019
2617,21-03010467,BUKA,AWAM,KKM,,KELANTAN,BACHOK,KLINIK,KLINIK KESIHATAN,KK JELAWAT,PEJABAT KESIHATAN DAERAH BACHOK,,16300,,09-7788333,,,6.0579479,102.3995983
2618,21-03020032,BUKA,AWAM,KKM,,KELANTAN,GUA MUSANG,KLINIK,KLINIK KESIHATAN,KK GUA MUSANG,18300 GUA MUSANG,,18300,,09-9121333,,,4.884279,101.968178
2619,21-03020028,BUKA,AWAM,KKM,,KELANTAN,GUA MUSANG,KLINIK,KLINIK KESIHATAN,KK ARING 2,ARING,,18300,,09-9286333,,,4.855114,101.96824
2620,21-03020041,BUKA,AWAM,KKM,,KELANTAN,GUA MUSANG,KLINIK,KLINIK KESIHATAN,KK BERTAM BARU,BERTAM BARU,,18300,,09-9126626,,,5.140208,102.048103
2621,21-03020046,BUKA,AWAM,KKM,,KELANTAN,GUA MUSANG,KLINIK,KLINIK KESIHATAN,KK CHIKU 3,CHIKU 3,,18300,,09-9285333,,,4.9733338,102.2067021
2622,21-03020053,BUKA,AWAM,KKM,,KELANTAN,GUA MUSANG,KLINIK,KLINIK KESIHATAN,KK JERAM TEKOH,JERAM TEKOH,,18300,,09-9126308,,,5.003244,102.0603715
2623,21-03020198,BUKA,AWAM,KKM,,KELANTAN,GUA MUSANG,KLINIK,KLINIK KESIHATAN,KK KUALA BETIS,KUALA BETIS,,18300,,09-9150103,,,4.9013986,101.7866349
2624,21-03020211,BUKA,AWAM,KKM,,KELANTAN,GUA MUSANG,KLINIK,KLINIK KESIHATAN,KK LEBIR,LEBIR,,18300,,09-9159001,,,5.163992118,102.3407673
2625,21-03020323,BUKA,AWAM,KKM,,KELANTAN,GUA MUSANG,KLINIK,KLINIK KESIHATAN,KK MERANTO,"KAMPONG MERANTO, GUA MUSANG",,18300,,09-9120610,,,4.8944792,101.9757474
2626,21-03020153,BUKA,AWAM,KKM,,KELANTAN,GUA MUSANG,KLINIK,KLINIK KESIHATAN,KK JEREK,"KAMPUNG JEREK, WAKIL POS BERTAM",,18300,,010-5726382,,,5.171304,102.0084901
2627,21-03020473,BUKA,AWAM,KKM,,KELANTAN,GUA MUSANG,KLINIK,KLINIK KESIHATAN,KK POS BROOKE,PEJABAT KESIHATAN DAERAH GUA MUSANG,,18300,,09-9120610,,,4.671671,101.4897562
2628,21-03030088,BUKA,AWAM,KKM,,KELANTAN,JELI,KLINIK,KLINIK KESIHATAN,KK BATU MELINTANG,"KAMPUNG BATU MELINTANG, 17520 BATU MELINTANG",,17520,,09-9447233,,,5.7191097,101.7421703
2629,21-03030024,BUKA,AWAM,KKM,,KELANTAN,JELI,KLINIK,KLINIK KESIHATAN,KK JELI,JELI,,17600,,09-9440733,,,5.7010604,101.8436536
2630,21-03030058,BUKA,AWAM,KKM,,KELANTAN,JELI,KLINIK,KLINIK KESIHATAN,KK KUALA BALAH,KUALA BALAH,,17600,,09-9361233,,,5.4450283,101.9128466
2631,21-03030214,BUKA,AWAM,KKM,,KELANTAN,JELI,KLINIK,KLINIK KESIHATAN,KK LUBOK BONGOR,LUBOK BONGOR,,17600,,09-9361022,,,5.557508,101.8864642
2632,21-03030029,BUKA,AWAM,KKM,,KELANTAN,JELI,KLINIK,KLINIK KESIHATAN,KK AYER LANAS,AYER LANAS,,17700,,09-9468333,,,5.7932364,101.9119871
2633,21-03030460,BUKA,AWAM,KKM,,KELANTAN,JELI,KLINIK,KLINIK KESIHATAN,KK GEMANG,"KAMPUNG GEMANG, AYER LANAS",,17700,,"09-9461501 /    
09-9450024",,,5.7609683,101.8653208
2634,21-03040173,BUKA,AWAM,KKM,,KELANTAN,KOTA BHARU,KLINIK,KLINIK KESIHATAN,KK PINTU GENG,"JLN. PINTU GENG, KOTA BHARU",,15000,,09-7471997,,,5.9843644,116.077344
2635,21-03040033,BUKA,AWAM,KKM,,KELANTAN,KOTA BHARU,KLINIK,KLINIK KESIHATAN,KK BANDAR KOTA BHARU,"JALAN HOSPITAL, 15586 KOTA BHARU",,15586,,09-7475770,,,6.1253873,102.2428597
2636,21-03040030,BUKA,AWAM,KKM,,KELANTAN,KOTA BHARU,KLINIK,KLINIK KESIHATAN,KK BADANG,"JALAN PCB, 15350 KOTA BHARU",,15350,,09-7730333,,,6.188077,102.267672
2637,21-03040043,BUKA,AWAM,KKM,,KELANTAN,KOTA BHARU,KLINIK,KLINIK KESIHATAN,KK PEROL,CABANG 3 PEROL,,16010,,09-7123335,,,6.017116,102.2423924
2638,21-03040055,BUKA,AWAM,KKM,,KELANTAN,KOTA BHARU,KLINIK,KLINIK KESIHATAN,KK KOTA JEMBAL,"BANDAR KOTA JEMBAL, KEDAI LALAT",,16150,,09-7666733,,,6.1142356,102.3053326
2640,21-03040195,BUKA,AWAM,KKM,,KELANTAN,KOTA BHARU,KLINIK,KLINIK KESIHATAN,KK KOK LANAS,"KILOMETER 25, JALAN KUALA KRAI 16450 KOTAN BHARU",,16450,,09-7880900,,,6.0135552,102.2414429
2641,21-03040059,BUKA,AWAM,KKM,,KELANTAN,KOTA BHARU,KLINIK,KLINIK KESIHATAN,KK KUBANG KERIAN,"JLN ISTANA MAHKOTA, KOTA BHARU",,16150,,09-7667330,,,6.0907226,102.2710187
2642,21-03040061,BUKA,AWAM,KKM,,KELANTAN,KOTA BHARU,KLINIK,KLINIK KESIHATAN,KK LUNDANG PAKU,"JALAN DEWAN BETA, 15100 
KOTA BHARU",,15100,,"011-65730466 / 
011-65729611",,,5.9947196,102.2005698
2643,21-03040066,BUKA,AWAM,KKM,,KELANTAN,KOTA BHARU,KLINIK,KLINIK KESIHATAN,KK PENAMBANG,"LOT NO 348-A JALAN PANTAI CAHAYA BULAN KG. PENAMBANG, 15350 KOTA BHARU",,15350,,09 7442760,,,6.1622844,102.2475955
2644,21-03040067,BUKA,AWAM,KKM,,KELANTAN,KOTA BHARU,KLINIK,KLINIK KESIHATAN,KK PENGKALAN CHEPA,PENGKALAN CHEPA,,16100,,09-7714030,,,6.1624318,102.2806274
2645,21-03040069,BUKA,AWAM,KKM,,KELANTAN,KOTA BHARU,KLINIK,KLINIK KESIHATAN,KK PERINGAT,"JALAN MELOR, 16400 KOTA BHARU",,16400,,09-7127433,,,6.0203047,102.2851134
2647,21-03040159,BUKA,AWAM,KKM,,KELANTAN,KOTA BHARU,KLINIK,KLINIK KESIHATAN,KK KIJANG,"JALAN PCB BADANG, 15350 KOTA BHARU",,15350,,09-7732142,,,6.1866223,102.2759878
2648,21-03040139,BUKA,AWAM,KKM,,KELANTAN,KOTA BHARU,KLINIK,KLINIK KESIHATAN,KK BEREK,"JALAN BUKIT MARAK, 16450 KOTA BHARU",,16450,,09-7650105,,,6.0519629,102.3019035
2649,21-03040148,BUKA,AWAM,KKM,,KELANTAN,KOTA BHARU,KLINIK,KLINIK KESIHATAN,KK CHEMPAKA,"JALAN PANJI, 16100 KOTA BHARU",,16100,,09-7732341,,,6.1366769,102.2752525
2650,21-03040454,BUKA,AWAM,KKM,,KELANTAN,KOTA BHARU,KLINIK,KLINIK KESIHATAN,KK UTC KELANTAN,"LEVEL 1 LOT 378, SEKSYEN 16, JALAN HAMZAH 15050, KOTA BHARU",,15050,,"09-7422418 / 
09-7422419",,,6.1179284,102.2399319
2652,21-03040463,BUKA,AWAM,KKM,,KELANTAN,KOTA BHARU,KLINIK,KLINIK KESIHATAN,KK LUBUK PUKUL,JALAN KOTA BHARU - BACHOK,,16150,,09-7640629,,,6.0726081,102.3178689
2653,21-03040462,BUKA,AWAM,KKM,,KELANTAN,KOTA BHARU,KLINIK,KLINIK KESIHATAN,KK MULONG,JALAN KUALA KRAI - KOTA BHARU,,16450,,09-7124008,,,6.0400231,102.2374252
2654,21-03040278,BUKA,AWAM,KKM,,KELANTAN,KOTA BHARU,KLINIK,KLINIK KESIHATAN,KK WAKAF STAN,"KAMPUNG WAKAF STAN, KOTA BHARU",,16150,,09-7650104,,,6.0686201,102.2882029
2655,21-03040170,BUKA,AWAM,KKM,,KELANTAN,KOTA BHARU,KLINIK,KLINIK KESIHATAN,KK PARIT,JALAN PASIR TUMBUH-TIONG,,16400,,09-7650106,,,6.0638353,102.2628387
2656,21-03040171,BUKA,AWAM,KKM,,KELANTAN,KOTA BHARU,KLINIK,KLINIK KESIHATAN,KK PENDEK,JLN KOTA BHARU-SALOR,,15100,,09-7012899,,,6.0502295,102.2376261
2657,21-03050089,BUKA,AWAM,KKM,,KELANTAN,KUALA KRAI,KLINIK,KLINIK KESIHATAN,KK BATU MENGKEBANG,MENGKEBANG,,18000,,09-9609290,,,5.5392533,102.2032708
2658,21-03050103,BUKA,AWAM,KKM,,KELANTAN,KUALA KRAI,KLINIK,KLINIK KESIHATAN,KK BIAK,BIAK,,18000,,09-9339002,,,5.4777841,102.2090224
2659,21-03050034,BUKA,AWAM,KKM,,KELANTAN,KUALA KRAI,KLINIK,KLINIK KESIHATAN,KK BANDAR KUALA KRAI,KKB JALAN PINTAS,,18000,,09-9605667,,,5.5392533,102.2032708
2660,21-03050047,BUKA,AWAM,KKM,,KELANTAN,KUALA KRAI,KLINIK,KLINIK KESIHATAN,KK DABONG,DABONG,,18200,,09-9602221,,,5.3172419,102.026135
2661,21-03050163,BUKA,AWAM,KKM,,KELANTAN,KUALA KRAI,KLINIK,KLINIK KESIHATAN,KK LALOH,LALOH,,18000,,09-9668826,,,5.3059644,102.2718167
2662,21-03050063,BUKA,AWAM,KKM,,KELANTAN,KUALA KRAI,KLINIK,KLINIK KESIHATAN,KK MANIK URAI,MANEK URAI,,18050,,09-9665133,,,5.3815097,102.2428154
2663,21-03050065,BUKA,AWAM,KKM,,KELANTAN,KUALA KRAI,KLINIK,KLINIK KESIHATAN,KK PAHI,PAHI,,18000,,09-9609343,,,5.47039,102.2256731
2664,21-03050158,BUKA,AWAM,KKM,,KELANTAN,KUALA KRAI,KLINIK,KLINIK KESIHATAN,KK KEROH,JALAN KUALA KRAI,,18000,,09-9609209,,,5.5431148,102.2021672
2665,21-03060097,BUKA,AWAM,KKM,,KELANTAN,MACHANG,KLINIK,KLINIK KESIHATAN,KK BANGGOL JUDAH,"JLN. MACHANG-PASIR PUTEH, 
MACHANG",,18500,,09-9766544,,,5.7460527,102.1861447
2666,21-03060037,BUKA,AWAM,KKM,,KELANTAN,MACHANG,KLINIK,KLINIK KESIHATAN,KK BATU 30,"JALAN KUALA KRAI, 18500 MACHANG",,18500,,"09-9752355/     
09-9752833",,,5.7100983,102.2104876
2667,21-03060060,BUKA,AWAM,KKM,,KELANTAN,MACHANG,KLINIK,KLINIK KESIHATAN,KK LABOK,"18500 LABOK, MACHANG",,18500,,"09-7878533/      
09-7870703/     
09-7870139",,,5.8310457,102.2253948
2668,21-03060070,BUKA,AWAM,KKM,,KELANTAN,MACHANG,KLINIK,KLINIK KESIHATAN,KK PULAI CHONDONG,PULAU CHONDONG,,16600,,"09-7878333/      
09-7878444",,,5.8726069,102.2322228
2669,21-03060074,BUKA,AWAM,KKM,,KELANTAN,MACHANG,KLINIK,KLINIK KESIHATAN,KK TEMANGAN,TEMANGAN,,18400,,"09-9752633/       
09-9755330",,,5.701914,102.15108
2670,21-03060138,BUKA,AWAM,KKM,,KELANTAN,MACHANG,KLINIK,KLINIK KESIHATAN,KK  KAMPUNG BANDAR,"JALAN KEMUBU, 16600 PULAI CHONDONG",,16600,,"09-9770108 /
014-8370610",,,5.898391,102.197929
2671,21-03060279,BUKA,AWAM,KKM,,KELANTAN,MACHANG,KLINIK,KLINIK KESIHATAN,KK MACHANG,"MACHANG, 18500 MACHANG",,18500,,"09-9751039 /       
09-9752333",,,5.7675462,102.2162009
2672,21-03030479,BUKA,AWAM,KKM,,KELANTAN,MACHANG,KLINIK,KLINIK KESIHATAN,KK JOH,"KAMPUNG JOH, MACHANG",,18500,,018-3264544,,,5.8283426,102.2050002
2673,21-03060106,BUKA,AWAM,KKM,,KELANTAN,MACHANG,KLINIK,KLINIK KESIHATAN,KK BUKIT BAKAR,"BATU 30, MACHANG",,18500,,09-7870107,,,5.7413968,102.2446024
2674,21-03070035,BUKA,AWAM,KKM,,KELANTAN,PASIR MAS,KLINIK,KLINIK KESIHATAN,KK BANDAR PASIR MAS,BANDAR PASIR MAS,,17000,,09-7901333 ,,,6.0452108,102.1403669
2675,21-03070044,BUKA,AWAM,KKM,,KELANTAN,PASIR MAS,KLINIK,KLINIK KESIHATAN,KK CHEKOK,CHEKOK,,17060,,09-7942333,,,5.921994,102.18604
2676,21-03070129,BUKA,AWAM,KKM,,KELANTAN,PASIR MAS,KLINIK,KLINIK KESIHATAN,KK GUAL PERIOK,GUAL PERIOK,,17200,,09-7416732,,,6.0285158,102.020668
2677,21-03070071,BUKA,AWAM,KKM,,KELANTAN,PASIR MAS,KLINIK,KLINIK KESIHATAN,KK RANTAU PANJANG,"JALAN LUBOK STOL, RANTAU PANJANG",,17200,,09-7950333,,,6.0137438,101.9732258
2678,21-03070075,BUKA,AWAM,KKM,,KELANTAN,PASIR MAS,KLINIK,KLINIK KESIHATAN,KK TENDONG,TEDONG,,17030,,09-7198333,,,6.0699287,102.2073417
2679,21-03070054,BUKA,AWAM,KKM,,KELANTAN,PASIR MAS,KLINIK,KLINIK KESIHATAN,KK KANGKONG,JALAN PASIR MAS TANAH MERAH 17040 PASIR MAS,,17040,,09-7943155,,,5.9947306,102.1879966
2680,21-03070064,BUKA,AWAM,KKM,,KELANTAN,PASIR MAS,KLINIK,KLINIK KESIHATAN,KK MERANTI,"JLN BANGGOL CHE WAN, MERANTI",,17000,,"09-7975057/     
 09-7978466",,,6.0963525,102.1021893
2681,21-03070076,BUKA,AWAM,KKM,,KELANTAN,PASIR MAS,KLINIK,KLINIK KESIHATAN,KK TO' UBAN,JERAM,,17050,,09-7941333,,,6.0055485,102.0963766
2682,21-03040477,BUKA,AWAM,KKM,,KELANTAN,PASIR MAS,KLINIK,KLINIK KESIHATAN,KK SUNGAI KELADI,PASIR MAS,,17030,,09-7912601,,,5.9178737,102.1578419
2683,21-03070468,BUKA,AWAM,KKM,,KELANTAN,PASIR MAS,KLINIK,KLINIK KESIHATAN,KK KASAR,"KLINIK KESIHATAN KASAR, PASIR MAS",,17000,,09-7903352,,,6.0055485,102.0963766
2684,21-03080052,BUKA,AWAM,KKM,,KELANTAN,PASIR PUTEH,KLINIK,KLINIK KESIHATAN,KK JERAM,JERAM,,16800,,09-7867033,,,5.799847,102.3717524
2685,21-03080084,BUKA,AWAM,KKM,,KELANTAN,PASIR PUTEH,KLINIK,KLINIK KESIHATAN,KK BANGGOL PA' ESAH,"KAMPUNG BANGGUL PA'ESAH, 
PASIR PUTEH",,16800,,09-7521031,,,5.8327826,102.411217
2686,21-03080048,BUKA,AWAM,KKM,,KELANTAN,PASIR PUTEH,KLINIK,KLINIK KESIHATAN,KK GAAL,GAAL,,16800,,09-7867199,,,5.768994,102.361509
2687,21-03080072,BUKA,AWAM,KKM,,KELANTAN,PASIR PUTEH,KLINIK,KLINIK KESIHATAN,KK SELISING,SELISING,,16410,,09-7891433,,,5.8968354,102.3324869
2688,21-03080045,BUKA,AWAM,KKM,,KELANTAN,PASIR PUTEH,KLINIK,KLINIK KESIHATAN,KK CHERANG RUKU,SEMERAK 16700 PASIR PUTEH,,16700,,09-6912333,,,5.8675947,102.4865684
2689,21-03080128,BUKA,AWAM,KKM,,KELANTAN,PASIR PUTEH,KLINIK,KLINIK KESIHATAN,KK GONG KULIM,"KAMPUNG KULIM, 16800 PASIR PUTEH",,16800,,09-7520734,,,5.8696577,102.4241672
2690,21-03080280,BUKA,AWAM,KKM,,KELANTAN,PASIR PUTEH,KLINIK,KLINIK KESIHATAN,KK PASIR PUTEH,"PASIR PUTEH, 16800 PASIR PUTEH",,16800,,09-7867355,,,5.8375633,102.4024564
2691,21-03080459,BUKA,AWAM,KKM,,KELANTAN,PASIR PUTEH,KLINIK,KLINIK KESIHATAN,KK SUNGAI PETAI,KG. SUNGAI PETAI,,16800,,09-7520034,,,5.8162224,102.4504601
2692,21-03080325,BUKA,AWAM,KKM,,KELANTAN,PASIR PUTEH,KLINIK,KLINIK KESIHATAN,KK PADANG PAK AMAT,"LOT.1617,KG PADANG PAK AMAT,PASIR PUTEH",,16800,,09-7860601,,,5.844668,102.362262
2693,21-03090038,BUKA,AWAM,KKM,,KELANTAN,TANAH MERAH,KLINIK,KLINIK KESIHATAN,KK BATU GAJAH,"BATU 13, JALAN TANAH MERAH-JELI 17510 TANAH MERAH",,17510,,"09-9581033/      
 09-9581036",,,5.808887,102.1470772
2694,21-03090050,BUKA,AWAM,KKM,,KELANTAN,TANAH MERAH,KLINIK,KLINIK KESIHATAN,KK GUAL IPOH,KG GUAL IPOH 17500 TANAH MERAH,,17510,,09-9551949,,,5.7435851,102.051157
2695,21-03090056,BUKA,AWAM,KKM,,KELANTAN,TANAH MERAH,KLINIK,KLINIK KESIHATAN,KK KEMAHANG,FELDA KEMAHANG 17500 TANAH MERAH,,16800,,09-9581192,,,5.8549806,102.00563
2696,21-03090095,BUKA,AWAM,KKM,,KELANTAN,TANAH MERAH,KLINIK,KLINIK KESIHATAN,KK BELIMBING,"KG BELIMBING, 17500 TANAH MERAH",,17500,,09-9555330,,,5.8446937,102.1616045
2697,21-03090107,BUKA,AWAM,KKM,,KELANTAN,TANAH MERAH,KLINIK,KLINIK KESIHATAN,KK BUKIT BUNGA,"KG BUKIT BUNGA, JALAN TANAH MERAH-JELI, 17500 TANAH MERAH",,17500,,09-9469068,,,5.835058,101.9012749
2698,21-03090281,BUKA,AWAM,KKM,,KELANTAN,TANAH MERAH,KLINIK,KLINIK KESIHATAN,KK TANAH MERAH,"JALAN KLINIK TANAH MERAH, 17500 TANAH MERAH",,17500,,09-9556315,,,5.8047221,102.1440579
2699,21-03090466,BUKA,AWAM,KKM,,KELANTAN,TANAH MERAH,KLINIK,KLINIK KESIHATAN,KK BATANG MERBAU,"KLINIK KESIHATAN BATANG MERBAU, TANAH MERAH",,17500,,09-9582387,,,5.8131165,102.0280944
2700,21-03100269,BUKA,AWAM,KKM,,KELANTAN,TUMPAT,KLINIK,KLINIK KESIHATAN,KK TELOK RENJUNA,TELOK REJUNA,,16200,,09-7981023,,,6.1966413,102.2227121
2701,21-03100098,BUKA,AWAM,KKM,,KELANTAN,TUMPAT,KLINIK,KLINIK KESIHATAN,KK BENDANG KERIAN,BENDANG KERIAN,,16200,,09-7253539,,,6.1635433,102.1823818
2702,21-03100036,BUKA,AWAM,KKM,,KELANTAN,TUMPAT,KLINIK,KLINIK KESIHATAN,KK BANDAR TUMPAT,BANDAR TUMPAT,,16200,,09-7255500,,,6.1901893,102.1687139
2703,21-03100042,BUKA,AWAM,KKM,,KELANTAN,TUMPAT,KLINIK,KLINIK KESIHATAN,KK BUNOHAN,JALAN PANGKALAN KUBOR 16200 TUMPAT,,16200,,09-7211033,,,6.1821011,102.1164917
2704,21-03100068,BUKA,AWAM,KKM,,KELANTAN,TUMPAT,KLINIK,KLINIK KESIHATAN,KK PENGKALAN KUBOR,PENGKALAN KUBOR,,16200,,09-7211570,,,6.2154893,102.1112593
2705,21-03100073,BUKA,AWAM,KKM,,KELANTAN,TUMPAT,KLINIK,KLINIK KESIHATAN,KK SUNGAI PINANG,"SUNGAI PINANG, PALEKBANG",,16200,,09-7255133,,,6.1777856,102.2328215
2706,21-03100077,BUKA,AWAM,KKM,,KELANTAN,TUMPAT,KLINIK,KLINIK KESIHATAN,KK WAKAF BHARU,WAKAF BARU,,16250,,09-7196333,,,6.1226331,102.2028501
2707,21-03100276,BUKA,AWAM,KKM,,KELANTAN,TUMPAT,KLINIK,KLINIK KESIHATAN,KK WAKAF DELIMA,"KAMPUNG WAKAF DELIMA, 16250 TUMPAT",,16250,,09-7196907,,,6.1238043,102.1968241
2708,21-03100318,BUKA,AWAM,KKM,,KELANTAN,TUMPAT,KLINIK,KLINIK KESIHATAN,KK PASIR PEKAN,TUMPAT,,16089,,09-7190387,,,6.119312,102.221451
2709,21-03070478,BUKA,AWAM,KKM,,KELANTAN,TUMPAT,KLINIK,KLINIK KESIHATAN,KK TELOK JERING,,,16210,,011-65727221,,,6.1558397,102.1254671
2710,21-03100469,BUKA,AWAM,KKM,,KELANTAN,TUMPAT,KLINIK,KLINIK KESIHATAN,KK GETING,"GETING, PENGKALAN KUBOR",,16200,,09-7211137,,,6.220513,102.1118731
2711,21-03020327,BUKA,AWAM,KKM,,KELANTAN,GUA MUSANG,KLINIK,KLINIK KOMUNITI,KKOM TANAH PUTEH,"1324/1325, TINGKAT BAWAH KEDAI/WISMA HENG, JLN TANAH PUTEH",,18300,,09-9330088,,,4.8229618,101.9600372
2713,21-03010080,BUKA,AWAM,KKM,,KELANTAN,BACHOK,KLINIK,KLINIK DESA,KD ALOR BAKAT,ALOR BAKAT,,16400,,09-9341101,,,5.959736,102.318561
2714,21-03010094,BUKA,AWAM,KKM,,KELANTAN,BACHOK,KLINIK,KLINIK DESA,KD BEKALAM,BEKALAM,,16090,,,,,5.9588781,102.3807553
2715,21-03010096,BUKA,AWAM,KKM,,KELANTAN,BACHOK,KLINIK,KLINIK DESA,KD BELUKAR BACHOK,BELUKAR BACHOK,,16090,,,,,5.9573876,102.3450583
2716,21-03010101,BUKA,AWAM,KKM,,KELANTAN,BACHOK,KLINIK,KLINIK DESA,KD BEOH,BEOH,,16090,,,,,5.9153053,102.3997841
2717,21-03010102,BUKA,AWAM,KKM,,KELANTAN,BACHOK,KLINIK,KLINIK DESA,KD BERIS LALANG,KAMPUNG BERIS LALANG,,16300,,,,,5.9438222,102.4167143
2718,21-03010192,BUKA,AWAM,KKM,,KELANTAN,BACHOK,KLINIK,KLINIK DESA,KD KEPALA BATAS,KEPALA BATAS,,16300,,,,,5.517235,100.4314871
2719,21-03010197,BUKA,AWAM,KKM,,KELANTAN,BACHOK,KLINIK,KLINIK DESA,KD KOLAM,KAMPUNG KOLAM MAHLIGAI,,16400,,,,,5.935547,102.3305551
2720,21-03010201,BUKA,AWAM,KKM,,KELANTAN,BACHOK,KLINIK,KLINIK DESA,KD KUAU,KAMPUNG BERIS KUBUR BESAR,,16300,,,,,6.0708682,102.3553622
2721,21-03010219,BUKA,AWAM,KKM,,KELANTAN,BACHOK,KLINIK,KLINIK DESA,KD MELAWI,MELAWI,,16300,,,,,6.0625137,102.3807553
2722,21-03010234,BUKA,AWAM,KKM,,KELANTAN,BACHOK,KLINIK,KLINIK DESA,KD PANTAI BARU,JALAN PANTAI BARU,,16300,,,,,6.0272223,102.4157286
2723,21-03010239,BUKA,AWAM,KKM,,KELANTAN,BACHOK,KLINIK,KLINIK DESA,KD PAUH LIMA,"KAMPUNG PAUH LIMA, 
JALAN KUALA KERAI",,16090,,,,,6.011391,102.3282922
2724,21-03010240,BUKA,AWAM,KKM,,KELANTAN,BACHOK,KLINIK,KLINIK DESA,KD PAUH SEMBILAN,BERIS KUBU BESAR,,16020,,,,,6.0708682,102.3553622
2725,21-03010249,BUKA,AWAM,KKM,,KELANTAN,BACHOK,KLINIK,KLINIK DESA,KD PERUPOK,PERUPOK,,16300,,,,,6.0857903,102.3836197
2727,21-03010254,BUKA,AWAM,KKM,,KELANTAN,BACHOK,KLINIK,KLINIK DESA,KD REKANG,REKANG,,16300,,,,,5.9994973,102.4052823
2728,21-03010266,BUKA,AWAM,KKM,,KELANTAN,BACHOK,KLINIK,KLINIK DESA,KD TAWANG,JALAN RAJA SAKTI,,16020,,,,,6.115113,102.3567749
2730,21-03010273,BUKA,AWAM,KKM,,KELANTAN,BACHOK,KLINIK,KLINIK DESA,KD WAKAF AIK,"KAMPUNG WAKAF AIK, 
16020 BACHOK",,16020,,,,,6.1426048,102.341272
2731,21-03010297,BUKA,AWAM,KKM,,KELANTAN,BACHOK,KLINIK,KLINIK DESA,KD CHERANG LAUT,CHERANG LAUT,,16300,,,,,6.123938,102.2728201
2732,21-03020116,BUKA,AWAM,KKM,,KELANTAN,GUA MUSANG,KLINIK,KLINIK DESA,KD CHALIL (KESEDAR),CHALIL,,18300,,,,,5.0956662,102.2860609
2734,21-03020121,BUKA,AWAM,KKM,,KELANTAN,GUA MUSANG,KLINIK,KLINIK DESA,KD CHIKU 7,FELDA CHIKU 7,,18300,,,,,5.0278687,102.1478494
2735,21-03020123,BUKA,AWAM,KKM,,KELANTAN,GUA MUSANG,KLINIK,KLINIK DESA,KD CHIKU 1,FELDA CHIKU 1,,18300,,,,,4.910001,102.162979
2736,21-03020174,BUKA,AWAM,KKM,,KELANTAN,GUA MUSANG,KLINIK,KLINIK DESA,KD KAMPUNG PULAI,KAMPUNG PULAI,,18500,,,,,4.790484,101.9488961
2737,21-03020176,BUKA,AWAM,KKM,,KELANTAN,GUA MUSANG,KLINIK,KLINIK DESA,KD RENOK BARU,"KAMPUNG RENOK BARU, DESA SRI INTAN, RENOK BARU, KM 14 LEBUHRAYA GUA MUSANG",,18300,,,,,4.884279,101.968178
2738,21-03020180,BUKA,AWAM,KKM,,KELANTAN,GUA MUSANG,KLINIK,KLINIK KESIHATAN,KK STAR,KAMPUNG STAR,,18300,,09-9330088,,,5.0872139,101.9754166
2739,21-03020213,BUKA,AWAM,KKM,,KELANTAN,GUA MUSANG,KLINIK,KLINIK KESIHATAN,KK LIMAU KASTURI,WAKIL POS LIMAU KASTURI,,18300,,010-5795891,,,4.8687816,101.9804613
2740,21-03020227,BUKA,AWAM,KKM,,KELANTAN,GUA MUSANG,KLINIK,KLINIK DESA,KD PALOH 1 (KESEDAR),"FELDA PALOH 1, 18300 GUA MUSANG",,18300,,,,,4.860047,101.9633609
2741,21-03020228,BUKA,AWAM,KKM,,KELANTAN,GUA MUSANG,KLINIK,KLINIK DESA,KD PALOH 3 (KESEDAR),"FELDA PALOH 3, 18300 GUA MUSANG",,18300,,,,,5.0067584,102.23511
2742,21-03020229,BUKA,AWAM,KKM,,KELANTAN,GUA MUSANG,KLINIK,KLINIK DESA,KD PANGGONG LALAT,PANGGONG LALAT,,18300,,,,,4.8857512,101.8581314
2743,21-03020247,BUKA,AWAM,KKM,,KELANTAN,GUA MUSANG,KLINIK,KLINIK DESA,KD PERASU,JALAN PERASU,,18300,,,,,4.9038966,102.0904763
2744,21-03020263,BUKA,AWAM,KKM,,KELANTAN,GUA MUSANG,KLINIK,KLINIK DESA,KD SUNGAI TERAH (RPT),JALAN SUNGAI TERAH,,18300,,,,,4.897434,101.9604614
2745,21-03020264,BUKA,AWAM,KKM,,KELANTAN,GUA MUSANG,KLINIK,KLINIK DESA,KD (SEDC) SUNGAI TERAH,JALAN SUNGAI TERAH,,18300,,,,,4.897434,101.9604614
2746,21-03020310,BUKA,AWAM,KKM,,KELANTAN,GUA MUSANG,KLINIK,KLINIK DESA,KD ARING 6,"FELDA ARING 6, 18300 GUA MUSANG",,18300,,,,,4.95752,102.399128
2747,21-03020306,BUKA,AWAM,KKM,,KELANTAN,GUA MUSANG,KLINIK,KLINIK DESA,KD ARING 10,"FELDA ARING 10, GUA MUSANG",,18300,,,,,4.9318239,102.4489367
2748,21-03020322,BUKA,AWAM,KKM,,KELANTAN,GUA MUSANG,KLINIK,KLINIK DESA,KD KUALA SUNGAI,"KUALA SUNGAI, GUA MUSANG",,18300,,,,,5.0678602,102.2217516
2749,21-03030082,BUKA,AWAM,KKM,,KELANTAN,JELI,KLINIK,KLINIK DESA,KD AYER CANAL,"KAMPUNG AYER CANAL, 17700 TANAH MERAH, JELI",,17700,,,,,5.737884,101.930117
2750,21-03030135,BUKA,AWAM,KKM,,KELANTAN,JELI,KLINIK,KLINIK DESA,KD KALAI,"KAMPUNG KALAI, 17520, JELI",,17520,,,,,5.700699,101.8431511
2751,21-03030145,BUKA,AWAM,KKM,,KELANTAN,JELI,KLINIK,KLINIK DESA,KD KAMPUNG BUKIT JERING,"KAMPUNG BUKIT JERING, 17510 KUALA BALAH, JELI",,17510,,,,,5.480537,101.9026649
2752,21-03030200,BUKA,AWAM,KKM,,KELANTAN,JELI,KLINIK,KLINIK DESA,KD KUALA LONG,SUNGAI LONG,,17520,,,,,5.700699,101.8431511
2753,21-03030203,BUKA,AWAM,KKM,,KELANTAN,JELI,KLINIK,KLINIK DESA,KD KUBOR DATU,JALAN SUNGAI SAM-DABONG-JELI,,17510,,,,,5.5127811,101.889854
2754,21-03030212,BUKA,AWAM,KKM,,KELANTAN,JELI,KLINIK,KLINIK DESA,KD LEGEH,JALAN SUNGAI SAM-DEBONG-JELI,,17700,,,,,5.7932364,101.9119871
2755,21-03030236,BUKA,AWAM,KKM,,KELANTAN,JELI,KLINIK,KLINIK DESA,KD PASIR DUSUN,JALAN SUNGAI SAM-DEBONG-JELI,,17600,,,,,5.6473478,101.8717671
2756,21-03030241,BUKA,AWAM,KKM,,KELANTAN,JELI,KLINIK,KLINIK DESA,KD PENDOK,KAMPUNG PENDOK,,17520,,,,,5.695488,101.8388909
2757,21-03030262,BUKA,AWAM,KKM,,KELANTAN,JELI,KLINIK,KLINIK DESA,KD SUNGAI SATAN,KAMPUNG SUNGAI SATAN,,17700,,,,,5.7294881,101.9008924
2758,21-03040090,BUKA,AWAM,KKM,,KELANTAN,KOTA BHARU,KLINIK,KLINIK DESA,KD BATU TINGGI,"KAMPUNG BATU TINGGI, 16450 KOTA BHARU",,16450,,,,,5.9228853,102.2660164
2759,21-03040127,BUKA,AWAM,KKM,,KELANTAN,KOTA BHARU,KLINIK,KLINIK DESA,KD GONDANG,"KG. GONDANG, KOTA BHARU",,16450,,,,,5.936774,102.2087351
2760,21-03040134,BUKA,AWAM,KKM,,KELANTAN,KOTA BHARU,KLINIK,KLINIK DESA,KD KADOK,"JLN KUALA KRAI KOTA BHARU, 16450 KOTA BHARU",,16450,,,,,6.0185833,102.2407449
2761,21-03040136,BUKA,AWAM,KKM,,KELANTAN,KOTA BHARU,KLINIK,KLINIK DESA,KD ARIL,"JLN MELOR LAMA, KOTA BHARU",,16400,,,,,5.9929673,102.3162006
2762,21-03040141,BUKA,AWAM,KKM,,KELANTAN,KOTA BHARU,KLINIK,KLINIK DESA,KD BETA HILIR,"KAMPUNG BETA HILIR, JALAN DEWAN HILIR",,15100,,,,,6.0270748,102.2197098
2763,21-03040142,BUKA,AWAM,KKM,,KELANTAN,KOTA BHARU,KLINIK,KLINIK DESA,KD BETA HULU,KAMPUNG BETA HULU,,15100,,,,,5.9998029,102.2206453
2764,21-03040146,BUKA,AWAM,KKM,,KELANTAN,KOTA BHARU,KLINIK,KLINIK DESA,KD BUT,"KAMPUNG BUT, JALAN PENGKALAN BUT",,16450,,,,,5.9780278,102.2508889
2765,21-03040147,BUKA,AWAM,KKM,,KELANTAN,KOTA BHARU,KLINIK,KLINIK DESA,KD CHE LATIF,"JALAN PCB BADANG, KOTA BHARU",,15350,,,,,6.1866223,102.2759878
2766,21-03040162,BUKA,AWAM,KKM,,KELANTAN,KOTA BHARU,KLINIK,KLINIK DESA,KD KUBANG KIAT,JALAN DEWAN BETA,,16450,,,,,5.9799788,102.2346239
2767,21-03040167,BUKA,AWAM,KKM,,KELANTAN,KOTA BHARU,KLINIK,KLINIK DESA,KD MELOR,"KAMPUNG MELOR, JALAN GUNONG",,16400,,,,,5.9999539,102.3546298
2768,21-03040168,BUKA,AWAM,KKM,,KELANTAN,KOTA BHARU,KLINIK,KLINIK DESA,KD MENTUAN,"SERING, KOTA BHARU",,16150,,,,,6.0980375,102.3027988
2769,21-03040189,BUKA,AWAM,KKM,,KELANTAN,KOTA BHARU,KLINIK,KLINIK DESA,KD KEMEROK,"JALAN PANTAI SABAK-KOTA BHARU, 16100 KOTA BHARU",,16100,,,,,6.1765095,102.3209356
2770,21-03040191,BUKA,AWAM,KKM,,KELANTAN,KOTA BHARU,KLINIK,KLINIK DESA,KD KEMUMIN,"JALAN PANTAI SABAK, 16100 KOTA BHARU",,16100,,,,,6.1765095,102.3209356
2771,21-03040231,BUKA,AWAM,KKM,,KELANTAN,KOTA BHARU,KLINIK,KLINIK DESA,KD PANGKAL KALONG,JLN KUALA KRAI-KOTA BHARU,,16400,,,,,5.917755,102.2182793
2772,21-03040235,BUKA,AWAM,KKM,,KELANTAN,KOTA BHARU,KLINIK,KLINIK DESA,KD PANTAI KUNDOR,JLN KUALA BESAR-KOTA BHARU,,15350,,,,,6.1823401,102.2468496
2773,21-03040243,BUKA,AWAM,KKM,,KELANTAN,KOTA BHARU,KLINIK,KLINIK DESA,KD PENGKALAN DATU,"JLN PENGKALAN DATU, SERING, KOTA BHARU",,16150,,,,,6.1395313,102.3306721
2774,21-03040244,BUKA,AWAM,KKM,,KELANTAN,KOTA BHARU,KLINIK,KLINIK DESA,KD PENGKALAN FERI,"KG SEBERANG PASIR MAS, SALOR, KOTA BHARU",,16450,,,,,6.0362659,102.150321
2775,21-03040256,BUKA,AWAM,KKM,,KELANTAN,KOTA BHARU,KLINIK,KLINIK DESA,KD SALOR,"JALAN KOTA BHARU-SALOR, KOTA BHARU",,15100,,,,,6.1156039,102.2323782
2777,21-03050122,BUKA,AWAM,KKM,,KELANTAN,KUALA KRAI,KLINIK,KLINIK DESA,KD CHUCHOH PUTRI,"CHUCHOH PUTRI, MANIK URAI",,18000,,,,,5.40047,102.31754
2778,21-03050131,BUKA,AWAM,KKM,,KELANTAN,KUALA KRAI,KLINIK,KLINIK DESA,KD JELAWANG,"KAMPUNG JELAWANG, JALAN SUNGAI SAM-DABONG-JELI",,18000,,,,,5.3414368,101.9665558
2779,21-03050137,BUKA,AWAM,KKM,,KELANTAN,KUALA KRAI,KLINIK,KLINIK KESIHATAN,KK BAHAGIA,"JALAN KUALA KRAI, 18000 KUALA KRAI",,18000,,09-9341101,,,5.5431148,102.2021672
2780,21-03050149,BUKA,AWAM,KKM,,KELANTAN,KUALA KRAI,KLINIK,KLINIK DESA,KD KAMPUNG CHENULANG,"KAMPUNG CHENULANG, WAKIL POS RPT CHENULANG",,18000,,,,,5.61194,102.278
2781,21-03050155,BUKA,AWAM,KKM,,KELANTAN,KUALA KRAI,KLINIK,KLINIK KESIHATAN,KK KARANGAN,"KLINIK KESIHATAN KARANGAN, JALAN KUALA KRAI, 18000 KUALA KRAI, KELANTAN",,18000,,011-10170751,,,5.3135138,102.259557
2782,21-03050160,BUKA,AWAM,KKM,,KELANTAN,KUALA KRAI,KLINIK,KLINIK DESA,KD KUALA NAL,"KAMPUNG KUALA NAL, JALAN KUALA KRAI BATU 39",,18000,,,,,5.6002045,102.1548361
2783,21-03050172,BUKA,AWAM,KKM,,KELANTAN,KUALA KRAI,KLINIK,KLINIK KESIHATAN,KK PERIA,"KLINIK KESIHATAN PERIA, KAMPUNG PERIA, JALAN KUALA KRAI, 18000 KUALA KRAI KELANTAN",,18000,,014-8845932,,,5.419986,102.250683
2784,21-03050179,BUKA,AWAM,KKM,,KELANTAN,KUALA KRAI,KLINIK,KLINIK DESA,KD SRI MAHLIGAI,"KAMPUNG, DUSUN DURIAN, SERI MAHLIGAI DABONG",,18000,,,,,5.2498027,102.0257022
2785,21-03050181,BUKA,AWAM,KKM,,KELANTAN,KUALA KRAI,KLINIK,KLINIK DESA,KD SUNGAI SOK,KAMPUNG SUNGAI SOK,,18000,,,,,5.3804847,102.2416378
2786,21-03050183,BUKA,AWAM,KKM,,KELANTAN,KUALA KRAI,KLINIK,KLINIK DESA,KD TELEKONG,"KAMPUNG TELEKONG, JALAN KUALA KRAI",,18000,,,,,5.6591188,102.2116425
2787,21-03050190,BUKA,AWAM,KKM,,KELANTAN,KUALA KRAI,KLINIK,KLINIK DESA,KD KEMUBU,KAMPUNG KEMUBU,,18000,,,,,5.3000928,102.0200709
2788,21-03050199,BUKA,AWAM,KKM,,KELANTAN,KUALA KRAI,KLINIK,KLINIK DESA,KD KUALA GRIS,KAMPUNG KUALA GRIS,,18000,,,,,5.5414568,102.2039737
2789,21-03050237,BUKA,AWAM,KKM,,KELANTAN,KUALA KRAI,KLINIK,KLINIK DESA,KD PASIR KELANG,JALAN KUALA KRAI,,18000,,,,,5.540813,102.199631
2790,21-03050259,BUKA,AWAM,KKM,,KELANTAN,KUALA KRAI,KLINIK,KLINIK DESA,KD SUNGAI MENGKUANG,KAMPUNG SUNGAI MENGKUANG,,18000,,,,,5.3107533,102.223531
2791,21-03050260,BUKA,AWAM,KKM,,KELANTAN,KUALA KRAI,KLINIK,KLINIK DESA,"KD SUNGAI PAS 
(SRI KENANGAN)",SUNGAI PAS,,18000,,,,,5.4856567,102.3007972
2792,21-03060143,BUKA,AWAM,KKM,,KELANTAN,MACHANG,KLINIK,KLINIK DESA,KD KAMPUNG BINJAI (LABOK),"PULAU CHONDONG, MACHANG",,18500,,,,,5.818194,102.2448376
2793,21-03060152,BUKA,AWAM,KKM,,KELANTAN,MACHANG,KLINIK,KLINIK DESA,KD KAMPUNG JAKAR,JALAN PALOH RAWA KG PEK,,18500,,,,,5.717262,102.1903552
2794,21-03060157,BUKA,AWAM,KKM,,KELANTAN,MACHANG,KLINIK,KLINIK KESIHATAN,KK KERILLA,"KLINIK KESIHATAN KERILLA, JALAN TEMANGAN KERILLA, 18400 TEMANGAN",,18400,,"014-8128270
09-9750400",,,5.6784642,102.1104969
2795,21-03060169,BUKA,AWAM,KKM,,KELANTAN,MACHANG,KLINIK,KLINIK DESA,KD PALOH RAWA,"JALAN LIMAU HANTU, 18400 TEMANGAN",,18400,,,,,5.7632572,102.1533194
2796,21-03060177,BUKA,AWAM,KKM,,KELANTAN,MACHANG,KLINIK,KLINIK DESA,KD KAMPUNG SIMPUL BELUBANG,JALAN JOH,,18500,,,,,5.8263436,102.224297
2797,21-03060182,BUKA,AWAM,KKM,,KELANTAN,MACHANG,KLINIK,KLINIK DESA,KD KAMPUNG TAKIL,JALAN DEWAN,,18500,,,,,5.8028551,102.2451984
2798,21-03060218,BUKA,AWAM,KKM,,KELANTAN,MACHANG,KLINIK,KLINIK KESIHATAN,KK MATA AYER,"KLINIK KESIHATAN MATA AYER, KAMPUNG MATA AYER, PULAI CHONDONG, 16600, MACHANG KELANTAN",,16600,,"013-4564778
09-9750400",,,5.7673072,102.2152167
2799,21-03060274,BUKA,AWAM,KKM,,KELANTAN,MACHANG,KLINIK,KLINIK DESA,KD WAKAF BATA,"JALAN TANAH MERAH, MACHANG",,18500,,,,,5.7666684,102.1786754
2800,21-03070083,BUKA,AWAM,KKM,,KELANTAN,PASIR MAS,KLINIK,KLINIK DESA,KD BANGGOL CHICHA,BANGGOL CHICHA,,17000,,,,,6.054374,102.1175899
2801,21-03070085,BUKA,AWAM,KKM,,KELANTAN,PASIR MAS,KLINIK,KLINIK KESIHATAN,KK BAROH PIAL,BAROH PIAL,,17020,,,,,5.920011,102.0332479
2802,21-03070092,BUKA,AWAM,KKM,,KELANTAN,PASIR MAS,KLINIK,KLINIK DESA,KD BAYU LALANG,JALAN BAYU LALANG,,17000,,,,,6.0618254,102.1173962
2803,21-03070112,BUKA,AWAM,KKM,,KELANTAN,PASIR MAS,KLINIK,KLINIK DESA,KD BUKIT PERAH,"BUKIT PERAH, TO' UBAN",,17050,,,,,6.0055485,102.0963766
2804,21-03070114,BUKA,AWAM,KKM,,KELANTAN,PASIR MAS,KLINIK,KLINIK DESA,KD BUNUT SUSU,KAMPUNG BUNUT SUSU,,17020,,,,,6.096184,102.1762122
2805,21-03070117,BUKA,AWAM,KKM,,KELANTAN,PASIR MAS,KLINIK,KLINIK KESIHATAN,KK CHERANG HANGUS,CHERANG HANGUS,,17000,,09-7917969,,,5.9524635,102.0849222
2808,21-03070130,BUKA,AWAM,KKM,,KELANTAN,PASIR MAS,KLINIK,KLINIK DESA,KD JEJAWI,JALAN JEJAWI,,17000,,,,,6.0427467,102.1391067
2809,21-03070150,BUKA,AWAM,KKM,,KELANTAN,PASIR MAS,KLINIK,KLINIK DESA,KD GELAM MAS,GELAM MAS,,17010,,,,,6.1257805,102.1118253
2811,21-03070209,BUKA,AWAM,KKM,,KELANTAN,PASIR MAS,KLINIK,KLINIK DESA,KD LATI,JALAN KOTA BHARU-PENGKALAN KUBOR,,17000,,,,,6.1547932,102.1549721
2812,21-03070215,BUKA,AWAM,KKM,,KELANTAN,PASIR MAS,KLINIK,KLINIK DESA,KD LUBOK SETOL,JALAN LUBOK SETOL,,17200,,,,,6.0033645,101.9758224
2813,21-03070216,BUKA,AWAM,KKM,,KELANTAN,PASIR MAS,KLINIK,KLINIK DESA,KD LUBOK TAPAH,KAMPUNG LUBOK TAPAH,,17000,,,,,6.0174714,102.1436092
2815,21-03070252,BUKA,AWAM,KKM,,KELANTAN,PASIR MAS,KLINIK,KLINIK DESA,KD POHON TANJUNG,JALAN HOSPITAL,,17010,,,,,6.0488804,102.1384803
2816,21-03070255,BUKA,AWAM,KKM,,KELANTAN,PASIR MAS,KLINIK,KLINIK DESA,KD REPEK,KAMPUNG REPEK,,17000,,,,,6.0302727,102.0943845
2817,21-03070230,BUKA,AWAM,KKM,,KELANTAN,PASIR MAS,KLINIK,KLINIK KESIHATAN,KK PANGKAL KALA,KAMPUNG PANGKAL KALA,,17030,,09-7976925,,,6.106189,102.1366069
2819,21-03080105,BUKA,AWAM,KKM,,KELANTAN,PASIR PUTEH,KLINIK,KLINIK DESA,KD BUKIT AWANG,"KAMPUNG BUKIT AWANG, GAAL, PASIR PUTEH",,16800,,,,,5.8049382,102.4419367
2820,21-03080110,BUKA,AWAM,KKM,,KELANTAN,PASIR PUTEH,KLINIK,KLINIK DESA,KD BUKIT MERBAU,"KAMPUNG BUKIT MERBAU, PASIR PUTEH",,16800,,,,,5.768994,102.361509
2821,21-03080124,BUKA,AWAM,KKM,,KELANTAN,PASIR PUTEH,KLINIK,KLINIK DESA,KD DALAM RHU,SEMARAK-KUALA BESUT,,16700,,,,,5.8287063,102.55423
2823,21-03080133,BUKA,AWAM,KKM,,KELANTAN,PASIR PUTEH,KLINIK,KLINIK DESA,KD JELOR,"KAMPUNG JELOR, PASIR PUTEH",,16800,,,,,5.8931052,102.3869555
2825,21-03080165,BUKA,AWAM,KKM,,KELANTAN,PASIR PUTEH,KLINIK,KLINIK DESA,KD KAMPUNG LEMBAH,"KAMPUNG LEMBAH, 16700 PASIR PUTEH",,16700,,,,,5.784176,102.373479
2827,21-03080265,BUKA,AWAM,KKM,,KELANTAN,PASIR PUTEH,KLINIK,KLINIK DESA,KD TASEK PAUH,"KAMPUNG TASEK PAUH, PASIR PUTEH",,16810,,,,,5.8998069,102.3599466
2828,21-03080270,BUKA,AWAM,KKM,,KELANTAN,PASIR PUTEH,KLINIK,KLINIK DESA,KD TELOSAN,"KAMPUNG TELOSAN, PASIR PUTEH",,16800,,,,,5.7715875,102.3395352
2829,21-03080271,BUKA,AWAM,KKM,,KELANTAN,PASIR PUTEH,KLINIK,KLINIK DESA,KD TOK BALI,"KG. TOK BALI, PASIR PUTEH",,16700,,,,,5.8455845,102.4209179
2830,21-03080275,BUKA,AWAM,KKM,,KELANTAN,PASIR PUTEH,KLINIK,KLINIK DESA,KD WAKAF BUNUT,"KAMPUNG WAKAF BUNUT, PASIR PUTEH",,16810,,,,,5.919501,102.340578
2831,21-03080277,BUKA,AWAM,KKM,,KELANTAN,PASIR PUTEH,KLINIK,KLINIK DESA,KD WAKAF RAJA,"JALAN PASIR PUTIH-JERTEH, KAMPUNG WAKAF RAJA",,16800,,,,,5.7703445,102.4321914
2832,21-03090081,BUKA,AWAM,KKM,,KELANTAN,TANAH MERAH,KLINIK,KLINIK DESA,KD ALOR PASIR,KG. ALOR PASIR TANAH MERAH,,17500,,,,,5.89421,102.10274
2833,21-03090093,BUKA,AWAM,KKM,,KELANTAN,TANAH MERAH,KLINIK,KLINIK DESA,KD BECHAH LAUT,KG. BECHAH LAUT TANAH MERAH,,17500,,,,,5.7773135,102.0842702
2834,21-03090099,BUKA,AWAM,KKM,,KELANTAN,TANAH MERAH,KLINIK,KLINIK DESA,KD BENDANG NYIOR,KG. BENDANG NYIOR TANAH MERAH,,17500,,,,,5.8337241,102.0578067
2835,21-03090108,BUKA,AWAM,KKM,,KELANTAN,TANAH MERAH,KLINIK,KLINIK DESA,KD BUKIT DURIAN,"KG BUKIT DURIAN GUAL IPOH, TANAH MERAH",,16800,,,,,5.808887,102.1470772
2837,21-03090111,BUKA,AWAM,KKM,,KELANTAN,TANAH MERAH,KLINIK,KLINIK DESA,KD BUKIT PANAU,"KG BUKIT PANAU, TANAH MERAH",,17500,,,,,5.893261,102.1754241
2838,21-03090125,BUKA,AWAM,KKM,,KELANTAN,TANAH MERAH,KLINIK,KLINIK DESA,KD GOBEK,"KG. GOBEK GUAL IPOH, TANAH MERAH",,17500,,,,,5.7314871,102.0177763
2839,21-03090156,BUKA,AWAM,KKM,,KELANTAN,TANAH MERAH,KLINIK,KLINIK DESA,KD KEMAHANG 3,"FELDA KEMAHANG, TANAH MERAH",,17500,,,,,5.808245,102.006561
2840,21-03090161,BUKA,AWAM,KKM,,KELANTAN,TANAH MERAH,KLINIK,KLINIK DESA,KD KUALA TIGA,GUAL IPOH TANAH MERAH,,17500,,,,,5.7314871,102.0177763
2841,21-03090178,BUKA,AWAM,KKM,,KELANTAN,TANAH MERAH,KLINIK,KLINIK KESIHATAN,KK SOKOR,"KLINIK KESIHATAN SOKOR, KG SOKOR, GUAL IPOH, 17500 TANAH MERAH KELANTAN",,17500,,,,,5.7779911,102.0421369
2842,21-03090185,BUKA,AWAM,KKM,,KELANTAN,TANAH MERAH,KLINIK,KLINIK DESA,KD ULU KUSIAL,ULU KUSIAL,,17500,,,,,5.7893368,102.0946818
2843,21-03090205,BUKA,AWAM,KKM,,KELANTAN,TANAH MERAH,KLINIK,KLINIK DESA,KD KULIM,"KAMPUNG KULIM, GUAL IPOH TANAH MERAH",,16800,,,,,5.760115,102.099569
2844,21-03090206,BUKA,AWAM,KKM,,KELANTAN,TANAH MERAH,KLINIK,KLINIK DESA,KD KUSIAL BARU,KG KUSIAL BHARU TANAH MERAH,,17500,,,,,5.7561914,102.1352959
2845,21-03090208,BUKA,AWAM,KKM,,KELANTAN,TANAH MERAH,KLINIK,KLINIK DESA,KD LALANG PEPUYU,"KG LALANG PEPUYU JLN PANGLIMA BAYU, RANTAU PANJANG, TANAH MERAH",,17500,,,,,5.8740231,101.9485317
2846,21-03090210,BUKA,AWAM,KKM,,KELANTAN,TANAH MERAH,KLINIK,KLINIK DESA,KD LAWANG,KG. LAWANG BATU GAJAH TANAH MERAH,,17500,,,,,5.7889401,101.9761347
2847,21-03090221,BUKA,AWAM,KKM,,KELANTAN,TANAH MERAH,KLINIK,KLINIK DESA,KD NIBONG,KG. NIBONG JALAN TANAH MERAH- JELI TANAH MERAH,,17500,,,,,5.7592958,102.1974211
2848,21-03090232,BUKA,AWAM,KKM,,KELANTAN,TANAH MERAH,KLINIK,KLINIK DESA,KD PANGLIMA BAYU,"KG. PANGLIMA BAYU, BT. 14 JALAN TANAH MERAH-JELI, BATU GAJAH TANAH MERAH",,17500,,,,,5.786955,101.9704721
2849,21-03090246,BUKA,AWAM,KKM,,KELANTAN,TANAH MERAH,KLINIK,KLINIK DESA,KD PERALLA,KG. PERALLA GUAL IPOH TANAH MERAH,,17500,,,,,5.7314871,102.0177763
2850,21-03100079,BUKA,AWAM,KKM,,KELANTAN,TUMPAT,KLINIK,KLINIK DESA,KD AIR DINGIN,AIR DINGIN,,16200,,,,,6.1750822,102.1823406
2851,21-03100100,BUKA,AWAM,KKM,,KELANTAN,TUMPAT,KLINIK,KLINIK DESA,KD BENDANG PAK YONG,BENDANG PAK YONG,,16200,,,,,6.1686787,102.1057265
2852,21-03100113,BUKA,AWAM,KKM,,KELANTAN,TUMPAT,KLINIK,KLINIK DESA,KD BUNUT SARANG BURUNG,BUNUT SARANG BURUNG,,16200,,,,,6.150215,102.1880373
2853,21-03100115,BUKA,AWAM,KKM,,KELANTAN,TUMPAT,KLINIK,KLINIK DESA,KD CABANG EMPAT,CABANG EMPAT,,16200,,,,,6.1546164,102.1561035
2855,21-03100164,BUKA,AWAM,KKM,,KELANTAN,TUMPAT,KLINIK,KLINIK DESA,KD KAMPUNG LAUT,"KAMPUNG LAUT, 16040 TUMPAT",,16040,,,,,6.1630838,102.2264097
2856,21-03100194,BUKA,AWAM,KKM,,KELANTAN,TUMPAT,KLINIK,KLINIK DESA,KD KOK KELI,KOK KELI,,16040,,,,,6.1746222,102.2101145
2857,21-03100196,BUKA,AWAM,KKM,,KELANTAN,TUMPAT,KLINIK,KLINIK DESA,KD KOK PASIR,KOK PASIR,,16200,,,,,6.1648941,102.2079733
2858,21-03100207,BUKA,AWAM,KKM,,KELANTAN,TUMPAT,KLINIK,KLINIK DESA,KD KUTAN,KUTAN,,16250,,,,,6.0985661,102.2072898
2859,21-03100220,BUKA,AWAM,KKM,,KELANTAN,TUMPAT,KLINIK,KLINIK DESA,KD MORAK,MORAK,,16250,,,,,6.1427815,102.1945232
2860,21-03100222,BUKA,AWAM,KKM,,KELANTAN,TUMPAT,KLINIK,KLINIK DESA,KD PADANG MANDOL,PADANG MANDOL,,16200,,,,,6.130705,102.1450276
2861,21-03100224,BUKA,AWAM,KKM,,KELANTAN,TUMPAT,KLINIK,KLINIK DESA,KD PADANG ROKMA,PADANG ROKMA,,16250,,,,,6.1257491,102.1971014
2862,21-03100226,BUKA,AWAM,KKM,,KELANTAN,TUMPAT,KLINIK,KLINIK DESA,KD PALEKBANG,PALEKBANG,,16040,,,,,6.1435699,102.2266193
2864,21-03100253,BUKA,AWAM,KKM,,KELANTAN,TUMPAT,KLINIK,KLINIK DESA,KD PULAU TONGKANG,PULAU TONGKANG,,16200,,,,,6.1919206,102.1747077
2865,21-03100257,BUKA,AWAM,KKM,,KELANTAN,TUMPAT,KLINIK,KLINIK DESA,KD SIMPANGAN,SIMPANGAN,,16200,,,,,6.195073,102.165736
2866,21-03100272,BUKA,AWAM,KKM,,KELANTAN,TUMPAT,KLINIK,KLINIK DESA,KD TUJOH,TUJOH,,16200,,,,,6.2118271,102.1286196
2867,21-12010082,BUKA,AWAM,KKM,,SABAH,BEAUFORT,KLINIK,KLINIK KESIHATAN,KK MEMBAKUT,"PEKAN MEMBAKUT, BEAUFORT, PETI SURAT 173, MEMBAKUT, 89728",,89728,,,,,5.5264766,115.6966003
2868,21-12010090,BUKA,AWAM,KKM,,SABAH,BEAUFORT,KLINIK,KLINIK KESIHATAN,KK PADAS DAMIT,"KAMPUNG PADAS DAMIT, BEAUFORT",,89807,,,,,5.3383925,115.5430932
2869,21-12010130,BUKA,AWAM,KKM,,SABAH,BEAUFORT,KLINIK,KLINIK KESIHATAN,KK WESTON,PEKAN WESTON,,89807,,,,,5.2159432,115.6007142
2870,21-12010068,BUKA,AWAM,KKM,,SABAH,BEAUFORT,KLINIK,KLINIK KESIHATAN,KK KOTA KLIAS,"KAMPUNG KILAS, BEAUFORT",,89807,,,,,5.448441,115.626254
2871,21-12020306,BUKA,AWAM,KKM,,SABAH,BELURAN,KLINIK,KLINIK KESIHATAN,KK TAGAS-TAGAS,"KAMPUNG TAGAS-TAGAS,
TAGAS-TAGAS, BELURAN",,90108,,,,,5.99177,117.395599
2872,21-12020070,BUKA,AWAM,KKM,,SABAH,BELURAN,KLINIK,KLINIK KESIHATAN,KK KUALA SAPI,"KAMPUNG KUALA SAPI, SAPI, BELURAN",,90107,,,,,5.8244342,117.4394251
2873,21-12020089,BUKA,AWAM,KKM,,SABAH,BELURAN,KLINIK,KLINIK KESIHATAN,KK NANGOH RUMEDI,"KAMPUNG NANGOH RUMEDI, NANGOH, BELURAN",,90108,,,,,5.9539454,117.3167518
2874,21-12020093,BUKA,AWAM,KKM,,SABAH,BELURAN,KLINIK,KLINIK KESIHATAN,KK PAITAN,"PEKAN PAITAN, PAITAN, BELURAN",,90108,,,,,6.405984,117.399091
2875,21-12020111,BUKA,AWAM,KKM,,SABAH,BELURAN,KLINIK,KLINIK KESIHATAN,KK SUNGAI-SUNGAI,"KAMPUNG SUNGAI-SUNGAI, SUNGAI SUNGAI, BELURAN",,90107,,,,,6.2503099,117.3694305
2876,21-12020117,BUKA,AWAM,KKM,,SABAH,BELURAN,KLINIK,KLINIK KESIHATAN,KK TANGKARASON,"KAMPUNG TANGKARASON, TANGKARASON, BELURAN",,90108,,,,,6.503246,117.3685139
2877,21-12020228,BUKA,AWAM,KKM,,SABAH,BELURAN,KLINIK,KLINIK KESIHATAN,KK LINGKABAU,"KAMPUNG LINGKABAU, LINGKABAU, BELURAN",,90108,,,,,6.221156,117.254898
2878,21-12020188,BUKA,AWAM,KKM,,SABAH,BELURAN,KLINIK,KLINIK KESIHATAN,KK JAMBONGAN,"PULAU JAMBONGAN, JAMBONGAN, BELURAN",,90108,,,,,6.6557584,117.4983557
2879,21-12020327,BUKA,AWAM,KKM,,SABAH,BELURAN,KLINIK,KLINIK KESIHATAN,KK TERUSAN SUGUT,"KAMPUNG TERUSAN SUGUT, BELURAN",,90108,,,,,6.4196552,117.6963582
2880,21-12020367,BUKA,AWAM,KKM,,SABAH,BELURAN,KLINIK,KLINIK KESIHATAN,KK ABUAN,"KAMPUNG ABUAN, BELURAN",,90108,,,,,5.8961356,117.5571852
2881,21-12030051,BUKA,AWAM,KKM,,SABAH,KENINGAU,KLINIK,KLINIK KESIHATAN,KK APIN-APIN,"JALAN APIN-APIN-KOTA KINABALU, KG KIKIRAN, APIN-APIN, KENINGAU",,89007,,,,,5.5304135,116.2409499
2882,21-12030052,BUKA,AWAM,KKM,,SABAH,KENINGAU,KLINIK,KLINIK KESIHATAN,KK BINGKOR,"JALAN BUNSIT, PEKAN BINGKOR, KENINGAU",,89007,,,,,5.398628,116.2032671
2883,21-12030078,BUKA,AWAM,KKM,,SABAH,KENINGAU,KLINIK,KLINIK KESIHATAN,KK MANSIAT,"KG MANSIAT, SOOK, KENINGAU",,89007,,,,,5.450333,116.5595142
2884,21-12030107,BUKA,AWAM,KKM,,SABAH,KENINGAU,KLINIK,KLINIK KESIHATAN,KK SOOK,"JALAN TULID-MANSIAT, SOOK KENINGAU",,89007,,,,,5.1937981,116.3379173
2885,21-12030126,BUKA,AWAM,KKM,,SABAH,KENINGAU,KLINIK,KLINIK KESIHATAN,KK TULID,"JALAN TULID, KG. TULID, SOOK, KENINGAU",,89007,,,,,5.3226488,116.4205802
2886,21-12030400,BUKA,AWAM,KKM,,SABAH,KENINGAU,KLINIK,KLINIK KESIHATAN,KK UTC KENINGAU,"LOT 1, BANGUNAN UTC, JALAN MARKET, KENINGAU",,89008,,,,,5.3374039,116.1566801
2887,21-12050060,BUKA,AWAM,KKM,,SABAH,KOTA BELUD,KLINIK,KLINIK KESIHATAN,KK JAWI-JAWI,"KG JAWI-JAWI, JALAN BYPASS KUDAT, 89150 KOTA BELUD",,89158,,,,,6.8830571,116.8466165
2888,21-12050113,BUKA,AWAM,KKM,,SABAH,KOTA BELUD,KLINIK,KLINIK KESIHATAN,KK TAGINAMBUR,"BATU 10, JALAN RANAU BYPASS, 89158 KOTA BELUD",,89158,,,,,6.2274959,116.4501445
2889,21-12050285,BUKA,AWAM,KKM,,SABAH,KOTA BELUD,KLINIK,KLINIK KESIHATAN,KK ROSOK,"KG.ROSOK, JALAN KOMPLEKS SUKAN, 89150 KOTA BELUD",,89158,,,,,6.3544511,116.4310448
2890,21-12060226,BUKA,AWAM,KKM,,SABAH,KOTA KINABALU,KLINIK,KLINIK KESIHATAN,KK LIKAS,"JALAN HAIWAN, KAMPUNG LIKAS, KOTA KINABALU",,88300,,,,,5.9973535,116.1125778
2891,21-12060059,BUKA,AWAM,KKM,,SABAH,KOTA KINABALU,KLINIK,KLINIK KESIHATAN,KK INANAM,"JALAN KIONSOM, PEKAN INANAM, INANAM, KOTA KINABALU",,88300,,,,,5.9914242,116.1349984
2892,21-12060077,BUKA,AWAM,KKM,,SABAH,KOTA KINABALU,KLINIK,KLINIK KESIHATAN,KK LUYANG,"JALAN LINTAS, LUYANG, KOTA KINABALU",,88300,,,,,5.9463533,116.0911218
2893,21-12060084,BUKA,AWAM,KKM,,SABAH,KOTA KINABALU,KLINIK,KLINIK KESIHATAN,KK MENGGATAL,"JALAN TUARAN LAMA, PEKAN MENGGATAL, KOTA KINABALU",,88300,,,,,6.0296205,116.158385
2894,21-12060119,BUKA,AWAM,KKM,,SABAH,KOTA KINABALU,KLINIK,KLINIK KESIHATAN,KK TELIPOK,"JALAN TUARAN, PEKAN TELIPOK, TELIPOK, KOTA KINABALU",,88300,,,,,6.0888382,116.1945541
2895,21-12060333,BUKA,AWAM,KKM,,SABAH,KOTA KINABALU,KLINIK,KLINIK KESIHATAN,KK JALAN KEBAJIKAN,"JALAN KEBAJIKAN, JALAN KEBAJIKAN, KUARTERS HOSPITAL QUEEN ELIZABETH, KOTA KINABALU, 88300 SABAH",,88300,,,,,5.9568339,116.0726099
2896,21-12060431,BUKA,AWAM,KKM,,SABAH,KOTA KINABALU,KLINIK,KLINIK KESIHATAN,KK UTC KOTA KINABALU,"TINGKAT BAWAH, WISMA UTC SABAH, OFF JALAN TUNKU ABDUL RAHMAN, 88100 
KOTA KINABALU",,88100,,,,,5.9627555,116.0696179
2897,21-12040055,BUKA,AWAM,KKM,,SABAH,KINABATANGAN,KLINIK,KLINIK KESIHATAN,KK BUKIT GARAM,"BUKIT GARAM, KINABATANGAN",,90200,,,,,5.4915305,117.8400847
2898,21-12040109,BUKA,AWAM,KKM,,SABAH,KINABATANGAN,KLINIK,KLINIK KESIHATAN,KK SUKAU,"PEKAN SUKAU, SUKAU, KINABATANGAN",,90200,,,,,5.5116463,118.2767939
2899,21-12040154,BUKA,AWAM,KKM,,SABAH,KINABATANGAN,KLINIK,KLINIK KESIHATAN,KK BATU PUTIH,"KAMPUNG BATU PUTIH, JALAN KINABATANGAN LAHAD DATU, BATU PUTIH, KINABATANGAN",,90200,,,,,5.024206,118.3307461
2900,21-12040072,BUKA,AWAM,KKM,,SABAH,KINABATANGAN,KLINIK,KLINIK KESIHATAN,KK KUAMUT,"PEKAN KUAMUT, KUAMUT, KINABATANGAN",,90200,,,,,5.5409562,118.2860375
2901,21-12070076,BUKA,AWAM,KKM,,SABAH,KOTA MARUDU,KLINIK,KLINIK KESIHATAN,KK LANGKON,"KAMPUNG LANGKON, KUDAT",,89059,,,,,6.538835,116.7031508
2902,21-12070116,BUKA,AWAM,KKM,,SABAH,KOTA MARUDU,KLINIK,KLINIK KESIHATAN,KK TANDEK,"PEKAN TANDEK, TANDEK, KOTA MURUDU",,89059,,,,,6.5339353,116.851522
2903,21-12080085,BUKA,AWAM,KKM,,SABAH,KUALA PENYU,KLINIK,KLINIK KESIHATAN,KK MENUMBOK,"PEKAN MENUMBOK, MENUMBOK, KUALA PENYU",,89807,,,,,5.3165794,115.3696844
2904,21-12080209,BUKA,AWAM,KKM,,SABAH,KUALA PENYU,KLINIK,KLINIK KESIHATAN,KK KERUKAN,"KAMPUNG KERUKAN, KUALA PENYU",,89807,,,,,5.481399,115.5228869
2905,21-12090063,BUKA,AWAM,KKM,,SABAH,KUDAT,KLINIK,KLINIK KESIHATAN,KK KARAKIT,"KAMPUNG KARAKIT, PULAU BANGGI, BANGGI, KUDAT",,89059,,,,,7.1100393,117.0830962
2906,21-12090079,BUKA,AWAM,KKM,,SABAH,KUDAT,KLINIK,KLINIK KESIHATAN,KK MATUNGGONG,"KG. MATUNGGONG, MATUNGGONG, KUDAT",,89059,,,,,6.706133,116.7269828
2907,21-12090088,BUKA,AWAM,KKM,,SABAH,KUDAT,KLINIK,KLINIK KESIHATAN,KK NANGKA LOTONG,"KG LOTONG, LOTONG, KUDAT",,89059,,,,,6.7418717,116.8095585
2908,21-12090103,BUKA,AWAM,KKM,,SABAH,KUDAT,KLINIK,KLINIK KESIHATAN,KK SIKUATI,"PEKAN SIKUATI, SIKUATI, KUDAT",,89059,,,,,6.8830571,116.8466165
2909,21-12090123,BUKA,AWAM,KKM,,SABAH,KUDAT,KLINIK,KLINIK KESIHATAN,KK TINANGOL,"KAMPUNG TINANGOL, TINANGOL, KUDAT",,89059,,,,,6.7724458,116.7036589
2910,21-12090257,BUKA,AWAM,KKM,,SABAH,KUDAT,KLINIK,KLINIK KESIHATAN,KK NARANDANG,"KAMPUNG GARAU, NARANDANG, KUDAT",,89059,,,,,6.7806882,116.7505206
2911,21-12090187,BUKA,AWAM,KKM,,SABAH,KUDAT,KLINIK,KLINIK KESIHATAN,KK INDARASON,KG INDARASON,,89059,,,,,6.8830571,116.8466165
2912,21-12090299,BUKA,AWAM,KKM,,SABAH,KUDAT,KLINIK,KLINIK KESIHATAN,KK SUANGPAI,KG SUANGPAI,,89059,,,,,7.0042083,116.7731412
2913,21-12100699,BUKA,AWAM,KKM,,SABAH,KUNAK,KLINIK,KLINIK KESIHATAN,KK MESEJ PANGI,"PEJABAT KESIHATAN DAERAH KUNAK, PETI SURAT 06",,91207,,,,,4.6871976,118.250595
2914,21-12110075,BUKA,AWAM,KKM,,SABAH,LAHAD DATU,KLINIK,KLINIK KESIHATAN,KK LAHAD DATU,"JALAM SILAM, BANDAR LAHAD DATU, LAHAD DATU",,91120,,,,,5.0254149,118.3301226
2915,21-12110166,BUKA,AWAM,KKM,,SABAH,LAHAD DATU,KLINIK,KLINIK KESIHATAN,KK BUKIT BELACON,"BUKIT BELACON, SEGAMA, LAHAD DATU",,91120,,,,,5.102023,118.2276642
2916,21-12110058,BUKA,AWAM,KKM,,SABAH,LAHAD DATU,KLINIK,KLINIK KESIHATAN,KK FELDA SAHABAT,"DESA KENCANA,FELDA SAHABAT 16, LAHAT DATU",,91120,,,,,5.107397,119.0570942
2917,21-12110100,BUKA,AWAM,KKM,,SABAH,LAHAD DATU,KLINIK,KLINIK KESIHATAN,KK PULAU TAMBISAN,"PEKAN TAMBISAN, TAMBISAN, LAHAT DATU",,91120,,,,,5.024206,118.3307461
2918,21-12110104,BUKA,AWAM,KKM,,SABAH,LAHAD DATU,KLINIK,KLINIK KESIHATAN,KK SILABUKAN,"BATU 10, JALAN TUNGKU, LAHAD DATU",,91120,,,,,5.0106454,118.4667373
2919,21-12110127,BUKA,AWAM,KKM,,SABAH,LAHAD DATU,KLINIK,KLINIK KESIHATAN,KK TUNGKU,"PEKAN TUNGKU, TUNGKU, LAHAT DATU",,91120,,,,,5.0239867,118.8885192
2920,21-12120087,BUKA,AWAM,KKM,,SABAH,NABAWAN,KLINIK,KLINIK KESIHATAN,KK NABAWAN,"PEKAN NABAWAN, PESIANGAN",,89957,,,,,5.0397906,116.4261945
2921,21-12120091,BUKA,AWAM,KKM,,SABAH,NABAWAN,KLINIK,KLINIK KESIHATAN,KK PAGALUNGAN,"SIMPANG TIGA SUNGAI PENSIANGAN LOLONGAN, KAMPUNG PAGALUNGAN, PENSIANGAN",,89957,,,,,4.544705,116.311798
2922,21-12120097,BUKA,AWAM,KKM,,SABAH,NABAWAN,KLINIK,KLINIK KESIHATAN,KK PENSIANGAN,"PEKAN PENSIANGAN, PENSIANGAN",,89957,,,,,4.544705,116.311798
2923,21-12120102,BUKA,AWAM,KKM,,SABAH,NABAWAN,KLINIK,KLINIK KESIHATAN,KK SEPULOT,"PEKAN SEPULOT, SEPULOT, PENSIANGAN",,89957,,,,,4.544705,116.311798
2924,21-12130220,BUKA,AWAM,KKM,,SABAH,PAPAR,KLINIK,KLINIK KESIHATAN,KK KUALA PAPAR,"KAMPUNG KUALA PAPAR, PAPAR",,89600,,,,,5.7467526,115.9089641
2925,21-12130066,BUKA,AWAM,KKM,,SABAH,PAPAR,KLINIK,KLINIK KESIHATAN,KK KINARUT,"JALAN SPUR, PEKAN KINARUT, KINARUT, KINARUT, PAPAR",,89600,,,,,5.822112,116.041905
2926,21-12130329,BUKA,AWAM,KKM,,SABAH,PAPAR,KLINIK,KLINIK KESIHATAN,KK ULU KIMANIS,"KAMPUNG ULU KIMANIS, KIMANIS, 89700 PAPAR",,89600,,,,,5.616553,115.889297
2927,21-12130053,BUKA,AWAM,KKM,,SABAH,PAPAR,KLINIK,KLINIK KESIHATAN,KK BONGAWAN,"JLN. BESAR PEKAN BONGAWAN, 89700 BONGAWAN, PAPAR",,89600,,,,,5.5263726,115.8580914
2928,21-12140095,BUKA,AWAM,KKM,,SABAH,PENAMPANG,KLINIK,KLINIK KESIHATAN,KK PENAMPANG,"KM 12, JALAN TAMBUNAN, WDT 29, PENAMPANG, SABAH",,89500,,,,,5.8541528,116.2923841
2929,21-12140683,BUKA,AWAM,KKM,,SABAH,PENAMPANG,KLINIK,KLINIK KESIHATAN,KK TERIAN,"KAMPONG TERIAN, PETI SURAT 434",,89500,,,,,5.8104002,116.1808
2930,21-12250101,BUKA,AWAM,KKM,,SABAH,PUTATAN,KLINIK,KLINIK KESIHATAN,KK PUTATAN,"KM 11 JALAN PUTATAN, PEKAN PUTATAN, KOTA KINABALU",,89500,,,,,5.8930306,116.0494091
2931,21-12150094,BUKA,AWAM,KKM,,SABAH,PITAS,KLINIK,KLINIK KESIHATAN,KK PANTAI,"KAMPUNG PANTAI, PANTAI",,89108,,,,,6.722237,117.055273
2932,21-12150118,BUKA,AWAM,KKM,,SABAH,PITAS,KLINIK,KLINIK KESIHATAN,KK TELAGA,"KAMPUNG TELAGA, TELAGA, PITAS, KUDAT",,89108,,,,,6.8382917,117.0738452
2933,21-12150054,BUKA,AWAM,KKM,,SABAH,PITAS,KLINIK,KLINIK KESIHATAN,KK BONGKOL,"KAMPUNG BONGKOL, BONGKOL",,89108,,,,,6.8292181,117.1616796
2934,21-12150057,BUKA,AWAM,KKM,,SABAH,PITAS,KLINIK,KLINIK KESIHATAN,KK DANDUN,"KAMPUNG DANDUN, DANDUN",,89108,,,,,6.722237,117.055273
2935,21-12160230,BUKA,AWAM,KKM,,SABAH,RANAU,KLINIK,KLINIK KESIHATAN,KK LOHAN,"JALAN AIR PANAS PORING, KG LOHAN, RANAU",,89308,,,,,6.0457242,116.7033598
2936,21-12160056,BUKA,AWAM,KKM,,SABAH,RANAU,KLINIK,KLINIK KESIHATAN,KK BUNDU TUHAN,"JALAN KERANAU, KG BUNDU TUHAN, 89308 RANAU",,89307,,,,,5.972087,116.5291564
2937,21-12160061,BUKA,AWAM,KKM,,SABAH,RANAU,KLINIK,KLINIK KESIHATAN,KK KAINGARAN,"KAMPUNG KAINGARAN, RANAU",,89308,,,,,5.9607658,116.6753992
2938,21-12160074,BUKA,AWAM,KKM,,SABAH,RANAU,KLINIK,KLINIK KESIHATAN,KK KUNDASANG,"JALAN KAMPUNG LEMBAH PERMAI, RANAU",,89308,,,,,5.9932364,116.5737797
2939,21-12160092,BUKA,AWAM,KKM,,SABAH,RANAU,KLINIK,KLINIK KESIHATAN,KK PAGINATAN,"KAMPUNG PAGINATAN, RANAU",,89308,,,,,5.769795,116.822038
2940,21-12160098,BUKA,AWAM,KKM,,SABAH,RANAU,KLINIK,KLINIK KESIHATAN,KK PERANCANGAN,"KG PERANCANGAN, RANAU",,89308,,,,,6.0685155,116.7926388
2941,21-12160122,BUKA,AWAM,KKM,,SABAH,RANAU,KLINIK,KLINIK KESIHATAN,KK TIMBUA,"KAMPUNG TIMBUA, RANAU",,89308,,,,,6.1125707,116.8603766
2942,21-12170152,BUKA,AWAM,KKM,,SABAH,SANDAKAN,KLINIK,KLINIK KESIHATAN,KK BATU 10,"BATU 10, SANDAKAN",,90500,,,,,5.8558862,118.0721949
2943,21-12170366,BUKA,AWAM,KKM,,SABAH,SANDAKAN,KLINIK,KLINIK KESIHATAN,KK SANDAKAN,"KILOMETER 3.2, JALAN UTARA, 90500 SANDAKAN",,90009,,,,,5.8558862,118.0721949
2944,21-12170278,BUKA,AWAM,KKM,,SABAH,SANDAKAN,KLINIK,KLINIK KESIHATAN,KK PULAU LIBARAN,"KG PULAU LIBARAN, SANDAKAN",,90009,,,,,6.1150284,118.0200726
2945,21-12170260,BUKA,AWAM,KKM,,SABAH,SANDAKAN,KLINIK,KLINIK KESIHATAN,KK PULAU NUNUYAN,"KG PULAU NUNUYUN, SANDAKAN",,90009,,,,,5.9209842,118.1079612
2946,21-12170108,BUKA,AWAM,KKM,,SABAH,SANDAKAN,KLINIK,KLINIK KESIHATAN,KK SUAN LAMBA,"KAMPUNG SUAN LAMBA, SUAN LAMBA, SANDAKAN",,90009,,,,,5.8558862,118.0721949
2947,21-12170110,BUKA,AWAM,KKM,,SABAH,SANDAKAN,KLINIK,KLINIK KESIHATAN,KK SUNGAI MANILA,"KAMPUNG SUNGAI MANILA, SUNGAI MANILA, SANDAKAN",,90009,,,,,5.9664046,117.9822159
2948,21-12170128,BUKA,AWAM,KKM,,SABAH,SANDAKAN,KLINIK,KLINIK KESIHATAN,KK ULU DUSUN,"KAMPUNG ULU DUSUN, ULU DUSUN, SANDAKAN",,90009,,,,,5.790221,117.7736969
2949,21-12180099,BUKA,AWAM,KKM,,SABAH,SEMPORNA,KLINIK,KLINIK KESIHATAN,KK PULAU BUM-BUM,"KG PULAU BUM-BUM, SEMPORNA",,91308,,,,,4.4506952,118.6848112
2950,21-12180347,BUKA,AWAM,KKM,,SABAH,SEMPORNA,KLINIK,KLINIK KESIHATAN,KK SEMPORNA,"KG SEMPORNA, SEMPORNA",,91308,,,,,4.479391,118.611545
2951,21-12190081,BUKA,AWAM,KKM,,SABAH,SIPITANG,KLINIK,KLINIK KESIHATAN,KK MELIGAN,"KAMPUNG MELIGAN, MELIGAN, SIPITANG",,89857,,,,,4.683333,115.7
2952,21-12190083,BUKA,AWAM,KKM,,SABAH,SIPITANG,KLINIK,KLINIK KESIHATAN,KK MENDOLONG,"KAMPUNG MENDULONG, MENDULONG, SIPITANG",,89857,,,,,4.916667,115.766667
2953,21-12190105,BUKA,AWAM,KKM,,SABAH,SIPITANG,KLINIK,KLINIK KESIHATAN,KK SINDUMIN,"PEKAN SINDUMIN, SINDUMIN, SIPITANG",,89857,,,,,4.9637247,115.506321
2954,21-12190231,BUKA,AWAM,KKM,,SABAH,SIPITANG,KLINIK,KLINIK KESIHATAN,KK LONG PASIA,"KAMPUNG LONG PASIA, LONG PASIA, SIPITANG",,89657,,,,,4.4059122,115.7280496
2955,21-12200112,BUKA,AWAM,KKM,,SABAH,TAMBUNAN,KLINIK,KLINIK KESIHATAN,KK SUNSURON,"JALAN TAMBUNAN-KOTA KINABALU, SIMPANG KANAN, SK SUNSURON, TAMBUNAN",,89650,,,,,5.7386601,116.3817798
2956,21-12200268,BUKA,AWAM,KKM,,SABAH,TAMBUNAN,KLINIK,KLINIK KESIHATAN,KK PATAU,"JALAN TAMBUNAN-RANAU, KM 12, TAMBUNAN",,89650,,,,,5.7551752,116.4372959
2957,21-12210050,BUKA,AWAM,KKM,,SABAH,TAWAU,KLINIK,KLINIK KESIHATAN,KK APAS BALUNG,"JALAN APAS BALUNG, TAWAU",,91008,,,,,4.35506,118.0996009
2958,21-12210086,BUKA,AWAM,KKM,,SABAH,TAWAU,KLINIK,KLINIK KESIHATAN,KK MEROTAI BESAR,"JALAN SMK MEROTAI, TAWAU",,91000,,,,,4.4204015,117.7760577
2959,21-12210129,BUKA,AWAM,KKM,,SABAH,TAWAU,KLINIK,KLINIK KESIHATAN,KK FELDA UMAS-UMAS,"FELDA UMAS-UMAS, TAWAU",,91000,,,,,4.4751039,117.6628125
2960,21-12210114,BUKA,AWAM,KKM,,SABAH,TAWAU,KLINIK,KLINIK KESIHATAN,KK SUNGAI TAMANG,"KAMPUNG SUNGAI TAMANG, TAWAU",,91000,,,,,4.1765939,117.8055723
2961,21-12210684,BUKA,AWAM,KKM,,SABAH,TAWAU,KLINIK,KLINIK KESIHATAN,KK TAWAU,"D/A PEJABAT KESIHATAN KAWASAN TAWAU, PETI SURAT 990, JLN. DATUK CHONG THIEN VUN, SIN ON, TAWAU",,91000,,,,,5.9843644,116.077344
2962,21-12210191,BUKA,AWAM,KKM,,SABAH,TAWAU,KLINIK,KLINIK KESIHATAN,KK KALABAKAN,"KAMPUNG KALABAKAN, JALAN KALABAKAN",,91000,,,,,4.4199435,117.7720235
2963,21-12210439,BUKA,AWAM,KKM,,SABAH,TAWAU,KLINIK,KLINIK KESIHATAN,KK UTC TAWAU,"TAMAN SEJATI, LOT 18, TB12857, TWO STOREY INTERMEDIATE COMMERCIAL BUILDING, BATU 5, JALAN KUHARA",,91000,,,,,4.2979879,117.8854666
2964,21-12210384,BUKA,AWAM,KKM,,SABAH,TAWAU,KLINIK,KLINIK KESIHATAN,KK KINABUTAN,"LOT 334, TINGKAT BAWAH, BANDAR SRI INDAH BATU 10, 
JALAN APAS, TAWAU",,91000,,,,,4.2618047,118.0132894
2965,21-12210407,BUKA,AWAM,KKM,,SABAH,TAWAU,KLINIK,KLINIK KESIHATAN,KK TAMAN SEJATI,"LOT 12857,TAMAN SEJATI OFF TAMAN SEMARAK, 
JALAN KUHARA",,91000,,,,,4.2979879,117.8854666
2966,21-12260120,BUKA,AWAM,KKM,,SABAH,TELUPID,KLINIK,KLINIK KESIHATAN,KK TELUPID,"KLINIK KESIHATAN TELUPID, PETI SURAT 11, 89300 TELUPID",,89300,,,,,5.6296267,117.1207733
2967,21-12220064,BUKA,AWAM,KKM,,SABAH,TENOM,KLINIK,KLINIK KESIHATAN,KK KEMABONG,"PEKAN KEMABONG, KEMABONG, TENOM",,89907,,,,,4.913501,115.8965604
2968,21-12220071,BUKA,AWAM,KKM,,SABAH,TENOM,KLINIK,KLINIK KESIHATAN,KK KUALA TOMANI,"KAMPUNG KUALA TOMANI, TENOM",,89907,,,,,4.8507155,115.8887589
2969,21-12220080,BUKA,AWAM,KKM,,SABAH,TENOM,KLINIK,KLINIK KESIHATAN,KK MELALAP,"PEKAN MELALAP, TENOM",,89907,,,,,5.1228438,115.9436677
2970,21-12230096,BUKA,AWAM,KKM,,SABAH,TONGOD,KLINIK,KLINIK KESIHATAN,KK PENANGAH,"PEKAN PENANGAH, PENANGAH, KINABATANGAN",,89320,,,,,5.2783414,117.088771
2971,21-12230124,BUKA,AWAM,KKM,,SABAH,TONGOD,KLINIK,KLINIK KESIHATAN,KK TONGOD,"PEKAN TONGOD, TONGOD, KINABATANGAN",,89320,,,,,5.2783414,117.088771
2972,21-12230176,BUKA,AWAM,KKM,,SABAH,TONGOD,KLINIK,KLINIK KESIHATAN,KK ENTILIBON,"JALAN TONGOD, KAMPUNG ENTILIBON, KINABATANGAN",,89320,,,,,5.2906774,116.978319
2973,21-12230247,BUKA,AWAM,KKM,,SABAH,TONGOD,KLINIK,KLINIK KESIHATAN,KK MENGKAWAGU,"JALAN TONGOD, KAMPUNG MENGKAWAGU",,89320,,,,,5.2906774,116.978319
2974,21-12230254,BUKA,AWAM,KKM,,SABAH,TONGOD,KLINIK,KLINIK KESIHATAN,KK MINUSOH,"KAMPUNG MINUSOH, KINABATANGAN",,89320,,,,,5.586506,117.8500842
2975,21-12240067,BUKA,AWAM,KKM,,SABAH,TUARAN,KLINIK,KLINIK KESIHATAN,KK KIULU,"JALAN KELUK, 89207 TAMPARULI",,89208,,,,,6.0972678,116.268725
2976,21-12240115,BUKA,AWAM,KKM,,SABAH,TUARAN,KLINIK,KLINIK KESIHATAN,KK TAMPARULI,"W.D.T 59, 89275 TAMPARULI",,89208,,,,,6.1342129,116.2663829
2977,21-12240121,BUKA,AWAM,KKM,,SABAH,TUARAN,KLINIK,KLINIK KESIHATAN,KK TENGHILAN,"JALAN KAMPUNG TENGHILAN TUARAN, 89208 TUARAN",,89208,,,,,6.257484,116.337799
2978,21-12240296,BUKA,AWAM,KKM,,SABAH,TUARAN,KLINIK,KLINIK KESIHATAN,KK SIMPANGAN,"JALAN RANAU, PEKAN NABALU, 89208 TUARAN",,89208,,,,,6.014767,116.4853167
2979,21-12240293,BUKA,AWAM,KKM,,SABAH,TUARAN,KLINIK,KLINIK KESIHATAN,KK SERUSOP,"JALAN SRK SERUSOP, KAMPUNG SERUSOP, 89208 TUARAN",,89208,,,,,6.2458547,116.2394245
2980,21-12010402,BUKA,AWAM,KKM,,SABAH,BEAUFORT,KLINIK,KLINIK KOMUNITI,KKOM KAMPUNG LIMBAWANG,"KAMPUNG LIMBAWANG, 89807 BEAUFORT",,89807,,,,,5.374137,115.7006639
2981,21-12010423,BUKA,AWAM,KKM,,SABAH,BEAUFORT,KLINIK,KLINIK KOMUNITI,KKOM KAMPUNG PIMPING,"LOT 10, BANGUNAN SEDCO, KAMPUNG PIMPING, 89728 MEMBAKUT",,89728,,,,,5.5264766,115.6966003
2982,21-12050428,BUKA,AWAM,KKM,,SABAH,KOTA BELUD,KLINIK,KLINIK KOMUNITI,KKOM ALAP BANA,"BANGUNAN ALAP BANA, KOTA BELUD",,88590,,,,,6.3544511,116.4310448
2983,21-12060385,BUKA,AWAM,KKM,,SABAH,KOTA KINABALU,KLINIK,KLINIK KOMUNITI,KKOM SULAMAN SENTRAL,"LOT 37, TINGKAT BAWAH BLOK E, FASA 2, SULAMAN SENTRAL, KOTA KINABALU",,88450,,,,,6.0568368,116.1517284
2984,21-12060436,BUKA,AWAM,KKM,,SABAH,KOTA KINABALU,KLINIK,KLINIK KESIHATAN,KK JALAN POLITEKNIK," CORNER LOT NO. 8, BLOK A-2, GROUND FLOOR, POLYTECHNIC COMMERCIAL CENTRE (PCC),SEPANGGAR, 
88450 KOTA KINABALU",,88450,,,,,6.0326829,116.1241793
2985,21-12060435,BUKA,AWAM,KKM,,SABAH,KOTA KINABALU,KLINIK,KLINIK KOMUNITI,KKOM TAMAN CANGGIH,"GROUND FLOOR, SHOPLOT NO. 3 (S3), INTERMEDIATE LOT, TAMAN CANGGIH COMMERCIAL CENTRE, INANAM, 88450 KOTA KINABALU",,88450,,,,,6.017105,116.139058
2986,21-12070397,BUKA,AWAM,KKM,,SABAH,KOTA MARUDU,KLINIK,KLINIK KOMUNITI,KKOM HEXAN INDUSTRIAL CENTRE,"LOT B9, GROUND FLOOR, HEXAN INDUSTRIAL CENTRE, 89107 KOTA MARUDU, SABAH",,89107,,,,,6.4958249,116.7609682
2987,21-12070434,BUKA,AWAM,KKM,,SABAH,KOTA MARUDU,KLINIK,KLINIK KOMUNITI,KKOM LANGKON COMMERCIAL CENTRE,"LOT NO. 28,TINGKAT BAWAH, LANGKON COMMERCIAL CENTRE,KM 10, SIMPANG TIGA,89108 KOTA MARUDU",,89108,,,,,6.538835,116.7031508
2988,21-12090391,BUKA,AWAM,KKM,,SABAH,KUDAT,KLINIK,KLINIK KOMUNITI,KKOM KUDAT,"LOT. NO.3, GROUND FLOOR, KUDAT MAJU SHOPPING CENTRE, JALAN PADUKA MAT SALLEH, 89059 KUDAT",,89059,,,,,6.8830571,116.8466165
2991,21-12130390,BUKA,AWAM,KKM,,SABAH,PAPAR,KLINIK,KLINIK KOMUNITI,KKOM TAMAN PENGALAT BESAR,"LOT. NO.2, PHASE 6, TAMAN PENGALAT BESAR, PAPAR",,89600,,,,,5.6716722,115.9231471
2992,21-12140404,BUKA,AWAM,KKM,,SABAH,PENAMPANG,KLINIK,KLINIK KOMUNITI,KKOM CYBER SQUARE,"LOT L9,GROUND FLOOR, CYBER SQUARE",,88200,,,,,5.9088111,116.100959
2993,21-12140386,BUKA,AWAM,KKM,,SABAH,PENAMPANG,KLINIK,KLINIK KOMUNITI,KKOM BUNDUSAN SQUARE,"LOT 67, TINGKAT BAWAH, BLOK H, BUNDUSAN SQUARE, PENAMPANG",,88300,,,,,5.9088111,116.100959
2994,21-12250405,BUKA,AWAM,KKM,,SABAH,PUTATAN,KLINIK,KLINIK KOMUNITI,KKOM PUTATAN JAYA,"LOT 8,PUTATAN JAYA, 88200 KOTA KINABALU",,88200,,,,,5.8912079,116.0485263
2996,21-12170382,BUKA,AWAM,KKM,,SABAH,SANDAKAN,KLINIK,KLINIK KOMUNITI,KKOM BANDAR LEILA,"LOT 7A &7B, TINGKAT BAWAH, BLOK B MILE 1, JALAN LEILA SANDAKAN",,90700,,,,,5.8558862,118.0721949
2997,21-12170399,BUKA,AWAM,KKM,,SABAH,SANDAKAN,KLINIK,KLINIK KOMUNITI,KKOM TAMAN SELETAR,"GROUND FLOOR, TAMAN SELETAR, SHOP HOUSE, MILE 4.5 JALAN SIBUNGA",,90712,,,,,5.8558862,118.0721949
2998,21-12170422,BUKA,AWAM,KKM,,SABAH,SANDAKAN,KLINIK,KLINIK KOMUNITI,KKOM BANDAR LABUK JAYA,"LOT NO.4, TINGKAT BAWAH BLOK 6, BATU 7, BANDAR LABUK JAYA",,90000,,,,,5.8558862,118.0721949
2999,21-12170403,BUKA,AWAM,KKM,,SABAH,SANDAKAN,KLINIK,KLINIK KOMUNITI,KKOM BANDAR LEETAT SANDAKAN,"BLOK C, LOT 3, GROUND FLOOR, BANDAR LEETAT",,90000,,,,,5.8558862,118.0721949
3000,21-12170437,BUKA,AWAM,KKM,,SABAH,SANDAKAN,KLINIK,KLINIK KOMUNITI,KKOM KARAMUNTING,"LOT 6, TINGKAT BAWAH, KEDAI BATU, KG. KARAMUNTING, 90000 SANDAKAN",,90500,,,,,5.8558862,118.0721949
3001,21-12170442,BUKA,AWAM,KKM,,SABAH,SANDAKAN,KLINIK,KLINIK KOMUNITI,KKOM PPR TAMAN GUM-GUM JAYA,"TINGKAT BAWAH, BLOK C, PPR TAMAN GUM-GUM JAYA, BATU 16, OFF JALAN LABUK",,90500,,,,,5.8558862,118.0721949
3002,21-12170686,BUKA,AWAM,KKM,,SABAH,SANDAKAN,KLINIK,KLINIK KOMUNITI,KKOM TAMAN MURNI,"BLOK A, TINGKAT BAWAH, PPR TAMAN MURNI, BATU 7",,90000,,,,,5.8558862,118.0721949
3003,21-12180438,BUKA,AWAM,KKM,,SABAH,SEMPORNA,KLINIK,KLINIK KOMUNITI,KKOM TAMAN SUTERA,"LOT 3A, DOUBLE STOREY SHOPHOUSE, PHASE 1 TAMAN SUTERA, JALAN TANJONG KAPOR, OFF JALAN BUBUL",,91308,,,,,4.479391,118.611545
3004,21-12200401,BUKA,AWAM,KKM,,SABAH,TAMBUNAN,KLINIK,KLINIK KOMUNITI,KKOM PEKAN TAMBUNAN,"LOT NO.4, BLOK A, LPPB SHOP LOT",,89657,,,,,5.721291,116.410779
3005,"
21-12240392",BUKA,AWAM,KKM,,SABAH,TUARAN,KLINIK,KLINIK KOMUNITI,KKOM TAMAN SRI RUGADING,"LOT TABIKA, BLOK R, TAMAN SRI RUGADING, KM 8, JLN TELIPOK TUARAN, 89208 TUARAN",,89208,,,,,6.088974,116.1948989
3006,21-12240682,BUKA,AWAM,KKM,,SABAH,TUARAN,KLINIK,KLINIK KOMUNITI,KKOM TAMAN TELIPOK RIA,"LOT KEDAI B04 & B05, PPR TAMAN TELIPOK RIA, FASA III, TELIPOK",,89208,,,,,6.1086253,116.2086143
3007,21-12010148,BUKA,AWAM,KKM,,SABAH,BEAUFORT,KLINIK,KLINIK DESA,KD BANGKALALAK,"JALAN GADUNG, BEAUFORT",,89807,,,,,5.3073421,115.5480081
3008,21-12010161,BUKA,AWAM,KKM,,SABAH,BEAUFORT,KLINIK,KLINIK DESA,KD BINSULUK,"KAMPUNG BINSULUK, JALAN BARU KE KUALA PENYU",,89807,,,,,5.4977429,115.5444231
3009,21-12010165,BUKA,AWAM,KKM,,SABAH,BEAUFORT,KLINIK,KLINIK DESA,KD BUKAU,"JALAN SIPITANG, KAMPUNG BAKAU",,89807,,,,,5.3455687,115.7453354
3010,21-12010178,BUKA,AWAM,KKM,,SABAH,BEAUFORT,KLINIK,KLINIK DESA,KD GADONG,JALAN GADONG,,89807,,,,,5.3455687,115.7453354
3011,21-12010189,BUKA,AWAM,KKM,,SABAH,BEAUFORT,KLINIK,KLINIK DESA,KD KABAJANG,"JALAN BEAUFORT GADANG, KG KABAJANG",,89807,,,,,5.3366221,115.5828667
3012,21-12010215,BUKA,AWAM,KKM,,SABAH,BEAUFORT,KLINIK,KLINIK DESA,KD KLIAS SCHEME,"JALAN BEAUFORT MENUMBUK, KG RANCANGAN",,89807,,,,,5.4610844,115.5863374
3013,21-12010229,BUKA,AWAM,KKM,,SABAH,BEAUFORT,KLINIK,KLINIK DESA,KD LINGKUNGAN,"JALAN SIPITANG, KG LINGKUNGAN, 89807 BEAUFORT",,89807,,,,,5.3455687,115.7453354
3014,21-12010234,BUKA,AWAM,KKM,,SABAH,BEAUFORT,KLINIK,KLINIK DESA,KD LUBAK,"JALAN PADAS DAMIT, KG LUBAK, 89807",,89807,,,,,5.3383925,115.5430932
3015,21-12010273,BUKA,AWAM,KKM,,SABAH,BEAUFORT,KLINIK,KLINIK DESA,KD PIMPING,"KAMPUNG PIMPING, MEMBAKUT",,89807,,,,,5.5080931,115.7666651
3016,21-12010298,BUKA,AWAM,KKM,,SABAH,BEAUFORT,KLINIK,KLINIK DESA,KD SINOKO,"KAMPUNG SINOKO, MEMBAKUT",,89807,,,,,5.4225194,115.8373991
3017,21-12010307,BUKA,AWAM,KKM,,SABAH,BEAUFORT,KLINIK,KLINIK DESA,KD TAKULI,"KAMPUNG TAKULI, JALAN MENUMBUK",,89807,,,,,5.4139113,115.6801198
3018,21-12020193,BUKA,AWAM,KKM,,SABAH,BELURAN,KLINIK,KLINIK DESA,KD KANIONGAN,"PULAU KENIONGAN, BELURAN",,90108,,,,,6.13818,117.389
3019,21-12020217,BUKA,AWAM,KKM,,SABAH,BELURAN,KLINIK,KLINIK DESA,KD KOLAPIS,"KAMPUNG KOLAPIS, 90108 BELURAN",,90108,,,,,5.8880021,117.5887188
3020,21-12020440,BUKA,AWAM,KKM,,SABAH,BELURAN,KLINIK,KLINIK DESA,KD MALALIN,"KAMPUNG MALALIN, BELURAN",,90107,,,,,6.7481875,117.4743125
3021,21-12020441,BUKA,AWAM,KKM,,SABAH,BELURAN,KLINIK,KLINIK DESA,KD BOTITION,"KAMPUNG BOTITION, BELURAN",,90107,,,,,5.6871212,117.5214854
3022,21-12030141,BUKA,AWAM,KKM,,SABAH,KENINGAU,KLINIK,KLINIK DESA,KD ANSIP,"JALAN ANSIP-DALIT, KAMPUNG ANSIP LAUT, KENINGAU",,89007,,,,,5.1646248,116.1330675
3023,21-12030143,BUKA,AWAM,KKM,,SABAH,KENINGAU,KLINIK,KLINIK DESA,KD BAGINDA,KAMPUNG BAGINDA KENINGAU,,89007,,,,,5.3755991,116.2040616
3024,21-12030159,BUKA,AWAM,KKM,,SABAH,KENINGAU,KLINIK,KLINIK DESA,KD BIAH,"JALAN ANSIP-DALIT, KAMPUNG ANSIP",,89007,,,,,5.1646248,116.1330675
3025,21-12030167,BUKA,AWAM,KKM,,SABAH,KENINGAU,KLINIK,KLINIK DESA,KD BULU SILAU,"BT 4, JALAN SOOK-NABAWAN, KAMPUNG BILAH, KENINGAU",,89007,,,,,5.1465576,116.3035409
3026,21-12030170,BUKA,AWAM,KKM,,SABAH,KENINGAU,KLINIK,KLINIK DESA,KD BUNGA RAYA,"KAMPUNG TONOBON BARU, OFF KG BUNGA RAYA, KENINGAU",,89007,,,,,5.4384957,116.2066244
3027,21-12030172,BUKA,AWAM,KKM,,SABAH,KENINGAU,KLINIK,KLINIK DESA,KD DALIT,"KAMPUNG DALIT STATION, SK DALIT, KENINGAU",,89007,,,,,5.020867,116.125799
3028,21-12030194,BUKA,AWAM,KKM,,SABAH,KENINGAU,KLINIK,KLINIK DESA,KD KARAMATOI,"SKIM PENEMPATAN SAFODA, KARAMATOI, SOOK, KENINGAU",,89007,,,,,5.1465576,116.3035409
3029,21-12030202,BUKA,AWAM,KKM,,SABAH,KENINGAU,KLINIK,KLINIK DESA,KD KEBATANG BARU,"JALAN SOOK-TULID, KG KEBATANG BARU, SOOK, KENINGAU",,89007,,,,,5.1458904,116.3068865
3030,21-12030248,BUKA,AWAM,KKM,,SABAH,KENINGAU,KLINIK,KLINIK DESA,KD MERAPOK,"KAMPUNG MERAPOK, KENINGAU",,89007,,,,,5.3805937,116.2355624
3031,21-12030261,BUKA,AWAM,KKM,,SABAH,KENINGAU,KLINIK,KLINIK DESA,KD P.P.H. KEM KENINGAU,"JALAN APIN APIN, OFF JALAN KOMPLEKS POLIS KENINGAU",,89007,,,,,5.3361448,116.1561804
3032,21-12030291,BUKA,AWAM,KKM,,SABAH,KENINGAU,KLINIK,KLINIK DESA,KD SENAGANG,"JALAN TENOM, KAMPUNG SENAGANG, KENINGAU",,89007,,,,,5.2483093,116.0039257
3033,21-12030320,BUKA,AWAM,KKM,,SABAH,KENINGAU,KLINIK,KLINIK DESA,KD TIULON,"SKIM PENEMPATAN RANCANGAN BELIA TIULON, SOOK, KENINGAU",,89007,,,,,5.1465576,116.3035409
3034,21-12030328,BUKA,AWAM,KKM,,SABAH,KENINGAU,KLINIK,KLINIK DESA,KD TUARID TAUD,"JALAN KOTA AYANGAN (LAMA), KG TUARID TAUD, KENINGAU",,89007,,,,,5.3452178,116.1746753
3035,21-12050174,BUKA,AWAM,KKM,,SABAH,KOTA BELUD,KLINIK,KLINIK DESA,KD DUDAR,"KG DUDAR, JALAN KUDAT, 89158 KOTA BELUD",,89200,,,,,6.4211971,116.453517
3036,21-12050199,BUKA,AWAM,KKM,,SABAH,KOTA BELUD,KLINIK,KLINIK DESA,KD KAUNG ULU,"KG KAUNG, JALAN RANAU 89158",,89158,,,,,6.0744996,116.4573023
3037,21-12050203,BUKA,AWAM,KKM,,SABAH,KOTA BELUD,KLINIK,KLINIK DESA,KD KEBAYAU,"JALAN BYPASS RANAU, 89158 KOTA BELUD",,89158,,,,,6.3544511,116.4310448
3038,21-12050205,BUKA,AWAM,KKM,,SABAH,KOTA BELUD,KLINIK,KLINIK DESA,"KD KELAWAT, TUARAN","KG.KELAWAT, JALAN KOTA KINABALU, 89150 KOTA BELUD",,89158,,,,,6.3044512,116.3638953
3039,21-12050212,BUKA,AWAM,KKM,,SABAH,KOTA BELUD,KLINIK,KLINIK DESA,KD KIAU,"KG KIAU TABURI, P/S 485, 89308 RANAU",,89158,,,,,6.0230102,116.492004
3040,21-12050218,BUKA,AWAM,KKM,,SABAH,KOTA BELUD,KLINIK,KLINIK DESA,KD KUALA ABAI,"KG. KUALA ABAI, JALAN PORT USUKAN, 89158 KOTA BELUD",,89158,,,,,6.3823371,116.3892348
3041,21-12050225,BUKA,AWAM,KKM,,SABAH,KOTA BELUD,KLINIK,KLINIK DESA,KD LASAU TAKULUNG,"KG LASAU TAKULUNG, JALAN KOMPLEKE SUKAN, 89150 KOTA BELUD",,89158,,,,,6.3161511,116.5998654
3042,21-12050265,BUKA,AWAM,KKM,,SABAH,KOTA BELUD,KLINIK,KLINIK DESA,KD PANDASAN,"KG PANDASAN, JALAN KUDAT, 89158 KOTA BELUD",,89158,,,,,6.4670143,116.5287223
3043,21-12050269,BUKA,AWAM,KKM,,SABAH,KOTA BELUD,KLINIK,KLINIK DESA,KD PAYAS-PAYAS,"KG PANTAI EMAS, JALAN PORT USUKAN, 89158 KOTA BELUD",,89158,,,,,6.4125715,116.3971988
3044,21-12050271,BUKA,AWAM,KKM,,SABAH,KOTA BELUD,KLINIK,KLINIK DESA,KD PENGKALAN ABAI,"KG PENGKALAN ABAI, JALAN KOTA KINABALU, 89150 KOTA BELUD",,89158,,,,,5.9843644,116.077344
3045,21-12050281,BUKA,AWAM,KKM,,SABAH,KOTA BELUD,KLINIK,KLINIK DESA,KD RAMPAIAN LAUT,"KG NANUMAN, JALAN KUDAT, 89150 KOTA BELUD",,89158,,,,,6.8830571,116.8466165
3046,21-12050289,BUKA,AWAM,KKM,,SABAH,KOTA BELUD,KLINIK,KLINIK DESA,KD SAYAP,"KG SAYAP, JALAN SOROB, 89150 KOTA BELUD",,89158,,,,,6.3584131,116.4608325
3047,21-12050308,BUKA,AWAM,KKM,,SABAH,KOTA BELUD,KLINIK,KLINIK DESA,KD TAMAU,"KG TAMAU, JALAN KUDAT, 89158 KOTA BELUD",,89158,,,,,6.4211971,116.453517
3048,21-12060195,BUKA,AWAM,KKM,,SABAH,KOTA KINABALU,KLINIK,KLINIK KESIHATAN,KK KARAMBUNAI,"JALAN SEPANGAR, KOTA KINABALU",,88450,,,,,6.10626,116.1278154
3049,21-12060323,BUKA,AWAM,KKM,,SABAH,KOTA KINABALU,KLINIK,KLINIK KESIHATAN,KK TOMBONGON,"JALAN KOKOL MENGGATAL, 88450 KOTA KINABALU, SABAH",,88450,,,,,5.993958198,116.2377931
3050,21-12060214,BUKA,AWAM,KKM,,SABAH,KOTA KINABALU,KLINIK,KLINIK KESIHATAN,KK KIONSOM,"KAMPUNG KIONSOM, KOTA KINABALU",,89350,,,,,5.9799766,116.1730497
3051,21-12060216,BUKA,AWAM,KKM,,SABAH,KOTA KINABALU,KLINIK,KLINIK KESIHATAN,KK KOKOL,"JALAN KOKOL-PORING MENGGATAL, 88450 KOTA KINABALU",,88450,,,,,6.0079548,116.2069501
3052,21-12060276,BUKA,AWAM,KKM,,SABAH,KOTA KINABALU,KLINIK,KLINIK KESIHATAN,KK POMOTODON,"OFF JALAN KIONSOM, INANAM 88450 KOTA KINABALU, SABAH",,88450,,,,,5.985308956,116.1613615
3053,21-12070180,BUKA,AWAM,KKM,,SABAH,KOTA MARUDU,KLINIK,KLINIK DESA,KD GANA,"KAMPUNG GANA, KOTA MARUDU",,89108,,,,,6.4958249,116.7609682
3054,21-12070183,BUKA,AWAM,KKM,,SABAH,KOTA MARUDU,KLINIK,KLINIK DESA,KD GOSHEN,"KAMPUNG GOSHEN, JALAN GOSHEN, KOTA MARUDU",,89108,,,,,6.4727192,116.7633172
3055,21-12070240,BUKA,AWAM,KKM,,SABAH,KOTA MARUDU,KLINIK,KLINIK KESIHATAN,KK MARAK PARAK,"KAMPUNG MARAK PARAK, 89108 KOTA KINABALU",,89108,,,,,6.317065,116.737396
3056,21-12070241,BUKA,AWAM,KKM,,SABAH,KOTA MARUDU,KLINIK,KLINIK DESA,KD MARUDU,"PEKAN LAMA, KOTA MARUDU",,89108,,,,,6.4958249,116.7609682
3057,21-12070251,BUKA,AWAM,KKM,,SABAH,KOTA MARUDU,KLINIK,KLINIK DESA,KD MOSOLOG,"KAMPUNG MASOLOG, KOTA MARUDU",,89108,,,,,6.4742134,116.8404387
3058,21-12070286,BUKA,AWAM,KKM,,SABAH,KOTA MARUDU,KLINIK,KLINIK DESA,KD SALIMANDUT,"KAMPUNG SALIMANDUT, KOTA MARUDU",,89059,,,,,6.4859019,116.8661439
3059,21-12070287,BUKA,AWAM,KKM,,SABAH,KOTA MARUDU,KLINIK,KLINIK DESA,KD SAMPARITA,"KAMPUNG SAMPARITA, KOTA MARUDU",,89108,,,,,6.4747222,116.9522222
3060,21-12070304,BUKA,AWAM,KKM,,SABAH,KOTA MARUDU,KLINIK,KLINIK DESA,KD TAGAROH,"KAMPUNG TAGAROH, KOTA MARUDU",,89108,,,,,6.4908551,116.7083393
3061,21-12070311,BUKA,AWAM,KKM,,SABAH,KOTA MARUDU,KLINIK,KLINIK DESA,KD TANJONG BATU,"KAMPUNG TANJUNG BATU, KOTA MARUDU",,89108,,,,,6.4958249,116.7609682
3062,21-12070319,BUKA,AWAM,KKM,,SABAH,KOTA MARUDU,KLINIK,KLINIK DESA,KD TIMBANG BATU,"KAMPUNG TIMBANG BATU, KOTA MARUDU",,89108,,,,,6.4574357,116.7938949
3063,21-12080168,BUKA,AWAM,KKM,,SABAH,KUALA PENYU,KLINIK,KLINIK DESA,KD BUNDU,"BATU 4, KG BUNDU, KUALA PENYU",,89747,,,,,5.535993,115.541801
3064,21-12080211,BUKA,AWAM,KKM,,SABAH,KUALA PENYU,KLINIK,KLINIK DESA,KD KIAMBOR,"KAMPUNG KIAMBOR, KUALA PENYU",,89807,,,,,5.571717,115.5971459
3065,21-12090147,BUKA,AWAM,KKM,,SABAH,KUDAT,KLINIK,KLINIK DESA,KD BANGAU,KG BANGAU,,89059,,,,,6.8830571,116.8466165
3066,21-12090223,BUKA,AWAM,KKM,,SABAH,KUDAT,KLINIK,KLINIK DESA,KD LAJONG,KG LANJONG,,89059,,,,,6.848765,116.699167
3067,21-12090250,BUKA,AWAM,KKM,,SABAH,KUDAT,KLINIK,KLINIK DESA,KD MILAU,KG MILAU,,89059,,,,,6.8830571,116.8466165
3068,21-12090309,BUKA,AWAM,KKM,,SABAH,KUDAT,KLINIK,KLINIK DESA,KD TAMBULURAN,KG TAMBULURAN,,89059,,,,,6.7992614,116.7109482
3069,21-12090173,BUKA,AWAM,KKM,,SABAH,KUDAT,KLINIK,KLINIK DESA,KD DUALOG,KG DUALOG,,89507,,,,,6.8830571,116.8466165
3070,21-12100232,BUKA,AWAM,KKM,,SABAH,KUNAK,KLINIK,KLINIK DESA,KD LORMALONG,KAMPUNG LORMALONG,,91207,,,,,4.7045758,118.2024944
3071,21-12100368,BUKA,AWAM,KKM,,SABAH,KUNAK,KLINIK,KLINIK DESA,KD MADAI,KAMPUNG MADAI,,91207,,,,,4.6861629,118.2420212
3072,21-12110171,BUKA,AWAM,KKM,,SABAH,LAHAD DATU,KLINIK,KLINIK DESA,KD CENDERAWASIH,"FELDA SAHABAT 7, LAHAD DATU",,61167,,,,,5.1530699,119.0076704
3073,21-12110177,BUKA,AWAM,KKM,,SABAH,LAHAD DATU,KLINIK,KLINIK DESA,KD FAJAR HARAPAN,"FELDA SAHABAT 22, LAHAD DATU",,61167,,,,,5.2317433,119.2061814
3074,21-12110186,BUKA,AWAM,KKM,,SABAH,LAHAD DATU,KLINIK,KLINIK DESA,KD HAMPARAN BADAI,"FELDA SAHABAT 27, LAHAT DATU",,61167,,,,,5.1183688,119.0522357
3075,21-12110207,BUKA,AWAM,KKM,,SABAH,LAHAD DATU,KLINIK,KLINIK DESA,KD KEMBARA SAKTI,"FELDA SAHABAT 43, LAHAD DATU",,61167,,,,,5.1183688,119.0522357
3076,21-12110221,BUKA,AWAM,KKM,,SABAH,LAHAD DATU,KLINIK,KLINIK DESA,KD KUALA TABURI,"JALAN ULU TUNGKU, LAHAD DATU",,61167,,,,,5.02539,118.884
3077,21-12110224,BUKA,AWAM,KKM,,SABAH,LAHAD DATU,KLINIK,KLINIK DESA,KD LAMAG,"KG SILAM JALAN SILAM, LAHAD DATU",,61167,,,,,4.978303,118.229599
3078,21-12110279,BUKA,AWAM,KKM,,SABAH,LAHAD DATU,KLINIK,KLINIK DESA,KD PULAU SAKAR,"KG TANJUNG PARAS, LAHAD DATU",,61167,,,,,4.9915493,118.3428976
3079,21-12110290,BUKA,AWAM,KKM,,SABAH,LAHAD DATU,KLINIK,KLINIK DESA,KD SEGAMA,"BATU 6, KG COCOS, LAHAD DATU",,61167,,,,,5.0799716,118.2900053
3080,21-12110292,BUKA,AWAM,KKM,,SABAH,LAHAD DATU,KLINIK,KLINIK DESA,KD SEPAGAYA,"KAMPUNG SEPAYAGA, JALAN SIALM, PETI SURAT 61167 LAHAD DATU",,61167,,,,,5.01074,118.267799
3081,21-12110315,BUKA,AWAM,KKM,,SABAH,LAHAD DATU,KLINIK,KLINIK DESA,KD TANJUNG LABIAN,"KAMPUNG TANJUNG LABIAN, 61167 LAHAD DATU",,61167,,,,,5.1662611,119.2321153
3082,21-12110316,BUKA,AWAM,KKM,,SABAH,LAHAD DATU,KLINIK,KLINIK DESA,KD TENGAH NIPAH,"JALAN TUNGKU, PETI SURAT 61167 LAHAT DATU",,61167,,,,,5.0295135,118.3356988
3083,21-12110430,BUKA,AWAM,KKM,,SABAH,LAHAD DATU,KLINIK,KLINIK DESA,KD NALA,"KG. NALA, TUNGKU, LAHAD DATU",,61167,,,,,5.02539,118.884
3084,21-12120144,BUKA,AWAM,KKM,,SABAH,NABAWAN,KLINIK,KLINIK DESA,KD BAHAGIA,"KG BAHAGIA, NABAWAN",,89957,,,,,5.0397906,116.4261945
3085,21-12120266,BUKA,AWAM,KKM,,SABAH,NABAWAN,KLINIK,KLINIK DESA,KD PANDEWAN,"KG PANDEWAN, JALAN SEPULOT",,89957,,,,,4.7095857,116.4818063
3086,21-12130204,BUKA,AWAM,KKM,,SABAH,PAPAR,KLINIK,KLINIK DESA,KD KELATUAN,"KAMPUNG KELATUAN, PAPAR",,89607,,,,,5.734628,115.9318508
3087,21-12130157,BUKA,AWAM,KKM,,SABAH,PAPAR,KLINIK,KLINIK DESA,KD BENONI,"KAMPUNG BENONI, 89608 PAPAR",,89608,,,,,5.6906809,115.9240696
3088,21-12130160,BUKA,AWAM,KKM,,SABAH,PAPAR,KLINIK,KLINIK DESA,KD BIAU,"KAMPUNG BIAU, 89608 PAPAR",,89608,,,,,5.734628,115.9318508
3089,21-12130179,BUKA,AWAM,KKM,,SABAH,PAPAR,KLINIK,KLINIK DESA,KD GADONG KIMANIS,"JALAN KIMANIS, PAPAR",,89600,,,,,5.6188161,115.9177647
3090,21-12130200,BUKA,AWAM,KKM,,SABAH,PAPAR,KLINIK,KLINIK DESA,KD KAWANG,"KAMPUNG KAWANG, PAPAR",,89608,,,,,5.7736114,116.0245477
3091,21-12130270,BUKA,AWAM,KKM,,SABAH,PAPAR,KLINIK,KLINIK DESA,KD PENGALAT BESAR,"KAMPUNG PENGALAT BESAR, 89608 PAPAR",,89608,,,,,5.7640364,115.9627835
3092,21-12130297,BUKA,AWAM,KKM,,SABAH,PAPAR,KLINIK,KLINIK DESA,KD SIMPUDU,"KAMPUNG SIMPUDU, 89608 PAPAR",,89608,,,,,5.694245,115.9865201
3093,21-12130318,BUKA,AWAM,KKM,,SABAH,PAPAR,KLINIK,KLINIK DESA,KD TIBABAR,"KAMPUNG TIBABAR, 89608 PAPAR",,89608,,,,,5.5124545,115.9190001
3094,21-12140259,BUKA,AWAM,KKM,,SABAH,PENAMPANG,KLINIK,KLINIK DESA,KD NOSOOB,"KAMPUNG NOSOOB, JALAN KABUSAK, PENAMPANG",,89500,,,,,5.9329775,116.0799581
3095,21-12140142,BUKA,AWAM,KKM,,SABAH,PENAMPANG,KLINIK,KLINIK DESA,KD BABAGON,"KAMPUNG BABAGON, JALAN MOYOG TAMBUNAN, BABAGON, PENAMPANG",,89500,,,,,5.9441682,116.0464973
3096,21-12140227,BUKA,AWAM,KKM,,SABAH,PENAMPANG,KLINIK,KLINIK DESA,KD LIMBANAK,"KAMPUNG LIMBANAK, JALAN PAPAR LAMA, LIMBANAK PENAMPANG",,89500,,,,,5.8786181,116.0950921
3097,21-12140252,BUKA,AWAM,KKM,,SABAH,PENAMPANG,KLINIK,KLINIK DESA,KD MOYOG,"KAMPUNG MOYOG, JALAN MOYOG, TAMBUNAN, MOYOG",,89500,,,,,5.9441682,116.0464973
3098,21-12140303,BUKA,AWAM,KKM,,SABAH,PENAMPANG,KLINIK,KLINIK DESA,KD SUNGOI,"KAMPUNG SUNGOI, SIMPANG JALAN TUDAN PORING, PENAMPANG",,89500,,,,,5.8689248,116.3369896
3099,21-12140272,BUKA,AWAM,KKM,,SABAH,KOTA MARUDU,KLINIK,KLINIK DESA,KD PETAGAS,"KAMPUNG PETAGAS, JALAN PUTATAN KOTA KINABALU, PETAGAS",,89500,,,,,5.9082959,116.0465858
3100,21-12150275,BUKA,AWAM,KKM,,SABAH,PITAS,KLINIK,KLINIK DESA,KD PINGAN-PINGAN,"KG PINGGAN-PINGGAN, PITAS",,89059,,,,,6.722237,117.055273
3101,21-12150284,BUKA,AWAM,KKM,,SABAH,PITAS,KLINIK,KLINIK DESA,KD ROSOB,"KG ROSOB, PITAS",,89059,,,,,6.722237,117.055273
3102,21-12150156,BUKA,AWAM,KKM,,SABAH,PITAS,KLINIK,KLINIK DESA,KD BAWING,"KG BAWING, PITAS",,89059,,,,,6.9390724,117.1145649
3103,21-12150238,BUKA,AWAM,KKM,,SABAH,PITAS,KLINIK,KLINIK DESA,KD MANDURIAN,"KG MANDURIAN, PITAS",,89059,,,,,6.5984822,116.9828526
3104,21-12150239,BUKA,AWAM,KKM,,SABAH,PITAS,KLINIK,KLINIK DESA,KD MAPAN-MAPAN,"KG MAPAN, PITAS",,89059,,,,,6.8607767,117.2472018
3105,21-12150245,BUKA,AWAM,KKM,,SABAH,PITAS,KLINIK,KLINIK DESA,KD MENGKABAU,"KG MANGKUBAU, PITAS",,89059,,,,,6.99577,117.133
3106,21-12150192,BUKA,AWAM,KKM,,SABAH,PITAS,KLINIK,KLINIK DESA,KD KANIBONGAN,"KG KANIBONGAN, PITAS",,89059,,,,,6.6482572,117.2163733
3107,21-12160213,BUKA,AWAM,KKM,,SABAH,RANAU,KLINIK,KLINIK DESA,KD KINARASAN,"JALAN TAMBUNAN, KINARASAN, RANAU",,89308,,,,,5.9002981,116.6249874
3108,21-12160163,BUKA,AWAM,KKM,,SABAH,RANAU,KLINIK,KLINIK DESA,KD BONGKUD,"PETI SURAT 441, KG BONGKUD, 89300 RANAU",,89308,,,,,6.0135562,116.7683223
3109,21-12160237,BUKA,AWAM,KKM,,SABAH,RANAU,KLINIK,KLINIK DESA,KD MALINSAU,"KAMPUNG MALINSAU, 89307 RANAU",,89308,,,,,6.1597429,116.9532894
3110,21-12160242,BUKA,AWAM,KKM,,SABAH,RANAU,KLINIK,KLINIK DESA,KD MATUPANG,"JALAN SANDAKAN, KG MATUPANG, RANAU",,89308,,,,,5.8121528,116.8201718
3111,21-12160255,BUKA,AWAM,KKM,,SABAH,RANAU,KLINIK,KLINIK DESA,KD NALAPAK,"KAMPUNG NALAPAK, PETI SURAT 14, 89308 RANAU",,89308,,,,,5.9368213,116.7781692
3112,21-12160258,BUKA,AWAM,KKM,,SABAH,RANAU,KLINIK,KLINIK DESA,KD NARAWANG,"KAMPUNG NARAWANG, 89300 RANAU",,89308,,,,,6.0075683,116.7761721
3113,21-12160274,BUKA,AWAM,KKM,,SABAH,RANAU,KLINIK,KLINIK DESA,KD PINAWANTAI,"KAMPUNG PINAWANTAI, 89300 RANAU",,89308,,,,,6.1561558,116.7745681
3114,21-12160283,BUKA,AWAM,KKM,,SABAH,RANAU,KLINIK,KLINIK DESA,KD RONDUGUNG,"KAMPUNG RONDUGUNG, 89300 RANAU",,89308,,,,,5.875952,116.5791446
3115,21-12160310,BUKA,AWAM,KKM,,SABAH,RANAU,KLINIK,KLINIK DESA,KD TAMPIOS,"KAMPUNG TAMPIOS, 89300 RANAU",,89308,,,,,5.9580681,116.6398722
3116,21-12160317,BUKA,AWAM,KKM,,SABAH,RANAU,KLINIK,KLINIK DESA,KD TEROLOBOU,"KAMPUNG TEROLOBOU, JALAN BUNDU TUHAN 89308",,89308,,,,,5.9498959,116.5095493
3117,21-12170326,BUKA,AWAM,KKM,,SABAH,SANDAKAN,KLINIK,KLINIK DESA,KD TRONGLIT,KAMPUNG TRONGLIT,,90009,,,,,5.8558862,118.0721949
3118,21-12170253,BUKA,AWAM,KKM,,SABAH,SANDAKAN,KLINIK,KLINIK DESA,KD MUMIANG,KAMPUNG MUMIANG,,90500,,,,,5.8558862,118.0721949
3119,21-12170312,BUKA,AWAM,KKM,,SABAH,SANDAKAN,KLINIK,KLINIK DESA,KD TANJUNG ARU,KAMPUNG TANJUNG ARU,,90509,,,,,5.956357,116.0534992
3120,21-12170158,BUKA,AWAM,KKM,,SABAH,SANDAKAN,KLINIK,KLINIK DESA,KD BERHALA DARAT,KAMPUNG BERHALA BARAT,,90009,,,,,5.8523959,118.1300751
3121,21-12170153,BUKA,AWAM,KKM,,SABAH,SANDAKAN,KLINIK,KLINIK DESA,KD BATU 7,"BATU 7, JALAN LABUK",,90500,,,,,5.8822891,118.0398835
3122,21-12170184,BUKA,AWAM,KKM,,SABAH,SANDAKAN,KLINIK,KLINIK DESA,KD GUM-GUM,KAMPUNG GUM-GUM,,90500,,,,,5.8924375,117.9196825
3123,21-12170197,BUKA,AWAM,KKM,,SABAH,SANDAKAN,KLINIK,KLINIK DESA,KD KARAMUNTING,KAMPUNG KARAMUNTING,,90500,,,,,5.8105918,118.0720653
3124,21-12170294,BUKA,AWAM,KKM,,SABAH,SANDAKAN,KLINIK,KLINIK DESA,KD SIBUGA,KAMPUNG SIBUNGA,,90500,,,,,5.8433915,118.0389863
3125,21-12180145,BUKA,AWAM,KKM,,SABAH,SEMPORNA,KLINIK,KLINIK DESA,KD BAIT,KAMPUNG BAIT,,91308,,,,,4.5359847,118.5391036
3126,21-12180164,BUKA,AWAM,KKM,,SABAH,SEMPORNA,KLINIK,KLINIK DESA,KD BUBUL,KAMPUNG BUBUL,,91308,,,,,4.4569859,118.6030294
3127,21-12180175,BUKA,AWAM,KKM,,SABAH,SEMPORNA,KLINIK,KLINIK DESA,KD EGANG-EGANG,KAMPUNG EGANG-EGANG,,91308,,,,,4.479391,118.611545
3128,21-12180185,BUKA,AWAM,KKM,,SABAH,SEMPORNA,KLINIK,KLINIK DESA,KD HAMPALAN,KAMPUNG HAMPALAN,,91308,,,,,4.4252073,118.6607399
3129,21-12180190,BUKA,AWAM,KKM,,SABAH,SEMPORNA,KLINIK,KLINIK DESA,KD KABONGAN,KAMPUNG KABONGAN,,91308,,,,,4.4408345,118.6104345
3130,21-12180300,BUKA,AWAM,KKM,,SABAH,SEMPORNA,KLINIK,KLINIK DESA,KD SUNGAI BUAYA,"JALAN BUGAYA, KG SG BUAYA",,91308,,,,,4.4772083,118.5289408
3131,21-12180305,BUKA,AWAM,KKM,,SABAH,SEMPORNA,KLINIK,KLINIK DESA,KD TAGASAN,"KG TAGASAN, 91308 SEMPORNA",,91308,,,,,4.4284242,118.5471975
3132,21-12180314,BUKA,AWAM,KKM,,SABAH,SEMPORNA,KLINIK,KLINIK DESA,KD TANJUNG KAPOR,"JALAN BUGAYA, KG TANJUNG KAPUR",,91308,,,,,4.4894588,118.561723
3133,21-12190150,BUKA,AWAM,KKM,,SABAH,SIPITANG,KLINIK,KLINIK DESA,KD BANTING,"JALAN SAMUR, KAMPUNG BANTING",,89857,,,,,5.07919,115.550825
3134,21-12190236,BUKA,AWAM,KKM,,SABAH,SIPITANG,KLINIK,KLINIK DESA,KD MALAMAN,"JALAN SIPITANG TENOM, KAMPUNG MALAMAN",,89857,,,,,4.9707003,115.7293814
3135,21-12190249,BUKA,AWAM,KKM,,SABAH,SIPITANG,KLINIK,KLINIK DESA,KD MESAPOL,"JALAN SIPITANG, KAMPUNG PEKAN MESAPOL",,89857,,,,,5.1111937,115.5908938
3136,21-12190267,BUKA,AWAM,KKM,,SABAH,SIPITANG,KLINIK,KLINIK DESA,KD PANTAI,"KAMPUNG PANTAI, JALAN SIPITANG",,89857,,,,,4.9997975,115.5372496
3137,21-12200181,BUKA,AWAM,KKM,,SABAH,TAMBUNAN,KLINIK,KLINIK DESA,KD GARAS,"JALAN TAMBUNAN-RANAU, SIMPANG KIRI, JALAN KG PAHU, TAMBUNAN",,89657,,,,,5.721291,116.410779
3138,21-12200208,BUKA,AWAM,KKM,,SABAH,TAMBUNAN,KLINIK,KLINIK DESA,KD KEROKOT,"JALAN TAMBUNAN-RANAU, SIMPANG KANAN, JLN SK KEROKOT, TAMBUNAN",,89657,,,,,5.721291,116.410779
3139,21-12200233,BUKA,AWAM,KKM,,SABAH,TAMBUNAN,KLINIK,KLINIK DESA,KD LOTONG,"JALAN TAMBUNAN-KENINGAU, SIMPANG KANAN, SK LOTONG TAMBUNAN",,89657,,,,,5.721291,116.410779
3140,21-12200235,BUKA,AWAM,KKM,,SABAH,TAMBUNAN,KLINIK,KLINIK DESA,KD LUMONDOU,"JALAN TAMBUNAN-RANAU, JLN KG TANGABAN, TAMBUNAN",,89657,,,,,5.7176153,116.406295
3141,21-12200256,BUKA,AWAM,KKM,,SABAH,TAMBUNAN,KLINIK,KLINIK DESA,KD NAMBAYAN,"JALAN TAMBUNAN-KENINGAU, SIMPANG KIRI, JALAN KG LUBONG TAMBUNAN",,89657,,,,,5.721291,116.410779
3142,21-12200282,BUKA,AWAM,KKM,,SABAH,TAMBUNAN,KLINIK,KLINIK DESA,KD ROMPON,"JALAN TAMBUNAN-KENINGAU, SIMPANG KIRI, JLN KG ROMPON TAMBUNAN",,89657,,,,,44.7813992,4.7174062
3143,21-12200321,BUKA,AWAM,KKM,,SABAH,TAMBUNAN,KLINIK,KLINIK DESA,KD TOBOH,"SIMPANG KANAN, JALAN KG TOBOH, TAMBUNAN",,89657,,,,,5.70342,116.3913844
3144,21-12200324,BUKA,AWAM,KKM,,SABAH,TAMBUNAN,KLINIK,KLINIK DESA,KD TONTOLOB LIWAN,"SEMPADAN JALAN TAMBUNAN-RANAU, KG TONTOLOB LIWAN, TAMBUNAN",,89657,,,,,5.8664999,116.529747
3145,21-12210146,BUKA,AWAM,KKM,,SABAH,TAWAU,KLINIK,KLINIK DESA,KD BALUNG COCOS,"JALAN TAWAU, SEMPORNA KG BALUNG COCOS",,91000,,,,,4.3961173,118.059278
3146,21-12210280,BUKA,AWAM,KKM,,SABAH,TAWAU,KLINIK,KLINIK DESA,KD QUOIN HILL,"JALAN BUKIT QUOIN, 91000 TAWAU",,91000,,,,,4.3379489,118.0460097
3147,21-12210219,BUKA,AWAM,KKM,,SABAH,TAWAU,KLINIK,KLINIK DESA,KD KUALA MEROTAI,"KAMPUNG IBAN, 91800 TAWAU",,91000,,,,,4.4450302,117.770256
3148,21-12210301,BUKA,AWAM,KKM,,SABAH,TAWAU,KLINIK,KLINIK DESA,KD SUNGAI IMAM,"KAMPUNG SUNGAI IMAM, JALAN MEROTAI",,91000,,,,,4.3132202,117.8401178
3149,21-12210313,BUKA,AWAM,KKM,,SABAH,TAWAU,KLINIK,KLINIK DESA,KD TANJUNG BATU DARAT,"JALAN UTARA BARU, KG TANJUNG BATU DARAT",,91000,,,,,4.2857079,117.880046
3150,21-12020210,BUKA,AWAM,KKM,,SABAH,TELUPID,KLINIK,KLINIK DESA,KD KIABAU,"JALAN TELUPID, KAMPUNG KIABAU",,90108,,,,,5.6224288,117.1272709
3151,21-12220151,BUKA,AWAM,KKM,,SABAH,TENOM,KLINIK,KLINIK DESA,KD BARU JUMPA,"KAMPUNG BARU JUMPA, JALAN KEMABONG, TENOM",,89907,,,,,4.9422059,115.9021732
3152,21-12220155,BUKA,AWAM,KKM,,SABAH,TENOM,KLINIK,KLINIK DESA,KD BATU-BATU,"KAMPUNG BATU-BATU, JALAN SAGA, TENOM",,89907,,,,,5.1247314,115.9444858
3153,21-12220222,BUKA,AWAM,KKM,,SABAH,TENOM,KLINIK,KLINIK DESA,KD LAGUD SEBARANG,"JALAN TAMAN PERTANIAN, LAGUD SEBARANG, TENOM",,89907,,,,,5.174571,115.983015
3154,21-12220243,BUKA,AWAM,KKM,,SABAH,TENOM,KLINIK,KLINIK DESA,KD MANDALOM,"KAMPUNG MANDALUM, JALAN SAGA, TENOM",,89907,,,,,5.1228438,115.9436677
3155,21-12220262,BUKA,AWAM,KKM,,SABAH,TENOM,KLINIK,KLINIK DESA,KD PAAL,"KAMPUNG PAAL, JALAN KEMABONG, KEMABONG, TENOM",,89907,,,,,5.0138071,115.9178723
3156,21-12220264,BUKA,AWAM,KKM,,SABAH,TENOM,KLINIK,KLINIK DESA,KD PAMILAAN,"KAMPUNG PAMILAAN, JALAN TENOM KENINGAU PAMILAAN",,89907,,,,,5.2910757,116.0204321
3157,21-12220288,BUKA,AWAM,KKM,,SABAH,TENOM,KLINIK,KLINIK DESA,KD SAPONG,"KAMPUNG SAPONG, JALAN KEMABONG, SAPONG, TENOM",,89907,,,,,5.0235603,115.925527
3158,21-12220330,BUKA,AWAM,KKM,,SABAH,TENOM,KLINIK,KLINIK DESA,KD ULU TOMANI,"KAMPUNG ULU TOMANI, ULU TOMANI, TENOM",,89907,,,,,4.6889884,115.8768812
3159,21-12230196,BUKA,AWAM,KKM,,SABAH,TONGOD,KLINIK,KLINIK DESA,KD KARAMUAK,"KAMPUNG KARAMUAK DALAM, TONGOD",,90200,,,,,5.282683,117.2119858
3160,21-12240169,BUKA,AWAM,KKM,,SABAH,TUARAN,KLINIK,KLINIK DESA,KD BUNDUNG,"KAMPUNG BUNDUNG, 89208 TUARAN",,89200,,,,,6.176269,116.23279
3161,21-12240277,BUKA,AWAM,KKM,,SABAH,TUARAN,KLINIK,KLINIK DESA,KD PUKAK,"KAMPUNG PUKAK, 89208 TUARAN",,89200,,,,,6.176269,116.23279
3162,21-12240149,BUKA,AWAM,KKM,,SABAH,TUARAN,KLINIK,KLINIK DESA,KD BANTAYAN,"KAMPUNG BANTAYAN, 89208 TUARAN",,89208,,,,,6.153465,116.2472
3163,21-12240162,BUKA,AWAM,KKM,,SABAH,TUARAN,KLINIK,KLINIK DESA,KD BOLONG,"KAMPUNG BOLONG, JALAN TUARAN",,89208,,,,,6.1150158,116.2049906
3164,21-12240182,BUKA,AWAM,KKM,,SABAH,TUARAN,KLINIK,KLINIK DESA,KD GAYA RATAU,"JALAN TAMPARULI, KAMPUNG GAYA RATAU",,89208,,,,,6.1449828,116.3154907
3165,21-12240198,BUKA,AWAM,KKM,,SABAH,TUARAN,KLINIK,KLINIK DESA,KD KAULUAN,"JALAN TAMPARULI, KAMPUNG KAULUAN",,89208,,,,,6.0496533,116.4561729
3166,21-12240201,BUKA,AWAM,KKM,,SABAH,TUARAN,KLINIK,KLINIK DESA,KD KAYANGAT,"KAMPUNG RANI TENGHILAN, 89208 TUARAN",,89208,,,,,6.2596805,116.3561187
3167,21-12240206,BUKA,AWAM,KKM,,SABAH,TUARAN,KLINIK,KLINIK DESA,KD KELAWAT,"KG.KELAWAT, JALAN KOTA KINABALU, 89150 KOTA BELUD",,89208,,,,,5.8543117,116.2919205
3168,21-12240246,BUKA,AWAM,KKM,,SABAH,TUARAN,KLINIK,KLINIK DESA,KD MENGKABONG,"JALAN MENGKABONG, TUARAN",,89208,,,,,6.139398,116.1505324
3169,21-12240263,BUKA,AWAM,KKM,,SABAH,TUARAN,KLINIK,KLINIK DESA,KD PAHU,"KAMPUNG TOMIS LAMAR, TUARAN",,89208,,,,,6.176269,116.23279
3170,21-12240322,BUKA,AWAM,KKM,,SABAH,TUARAN,KLINIK,KLINIK DESA,KD TOGOP,KAMPUNG TOGOP,,89208,,,,,6.109201,116.348053
3171,21-12240325,BUKA,AWAM,KKM,,SABAH,TUARAN,KLINIK,KLINIK DESA,KD TOPOKON,"KAMPUNG TOPOKON, TUARAN",,89208,,,,,6.1894248,116.3004472
3172,21-12240426,BUKA,AWAM,KKM,,SABAH,TUARAN,KLINIK,KLINIK DESA,KD PENIMBAWAN,"KAMPUNG PENIMBAWAN, TUARAN",,89028,,,,,6.2690714,116.2648017
3173,21-12010331,BUKA,AWAM,KKM,,SABAH,BEAUFORT,KLINIK,KLINIK KESIHATAN IBU DAN ANAK,KKIA BEAUFORT,"PEJABAT KESIHATAN KAWASAN BEAUFORT, PETI SURAT 101",,89807,,,,,5.3455687,115.7453354
3174,21-12020332,BUKA,AWAM,KKM,,SABAH,BELURAN,KLINIK,KLINIK KESIHATAN IBU DAN ANAK,KKIA BELURAN,"KLINIK KESIHATAN IBU DAN ANAK BELURAN, PETI SURAT 117",,90109,,,,,5.8926376,117.5551265
3175,21-12030334,BUKA,AWAM,KKM,,SABAH,KENINGAU,KLINIK,KLINIK KESIHATAN IBU DAN ANAK,KKIA KENINGAU,"D/A PEJABAT KESIHATAN KAWASAN KENINGAU, PETI SURAT 94",,89007,,,,,5.3409699,116.1596054
3176,21-12050336,BUKA,AWAM,KKM,,SABAH,KOTA BELUD,KLINIK,KLINIK KESIHATAN IBU DAN ANAK,KKIA KOTA BELUD,"KLINIK KESIHATAN IBU DAN ANAK, KG. PIRASAN, JALAN BYPASS KOTA BELUD-RANAU, KOTA BELUD",,89158,,,,,6.3460838,116.4315015
3177,21-12060343,BUKA,AWAM,KKM,,SABAH,KOTA KINABALU,KLINIK,KLINIK KESIHATAN IBU DAN ANAK,KKIA PEKAN,"KLINIK KESIHATAN IBU DAN ANAK, JALAN KG. AIR, BANDAR RAYA KOTA KINABALU",,88300,,,,,5.9798277,116.0756426
3178,21-12040337,BUKA,AWAM,KKM,,SABAH,KINABATANGAN,KLINIK,KLINIK KESIHATAN IBU DAN ANAK,KKIA KOTA KINABATANGAN,"D/A PEJABAT KESIHATAN KAWASAN KINABATANGAN, WDT 40",,90200,,,,,5.586506,117.8500842
3179,21-12070338,BUKA,AWAM,KKM,,SABAH,KOTA MARUDU,KLINIK,KLINIK KESIHATAN IBU DAN ANAK,KKIA KOTA MARUDU,"JALAN LOTONG, PETI SURAT 421, KOTA MARUDU",,89108,,,,,6.4958249,116.7609682
3180,21-12080069,BUKA,AWAM,KKM,,SABAH,KUALA PENYU,KLINIK,KLINIK KESIHATAN IBU DAN ANAK,KKIA KUALA PENYU,D/A PEJABAT KESIHATAN DAERAH KUALA PENYU,,89747,,,,,5.5712796,115.5986877
3181,21-12090339,BUKA,AWAM,KKM,,SABAH,KUDAT,KLINIK,KLINIK KESIHATAN IBU DAN ANAK,KKIA KUDAT,"D/A PEJABAT KESIHATAN KAWASAN KUDAT, 
BEG BERKUNCI 6",,89059,,,,,48.019915,3.513038
3182,21-12100073,BUKA,AWAM,KKM,,SABAH,KUNAK,KLINIK,KLINIK KESIHATAN IBU DAN ANAK,KKIA KUNAK 1,"D/A PEJABAT KESIHATAN DAERAH KUNAK, 
PETI SURAT 990, KUNAK",,91008,,,,,4.686116,118.2511462
3183,21-12100340,BUKA,AWAM,KKM,,SABAH,KUNAK,KLINIK,KLINIK KESIHATAN IBU DAN ANAK,KKIA KUNAK 2,"D/A PEJABAT KESIHATAN DAERAH KUNAK, 
PETI SURAT 6",,91008,,,,,4.686116,118.2511462
3184,21-12130342,BUKA,AWAM,KKM,,SABAH,PAPAR,KLINIK,KLINIK KESIHATAN IBU DAN ANAK,KKIA PAPAR,"D/A PEJABAT KESIHATAN DAERAH PAPAR, JALAN HOSPITAL LAMA, PETI SURAT 109, 
89608 PAPAR",,88300,,,,,5.7369608,115.9328641
3185,21-12150344,BUKA,AWAM,KKM,,SABAH,PITAS,KLINIK,KLINIK KESIHATAN IBU DAN ANAK,KKIA PITAS,"KLINIK KESIHATAN IBU DAN ANAK, PEJABAT KESIHATAN DAERAH PITAS, PEKAN PITAS",,89059,,,,,6.722237,117.055273
3186,21-12160345,BUKA,AWAM,KKM,,SABAH,RANAU,KLINIK,KLINIK KESIHATAN IBU DAN ANAK,KKIA RANAU,"KLINIK KESIHATAN IBU DAN ANAK, JALAN HOSPITAL RANAU, PEKAN RANAU",,89200,,,,,5.9544136,116.6702341
3187,21-12170346,BUKA,AWAM,KKM,,SABAH,SANDAKAN,KLINIK,KLINIK KESIHATAN IBU DAN ANAK,KKIA SANDAKAN,"KLINIK KESIHATAN IBU DAN ANAK, BANDAR SANDAKAN",,90009,,,,,5.8376462,118.1037621
3188,21-12190369,BUKA,AWAM,KKM,,SABAH,SIPITANG,KLINIK,KLINIK KESIHATAN IBU DAN ANAK,KKIA SIPITANG,"KLINIK KESIHATAN IBU DAN ANAK, 
PEKAN SIPITANG",,89807,,,,,5.0965272,115.5626629
3189,21-12200348,BUKA,AWAM,KKM,,SABAH,TAMBUNAN,KLINIK,KLINIK KESIHATAN IBU DAN ANAK,KKIA TAMBUNAN,"PEJABAT KESIHATAN DAERAH TAMBUNAN, PETI SURAT 10, 89657 TAMBUNAN",,89007,,,,,5.681922,116.3715255
3190,21-12210335,BUKA,AWAM,KKM,,SABAH,TAWAU,KLINIK,KLINIK KESIHATAN IBU DAN ANAK,KKIA KINABUTAN,"PKK TAWAU,PETI SURAT 990, JALAN DATUK CHONG THIEN VUN, SIN ON, 91000 TAWAU",,91000,,,,,4.2724311,117.9043438
3191,21-12210349,BUKA,AWAM,KKM,,SABAH,TAWAU,KLINIK,KLINIK KESIHATAN IBU DAN ANAK,KKIA TAWAU 1,"PKK TAWAU,PETI SURAT 990, JALAN DATUK CHONG THIEN VUN, SIN ON, 91000 TAWAU",,91000,,,,,4.259496,117.9098292
3192,21-12220350,BUKA,AWAM,KKM,,SABAH,TENOM,KLINIK,KLINIK KESIHATAN IBU DAN ANAK,KKIA TENOM,"PEJABAT KESIHATAN DAERAH TENOM, PETI SURAT 97, 89907 TENOM",,89907,,,,,5.1231478,115.941532
3193,21-12240351,BUKA,AWAM,KKM,,SABAH,TUARAN,KLINIK,KLINIK KESIHATAN IBU DAN ANAK,KKIA TUARAN,D/A PEJABAT KESIHATAN KAWASAN TUARAN WDT 10,,89200,,,,,6.1558353,116.2224899
3194,21-13010043,BUKA,AWAM,KKM,,SARAWAK,ASAJAYA,KLINIK,KLINIK KESIHATAN,KK ASAJAYA,"KAMPUNG ASAJAYA, 94600 ASAJAYA",,94600,,,,,1.5445833,110.6040725
3195,21-13010077,BUKA,AWAM,KKM,,SARAWAK,ASAJAYA,KLINIK,KLINIK KESIHATAN,KK JEMUKAN,"KAMPUNG JEMUKAN, 94600 ASAJAYA",,94600,,,,,1.5521604,110.6930729
3196,21-13010178,BUKA,AWAM,KKM,,SARAWAK,ASAJAYA,KLINIK,KLINIK KESIHATAN,KK SADONG JAYA,"KAMPUNG SADONG JAYA, 94600 ASAJAYA",,94600,,,,,1.514565,110.7395229
3197,21-13010192,BUKA,AWAM,KKM,,SARAWAK,ASAJAYA,KLINIK,KLINIK KESIHATAN,KK SEMERA,"KAMPUNGA SAMERA, 94600 ASAJAYA",,94600,,,,,1.5460452,110.6711733
3198,21-13020194,BUKA,AWAM,KKM,,SARAWAK,BAU,KLINIK,KLINIK KESIHATAN,KK SERASOT,"KAMPUNG SERASOT, 93250 BAU",,93250,,,,,1.36369,110.0844
3199,21-13020196,BUKA,AWAM,KKM,,SARAWAK,BAU,KLINIK,KLINIK KESIHATAN,KK SINGAI,"JALAN KAWAH, KAMPUNG SINGAI, 93250 BAU",,93250,,,,,1.4157901,110.1550419
3200,21-13020247,BUKA,AWAM,KKM,,SARAWAK,BAU,KLINIK,KLINIK KESIHATAN,KK KROKONG,"JALAN BAU SERIKIN, KAMPUNG KROKONG, BAU",,93250,,,,,1.3659031,110.116365
3201,21-13020257,BUKA,AWAM,KKM,,SARAWAK,BAU,KLINIK,KLINIK KESIHATAN,KK SINIAWAN,"JALAN SINIAWAN, 94000 BAU",,94000,,,,,1.4451182,110.2177754
3202,21-13030058,BUKA,AWAM,KKM,,SARAWAK,BELAGA,KLINIK,KLINIK KESIHATAN,KK BELAGA,"PEKAN KECIL BELAGA, 96800 BELAGA",,96800,,,,,2.7050035,113.7822214
3203,21-13030120,BUKA,AWAM,KKM,,SARAWAK,BELAGA,KLINIK,KLINIK KESIHATAN,KK LUSONG LAKU,"KAMPUNG LUSONG LAKU, 96800 BELAGA",,96800,,,,,2.7050035,113.7822214
3204,21-13030174,BUKA,AWAM,KKM,,SARAWAK,BELAGA,KLINIK,KLINIK KESIHATAN,KK PUNAN BAH,"KAMPUNG PUNAN BAH, 96800 BELAGA",,96800,,,,,2.383333,113.35
3205,21-13030206,BUKA,AWAM,KKM,,SARAWAK,BELAGA,KLINIK,KLINIK KESIHATAN,KK SUNGAI ASAP,"PEKAN SUNGAI ASAP, 96800 BELAGA",,96800,,,,,3.0447169,113.9144354
3206,21-13030207,BUKA,AWAM,KKM,,SARAWAK,BELAGA,KLINIK,KLINIK KESIHATAN,KK SUNGAI KOYAN,"KAMPUNG SUNGAI KOYAN, 96800 BELAGA",,96800,,,,,2.7050035,113.7822214
3207,21-13030230,BUKA,AWAM,KKM,,SARAWAK,BELAGA,KLINIK,KLINIK KESIHATAN,KK UMA SAMBOP,"KAMPUNG UMA SAMBOP, 96800 BELAGA",,96900,,,,,2.7050035,113.7822214
3208,21-13040071,BUKA,AWAM,KKM,,SARAWAK,BETONG,KLINIK,KLINIK KESIHATAN,KK DEBAK,"DEBAK, SARIBAS, 95500 BETONG",,95500,,,,,1.5647728,111.4238002
3209,21-13040155,BUKA,AWAM,KKM,,SARAWAK,BETONG,KLINIK,KLINIK KESIHATAN,KK NANGA MUJAU,"NANGA LAWIH, 95700 BETONG",,95700,,,,,1.5149292,111.6696088
3210,21-13040162,BUKA,AWAM,KKM,,SARAWAK,BETONG,KLINIK,KLINIK KESIHATAN,KK NANGA TIGA,"KAMPUNG NG TIGA, 95700 BETONG",,95700,,,,,1.6078445,111.7013748
3211,21-13040199,BUKA,AWAM,KKM,,SARAWAK,BETONG,KLINIK,KLINIK KESIHATAN,KK SPAOH,"KAMPUNG SPAOH, 95600 BETONG",,95600,,,,,1.4609804,111.4802451
3212,21-13040226,BUKA,AWAM,KKM,,SARAWAK,BETONG,KLINIK,KLINIK KESIHATAN,KK TUIE,"KAMPUNG TUIE, PUSA, SARIBAS",,95500,,,,,1.5395094,111.3494782
3213,21-13040381,BUKA,AWAM,KKM,,SARAWAK,BETONG,KLINIK,KLINIK KESIHATAN,KK MID LAYAR,"KM1, JALAN ULU LAYAR, 95700 BETONG",,95700,,,,,1.4655618,111.572469
3214,21-13050064,BUKA,AWAM,KKM,,SARAWAK,BINTULU,KLINIK,KLINIK KESIHATAN,KK BINTULU,"LEBUH RAYA ABANG GALAU, 97000 BINTULU",,97000,,,,,3.1697866,113.042586
3215,21-13050090,BUKA,AWAM,KKM,,SARAWAK,BINTULU,KLINIK,KLINIK KESIHATAN,KK NYALAU,"KAMPUNG TENGAH NYALAU, 97000 BINTULU",,97000,,,,,3.2701653,113.2585674
3216,21-13050380,BUKA,AWAM,KKM,,SARAWAK,BINTULU,KLINIK,KLINIK KESIHATAN,KK JEPAK,"JLN JEPAK KUALA TATAU, 97000 BINTULU SARAWAK",,97000,,,,,3.1608306,113.0379121
3217,21-13060091,BUKA,AWAM,KKM,,SARAWAK,DALAT,KLINIK,KLINIK KESIHATAN,KK KUALA OYA,LOT 467 BLOCK 15 OYA-DALAT LAND DISTRICT,,96300,,,,,2.8597194,111.8771193
3218,21-13060244,BUKA,AWAM,KKM,,SARAWAK,DALAT,KLINIK,KLINIK KESIHATAN,KK MEDONG,LOT 66 BLOCK 168 OYA DALAT LAND DISTRICT,,96300,,,,,2.6846863,111.9338044
3219,21-13060156,BUKA,AWAM,KKM,,SARAWAK,DALAT,KLINIK,KLINIK KESIHATAN,KK NANGA BAOH,LOT 4 BLOCK 251 OYA-DALAT LAND DISTRICT,,96300,,,,,2.738395,111.9388601
3220,21-13070061,BUKA,AWAM,KKM,,SARAWAK,DARO,KLINIK,KLINIK KESIHATAN,KK BETANAK,"LOT 5 BLOCK 5 BRUIT
 LAND DISTRICT",,96200,,,,,2.7,111.366667
3221,21-13070065,BUKA,AWAM,KKM,,SARAWAK,DARO,KLINIK,KLINIK KESIHATAN,KK BRUIT,"LOT 38 BLOCK 4 BRUIT
 LAND DISTRICT",,96200,,,,,2.7,111.366667
3222,21-13070070,BUKA,AWAM,KKM,,SARAWAK,DARO,KLINIK,KLINIK KESIHATAN,KK DARO,"KLINIK KESIHATAN DARO SEMENTARA, D/A HOSPITAL DARO, JALAN ITOL",,96200,,,,,2.5218077,111.4131669
3223,21-13070150,BUKA,AWAM,KKM,,SARAWAK,DARO,KLINIK,KLINIK KESIHATAN,KK NANGA SEMAH,"LOT 37 BLOCK 8 SEMAH
 LAND DISTRICT",,96200,,,,,2.527996,111.417057
3224,21-13070217,BUKA,AWAM,KKM,,SARAWAK,DARO,KLINIK,KLINIK KESIHATAN,KK TEKAJONG,LOT 245 BRUIT LAND DISTRICT,,96200,,,,,2.7382247,111.304526
3225,21-13080078,BUKA,AWAM,KKM,,SARAWAK,JULAU,KLINIK,KLINIK KESIHATAN,KK JULAU,"PEKAN JULAU, 96600 JULAU",,96600,,,,,2.0240489,111.9161133
3226,21-13080095,BUKA,AWAM,KKM,,SARAWAK,JULAU,KLINIK,KLINIK KESIHATAN,KK LASSI,"KAMPUNG LASSI, 96600 JULAU",,96600,,,,,2.0353834,111.9403254
3227,21-13080134,BUKA,AWAM,KKM,,SARAWAK,JULAU,KLINIK,KLINIK KESIHATAN,KK NANGA ENTABAI,"KAMPUNG NANGA ENTABAI, 96600 JULAU",,96600,,,,,1.7930194,111.9212204
3228,21-13080145,BUKA,AWAM,KKM,,SARAWAK,JULAU,KLINIK,KLINIK KESIHATAN,KK NANGA MAONG (MUJOK),"KAMPUNG MAONG, 96600 JULAU",,96600,,,,,1.7392838,112.0243773
3229,21-13080158,BUKA,AWAM,KKM,,SARAWAK,JULAU,KLINIK,KLINIK KESIHATAN,KK NANGA ENSIRING,"KAMPUNG ENSIRING, 96600 JULAU",,96600,,,,,1.6842363,111.9865602
3230,21-13080186,BUKA,AWAM,KKM,,SARAWAK,JULAU,KLINIK,KLINIK KESIHATAN,KK SEKALONG,"KAMPUNG SEKALONG, 96600 JULAU",,96600,,,,,2.024275,111.9166088
3231,21-13090121,BUKA,AWAM,KKM,,SARAWAK,KANOWIT,KLINIK,KLINIK KESIHATAN,KK MACHAN,"PEKAN MACHAN, 96700 KANOWIT",,96700,,,,,2.0187527,112.0220994
3232,21-13090148,BUKA,AWAM,KKM,,SARAWAK,KANOWIT,KLINIK,KLINIK KESIHATAN,KK NANGA POI (MENALUN),"KAMPUNG NANGA POI, 96700 KANOWIT",,96700,,,,,2.031873,112.263021
3233,21-13090159,BUKA,AWAM,KKM,,SARAWAK,KANOWIT,KLINIK,KLINIK KESIHATAN,KK NANGA JAGAU,"KAMPUNG NANGA JAGAU, 96700 KANOWIT",,96700,,,,,1.8813495,112.313681
3234,21-13090163,BUKA,AWAM,KKM,,SARAWAK,KANOWIT,KLINIK,KLINIK KESIHATAN,KK NGUNGUN,"KAMPUNG NGUNGUN, 96700 KANOWIT",,96700,,,,,2.0790966,112.0714835
3235,21-13090393,BUKA,AWAM,KKM,,SARAWAK,KANOWIT,KLINIK,KLINIK KESIHATAN,KK NG TADA,"LOT. 10, SECTION 7, MAPAI LAND DISTRICT, KANOWIT",,96700,,,,,2.0849669,112.362644
3236,21-13100081,BUKA,AWAM,KKM,,SARAWAK,KAPIT,KLINIK,KLINIK KESIHATAN,KK KAPIT,"JALAN BLETEH, 96800, KAPIT",,96800,,,,,2.0120356,112.9263692
3237,21-13100132,BUKA,AWAM,KKM,,SARAWAK,KAPIT,KLINIK,KLINIK KESIHATAN,KK NANGA BENA,"JALAN SUNGAI BENA, RUMAH PANJANG",,96800,,,,,1.927829029,113.1233079
3238,21-13100139,BUKA,AWAM,KKM,,SARAWAK,KAPIT,KLINIK,KLINIK KESIHATAN,KK NANGA IBAU,"KAMPUNG NANGA IBAU, SUNGAI BATANG RAJANG, 96800 KAPIT",,96800,,,,,1.995115,112.933085
3239,21-13100144,BUKA,AWAM,KKM,,SARAWAK,KAPIT,KLINIK,KLINIK KESIHATAN,KK NANGA MERIT,"KLINIK KESIHATAN NANGA MERIT, 96800 KAPIT, SARAWAK",,96800,,,,,2.2875594,113.1305313
3240,21-13110044,BUKA,AWAM,KKM,,SARAWAK,KUCHING,KLINIK,KLINIK KESIHATAN,KK BAKO,"JALAN BAKO, KAMPUNG BAKO, 93150 KUCHING",,93150,,,,,1.6590387,110.4376705
3241,21-13110050,BUKA,AWAM,KKM,,SARAWAK,KUCHING,KLINIK,KLINIK KESIHATAN,KK BATU KAWA,"JALAN ENG SING, OFF JALAN STAPOK, BATU KAWA 93250 KUCHING",,93250,,,,,1.5349263,110.3268502
3242,21-13110067,BUKA,AWAM,KKM,,SARAWAK,KUCHING,KLINIK,KLINIK KESIHATAN,KK BUNTAL,"JALAN TENGAH, 93050 KUCHING",,93050,,,,,1.70172,110.37
3243,21-13110068,BUKA,AWAM,KKM,,SARAWAK,KUCHING,KLINIK,KLINIK KESIHATAN,KK BUNUK,"KLINIK JALAN PUNCAK BORNEO, 93250 KUCHING",,93250,,,,,1.3999505,110.3251232
3244,21-13110084,BUKA,AWAM,KKM,,SARAWAK,KUCHING,KLINIK,KLINIK KESIHATAN,KK KOTA SENTOSA,"KOTA SENTOSA, JALAN STAKAN 93250 KUCHING",,93250,,,,,1.4696254,110.3307033
3245,21-13110129,BUKA,AWAM,KKM,,SARAWAK,KUCHING,KLINIK,KLINIK KESIHATAN,KK JALAN MASJID,"JALAN MASJID, 93400 KUCHING",,93400,,,,,1.5571389,110.34277
3246,21-13110165,BUKA,AWAM,KKM,,SARAWAK,KUCHING,KLINIK,KLINIK KESIHATAN,KK PADAWAN,"JALAN PUNCAK BORNEO, 93250 KUCHING",,93250,,,,,1.4237047,110.3272355
3247,21-13110181,BUKA,AWAM,KKM,,SARAWAK,KUCHING,KLINIK,KLINIK KESIHATAN,KK SANTUBONG,"JALAN SULTAN TENGAH, 93050 KUCHING",,93050,,,,,1.7185628,110.3148236
3248,21-13110209,BUKA,AWAM,KKM,,SARAWAK,KUCHING,KLINIK,KLINIK KESIHATAN,KK TANAH PUTEH,"TANAH PUTEH, JALAN PENDING, KUCHING",,93450,,,,,1.5511258,110.3804769
3249,21-13110218,BUKA,AWAM,KKM,,SARAWAK,KUCHING,KLINIK,KLINIK KESIHATAN,KK TELAGA AIR,"JALAN MATANG, KAMPUNG TELAGA AIR, 93150 KUCHING",,93050,,,,,1.6752035,110.2086267
3250,21-13110220,BUKA,AWAM,KKM,,SARAWAK,KUCHING,KLINIK,KLINIK KESIHATAN,KK TG.EMBANG,"KAMPUNG TANJUNG EMBANG, 93150 KUCHING",,93150,,,,,1.5361444,110.3366422
3251,21-13110388,BUKA,AWAM,KKM,,SARAWAK,KUCHING,KLINIK,KLINIK KESIHATAN,KK BRAANG BAYOR,KM 20 JALAN PUNCAK BORNEO,,93050,,,,,1.3978533,110.3245932
3252,21-13110389,BUKA,AWAM,KKM,,SARAWAK,KUCHING,KLINIK,KLINIK KESIHATAN,KK PETRA JAYA,"LOT 8196,8197,8200,8201 DAN 3218 SECT.018,K.T.L.D., JALAN SIOL KANAN, PETRA JAYA, KUCHING, SARAWAK",,93050,,,,,1.5911112,110.3398665
3253,21-13110398,BUKA,AWAM,KKM,,SARAWAK,KUCHING,KLINIK,KLINIK KESIHATAN,KK UTC KUCHING,"ARAS 2, UTC SARAWAK, JALAN BUKIT MATA, KUCHING",,93100,,,,,1.5564023,110.3527334
3254,21-13110250,BUKA,AWAM,KKM,,SARAWAK,KUCHING,KLINIK,KLINIK KESIHATAN,KK MUARA TEBAS,"JALAN MUARA TEBAS, OFF JALAN BAKO",,93100,,,,,1.5874754,110.4104107
3255,21-13110372,BUKA,AWAM,KKM,,SARAWAK,KUCHING,KLINIK,KLINIK KESIHATAN,KK TAMAN MALIHAH,"LOT 3144, BLOK 8, LAND DISTRICT",,93050,,,,,1.5550922,110.2542686
3256,21-13120054,BUKA,AWAM,KKM,,SARAWAK,LAWAS,KLINIK,KLINIK KESIHATAN,KK BA KELALAN,"PEKAN BA KELALAN, 98850 LIMBANG",,98850,,,,,4.0088668,115.609553
3257,21-13120087,BUKA,AWAM,KKM,,SARAWAK,LAWAS,KLINIK,KLINIK KESIHATAN,KK KUALA LAWAS,"BANDAR KUALA LAWAS, 98850 LAWAS",,98850,,,,,4.95211,115.425
3258,21-13120096,BUKA,AWAM,KKM,,SARAWAK,LAWAS,KLINIK,KLINIK KESIHATAN,KK LAWAS,"LOT 335-338, JALAN HOSPITAL",,98850,,,,,4.858306,115.4054555
3259,21-13120115,BUKA,AWAM,KKM,,SARAWAK,LAWAS,KLINIK,KLINIK KESIHATAN,KK LONG SEMADOH,"LONG SEMANDOH, 98850 LAWAS",,98850,,,,,4.246988,115.590797
3260,21-13120116,BUKA,AWAM,KKM,,SARAWAK,LAWAS,KLINIK,KLINIK KESIHATAN,KK LONG SUKANG,"LONG SUKANG, 98850 LAWAS",,98850,,,,,4.5529628,115.4884024
3261,21-13120126,BUKA,AWAM,KKM,,SARAWAK,LAWAS,KLINIK,KLINIK KESIHATAN,KK MERAPOK,"MERAPOK, JALAN SINDUMIN, 98850 LAWAS",,98850,,,,,4.9581564,115.5051953
3262,21-13120204,BUKA,AWAM,KKM,,SARAWAK,LAWAS,KLINIK,KLINIK KESIHATAN,KK SUNDAR,"PEKAN SUNDAR, 98800 LAWAS",,98800,,,,,4.8922469,115.2059984
3263,21-13120210,BUKA,AWAM,KKM,,SARAWAK,LAWAS,KLINIK,KLINIK KESIHATAN,KK TANG LAPADAN,"TANG LAPADAN, 98850 LAWAS",,98850,,,,,4.6894635,115.3227058
3264,21-13120223,BUKA,AWAM,KKM,,SARAWAK,LAWAS,KLINIK,KLINIK KESIHATAN,KK TRUSAN,"PEKAN TRUSAN, 98850 LAWAS",,98850,,,,,4.785955,115.271797
3265,21-13130049,BUKA,AWAM,KKM,,SARAWAK,LIMBANG,KLINIK,KLINIK KESIHATAN,KK BATU DANAU,"BATU DANAU, 98700 LIMBANG",,98700,,,,,4.6534116,114.8307452
3266,21-13130089,BUKA,AWAM,KKM,,SARAWAK,LIMBANG,KLINIK,KLINIK KESIHATAN,KK KUALA MEDALAM,"PEKAN KUALA MENDALAM, 98700 LIMBANG",,99700,,,,,4.3888717,114.9073976
3267,21-13130141,BUKA,AWAM,KKM,,SARAWAK,LIMBANG,KLINIK,KLINIK KESIHATAN,KK NANGA MEDAMIT,KAMPUNG NANGA MERIT,,98700,,,,,4.4811342,114.9154033
3268,21-13130143,BUKA,AWAM,KKM,,SARAWAK,LIMBANG,KLINIK,KLINIK KESIHATAN,KK NANGA MERIT,"KAMPUNG NANGA MERIT, 96800 KAPIT",,98700,,,,,2.299867,113.0663679
3269,21-13130172,BUKA,AWAM,KKM,,SARAWAK,LIMBANG,KLINIK,KLINIK KESIHATAN,KK PENGANAN,"PENGANAN, 98700 LIMBANG",,98700,,,,,4.5550253,115.0661425
3270,21-13140048,BUKA,AWAM,KKM,,SARAWAK,LUBOK ANTU,KLINIK,KLINIK KESIHATAN,KK BATANG AI,"BATANG AI, 95900 SRI AMAN",,95900,,,,,1.043355,111.8535959
3271,21-13140073,BUKA,AWAM,KKM,,SARAWAK,LUBOK ANTU,KLINIK,KLINIK KESIHATAN,KK ENGKILILI,"PEKAN ENGKILILI, 95900 SRI AMAN",,95900,,,,,1.1371126,111.6683083
3272,21-13140118,BUKA,AWAM,KKM,,SARAWAK,LUBOK ANTU,KLINIK,KLINIK KESIHATAN,KK LUBOK ANTU,"PEKAN LUBOK ANTU, 95007 SRI AMAN",,95007,,,,,1.04178,111.836
3273,21-13140127,BUKA,AWAM,KKM,,SARAWAK,LUBOK ANTU,KLINIK,KLINIK KESIHATAN,KK MERINDUN,"MERINDUN, 95900 SRI AMAN",,95007,,,,,1.1798491,111.750242
3274,21-13140140,BUKA,AWAM,KKM,,SARAWAK,LUBOK ANTU,KLINIK,KLINIK KESIHATAN,KK NANGA KESIT,"NANGA KESIT, 95900 SRI AMAN",,95900,,,,,1.043355,111.8535959
3275,21-13140147,BUKA,AWAM,KKM,,SARAWAK,LUBOK ANTU,KLINIK,KLINIK KESIHATAN,KK NANGA PATOH,"NANGA PATOH, 95900 SRI AMAN",,95900,,,,,1.33592,111.833
3276,21-13140350,BUKA,AWAM,KKM,,SARAWAK,LUBOK ANTU,KLINIK,KLINIK KESIHATAN,KK NANGA DELOK,"NANGA DELOK, 95900 SRI AMAN",,95900,,,,,1.2326931,112.0220206
3277,21-13140253,BUKA,AWAM,KKM,,SARAWAK,LUBOK ANTU,KLINIK,KLINIK KESIHATAN,KK NANGA STAMANG,"NANGA STAMANG, 95900 SRI AMAN",,95900,,,,,1.31309,111.9435868
3278,21-13150191,BUKA,AWAM,KKM,,SARAWAK,LUNDU,KLINIK,KLINIK KESIHATAN,KK SEMATAN,"JALAN SUNGAI KILANG, SEMATAN, 94100 LUNDU",,94100,,,,,1.8082749,109.776282
3279,21-13150062,BUKA,AWAM,KKM,,SARAWAK,LUNDU,KLINIK,KLINIK KESIHATAN,KK BIAWAK,"KAMPUNG BIAWAK, 94500 LUNDU",,94500,,,,,1.665078,109.8036652
3280,21-13150193,BUKA,AWAM,KKM,,SARAWAK,LUNDU,KLINIK,KLINIK KESIHATAN,KK SAMPADI,"KAMPUNG SAMPADI, 94500 LUNDU",,94500,,,,,1.68672,110.014
3281,21-13150201,BUKA,AWAM,KKM,,SARAWAK,LUNDU,KLINIK,KLINIK KESIHATAN,KK STOH RAMBUNGAN,"KAMPUNG RAMBUNGAN, 94500 LUNDU",,94500,,,,,1.695581,110.1093421
3282,21-13150650,BUKA,AWAM,KKM,,SARAWAK,LUNDU,KLINIK,KLINIK KESIHATAN,KK STUNGKOR,"LOT 405, BLOCK 9 STUNGKOR LAND DISTRICT, JALAN BOKAH/RASAU/STUNGKOR, OFF JLN. BAU-LUNDU",,94500,,,,,1.4924311,109.9240796
3283,21-13170112,BUKA,AWAM,KKM,,SARAWAK,MARUDI,KLINIK,KLINIK KESIHATAN,KK LONG BEMANG,"RUMAH PANJANG LONG BEMANG, 98050 BARAM",,98050,,,,,3.85,114.6
3284,21-13170105,BUKA,AWAM,KKM,,SARAWAK,MARUDI,KLINIK,KLINIK KESIHATAN,KK LONG PANAI,"KAMPUNG LONG PANAI, 98050 BARAM",,98050,,,,,4.1194297,114.3816818
3285,21-13170208,BUKA,AWAM,KKM,,SARAWAK,MARUDI,KLINIK,KLINIK KESIHATAN,KK TAMAN NEGARA MULU,"LOT 696 BLOCK 361 OYA-DALAT LAND DISTRICT, MATU",,98050,,,,,4.1782188,114.3222064
3286,21-13180086,BUKA,AWAM,KKM,,SARAWAK,MATU,KLINIK,KLINIK KESIHATAN,KK KUALA IGAN,"LOT 2217 BLOCK JEMORENG 
LAND DISTRICT, MATU",,96300,,,,,2.821251,111.7092451
3287,21-13180088,BUKA,AWAM,KKM,,SARAWAK,MATU,KLINIK,KLINIK KESIHATAN,KK KUALA MATU,"LOT 30 MATU TOWN DISTRICT, MATU",,96250,,,,,2.7099018,111.4706617
3288,21-13180122,BUKA,AWAM,KKM,,SARAWAK,MATU,KLINIK,KLINIK KESIHATAN,KK MATU,"LOT 2 BLOCK 12 LASSA LAND DISTRICT, MATU",,96000,,,,,2.695497,111.4716679
3289,21-13180171,BUKA,AWAM,KKM,,SARAWAK,MATU,KLINIK,KLINIK KESIHATAN,KK NANGA PASSIN,"KAMPUNG NANGA PASSIN, 96000 MATU",,96000,,,,,2.695497,111.4716679
3290,21-13180176,BUKA,AWAM,KKM,,SARAWAK,MATU,KLINIK,KLINIK KESIHATAN,KK RASSAU,"LOT 1037 BLOCK 12 JEMORENG LAND DISTRICT, MATU",,96000,,,,,2.695497,111.4716679
3291,21-13180221,BUKA,AWAM,KKM,,SARAWAK,MATU,KLINIK,KLINIK KESIHATAN,KK TIAN,"KAMPUNG TIAN, 96250 MATU",,96250,,,,,2.6380314,111.512437
3292,21-13160063,BUKA,AWAM,KKM,,SARAWAK,MERADONG,KLINIK,KLINIK KESIHATAN,KK BINTANGOR,"PEKAN BINTAGOR, 96500 BINTAGOR",,96500,,,,,2.169966,111.6366412
3293,21-13190047,BUKA,AWAM,KKM,,SARAWAK,MIRI,KLINIK,KLINIK KESIHATAN,KK BARIO,"PEKAN BARIO, 98050 BARAM",,98050,,,,,3.7349572,115.4792784
3294,21-13190102,BUKA,AWAM,KKM,,SARAWAK,MIRI,KLINIK,KLINIK KESIHATAN,KK LONG LELLANG,"KAMPUNG LONG LELLANG, 98050 BARAM",,98050,,,,,3.4207413,115.1534866
3295,21-13190111,BUKA,AWAM,KKM,,SARAWAK,MIRI,KLINIK,KLINIK KESIHATAN,KK LONG BANGA,"RUMAH PANJANG LONG BANGA, 98050 BARAM",,98050,,,,,4.1851859,114.3313762
3296,21-13190348,BUKA,AWAM,KKM,,SARAWAK,MIRI,KLINIK,KLINIK KESIHATAN,KK LONG SERIDAN,"KAMPUNG LONG SERIDAN, 98050 BARAM",,98000,,,,,4.3584652,114.001226
3297,21-13190255,BUKA,AWAM,KKM,,SARAWAK,MIRI,KLINIK,KLINIK KESIHATAN,KK PA' DALIH,"JALAN KAYU BALAK, 98050 BARAM",,98050,,,,,4.1851859,114.3313762
3298,21-13190128,BUKA,AWAM,KKM,,SARAWAK,MIRI,KLINIK,KLINIK KESIHATAN,KK JALAN MERBAU,"BANDAR MIRI, JALAN MERBAU, 98000 MIRI",,98800,,,,,4.3959884,113.9921878
3299,21-13190225,BUKA,AWAM,KKM,,SARAWAK,MIRI,KLINIK,KLINIK KESIHATAN,KK TUDAN,"JALAN TUDAN PERMYJAYA, 98100 LUTONG",,98100,,,,,4.479282,114.0247568
3300,21-13190639,BUKA,AWAM,KKM,,SARAWAK,MIRI,KLINIK,KLINIK KESIHATAN,KK UTC MIRI,"LOT 317 BLOCK 94 BALINGIAN LAND DISTRICT, BALINGIAN",,98000,,,,,4.393008,113.9883692
3301,21-13190369,BUKA,AWAM,KKM,,SARAWAK,MIRI,KLINIK,KLINIK KESIHATAN,KK SENADIN,"LOT 1014, TINGKAT BAWAH, BLOK 5, KUALA BARAM LAND DISTRICT, DESA SENADIN 7",,98100,,,,,4.5014067,114.0126376
3302,21-13240672,BUKA,AWAM,KKM,,SARAWAK,MIRI,KLINIK,KLINIK KESIHATAN,KK BANDARAYA MIRI,"JALAN PADANG KERBAU, LOT 523, BLOCK 17, KUALA BARAM LAND DISTRICT, MIRI SARAWAK",,98800,,,,,4.4075632,114.0121086
3303,21-13200046,BUKA,AWAM,KKM,,SARAWAK,MUKAH,KLINIK,KLINIK KESIHATAN,KK BALINGIAN,"LOT 75 & LOT 76 BLOCK 23, BALINGIAN LAND DISTRICT, BALINGIAN",,96400,,,,,2.8920883,112.0921699
3304,21-13200085,BUKA,AWAM,KKM,,SARAWAK,MUKAH,KLINIK,KLINIK KESIHATAN,KK KUALA BALINGIAN,"QUARTERS MM 3/1 MPOM, JALAN MUKAH - SELANGAU",,96400,,,,,3.0155505,112.5879995
3305,21-13200161,BUKA,AWAM,KKM,,SARAWAK,MUKAH,KLINIK,KLINIK KESIHATAN,KK NANGA TAROH,"LOT 112 BLOCK 110 MUKAH LAND DISTRICT, MUKAH",,96400,,,,,2.6373674,112.26259
3306,21-13200245,BUKA,AWAM,KKM,,SARAWAK,MUKAH,KLINIK,KLINIK KESIHATAN,KK KAMPUNG TEH,"LOT 234 BLOCK 109 MUKAH LAND DISTRCIT, MUKAH",,96300,,,,,2.8615712,112.1628208
3307,21-13170671,BUKA,AWAM,KKM,,SARAWAK,MUKAH,KLINIK,KLINIK KESIHATAN,KK SIMPANG BUKUT,"LOT 19, BLOCK 12, BAWAN LAND DISTRICT, SIMPANG BUKUT, 96400, MUKAH SARAWAK",,96400,,,,,2.7017637,112.3620979
3308,21-13200384,BUKA,AWAM,KKM,,SARAWAK,MUKAH,KLINIK,KLINIK KESIHATAN,KK SESOK,"LOT 136, BLOK 109 (SESOK) MUKAH LAND DISTRICT",,96400,,,,,2.86577,112.1500793
3309,21-13210135,BUKA,AWAM,KKM,,SARAWAK,PAKAN,KLINIK,KLINIK KESIHATAN,KK NANGA ENTAIH,"KAMPUNG ENTAIH, 96150 PAKAN",,96150,,,,,1.7152099,111.7956522
3310,21-13210152,BUKA,AWAM,KKM,,SARAWAK,PAKAN,KLINIK,KLINIK KESIHATAN,KK NANGA WAK,"KAMPUNG WAK, 96150 PAKAN",,96150,,,,,1.834278,111.6195701
3311,21-13210160,BUKA,AWAM,KKM,,SARAWAK,PAKAN,KLINIK,KLINIK KESIHATAN,KK NANGA KARA,"KAMPUNG NANGA KARA, 96150 PAKAN",,96150,,,,,1.7009861,111.6942693
3312,21-13210166,BUKA,AWAM,KKM,,SARAWAK,PAKAN,KLINIK,KLINIK KESIHATAN,KK PAKAN,"PEKAN PAKAN, 96150 PAKAN",,96150,,,,,1.8900338,111.6772086
3313,21-13210388,BUKA,AWAM,KKM,,SARAWAK,PAKAN,KLINIK,KLINIK KESIHATAN,KK KEMALIH,"KLINIK KESIHATAN KEMALIH,ULU ENTABAI",,96150,,,,,1.6524518,111.8219252
3314,21-13220083,BUKA,AWAM,KKM,,SARAWAK,SAMARAHAN,KLINIK,KLINIK KESIHATAN,KK KOTA SAMARAHAN,"KOTA SAMARAHAN, JALAN DATUK MUHAMAD MUSA, 94300 KOTA SAMARAHAN",,94300,,,,,1.461149,110.4311902
3315,21-13220179,BUKA,AWAM,KKM,,SARAWAK,SAMARAHAN,KLINIK,KLINIK KESIHATAN,KK SAMBIR,"KAMPUNG SAMBIR, 94300 KOTA SAMARAHAN",,94600,,,,,1.5735752,110.5494384
3316,21-13220379,BUKA,AWAM,KKM,,SARAWAK,SAMARAHAN,KLINIK,KLINIK KESIHATAN,KK SAMARINDAH,"SUB.LOT 669 JLN SAMARINDAH, TAMAN SAMARINDAH, KOTA SAMARAHAN",,94300,,,,,1.4414706,110.4060859
3317,21-13230154,BUKA,AWAM,KKM,,SARAWAK,SARATOK,KLINIK,KLINIK KESIHATAN,KK NANGA ATOI,"KAMPUNG NANGA ATOI, 95400 SARATOK",,95400,,,,,1.8409042,111.411566
3318,21-13230157,BUKA,AWAM,KKM,,SARAWAK,SARATOK,KLINIK,KLINIK KESIHATAN,KK NANGA BUDU,"KAMPUNG NANGA BUDU, 95400 SARATOK",,95400,,,,,1.7655067,111.5116668
3319,21-13230177,BUKA,AWAM,KKM,,SARAWAK,SARATOK,KLINIK,KLINIK KESIHATAN,KK ROBAN,"PEKAN KECHIL ROBAN, 95300 SARATOK",,95300,,,,,1.8795528,111.3202736
3320,21-13240055,BUKA,AWAM,KKM,,SARAWAK,SARIKEI,KLINIK,KLINIK KESIHATAN,KK BALAI (BAKAM),"BALAI, 96100 SARIKEI",,96100,,,,,2.0528429,111.4117245
3321,21-13240182,BUKA,AWAM,KKM,,SARAWAK,SARIKEI,KLINIK,KLINIK KESIHATAN,KK SARIKEI,"SARIKEI, JALAN HOSPITAL LAMA, 96100 SARIKEI",,96100,,,,,2.1224427,111.5199042
3322,21-13250149,BUKA,AWAM,KKM,,SARAWAK,SELANGAU,KLINIK,KLINIK KESIHATAN,KK SEKUAU,"KAMPUNG SEKAU, 96000 SELANGAU",,96000,,,,,2.3559462,112.1261772
3323,21-13250188,BUKA,AWAM,KKM,,SARAWAK,SELANGAU,KLINIK,KLINIK KESIHATAN,KK SELANGAU,"KAMPUNG SELANGAU, 96000 SELANGAU",,96000,,,,,2.5298301,112.3288823
3324,21-13250205,BUKA,AWAM,KKM,,SARAWAK,SELANGAU,KLINIK,KLINIK KESIHATAN,KK SUNGAI ARIP,"KAMPUNG SUNGAI ARIP, 96000 SELANGAU",,96000,,,,,2.7355945,112.6710381
3325,21-13250339,BUKA,AWAM,KKM,,SARAWAK,SELANGAU,KLINIK,KLINIK KESIHATAN,KK TEPUS,"PEKAN TEPUS, 96000 SELANGAU",,96000,,,,,2.3556865,111.9522491
3326,21-13260045,BUKA,AWAM,KKM,,SARAWAK,SERIAN,KLINIK,KLINIK KESIHATAN,KK BALAI RINGIN,"KAMPUNG RINGIN, 94700 SERIAN",,94700,,,,,1.0473753,110.7494843
3327,21-13260189,BUKA,AWAM,KKM,,SARAWAK,SERIAN,KLINIK,KLINIK KESIHATAN,KK ENSENGEI,"KAMPUNG ENSENGEI, 94700 SERIAN",,94700,,,,,1.3262895,110.5870975
3328,21-13260213,BUKA,AWAM,KKM,,SARAWAK,SERIAN,KLINIK,KLINIK KESIHATAN,KK TARAT,"PEKAN TARAT, 94700 SERIAN",,94700,,,,,1.205929,110.5345782
3329,21-13260222,BUKA,AWAM,KKM,,SARAWAK,SERIAN,KLINIK,KLINIK KESIHATAN,KK TRIBOH,"KAMPUNG TRIBOH, 94700 SERIAN",,94700,,,,,1.1269275,110.6229727
3330,21-13260195,BUKA,AWAM,KKM,,SARAWAK,SERIAN,KLINIK,KLINIK KESIHATAN,KK SIBURAN,"KM 27, JALAN KUCHING/SERIAN, 93250 KUCHING",,94200,,,,,1.3606718,110.4047584
3331,21-13260219,BUKA,AWAM,KKM,,SARAWAK,SERIAN,KLINIK,KLINIK KESIHATAN,KK TENG BUKAP,"TENG BUKAP, KM 15 JLN PADAWAN, KUCHING",,93250,,,,,1.2081635,110.3654877
3332,21-13260342,BUKA,AWAM,KKM,,SARAWAK,SERIAN,KLINIK,KLINIK KESIHATAN,KK KEDUP,"KAMPUNG MENTONG MERAUH, 94700 SERIAN",,94700,,,,,1.0462283,110.5993401
3333,21-13050685,BUKA,AWAM,KKM,,SARAWAK,SERIAN,KLINIK,KLINIK KESIHATAN,KK SERIAN,"JALAN TANGGA BY PASS, BANDAR SERIAN, 94700 SERIAN ",,94700,,,,,1.159847074,110.5619531
3334,21-13260215,BUKA,AWAM,KKM,,SARAWAK,TEBEDU,KLINIK,KLINIK KESIHATAN,KK TEBAKANG,"KAMPUNG TEBEKANG, 94750 TEKABANG",,94750,,,,,1.016517,110.3575601
3335,21-13270053,BUKA,AWAM,KKM,,SARAWAK,SIBU,KLINIK,KLINIK KESIHATAN,KK BAWANG ASSAN,"BAWANG ASSAN, 9600 SIBU",,96000,,,,,2.30277,111.686
3336,21-13270072,BUKA,AWAM,KKM,,SARAWAK,SIBU,KLINIK,KLINIK KESIHATAN,KK DURIN,"KLINIK KESIHATAN DURIN, JLN DURIN, SIBU",,96000,,,,,2.111078,111.9936571
3337,21-13270075,BUKA,AWAM,KKM,,SARAWAK,SIBU,KLINIK,KLINIK KESIHATAN,KK JALAN LANANG,"POLIKLINIK LANANG, JLN ULU LANANG, SIBU",,96000,,,,,2.2466791,111.8422201
3338,21-13270076,BUKA,AWAM,KKM,,SARAWAK,SIBU,KLINIK,KLINIK KESIHATAN,KK JALAN OYA,"JLN BROTHER ALBINUS, PEKAN SIBU, SIBU",,96000,,,,,2.3005118,111.8353077
3339,21-13270170,BUKA,AWAM,KKM,,SARAWAK,SIBU,KLINIK,KLINIK KESIHATAN,KK PASSAI SIONG,"PASSAI SIONG, 96000 SIBU",,96000,,,,,2.2883267,111.8312675
3340,21-13270636,BUKA,AWAM,KKM,,SARAWAK,SIBU,KLINIK,KLINIK KESIHATAN,KK SIBU JAYA,"KLINIK KESIHATAN SIBU JAYA, 96000 SIBU",,96000,,,,,2.2432653,111.9711399
3341,21-13270637,BUKA,AWAM,KKM,,SARAWAK,SIBU,KLINIK,KLINIK KESIHATAN,KK UTC SIBU,"CENTRAL MARKET, MUNICIPAL COUNCIL SIBU",,96000,,,,,2.2875463,111.828733
3342,21-13280074,BUKA,AWAM,KKM,,SARAWAK,SIMUNJAN,KLINIK,KLINIK KESIHATAN,KK GEDONG,"KAMPUNG GEDONG, 94800 SIMUNJAN",,94300,,,,,1.2405774,110.6923232
3343,21-13280125,BUKA,AWAM,KKM,,SARAWAK,SIMUNJAN,KLINIK,KLINIK KESIHATAN,KK MENTU,"KAMPUNG MENTU, 94800 SIMUNJAN",,94300,,,,,1.4611379,110.4738762
3344,21-13280130,BUKA,AWAM,KKM,,SARAWAK,SIMUNJAN,KLINIK,KLINIK KESIHATAN,KK MUNGGU LALLANG,"KAMPUNG MUNGGU LALLANG, 94800 SIMUNJAN",,94800,,,,,1.2398983,110.9506636
3345,21-13280183,BUKA,AWAM,KKM,,SARAWAK,SIMUNJAN,KLINIK,KLINIK KESIHATAN,KK SEBANGAN,"PEKAN SEBANGAN, 94800 SIMUNJAN",,94800,,,,,1.2398983,110.9506636
3346,21-13280185,BUKA,AWAM,KKM,,SARAWAK,SIMUNJAN,KLINIK,KLINIK KESIHATAN,KK SEBUYAU,"PEKAN SEBUYAU, 94300 KOTA SAMARAHAN",,94300,,,,,1.4611379,110.4738762
3347,21-13290069,BUKA,AWAM,KKM,,SARAWAK,SONG,KLINIK,KLINIK KESIHATAN,KK CHEMENONG,"KAMPUNG CHEMENONG, 96850 SONG",,96850,,,,,2.0064401,112.5497602
3348,21-13290131,BUKA,AWAM,KKM,,SARAWAK,SONG,KLINIK,KLINIK KESIHATAN,KK NANGA BANGKIT,"KAMPUNG NANGA BANGKIT, 96850 SONG",,96850,,,,,2.0064401,112.5497602
3349,21-13290133,BUKA,AWAM,KKM,,SARAWAK,SONG,KLINIK,KLINIK KESIHATAN,KK NANGA ENGKUAH,"KAMPUNG ENGKUAH, 96850 SONG",,96850,,,,,2.0064401,112.5497602
3350,21-13290151,BUKA,AWAM,KKM,,SARAWAK,SONG,KLINIK,KLINIK KESIHATAN,KK NANGA TEKALIT,"NANGA TEKALIT, 96850 KAPIT",,96850,,,,,2.0064401,112.5497602
3351,21-13290198,BUKA,AWAM,KKM,,SARAWAK,SONG,KLINIK,KLINIK KESIHATAN,KK SONG,"PEKAN KECIL SONG, 96850 SONG",,96850,,,,,2.0064401,112.5497602
3352,21-13300051,BUKA,AWAM,KKM,,SARAWAK,SRI AMAN,KLINIK,KLINIK KESIHATAN,KK BATU LINTANG,"KAMPUNG BATU LINTANG, 95000 SRI AMAN",,95007,,,,,1.0200901,111.5573449
3353,21-13300109,BUKA,AWAM,KKM,,SARAWAK,SRI AMAN,KLINIK,KLINIK KESIHATAN,KK LINGGA,"KAMPUNG LINGGA, 95007 SRI AMAN",,94500,,,,,1.354659,111.1701952
3354,21-13300136,BUKA,AWAM,KKM,,SARAWAK,SRI AMAN,KLINIK,KLINIK KESIHATAN,KK NANGA ENTALAU,"KAMPUNG NANGA ENTALAU, 95007 SRI AMAN",,95007,,,,,1.4565,111.79
3355,21-13300169,BUKA,AWAM,KKM,,SARAWAK,SRI AMAN,KLINIK,KLINIK KESIHATAN,KK PANTU,"PEKAN PANTU, 95007 SRI AMAN",,95000,,,,,1.1407019,111.1197479
3356,21-13300197,BUKA,AWAM,KKM,,SARAWAK,SRI AMAN,KLINIK,KLINIK KESIHATAN,KK SKRANG,"KAMPUNG SKRANG, 95000 SRI AMAN",,95000,,,,,1.2800819,111.6255319
3357,21-13300200,BUKA,AWAM,KKM,,SARAWAK,SRI AMAN,KLINIK,KLINIK KESIHATAN,KK SRI AMAN,"SRI AMAN, JALAN HOSPITAL, 95000 SRI AMAN",,95000,,,,,1.2347405,111.4630354
3358,21-13300211,BUKA,AWAM,KKM,,SARAWAK,SRI AMAN,KLINIK,KLINIK KESIHATAN,KK TANJUNG BIJAT,"KAMPUNG TANJUNG BILAT, 95007 SRI AMAN",,95007,,,,,1.237031,111.462079
3359,21-13310153,BUKA,AWAM,KKM,,SARAWAK,TATAU,KLINIK,KLINIK KESIHATAN,KK NANGA TAU,"NANGA TAU, 97000 BINTULU",,97000,,,,,2.5441004,113.0326823
3360,21-13310180,BUKA,AWAM,KKM,,SARAWAK,TATAU,KLINIK,KLINIK KESIHATAN,KK SANGAN,"SANGAN, 97000 BINTULU",,97000,,,,,2.76557,112.976
3361,21-13310214,BUKA,AWAM,KKM,,SARAWAK,TATAU,KLINIK,KLINIK KESIHATAN,KK TATAU,"PEKAN TATAU, 97000 BAINTULU",,97200,,,,,2.8814043,112.8542568
3362,21-13310080,BUKA,AWAM,KKM,,SARAWAK,TATAU,KLINIK,KLINIK KESIHATAN,KK KAKUS,"KAKUS, 97000 BINTULU",,97000,,,,,3.2701653,113.2585674
3363,21-13310093,BUKA,AWAM,KKM,,SARAWAK,TATAU,KLINIK,KLINIK KESIHATAN,KK KUALA TATAU,"KAMPUNG KUALA TATAU, 97200 BINTULU",,97200,,,,,3.0767232,112.8068484
3364,21-13390066,BUKA,AWAM,KKM,,SARAWAK,TEBEDU,KLINIK,KLINIK KESIHATAN,KK BUNAN GEGA,"KAMPUNG BUNAN GEGA, 94750 TEBAKANG",,94750,,,,,1.104536,110.5119281
3365,21-13390168,BUKA,AWAM,KKM,,SARAWAK,TEBEDU,KLINIK,KLINIK KESIHATAN,KK PANGKALAN AMO,"KAMPUNG PENGKALAN AMO, 94700 SERIAN",,94700,,,,,0.9841142,110.4373113
3366,21-13390216,BUKA,AWAM,KKM,,SARAWAK,TEBEDU,KLINIK,KLINIK KESIHATAN,KK TEBEDU,"PEKAN TEBEDU, 94750 TEBEDU",,94750,,,,,1.0220033,110.36104
3367,21-13340057,BUKA,AWAM,KKM,,SARAWAK,PUSA,KLINIK,KLINIK KESIHATAN,KK BELADIN,"BELADIN, PUSA, SARIBAS, 94950 BETONG",,94950,,,,,1.629771,111.199997
3368,21-13340124,BUKA,AWAM,KKM,,SARAWAK,PUSA,KLINIK,KLINIK KESIHATAN,KK MELUDAM,"MELUDAM, SARIBAS, 94850 BETONG",,94850,,,,,1.6602368,111.0357459
3369,21-13340175,BUKA,AWAM,KKM,,SARAWAK,PUSA,KLINIK,KLINIK KESIHATAN,KK PUSA,"PEKAN PUSA, 94950 BETONG",,94950,,,,,1.619999,111.2915992
3370,21-13340190,BUKA,AWAM,KKM,,SARAWAK,PUSA,KLINIK,KLINIK KESIHATAN,KK SEMARANG,"PEKAN SEMARANG, PUSA, 94950 BENTONG",,94950,,,,,1.678926855,111.1032213
3371,21-13350079,BUKA,AWAM,KKM,,SARAWAK,KABONG,KLINIK,KLINIK KESIHATAN,KK KABONG,"KABONG, 94650 BETONG",,94650,,,,,1.8119889,111.1151651
3372,21-13350164,BUKA,AWAM,KKM,,SARAWAK,KABONG,KLINIK,KLINIK KESIHATAN,KK NYABOR,"LOT 159 BLOCK 9 KEDANG LAND DISTRICT, BELAWAI",,95300,,,,,1.9338417,111.189575
3373,21-13320059,BUKA,AWAM,KKM,,SARAWAK,TANJUNG MANIS,KLINIK,KLINIK KESIHATAN,KK BELAWAI,"LOT 161, RAJANG TOWN DISTRICT,
BELAWAI",,96200,,,,,2.2311901,111.2160226
3374,21-13320092,BUKA,AWAM,KKM,,SARAWAK,TANJUNG MANIS,KLINIK,KLINIK KESIHATAN,KK KUALA REJANG,"LOT 354 BLOCK 1 KEDANG LAND DISTRICT, DARO",,96150,,,,,2.5574285,113.0011989
3375,21-13320167,BUKA,AWAM,KKM,,SARAWAK,TANJUNG MANIS,KLINIK,KLINIK KESIHATAN,KK PALOH,"PERUMAHAN STIDC, 
BELAWAI",,96250,,,,,2.2311901,111.2160226
3376,21-13320212,BUKA,AWAM,KKM,,SARAWAK,TANJUNG MANIS,KLINIK,KLINIK KESIHATAN,KK TANJUNG MANIS,"PEKAN TANJUNG MANIS, 96200 DARO",,96150,,,,,2.527996,111.417057
3377,21-13330123,BUKA,AWAM,KKM,,SARAWAK,BUKIT MABONG,KLINIK,KLINIK KESIHATAN,KK NANGA MELINAU,"NANGA MELINAU, SUNGAI MUJONG, 96800 KAPIT",,96800,,,,,2.127110652,113.3763667
3378,21-13330137,BUKA,AWAM,KKM,,SARAWAK,BUKIT MABONG,KLINIK,KLINIK KESIHATAN,KK NANGA ENTAWAU,"KAMPUNG ENTAWAU, 96800 KAPIT",,96800,,,,,1.82206,113.68
3379,21-13330138,BUKA,AWAM,KKM,,SARAWAK,BUKIT MABONG,KLINIK,KLINIK KESIHATAN,KK NANGA GAAT,"KAMPUNG NANGA GAAT, 96800 KAPIT",,96800,,,,,1.873997,113.4478
3380,21-13330142,BUKA,AWAM,KKM,,SARAWAK,BUKIT MABONG,KLINIK,KLINIK KESIHATAN,KK NANGA MERIRAI,"KAMPUNG NANGA MERIRAI, 96800 KAPIT",,96800,,,,,2.0666667,113.6666667
3381,21-13330187,BUKA,AWAM,KKM,,SARAWAK,BUKIT MABONG,KLINIK,KLINIK KESIHATAN,KK SEKEROH,"SUNGAI SEKEROH, 96800 KAPIT",,96800,,,,,2.0666667,113.6666667
3382,21-13330228,BUKA,AWAM,KKM,,SARAWAK,BUKIT MABONG,KLINIK,KLINIK KESIHATAN,KK TUNOH SCHEME,"KAMPUNG TUNOH SCHEME, 96800 KAPIT",,96800,,,,,2.0499943,113.6690549
3383,21-13330647,BUKA,AWAM,KKM,,SARAWAK,BUKIT MABONG,KLINIK,KLINIK KESIHATAN,KK LONG BUSANG,"KLINIK KESIHATAN LONG BUSANG, BELAGA",,96900,,,,,2.7050035,113.7822214
3384,21-13330146,BUKA,AWAM,KKM,,SARAWAK,BUKIT MABONG,KLINIK,KLINIK KESIHATAN,KK NANGA MUJONG,"KAMPUNG NANGA MUJONG, SUNGAI MUJONG 96800 KAPIT",,96800,,,,,2.0243101,113.1731185
3385,21-13400119,BUKA,AWAM,KKM,,SARAWAK,SEBAUH,KLINIK,KLINIK KESIHATAN,KK LUBOK TAPANG,"LUBOK TAPANG, 97000 BINTULU",,97000,,,,,3.1738542,113.0428485
3386,21-13400184,BUKA,AWAM,KKM,,SARAWAK,SEBAUH,KLINIK,KLINIK KESIHATAN,KK SEBAUH,"PEKAN SEBAUH, 97000 BINTULU",,97000,,,,,3.2701653,113.2585674
3387,21-13400224,BUKA,AWAM,KKM,,SARAWAK,SEBAUH,KLINIK,KLINIK KESIHATAN,KK TUBAU,"PEKAN TUBAU, BINTULU",,97000,,,,,3.158407,113.713303
3388,21-13400641,BUKA,AWAM,KKM,,SARAWAK,SEBAUH,KLINIK,KLINIK KESIHATAN,KK LABANG,"KLINIK KESIHATAN LABANG, SEBAUH, BINTULU",,97000,,,,,3.2590998,113.4918266
3389,21-13360052,BUKA,AWAM,KKM,,SARAWAK,SUBIS,KLINIK,KLINIK KESIHATAN,KK BATU NIAH,"BATU NIAH, 98200 MIRI",,98200,,,,,3.803112,113.7505568
3390,21-13360056,BUKA,AWAM,KKM,,SARAWAK,SUBIS,KLINIK,KLINIK KESIHATAN,KK BEKENU,"KAMPUNG BEKENU, 98150 MIRI",,98150,,,,,4.0581,113.847
3391,21-13360094,BUKA,AWAM,KKM,,SARAWAK,SUBIS,KLINIK,KLINIK KESIHATAN,KK LADANG TIGA,"PEKAN LADANG TIGA, 98000 MIRI",,98120,,,,,4.3584652,114.001226
3392,21-13360203,BUKA,AWAM,KKM,,SARAWAK,SUBIS,KLINIK,KLINIK KESIHATAN,KK SUAI TEGAGENG,"KAMPUNG SUAI TEGAGENG, 98000 MIRI",,98000,,,,,3.7925713,113.6331297
3393,21-13360227,BUKA,AWAM,KKM,,SARAWAK,SUBIS,KLINIK,KLINIK KESIHATAN,KK TUN HAJI OPENG,"JALAN TUN HAJI OPENG, 98000 MIRI",,98000,,,,,4.0924039,113.9604937
3394,21-13360349,BUKA,AWAM,KKM,,SARAWAK,SUBIS,KLINIK,KLINIK KESIHATAN,KK JAMBATAN SUAI,"JAMBATAN SUAI, 98000 MIRI",,98000,,,,,4.3584652,114.001226
3395,21-13360396,BUKA,AWAM,KKM,,SARAWAK,SUBIS,KLINIK,KLINIK KESIHATAN,KK SEPUPOK,"JALAN BATU NIAH, PEKAN SEPUPOK, NIAH, MIRI",,98200,,,,,3.797957,113.744422
3396,21-13380098,BUKA,AWAM,KKM,,SARAWAK,TELANG USAN,KLINIK,KLINIK KESIHATAN,KK LONG BEDIAN,"RUMAH PANJANG LONG BEDIAN, 98050 BARAM",,98050,,,,,2.5574285,113.0011989
3397,21-13380099,BUKA,AWAM,KKM,,SARAWAK,TELANG USAN,KLINIK,KLINIK KESIHATAN,KK LONG JEEH,"KAMPUNG LONG JEEH, 98050 BARAM",,98050,,,,,2.5574285,113.0011989
3398,21-13380101,BUKA,AWAM,KKM,,SARAWAK,TELANG USAN,KLINIK,KLINIK KESIHATAN,KK LONG KEVOK,"KAMPUNG LONG KEVOK, 98050 BARAM",,98050,,,,,2.5574285,113.0011989
3399,21-13380103,BUKA,AWAM,KKM,,SARAWAK,TELANG USAN,KLINIK,KLINIK KESIHATAN,KK LONG MIRI,"KAMPUNG LONG MIRI, 98050 BARAM",,98050,,,,,3.589735,114.4263
3400,21-13380104,BUKA,AWAM,KKM,,SARAWAK,TELANG USAN,KLINIK,KLINIK KESIHATAN,KK LONG NAAH,"KAMPUNG LONG NAAH, 98050 BARAM",,98050,,,,,2.5574285,113.0011989
3401,21-13380106,BUKA,AWAM,KKM,,SARAWAK,TELANG USAN,KLINIK,KLINIK KESIHATAN,KK LONG PILLAH,"KAMPUNG LONG PILAH, 98050 BARAM",,98050,,,,,2.5574285,113.0011989
3402,21-13380107,BUKA,AWAM,KKM,,SARAWAK,TELANG USAN,KLINIK,KLINIK KESIHATAN,KK LONG SAN,"KAMPUNG LONG SAN, 98050 BARAM",,98050,,,,,3.2980936,114.7839566
3403,21-13380110,BUKA,AWAM,KKM,,SARAWAK,TELANG USAN,KLINIK,KLINIK KESIHATAN,KK LIO MATO,"KAMPUNG LIO MATO, 98050 BARAM",,98050,,,,,1.364472,111.548736
3404,21-13380113,BUKA,AWAM,KKM,,SARAWAK,TELANG USAN,KLINIK,KLINIK KESIHATAN,KK LONG LAMA,"KAMPUNG LONG LAMA, 98050 BARAM",,98050,,,,,3.8385963,114.4378455
3405,21-13380229,BUKA,AWAM,KKM,,SARAWAK,TELANG USAN,KLINIK,KLINIK KESIHATAN,KK ULU TERU,"ULU TERU, 98050 BARAM",,98050,,,,,1.580976,111.4641698
3406,21-13380347,BUKA,AWAM,KKM,,SARAWAK,TELANG USAN,KLINIK,KLINIK KESIHATAN,KK LONG MOH,"KAMPUNG LONG MOH, 98050 BARAM",,98000,,,,,3.057635,115.076599
3407,21-13380395,BUKA,AWAM,KKM,,SARAWAK,TELANG USAN,KLINIK,KLINIK KESIHATAN,KK LONG JEKITAN,"D/A PEJABAT KESIHATAN BAHAGIAN MIRI, JALAN TEMENGGONG OYONG LAWAI JAU",,98000,,,,,4.376234,113.9737162
3408,21-13370060,BUKA,AWAM,KKM,,SARAWAK,BELURU,KLINIK,KLINIK KESIHATAN,KK BELURU,"BELURU, 98050 BARAM",,98050,,,,,3.983333,114.1
3409,21-13370100,BUKA,AWAM,KKM,,SARAWAK,BELURU,KLINIK,KLINIK KESIHATAN,KK LONG JEGAN,"KAMPUNG LONG JEGAN,98050 BARAM",,98050,,,,,4.1194297,114.3816818
3410,21-13370108,BUKA,AWAM,KKM,,SARAWAK,BELURU,KLINIK,KLINIK KESIHATAN,KK LONG TERAN,"KAMPUNG LONG TERAN, 98050 BARAM",,98050,,,,,4.1194297,114.3816818
3411,21-13370114,BUKA,AWAM,KKM,,SARAWAK,BELURU,KLINIK,KLINIK KESIHATAN,KK LONG LOYANG,"KAMPUNG LONG LOYANG, 98050 BARAM",,98050,,,,,4.1194297,114.3816818
3412,21-13370117,BUKA,AWAM,KKM,,SARAWAK,BELURU,KLINIK,KLINIK KESIHATAN,KK LONG TERU,KAMPUNG LONG TERU,,98050,,,,,3.864891,114.242996
3413,21-13040397,BUKA,AWAM,KKM,,SARAWAK,BETONG,KLINIK,KLINIK KOMUNITI,KKOM BETONG NEW TOWNSHIP,"NEW TOWNSHIP SUBLOT 36 (SURVEY LOT NO.2094), BANDAR BARU BETONG (FASA 3), JALAN BETONG, BETONG",,95700,,,,,1.411517,111.528999
3414,21-13050354,BUKA,AWAM,KKM,,SARAWAK,BINTULU,KLINIK,KLINIK KOMUNITI,KKOM SUNGAI PLAN,"SUBLOT 2813 KIDURONG COMMERCIAL CENTRE, SUNGAI PLAN, BINTULU",,97000,,,,,3.261469,113.10134
3415,21-13110356,BUKA,AWAM,KKM,,SARAWAK,KUCHING,KLINIK,KLINIK KOMUNITI,KKOM MATANG JAYA,"LOT 9746, SEKSYEN 65 KTLD, TAMAN LEE LING, JALAN MATANG, KUCHING",,93050,,,,,1.5749648,110.2980549
3416,21-13110360,BUKA,AWAM,KKM,,SARAWAK,KUCHING,KLINIK,KLINIK KOMUNITI,KKOM PADAWAN,"K1M KOTA PADAWAN, SUB LOT 1, LOT 482, BLOK 71, BATU 10, KOTA PADAWAN",,93150,,,,,1.426621,110.3265119
3417,21-13110373,BUKA,AWAM,KKM,,SARAWAK,KUCHING,KLINIK,KLINIK KOMUNITI,KKOM TABUAN,"SUBLOTS 11E & 11F, LOT 9291, BLOK 11, MLTD, JALAN SETIA RAJA KUCHING, 93450 TABUAN",,93450,,,,,1.519575,110.377233
3418,21-13110377,BUKA,AWAM,KKM,,SARAWAK,KUCHING,KLINIK,KLINIK KOMUNITI,KKOM DEMAK LAUT,"RUANG PEJABAT BAWAH SUBLOT 6 & SUBLOT 7 (BLOK F), DEMAK LAUT COMMERICAL CENTRE, JALAN BAKO",,93150,,,,,1.5929139,110.4074806
3419,21-13110402,BUKA,AWAM,KKM,,SARAWAK,KUCHING,KLINIK,KLINIK KOMUNITI,KKOM STUTONG,"NO.256/257, BLOCK II MTLD, STUTONG AFFORDABLE SOCIAL HOUSING SCHEME, LORONG 2, JALAN STAMPIN BARU, KUCHING",,93350,,,,,1.5008079,110.3805205
3420,21-13110648,BUKA,AWAM,KKM,,SARAWAK,KUCHING,KLINIK,KLINIK KOMUNITI,KKOM BATU KAWA,"LOT 2938 (GROUND FLOOR), JALAN TONDONG / BATU KAWA, 38, BATU KAWA COMMERCIAL CENTRE",,93250,,,,,1.506995,110.2671333
3422,21-13190353,BUKA,AWAM,KKM,,SARAWAK,MIRI,KLINIK,KLINIK KOMUNITI,KKOM TAMAN TUNKU,"LOT 2350, BLOK 5, LLD JALAN KUCHING, TAMAN TUNKU, MIRI",,98000,,,,,4.3189288,113.9922544
3423,21-13190400,BUKA,AWAM,KKM,,SARAWAK,MIRI,KLINIK,KLINIK KOMUNITI,KKOM PERMYJAYA,"LOT 8681, GROUND FLOOR, PUSAT BANDAR BARU PERMYJAYA, MIRI",,98000,,,,,4.4544167,114.0376129
3424,21-13200368,BUKA,AWAM,KKM,,SARAWAK,MUKAH,KLINIK,KLINIK KOMUNITI,KKOM MUKAH,"SEDC SHOPHOUSE GROUND FLOOR 6
JALAN LINTANG",,96400,,,,,2.8920883,112.0921699
3425,21-13220387,BUKA,AWAM,KKM,,SARAWAK,SAMARAHAN,KLINIK,KLINIK KOMUNITI,KKOM PALM VILLA,"GROUND FLOOR AND FIRST FLOOR, LOT 6291 (SL 9)",,94300,,,,,1.4611379,110.4738762
3426,21-13220401,BUKA,AWAM,KKM,,SARAWAK,SAMARAHAN,KLINIK,KLINIK KOMUNITI,KKOM BUKIT BERANGAN,"GROUND FLOOR, SUBLOT 20,P/L202&205, BLOCK 25, MUARA TUANG JALAN DATUK MOHAMMAD MUSA, SAMARAHAN",,94300,,,,,1.4617674,110.4892344
3427,21-13240367,BUKA,AWAM,KKM,,SARAWAK,SARIKEI,KLINIK,KLINIK KOMUNITI,KKOM JAKAR,"K1M JAKAR, PEKAN JAKAR, 96100 SARIKEI, SARAWAK",,96100,,,,,2.038419,111.49214
3429,21-13270355,BUKA,AWAM,KKM,,SARAWAK,SIBU,KLINIK,KLINIK KOMUNITI,KKOM TEKU,"LOT 302, BLOK 7 TEKU ROAD, SIBU",,96000,,,,,2.362879,111.870796
3430,21-13270359,BUKA,AWAM,KKM,,SARAWAK,SIBU,KLINIK,KLINIK KOMUNITI,KKOM SG.BIDUT,"SG. BIDUT, OFF PANGKALAN FERI, SG. MAONG, JALAN MAAW, 96000, SIBU",,96000,,,,,2.2883267,111.8312675
3431,21-13270361,BUKA,AWAM,KKM,,SARAWAK,SIBU,KLINIK,KLINIK KOMUNITI,KKOM TAMAN REJANG,"K1M TAMAN REJANG, SMC TRAFIC GARDEN, JLN SIMPOH",,96000,,,,,2.2883267,111.8312675
3432,21-13270378,BUKA,AWAM,KKM,,SARAWAK,SIBU,KLINIK,KLINIK KOMUNITI,KKOM FARLEY SENTOSA,"SENTOSA, LRG TUN AHMAD ZAIDI ADRUCE 36, SIBU",,96000,,,,,2.2640323,111.8597342
3433,21-13270370,BUKA,AWAM,KKM,,SARAWAK,SIBU,KLINIK,KLINIK KOMUNITI,KKOM SOON HUP PERMAI,"PERMAI 6, LORONG TIMUR 19/C, 96000 SIBU, SARAWAK",,96000,,,,,2.2883267,111.8312675
3434,21-13270382,BUKA,AWAM,KKM,,SARAWAK,SIBU,KLINIK,KLINIK KOMUNITI,KKOM BANDONG,"9H, TINGKAT BAWAH, LOT 1335, JALAN BANDONG 96000",,96000,,,,,2.2883267,111.8312675
3435,21-13270383,BUKA,AWAM,KKM,,SARAWAK,SIBU,KLINIK,KLINIK KOMUNITI,KKOM SIBU JAYA,"BLOK 19, UNIT 15 & 16, PARCEL B, HDC GARDEN TERRACE",,96000,,,,,2.241624,111.9774391
3436,21-13270640,BUKA,AWAM,KKM,,SARAWAK,SIBU,KLINIK,KLINIK KOMUNITI,KKOM RANTAU PANJANG SIBU,FLAT PPR RANTAU PANJANG SIBU,,96000,,,,,2.2883267,111.8312675
3437,21-13270646,BUKA,AWAM,KKM,,SARAWAK,SIBU,KLINIK,KLINIK KOMUNITI,KKOM CAMPUS PARK SIBU,"LOT 2575, LORONG WAWASAN 11F, 
JALAN WAWASAN, SUNGAI MERAH",,96000,,,,,2.2883267,111.8312675
3438,21-13160649,BUKA,AWAM,KKM,,SARAWAK,MERADONG,KLINIK,KLINIK KOMUNITI,KKOM SUNGAI TULAI,"LOT 907, BLOK 6, TULAI LAND DISTRICT, SUNGAI TULAI",,96500,,,,,2.102612,111.7137694
3439,21-13110242,BUKA,AWAM,KKM,,SARAWAK,KUCHING,KLINIK,KLINIK DESA,KD BENGOH,"D/A PEG. KESIHATAN BAHAGIAN, BAHAGIAN KUCHING, JALAN TUAN AHMAD ZAIDI ADRUCE, KUCHING",,93150,,,,,1.5376351,110.321945
3440,21-13240260,BUKA,AWAM,KKM,,SARAWAK,SARIKEI,KLINIK,KLINIK DESA,KD SUNGAI BAYONG,"JALAN SUNGAI RUSA/SARIKEI, 96100 SARIKEI",,96100,,,,,1.9887402,111.4982509
3441,21-13240261,BUKA,AWAM,KKM,,SARAWAK,SARIKEI,KLINIK,KLINIK DESA,KD SUNGAI RUSA,"JALAN SUNGAI RUSA/SARIKEI, 96100 SARIKEI",,96100,,,,,2.0087346,111.5647788
3442,21-13250254,BUKA,AWAM,KKM,,SARAWAK,SELANGAU,KLINIK,KLINIK DESA,KD TAMIN,"KM 50, JALAN SIBU BINTULU, SIBU",,96000,,,,,2.2900774,111.8993966
3443,21-13020263,BUKA,AWAM,KKM,,SARAWAK,BAU,KLINIK,KLINIK KESIHATAN IBU DAN ANAK,KKIA BAU,"D/A PEG. KESIHATAN BAHAGIAN, BAHAGIAN KUCHING, JALAN TUN AHMAD ZAIDI ADRUCE, KUCHING",,94000,,,,,1.5358413,110.3371065
3444,21-13040264,BUKA,AWAM,KKM,,SARAWAK,BETONG,KLINIK,KLINIK KESIHATAN IBU DAN ANAK,KKIA BETONG,"D/A PEG. KESIHATAN BAHAGIAN, BAHAGIAN BETONG",,95700,,,,,1.3060428,111.6183755
3445,21-13050271,BUKA,AWAM,KKM,,SARAWAK,BINTULU,KLINIK,KLINIK KESIHATAN IBU DAN ANAK,KKIA KIDURONG,"PEJ. KESIHATAN BAHAGIAN, BAHAGIAN BINTULU, JALAN TUN AHMAD ZAIDI",,97000,,,,,3.1738542,113.0428485
3446,21-13060363,BUKA,AWAM,KKM,,SARAWAK,DALAT,KLINIK,KLINIK KESIHATAN IBU DAN ANAK,KKIA DALAT,"HOSPITAL DALAT, FASA 1",,96300,,,,,2.7451811,111.9460668
3447,21-13090270,BUKA,AWAM,KKM,,SARAWAK,KANOWIT,KLINIK,KLINIK KESIHATAN IBU DAN ANAK,KKIA KANOWIT,"D/A PEG. KESIHATAN DAERAH KANOWIT, DAERAH KANOWIT, SARATOK",,96700,,,,,2.0790966,112.0714835
3448,21-13110364,BUKA,AWAM,KKM,,SARAWAK,KUCHING,KLINIK,KLINIK KESIHATAN IBU DAN ANAK,KKIA BATU KAWA,"JALAN ENSING, 93250 KUCHING",,93250,,,,,1.5288235,110.320005
3449,21-13110243,BUKA,AWAM,KKM,,SARAWAK,KUCHING,KLINIK,KLINIK KESIHATAN IBU DAN ANAK,KKIA BINTAWA,"D/A PEG. KESIHATAN BAHAGIAN, BAHAGIAN KUCHING, JALAN TUAN AHMAD ZAIDI ADRUCE, KUCHING",,93050,,,,,1.5687933,110.3934388
3450,21-13110265,BUKA,AWAM,KKM,,SARAWAK,KUCHING,KLINIK,KLINIK KESIHATAN IBU DAN ANAK,KKIA GITA,"JALAN SEMARAK, KG. PINANG JAWA, BATU 2 1/2",,93050,,,,,1.5617889,110.315535
3451,21-13110281,BUKA,AWAM,KKM,,SARAWAK,KUCHING,KLINIK,KLINIK KESIHATAN IBU DAN ANAK,KKIA JALAN SEKAMA,"JALAN SEKAMA, 93300 KUCHING",,93300,,,,,1.5472622,110.3657996
3452,21-13110268,BUKA,AWAM,KKM,,SARAWAK,KUCHING,KLINIK,KLINIK KESIHATAN IBU DAN ANAK,KKIA JAWA,"D/A PEG. KESIHATAN BAHAGIAN, BAHAGIAN KUCHING, JALAN TUN AHMAD ZAIDI ADRUCE, KUCHING",,93400,,,,,1.5485751,110.337756
3453,21-13110272,BUKA,AWAM,KKM,,SARAWAK,KUCHING,KLINIK,KLINIK KESIHATAN IBU DAN ANAK,KKIA KOTA PADAWAN,"BATU 10, JALAN PUNCAK BORNEO",,93250,,,,,1.424637,110.325423
3454,21-13110278,BUKA,AWAM,KKM,,SARAWAK,KUCHING,KLINIK,KLINIK KESIHATAN IBU DAN ANAK,KKIA RCBM,"KM13, JALAN PUNCAK BORNEO",,93250,,,,,1.3999505,110.3251232
3455,21-13130274,BUKA,AWAM,KKM,,SARAWAK,LIMBANG,KLINIK,KLINIK KESIHATAN IBU DAN ANAK,KKIA LIMBANG,"D/A PEG. KESIHATAN BAHAGIAN, BAHAGIAN LIMBANG, JALAN PANDARUAN, LIMBANG",,98700,,,,,4.72626,115.0140778
3456,21-13150275,BUKA,AWAM,KKM,,SARAWAK,LUNDU,KLINIK,KLINIK KESIHATAN IBU DAN ANAK,KKIA LUNDU,"D/A PEG. KESIHATAN DAERAH, DAERAH LUNDU, JALAN LUNDU / SEKAMBAL, LUNDU",,94500,,,,,1.6799843,109.851655
3457,21-13170266,BUKA,AWAM,KKM,,SARAWAK,MARUDI,KLINIK,KLINIK KESIHATAN,KK MARUDI,"D/A HOSPITAL MARUDI, JALAN BUNGOR, 98050 MARUDI, SARAWAK",,98050,,,,,4.4063366,114.2628251
3459,21-13190273,BUKA,AWAM,KKM,,SARAWAK,MIRI,KLINIK,KLINIK KESIHATAN IBU DAN ANAK,KKIA LAMBIR,"D/A PEJABAT KESIHATAN BAHAGIAN MIRI, JALAN TEMENGGONG OYONG LAWAI JAU",,98000,,,,,4.376234,113.9737162
3460,21-13190394,BUKA,AWAM,KKM,,SARAWAK,MIRI,KLINIK,KLINIK KESIHATAN IBU DAN ANAK,KKIA TAMAN TUNKU,"LOT 927(2351), NEIGHBOURHOOD SHOPPING CENTRE, TAMAN TUNKU, MIRI",,98000,,,,,4.319033,113.993185
3461,21-13200277,BUKA,AWAM,KKM,,SARAWAK,MUKAH,KLINIK,KLINIK KESIHATAN IBU DAN ANAK,KKIA MUKAH,"D/A PEJABAT KESIHATAN BAHAGIAN MUKAH, JALAN HAJI MUHAMMAD PAUZI",,96400,,,,,2.9023746,112.0765989
3462,21-13220267,BUKA,AWAM,KKM,,SARAWAK,SAMARAHAN,KLINIK,KLINIK KESIHATAN IBU DAN ANAK,KKIA SEBISAK,"TINGKAT 1, SUBLOT 396-397, LOT 2071 DAN 539, JALAN MUARA TUANG, TAMAN SURIA 1",,94300,,,,,1.4466265,110.3828341
3463,21-13230279,BUKA,AWAM,KKM,,SARAWAK,SARATOK,KLINIK,KLINIK KESIHATAN IBU DAN ANAK,KKIA SARATOK,"D/A PEG. KESIHATAN DAERAH SARATOK, DAERAH SARATOK, SARATOK",,95400,,,,,1.724301,111.356045
3465,21-13280262,BUKA,AWAM,KKM,,SARAWAK,SIMUNJAN,KLINIK,KLINIK KESIHATAN IBU DAN ANAK,KKIA SIMUNJAN BANDAR,"JALAN SABUN, SIMUNJAN",,94800,,,,,1.2398983,110.9506636
3466,21-15010004,BUKA,AWAM,KKM,,WILAYAH PERSEKUTUAN LABUAN,LABUAN,KLINIK,KLINIK KESIHATAN,KK WP LABUAN,"PEJABAT TIMBALAN PENGARAH KESIHATAN NEGERI (KESIHATAN AWAM), BAHAGIAN KESIHATAN AWAM, PETI SURAT 81736, 
WP LABUAN",,87027,,,,,5.2831456,115.230825
3467,21-15010027,BUKA,AWAM,KKM,,WILAYAH PERSEKUTUAN LABUAN,LABUAN,KLINIK,KLINIK KESIHATAN,KK UTC LABUAN,"LOT G-2, ARAS BAWAH, UTC LABUAN, PASAR SENTRAL LABUAN",,87000,,,,,5.2825797,115.2397872
3468,21-15010019,BUKA,AWAM,KKM,,WILAYAH PERSEKUTUAN LABUAN,LABUAN,KLINIK,KLINIK KOMUNITI,KKOM TAMAN MUTIARA,"BLOK M68-0004, TAMAN MUTIARA, SUNGAI BEDAUN, WILAYAH PERSEKUTUAN LABUAN",,87008,,,,,5.2831456,115.230825
3469,21-15010007,BUKA,AWAM,KKM,,WILAYAH PERSEKUTUAN LABUAN,LABUAN,KLINIK,KLINIK DESA,KD BATU MANIKAR,"JALAN BATU MANIKAR, WILAYAH PERSEKUTUAN LABUAN",,87018,,,,,5.3710668,115.221704
3470,21-15010008,BUKA,AWAM,KKM,,WILAYAH PERSEKUTUAN LABUAN,LABUAN,KLINIK,KLINIK DESA,KD BEBULOH,"JALAN BEBULOH, WILAYAH PERSEKUTUAN LABUAN",,87018,,,,,5.294359,115.2000471
3472,21-15010010,BUKA,AWAM,KKM,,WILAYAH PERSEKUTUAN LABUAN,LABUAN,KLINIK,KLINIK DESA,KD LAJAU,"JALAN POHON BATU, WILAYAH PERSEKUTUAN LABUAN",,87018,,,,,5.3399181,115.2326172
3473,21-15010011,BUKA,AWAM,KKM,,WILAYAH PERSEKUTUAN LABUAN,LABUAN,KLINIK,KLINIK DESA,KD LAYANG-LAYANG,"JALAN TAMAN DAMAI, LAYANG-LAYANGAN, WILAYAH PERSEKUTUAN LABUAN",,87018,,,,,5.34113,115.2000551
3474,21-15010012,BUKA,AWAM,KKM,,WILAYAH PERSEKUTUAN LABUAN,LABUAN,KLINIK,KLINIK DESA,KD LUBOK TEMIANG,"JALAN LUBOK TEMIANG, WILAYAH PERSEKUTUAN LABUAN",,87018,,,,,5.2831456,115.230825
3475,21-15010013,BUKA,AWAM,KKM,,WILAYAH PERSEKUTUAN LABUAN,LABUAN,KLINIK,KLINIK DESA,KD  RANCA-RANCA,"JALAN RANCHA-RANCHA LAMA, WILAYAH PERSEKUTUAN LABUAN",,87018,,,,,5.2661939,115.2322406
3476,21-15010014,BUKA,AWAM,KKM,,WILAYAH PERSEKUTUAN LABUAN,LABUAN,KLINIK,KLINIK DESA,KD SUNGAI KELING,"JALAN RANCHA-RANCHA, WILAYAH PERSEKUTUAN LABUAN",,87018,,,,,5.2824488,115.2287991
3477,21-15010015,BUKA,AWAM,KKM,,WILAYAH PERSEKUTUAN LABUAN,LABUAN,KLINIK,KLINIK DESA,KD SUNGAI LADA,"JALAN SUNGAI LADA, WILAYAH PERSEKUTUAN LABUAN",,87018,,,,,5.311648,115.1837075
3478,21-15010016,BUKA,AWAM,KKM,,WILAYAH PERSEKUTUAN LABUAN,LABUAN,KLINIK,KLINIK DESA,KD TANJUNG ARU,"JALAN TANJUNG ARU, WILAYAH PERSEKUTUAN LABUAN",,87018,,,,,5.3520113,115.2436867
3479,21-13110371,BUKA,AWAM,KKM,,SARAWAK,KUCHING,KLINIK,KLINIK KESIHATAN,KK PANTAI DAMAI,"TINGKAT BAWAH & TINGKAT 1, LOT 7646 (SL12) & 7647 (SL13), BANDAR BARU SAMARIANG COMMERCIAL CENTRE, JALAN SULTAN TENGAH, 93050 KUCHING SARAWAK",,93050,,,,,1.6365081,110.3418253
3480,21-03020816,BUKA,AWAM,KKM,,KELANTAN,KOTA BHARU,KLINIK,KLINIK KESIHATAN,UNIT TERAPI CARA KERJA KETEREH,"JALAN MELOR, 16450 KETEREH, KOTA BHARU, KELANTAN",,16450,,,,,6.0067671,102.3574157
3481,21-03060817,BUKA,AWAM,KKM,,KELANTAN,TANAH MERAH,KLINIK,KLINIK KESIHATAN,KK BUKIT GADING,"KAMPUNG BUKIT GADING, TANAH MERAH, 17500 KELANTAN",,17500,,,,,5.873348,102.1317379
3482,21-05070938,BUKA,AWAM,KKM,,NEGERI SEMBILAN,JEMPOL,KLINIK,KLINIK KESIHATAN,KK ROMPIN JEMPOL,"KLINIK KESIHATAN ROMPIN JEMPOL, KAMPUNG BARU ROMPIN, 73500 JEMPOL, NEGERI SEMBILAN",,73500,,,,,2.70144,102.51654
3483,21-13130686,BUKA,AWAM,KKM,,SARAWAK,DARO,KLINIK,KLINIK KESIHATAN,KK SEMOP,"LOT 172, BLOCK 16, BRUIT LAND DISTICT, 96200 DARO, SARAWAK",,96200,,,,,2.512207572,111.433
3484,21-12061151,BUKA,AWAM,KKM,,SABAH,BELURAN,KLINIK,KLINIK KESIHATAN,KK MATANGGAL,"LOT 9-10, GROUND TO FLOOR, BELURAN INDUSTRIAL ESTATE, BEG BERKUNCI NO 86, BELURAN 90107 SABAH",,90107,,,,,6.442348287,117.3126586
3485,21-01021186,BUKA,AWAM,KKM,,JOHOR,JOHOR BAHRU,KLINIK,KLINIK KESIHATAN IBU DAN ANAK,KKIA GELANG PATAH,"NO. 26 JALAN SILC 1/10, KAWASAN PERINDUSTRIAN SILC, ISKANDAR PUTERI, 79200 JOHOR BAHRU, JOHOR
",,79200,,,,,1.461951023,103.5880306
3486,21-01021182,BUKA,AWAM,KKM,,JOHOR,JOHOR BAHRU,KLINIK,KLINIK KESIHATAN,KK TAMAN CENDANA,"JALAN BESAR, TAMAN CENDANA, 81750 MASAI, JOHOR BAHRU, JOHOR
",,81750,,,,,1.489044816,103.9022582
3768,91-01010394,BUKA,AWAM,KKM,,JOHOR,BATU PAHAT,PEJABAT KESIHATAN PERGIGIAN,PEJABAT KESIHATAN PERGIGIAN DAERAH,PEJABAT KESIHATAN PERGIGIAN DAERAH BATU PAHAT,"JKR 909, JALAN MOHD KHALID, 83000 BATU PAHAT, JOHOR",,83000,,,,,1.849706,102.9305
3769,21-01010115D,BUKA,AWAM,KKM,,JOHOR,BATU PAHAT,KLINIK PERGIGIAN,KLINIK PERGIGIAN DI KLINIK KESIHATAN,KLINIK PERGIGIAN DI KLINIK KESIHATAN YONG PENG,"YONG PENG, 83700 BATU PAHAT, JOHOR",,83700,,,,,2.030552,103.0564
3770,21-01010112D,BUKA,AWAM,KKM,,JOHOR,BATU PAHAT,KLINIK PERGIGIAN,KLINIK PERGIGIAN DI KLINIK KESIHATAN,KLINIK PERGIGIAN DI KLINIK KESIHATAN TONGKANG PECHAH,"TONGKANG PECHAH, 83000 BATU PAHAT, JOHOR",,83000,,,,,1.909809,102.9519
3771,21-01010102D,BUKA,AWAM,KKM,,JOHOR,BATU PAHAT,KLINIK PERGIGIAN,KLINIK PERGIGIAN DI KLINIK KESIHATAN,KLINIK PERGIGIAN DI KLINIK KESIHATAN SRI MEDAN,"SERI MEDAN, 83400 BATU PAHAT, JOHOR",,83400,,,,,1.98759,102.9615
3772,21-01010101D,BUKA,AWAM,KKM,,JOHOR,BATU PAHAT,KLINIK PERGIGIAN,KLINIK PERGIGIAN DI KLINIK KESIHATAN,KLINIK PERGIGIAN DI KLINIK KESIHATAN SRI GADING,"KAMPUNG SRI GADING, 83300 BATU PAHAT, JOHOR",,83300,,,,,1.854253,103.0276
3773,21-01010097D,BUKA,AWAM,KKM,,JOHOR,BATU PAHAT,KLINIK PERGIGIAN,KLINIK PERGIGIAN DI KLINIK KESIHATAN,KLINIK PERGIGIAN DI KLINIK KESIHATAN SENGGARANG,"SENGGARANG, 83200 BATU PAHAT, JOHOR",,83200,,,,,1.749356,103.0454
3774,21-01010096D,BUKA,AWAM,KKM,,JOHOR,BATU PAHAT,KLINIK PERGIGIAN,KLINIK PERGIGIAN DI KLINIK KESIHATAN,KLINIK PERGIGIAN DI KLINIK KESIHATAN SEMERAH,"JALAN MUAR-SEMERAH, SEMERAH, 83600 BATU PAHAT, JOHOR",,83600,,,,,1.881492,102.7848
3775,21-01010093D,BUKA,AWAM,KKM,,JOHOR,BATU PAHAT,KLINIK PERGIGIAN,KLINIK PERGIGIAN DI KLINIK KESIHATAN,KLINIK PERGIGIAN DI KLINIK KESIHATAN RENGIT,"RENGIT, 83100 BATU PAHAT, JOHOR",,83100,,,,,1.681098,103.1502
3776,21-01010090D,BUKA,AWAM,KKM,,JOHOR,BATU PAHAT,KLINIK PERGIGIAN,KLINIK PERGIGIAN DI KLINIK KESIHATAN,KLINIK PERGIGIAN DI KLINIK KESIHATAN PESTA,"KAMPUNG KENANGAN DATO ONN, 83000 BATU PAHAT, JOHOR",,83000,,,,,1.855947,102.943
3777,21-01010080D,BUKA,AWAM,KKM,,JOHOR,BATU PAHAT,KLINIK PERGIGIAN,KLINIK PERGIGIAN DI KLINIK KESIHATAN,KLINIK PERGIGIAN DI KLINIK KESIHATAN PARIT YAANI,"PARIT YAANI, 83710 BATU PAHAT, JOHOR",,83710,,,,,1.957728,103.0273
3778,21-01010079D,BUKA,AWAM,KKM,,JOHOR,BATU PAHAT,KLINIK PERGIGIAN,KLINIK PERGIGIAN DI KLINIK KESIHATAN,KLINIK PERGIGIAN DI KLINIK KESIHATAN PARIT SULONG,"PARIT SULONG, 83500 BATU PAHAT, JOHOR",,83500,,,,,1.977444,102.8813
3779,21-01010078D,BUKA,AWAM,KKM,,JOHOR,BATU PAHAT,KLINIK PERGIGIAN,KLINIK PERGIGIAN DI KLINIK KESIHATAN,KLINIK PERGIGIAN DI KLINIK KESIHATAN SRI MERLONG,"PARIT SRI MERLONG, 83100 BATU PAHAT, JOHOR",,83100,,,,,1.733324,103.1889
3780,21-01010077D,BUKA,AWAM,KKM,,JOHOR,BATU PAHAT,KLINIK PERGIGIAN,KLINIK PERGIGIAN DI KLINIK KESIHATAN,KLINIK PERGIGIAN DI KLINIK KESIHATAN PARIT RAJA,"JALAN AYER HITAM, PARIT RAJA, 86400 BATU PAHAT,  JOHOR",,86400,,,,,1.863548,103.1095
3781,21-01010039D,BUKA,AWAM,KKM,,JOHOR,BATU PAHAT,KLINIK PERGIGIAN,KLINIK PERGIGIAN DI KLINIK KESIHATAN,KLINIK PERGIGIAN DI KLINIK KESIHATAN BATU PAHAT,"JALAN KLUANG, 83000 BATU PAHAT, JOHOR",,83000,,,,,1.849894,102.942
3782,21-01010030D,BUKA,AWAM,KKM,,JOHOR,BATU PAHAT,KLINIK PERGIGIAN,KLINIK PERGIGIAN DI KLINIK KESIHATAN,KLINIK PERGIGIAN DI KLINIK KESIHATAN BAGAN,"KAMPONG BAGAN, 83000 BATU PAHAT, JOHOR",,83000,,,,,1.849385,102.8556
3783,21-01010029D,BUKA,AWAM,KKM,,JOHOR,BATU PAHAT,KLINIK PERGIGIAN,KLINIK PERGIGIAN DI KLINIK KESIHATAN,KLINIK PERGIGIAN DI KLINIK KESIHATAN AYER HITAM,"JALAN AIR HITAM, 86100 AYER HITAM, JOHOR",,86100,,,,,1.912085,103.1855
3784,11-01010011D,BUKA,AWAM,KKM,,JOHOR,BATU PAHAT,KLINIK PERGIGIAN,KLINIK PERGIGIAN DI HOSPITAL,KLINIK PERGIGIAN DI HOSPITAL SULTANAH NORA ISMAIL,"83000 BATU PAHAT, JOHOR",,83000,,,,,1.837717,102.9409
3785,21-01010690,BUKA,AWAM,KKM,,JOHOR,BATU PAHAT,KLINIK PERGIGIAN,KLINIK PERGIGIAN SEKOLAH RENDAH,KLINIK PERGIGIAN SEKOLAH D/A SEKOLAH KEBANGSAAN YONG PENG,"NO 1, JALAN SEKOLAH CINA, YONG PENG, 83700 BATU PAHAT, JOHOR",,83700,,,,,2.013695,103.0611
3786,21-01010673,BUKA,AWAM,KKM,,JOHOR,BATU PAHAT,KLINIK PERGIGIAN,KLINIK PERGIGIAN SEKOLAH RENDAH,KLINIK PERGIGIAN SEKOLAH D/A SEKOLAH KEBANGSAAN PINTAS PUDING,"KM 21, JALAN KLUANG, PARIT RAJA, 86400 BATU PAHAT, JOHOR",,86400,,,,,1.856619,103.1
3787,21-01010672,BUKA,AWAM,KKM,,JOHOR,BATU PAHAT,KLINIK PERGIGIAN,KLINIK PERGIGIAN SEKOLAH RENDAH,KLINIK PERGIGIAN SEKOLAH D/A SEKOLAH KEBANGSAAN PESERIAN SEMERAH,"KM 101, JALAN MUAR, SEMERAH, 83600 BATU PAHAT, JOHOR",,83600,,,,,1.879912,102.7836
3788,21-01010668,BUKA,AWAM,KKM,,JOHOR,BATU PAHAT,KLINIK PERGIGIAN,KLINIK PERGIGIAN SEKOLAH RENDAH,KLINIK PERGIGIAN SEKOLAH D/A SEKOLAH KEBANGSAAN LIMPOON 1,"JALAN LIM YEW LEONG, 83000 BATU PAHAT, JOHOR",,83000,,,,,1.848033,102.9481
3789,21-01010662,BUKA,AWAM,KKM,,JOHOR,BATU PAHAT,KLINIK PERGIGIAN,KLINIK PERGIGIAN SEKOLAH RENDAH,KLINIK PERGIGIAN SEKOLAH D/A SEKOLAH KEBANGSAAN CONVENT BATU PAHAT,"250, JALAN TAN SWEE HOE, 83000 BATU PAHAT, JOHOR",,83000,,,,,1.862329,102.951
3790,21-01010659,BUKA,AWAM,KKM,,JOHOR,BATU PAHAT,KLINIK PERGIGIAN,KLINIK PERGIGIAN SEKOLAH RENDAH,KLINIK PERGIGIAN SEKOLAH D/A SEKOLAH KEBANGSAAN BANDAR BATU PAHAT,"JKR 32, JALAN MASJID, 83000 BATU PAHAT, JOHOR",,83000,,,,,1.844814,102.929
3791,21-01010696,BUKA,AWAM,KKM,,JOHOR,BATU PAHAT,KLINIK PERGIGIAN,KLINIK PERGIGIAN SEKOLAH MENENGAH,KLINIK PERGIGIAN SEKOLAH D/A SEKOLAH MENENGAH KEBANGSAAN MUNSHI SULAIMAN,"BT. 4, JALAN KLUANG, 83000 BATU PAHAT, JOHOR",,83000,,,,,1.868215,102.9786
3792,21-01010695,BUKA,AWAM,KKM,,JOHOR,BATU PAHAT,KLINIK PERGIGIAN,KLINIK PERGIGIAN SEKOLAH MENENGAH,KLINIK PERGIGIAN SEKOLAH D/A SEKOLAH MENENGAH KEBANGSAAN  DATUK MENTERI,"AYER HITAM, 86100 BATU PAHAT, JOHOR",,86100,,,,,1.914554,103.1778
3793,21-01010694,BUKA,AWAM,KKM,,JOHOR,BATU PAHAT,KLINIK PERGIGIAN,KLINIK PERGIGIAN SEKOLAH MENENGAH,KLINIK PERGIGIAN SEKOLAH D/A SEKOLAH MENENGAH KEBANGSAAN DATO' ONN,"SIMPANG LIMA, 83000 BATU PAHAT, JOHOR",,83000,,,,,1.85129,102.8843
3795,91-01020392,BUKA,AWAM,KKM,,JOHOR,JOHOR BAHRU,PEJABAT KESIHATAN PERGIGIAN,PEJABAT KESIHATAN PERGIGIAN DAERAH,PEJABAT KESIHATAN PERGIGIAN DAERAH JOHOR BAHRU,"JALAN ABDUL SAMAD, 80100 JOHOR BAHRU, JOHOR",,80100,,,,,1.479998,103.7423
3796,21-01020435,BUKA,AWAM,KKM,,JOHOR,JOHOR BAHRU,KLINIK PERGIGIAN,KLINIK PERGIGIAN (STANDALONE),KLINIK PERGIGIAN TAMAN UNGKU TUN AMINAH,"NO 117, JALAN PENDEKAR 2, TAMAN UNGKU TUN AMINAH, 81300 JOHOR BAHRU, JOHOR",,81300,,,,,1.516904,103.6533
3797,21-01020434,BUKA,AWAM,KKM,,JOHOR,JOHOR BAHRU,KLINIK PERGIGIAN,KLINIK PERGIGIAN (STANDALONE),KLINIK PERGIGIAN MASAI,"JALAN SEKOLAH, 81750 JOHOR BAHRU, JOHOR",,81750,,,,,1.487964,103.8837
3798,21-01021044D,BUKA,AWAM,KKM,,JOHOR,JOHOR BAHRU,KLINIK PERGIGIAN,KLINIK PERGIGIAN DI KLINIK KESIHATAN,KLINIK PERGIGIAN DI KLINIK KESIHATAN SKUDAI BARU,"PTD 4418, JALAN HANG LEKIR 1, TAMAN SKUDAI BARU, 81300 JOHOR BAHRU, JOHOR",,81300,,,,,1.504901,103.6387
3799,21-01020715D,BUKA,AWAM,KKM,,JOHOR,JOHOR BAHRU,KLINIK PERGIGIAN,KLINIK PERGIGIAN DI KLINIK KESIHATAN,KLINIK PERGIGIAN DI KLINIK KESIHATAN BUKIT INDAH,"JALAN INDAH 4/14, TAMAN BUKIT INDAH, 81200 JOHOR BAHRU, JOHOR",,81200,,,,,1.487081,103.6467
3800,21-01020429D,BUKA,AWAM,KKM,,JOHOR,JOHOR BAHRU,KLINIK PERGIGIAN,KLINIK PERGIGIAN DI KLINIK KESIHATAN,KLINIK PERGIGIAN DI KLINIK KESIHATAN SULTAN ISMAIL,"TAMAN MOUNT AUSTIN, 81100 JOHOR BAHRU, JOHOR",,81100,,,,,1.5485,103.7891
3801,21-01020428D,BUKA,AWAM,KKM,,JOHOR,JOHOR BAHRU,KLINIK PERGIGIAN,KLINIK PERGIGIAN DI KLINIK KESIHATAN,KLINIK PERGIGIAN DI KLINIK KESIHATAN TAMAN UNIVERSITI,"TAMAN UNIVERSITI, 81300 JOHOR BAHRU, JOHOR",,81300,,,,,1.537268,103.6256
3802,21-01020114D,BUKA,AWAM,KKM,,JOHOR,JOHOR BAHRU,KLINIK PERGIGIAN,KLINIK PERGIGIAN DI KLINIK KESIHATAN,KLINIK PERGIGIAN DI KLINIK KESIHATAN ULU TIRAM,"ULU TIRAM, 81800 JOHOR BAHRU, JOHOR",,81800,,,,,1.614396,103.8198
3803,21-01020108D,BUKA,AWAM,KKM,,JOHOR,JOHOR BAHRU,KLINIK PERGIGIAN,KLINIK PERGIGIAN DI KLINIK KESIHATAN,KLINIK PERGIGIAN DI KLINIK KESIHATAN TAMPOI,"TAMPOI, 81200 JOHOR BAHRU, JOHOR",,81200,,,,,1.492636,103.7065
3804,21-01020106D,BUKA,AWAM,KKM,,JOHOR,JOHOR BAHRU,KLINIK PERGIGIAN,KLINIK PERGIGIAN DI KLINIK KESIHATAN,KLINIK PERGIGIAN DI KLINIK KESIHATAN TEBRAU,"TAMAN SERI TEBRAU, 80050 JOHOR BAHRU, JOHOR",,80050,,,,,1.48842,103.7711
3805,21-01020089D,BUKA,AWAM,KKM,,JOHOR,JOHOR BAHRU,KLINIK PERGIGIAN,KLINIK PERGIGIAN DI KLINIK KESIHATAN,KLINIK PERGIGIAN DI KLINIK KESIHATAN MAHMOODIAH,"80100 JOHOR BAHRU, JOHOR",,80100,,,,,1.462171,103.7486
3806,21-01020082D,BUKA,AWAM,KKM,,JOHOR,JOHOR BAHRU,KLINIK PERGIGIAN,KLINIK PERGIGIAN DI KLINIK KESIHATAN,KLINIK PERGIGIAN DI KLINIK KESIHATAN PASIR GUDANG,"JALAN KEJIRANAN 8/1,  81700 JOHOR BAHRU, JOHOR",,81700,,,,,1.464332,103.9064
3807,21-01020066D,BUKA,AWAM,KKM,,JOHOR,JOHOR BAHRU,KLINIK PERGIGIAN,KLINIK PERGIGIAN DI KLINIK KESIHATAN,KLINIK PERGIGIAN DI KLINIK KESIHATAN LARKIN,"PTD 4999, JALAN SENTOSA, 80950 JOHOR BAHRU, JOHOR",,80950,,,,,1.49684,103.7489
3808,21-01020060D,BUKA,AWAM,KKM,,JOHOR,JOHOR BAHRU,KLINIK PERGIGIAN,KLINIK PERGIGIAN DI KLINIK KESIHATAN,KLINIK PERGIGIAN DI KLINIK KESIHATAN KEMPAS,"KEMPAS, 81200 JOHOR BAHRU, JOHOR",,81200,,,,,1.544818,103.695
3809,21-01020058D,BUKA,AWAM,KKM,,JOHOR,JOHOR BAHRU,KLINIK PERGIGIAN,KLINIK PERGIGIAN DI KLINIK KESIHATAN,KLINIK PERGIGIAN DI KLINIK KESIHATAN MAJIDEE,"JALAN SEKOLAH KAMPUNG MELAYU MAJIDEE, 80950 JOHOR BAHRU, JOHOR",,80950,,,,,1.514646,103.7574
3810,21-01020050D,BUKA,AWAM,KKM,,JOHOR,JOHOR BAHRU,KLINIK PERGIGIAN,KLINIK PERGIGIAN DI KLINIK KESIHATAN,KLINIK PERGIGIAN DI KLINIK KESIHATAN GELANG PATAH,"JALAN BESAR, 81550 JOHOR BAHRU, JOHOR",,81550,,,,,1.447674,103.5904
3811,21-01020403D,BUKA,AWAM,KKM,,JOHOR,JOHOR BAHRU,KLINIK PERGIGIAN,KLINIK PERGIGIAN DI KLINIK KESIHATAN IBU DAN ANAK (KKIA),KLINIK PERGIGIAN DI KLINIK KESIHATAN IBU & ANAK JALAN ABD. SAMAD,"JALAN ABDUL SAMAD, 80100 JOHOR BAHRU, JOHOR",,80100,,,,,1.469665,103.7411
3812,11-01021181D,BUKA,AWAM,KKM,,JOHOR,JOHOR BAHRU,KLINIK PERGIGIAN,KLINIK PERGIGIAN DI HOSPITAL,KLINIK PERGIGIAN DI HOSPITAL PASIR GUDANG,"JALAN PUNCAK 1, PASIR GUDANG, 81700 JOHOR BAHRU, JOHOR",,81700,,,,,1.494907,103.9376
3813,11-01020400D,BUKA,AWAM,KKM,,JOHOR,JOHOR BAHRU,KLINIK PERGIGIAN,KLINIK PERGIGIAN DI HOSPITAL,KLINIK PERGIGIAN DI HOSPITAL SULTAN ISMAIL,"JALAN PERSIARAN MUTIARA EMAS UTAMA, TAMAN MOUNT AUSTIN, 81100 JOHOR BAHRU, JOHOR",,81100,,,,,1.54628,103.7909
3814,11-01020020D,BUKA,AWAM,KKM,,JOHOR,JOHOR BAHRU,KLINIK PERGIGIAN,KLINIK PERGIGIAN DI HOSPITAL,KLINIK PERGIGIAN DI HOSPITAL PERMAI,"JALAN PERSIARAN KEMPAS BARU, 81200 JOHOR BAHRU, JOHOR",,81200,,,,,1.523532,103.7046
3815,11-01020010D,BUKA,AWAM,KKM,,JOHOR,JOHOR BAHRU,KLINIK PERGIGIAN,KLINIK PERGIGIAN DI HOSPITAL,KLINIK PERGIGIAN DI HOSPITAL SULTANAH AMINAH,"80100 JOHOR BAHRU, JOHOR",,80100,,,,,1.458496,103.746
3816,21-01020688,BUKA,AWAM,KKM,,JOHOR,JOHOR BAHRU,KLINIK PERGIGIAN,KLINIK PERGIGIAN SEKOLAH RENDAH,KLINIK PERGIGIAN SEKOLAH D/A SEKOLAH KEBANGSAAN ULU TIRAM,"BATU 13, JALAN SUNGAI TIRAM, ULU TIRAM, 81800 JOHOR BAHRU, JOHOR",,81800,,,,,1.598829,103.8267
3817,21-01020684,BUKA,AWAM,KKM,,JOHOR,JOHOR BAHRU,KLINIK PERGIGIAN,KLINIK PERGIGIAN SEKOLAH RENDAH,KLINIK PERGIGIAN SEKOLAH D/A SEKOLAH KEBANGSAAN TAMAN UNIVERSITI 2,"JALAN PERUBATAN 12, TAMAN UNIVERSITI, SKUDAI, 81300 JOHOR BAHRU, JOHOR",,81300,,,,,1.53181,103.6128
3818,21-01020683,BUKA,AWAM,KKM,,JOHOR,JOHOR BAHRU,KLINIK PERGIGIAN,KLINIK PERGIGIAN SEKOLAH RENDAH,KLINIK PERGIGIAN SEKOLAH D/A SEKOLAH KEBANGSAAN TAMAN UNIVERSITI 1,"JALAN PENYIARAN, TAMAN UNIVERSITI, SKUDAI, 81300 JOHOR BAHRU, JOHOR",,81300,,,,,1.535263,103.6177
3819,21-01020681,BUKA,AWAM,KKM,,JOHOR,JOHOR BAHRU,KLINIK PERGIGIAN,KLINIK PERGIGIAN SEKOLAH RENDAH,KLINIK PERGIGIAN SEKOLAH D/A SEKOLAH KEBANGSAAN (P) SULTAN IBRAHIM,"JALAN ABDUL RAHMAN ANDAK, 80100 JOHOR BAHRU, JOHOR",,80100,,,,,1.472593,103.7519
3820,21-01020671,BUKA,AWAM,KKM,,JOHOR,JOHOR BAHRU,KLINIK PERGIGIAN,KLINIK PERGIGIAN SEKOLAH RENDAH,KLINIK PERGIGIAN SEKOLAH D/A SEKOLAH KEBANGSAAN TAMAN PERMAS JAYA 2,"JALAN PERMAS 3/10, TAMAN PERMAS JAYA, MASAI, 81750 JOHOR BAHRU, JOHOR",,81750,,,,,1.510735,103.8218
3821,21-01020665,BUKA,AWAM,KKM,,JOHOR,JOHOR BAHRU,KLINIK PERGIGIAN,KLINIK PERGIGIAN SEKOLAH RENDAH,KLINIK PERGIGIAN SEKOLAH D/A SEKOLAH KEBANGSAAN MOHD KHIR JOHARI,"JALAN SEKOLAH, KAMPUNG MELAYU MAJIDI, 81100 JOHOR BAHRU, JOHOR",,81100,,,,,1.513341,103.7526
3822,21-01020642,BUKA,AWAM,KKM,,JOHOR,JOHOR BAHRU,KLINIK PERGIGIAN,KLINIK PERGIGIAN SEKOLAH RENDAH,KLINIK PERGIGIAN SEKOLAH D/A SEKOLAH JENIS KEBANGSAAN (CINA) PU SZE,"BATU 10, SKUDAI, 81300 JOHOR BAHRU, JOHOR",,81300,,,,,1.536218,103.6623
3823,21-01020716,BUKA,AWAM,KKM,,JOHOR,JOHOR BAHRU,KLINIK PERGIGIAN,KLINIK PERGIGIAN SEKOLAH MENENGAH,KLINIK PERGIGIAN SEKOLAH D/A SEKOLAH MENENGAH KEBANGSAAN ULU TIRAM,"JALAN SUNGAI TIRAM, 81800 ULU TIRAM, JOHOR",,81800,,,,,1.581044,103.7255
3824,21-01020705,BUKA,AWAM,KKM,,JOHOR,JOHOR BAHRU,KLINIK PERGIGIAN,KLINIK PERGIGIAN SEKOLAH MENENGAH,KLINIK PERGIGIAN SEKOLAH D/A SEKOLAH MENENGAH KEBANGSAAN SERI ALAM 2,"BANDAR SERI ALAM, 81750 MASAI, JOHOR",,81750,,,,,1.511482,103.8915
3825,21-01020636,BUKA,AWAM,KKM,,JOHOR,JOHOR BAHRU,KLINIK PERGIGIAN,KLINIK PERGIGIAN SEKOLAH MENENGAH,KLINIK PERGIGIAN SEKOLAH D/A SEKOLAH TUN FATIMAH,"JALAN TUN ABDUL RAZAK, 80000 JOHOR BAHRU, JOHOR",,80000,,,,,1.492238,103.7341
3826,21-01020714,BUKA,AWAM,KKM,,JOHOR,JOHOR BAHRU,KLINIK PERGIGIAN,KLINIK PERGIGIAN DI UTC,KLINIK PERGIGIAN UTC PASIR GUDANG,"L1-04, KOMPLEKS PUSAT BANDAR PASIR GUDANG, 81700 PASIR GUDANG, JOHOR",,81700,,,,,1.466495,103.9019
3827,21-01020468D,BUKA,AWAM,KKM,,JOHOR,JOHOR BAHRU,KLINIK PERGIGIAN,KLINIK PERGIGIAN (STANDALONE),KLINIK PERGIGIAN UTC JOHOR BAHRU,"LEVEL G, BANGUNAN GALERIA KOTARAYA, JALAN TRUS, 80200 JOHOR BAHRU, JOHOR",,80200,,,,,1.459494,103.7631
3829,91-01030395,BUKA,AWAM,KKM,,JOHOR,KLUANG,PEJABAT KESIHATAN PERGIGIAN,PEJABAT KESIHATAN PERGIGIAN DAERAH,PEJABAT KESIHATAN PERGIGIAN DAERAH KLUANG,"JALAN HOSPITAL, 86000 KLUANG, JOHOR",,86000,,,,,2.038142,103.3132
3830,21-01030458,BUKA,AWAM,KKM,,JOHOR,KLUANG,KLINIK PERGIGIAN,KLINIK PERGIGIAN (STANDALONE),KLINIK PERGIGIAN KLUANG,"JALAN HOSPITAL, 86000 KLUANG, JOHOR",,86000,,,,,2.033671,103.3168
3831,21-01030113D,BUKA,AWAM,KKM,,JOHOR,KLUANG,KLINIK PERGIGIAN,KLINIK PERGIGIAN DI KLINIK KESIHATAN,KLINIK PERGIGIAN D KLINIK KESIHATAN ULU BELITONG,"86007 KLUANG, JOHOR",,86007,,,,,1.948539,103.4745
3832,21-01030100D,BUKA,AWAM,KKM,,JOHOR,KLUANG,KLINIK PERGIGIAN,KLINIK PERGIGIAN DI KLINIK KESIHATAN,KLINIK PERGIGIAN DI KLINIK KESIHATAN SIMPANG RENGGAM,"86200 KLUANG, JOHOR",,86200,,,,,1.826117,103.3052
3833,21-01030092D,BUKA,AWAM,KKM,,JOHOR,KLUANG,KLINIK PERGIGIAN,KLINIK PERGIGIAN DI KLINIK KESIHATAN,KLINIK PERGIGIAN DI KLINIK KESIHATAN RENGGAM,"86300 KLUANG, JOHOR",,86300,,,,,1.884607,103.3963
3834,21-01030073D,BUKA,AWAM,KKM,,JOHOR,KLUANG,KLINIK PERGIGIAN,KLINIK PERGIGIAN DI KLINIK KESIHATAN,KLINIK PERGIGIAN DI KLINIK KESIHATAN PALOH,"86600 KLUANG, JOHOR",,86600,,,,,2.187253,103.1956
3835,21-01030067D,BUKA,AWAM,KKM,,JOHOR,KLUANG,KLINIK PERGIGIAN,KLINIK PERGIGIAN DI KLINIK KESIHATAN,KLINIK PERGIGIAN DI KLINIK KESIHATAN LAYANG-LAYANG,"86000 KLUANG, JOHOR",,86000,,,,,1.818224,103.4738
3836,21-01030056D,BUKA,AWAM,KKM,,JOHOR,KLUANG,KLINIK PERGIGIAN,KLINIK PERGIGIAN DI KLINIK KESIHATAN,KLINIK PERGIGIAN DI KLINIK KESIHATAN KAHANG TIMUR,"86000 KLUANG, JOHOR",,86000,,,,,2.080713,103.4966
3837,21-01030055D,BUKA,AWAM,KKM,,JOHOR,KLUANG,KLINIK PERGIGIAN,KLINIK PERGIGIAN DI KLINIK KESIHATAN,KLINIK PERGIGIAN DI KLINIK KESIHATAN KAHANG BT 22,"LOT 96, JALAN MERSING BATU 22, KAHANG, 86700 KLUANG, JOHOR",,86700,,,,,2.216186,103.5409
3838,21-01030052D,BUKA,AWAM,KKM,,JOHOR,KLUANG,KLINIK PERGIGIAN,KLINIK PERGIGIAN DI KLINIK KESIHATAN,KLINIK PERGIGIAN DI KLINIK KESIHATAN MENGKIBOL,"JALAN MENGKIBOL, 86000 KLUANG, JOHOR",,86000,,,,,1.867715,102.943
3839,11-01030012D,BUKA,AWAM,KKM,,JOHOR,KLUANG,KLINIK PERGIGIAN,KLINIK PERGIGIAN DI HOSPITAL,KLINIK PERGIGIAN DI HOSPITAL ENCHE' BESAR HAJAH KHALSOM,"KM 5, JALAN KOTA TINGGI, 86000 KLUANG, JOHOR",,86000,,,,,2.006215,103.3481
3840,21-01030686,BUKA,AWAM,KKM,,JOHOR,KLUANG,KLINIK PERGIGIAN,KLINIK PERGIGIAN SEKOLAH RENDAH,KLINIK PERGIGIAN SEKOLAH D/A SEKOLAH KEBANGSAAN TUNKU MAHMOOD 1,"906, JALAN SEKOLAH, 86000 KLUANG, JOHOR",,86000,,,,,2.02772,103.3117
3841,21-01030675,BUKA,AWAM,KKM,,JOHOR,KLUANG,KLINIK PERGIGIAN,KLINIK PERGIGIAN SEKOLAH RENDAH,KLINIK PERGIGIAN SEKOLAH D/A SEKOLAH KEBANGSAAN SRI INTAN,"JALAN INTAN, TAMAN INTAN, 86000 KLUANG, JOHOR",,86000,,,,,2.01216,103.3038
3842,21-01030674,BUKA,AWAM,KKM,,JOHOR,KLUANG,KLINIK PERGIGIAN,KLINIK PERGIGIAN SEKOLAH RENDAH,KLINIK PERGIGIAN SEKOLAH D/A SEKOLAH KEBANGSAAN SIMPANG RENGGAM,"JALAN RENGGAM, 86200 KLUANG JOHOR",,86200,,,,,1.813886,103.3203
3843,21-01030664,BUKA,AWAM,KKM,,JOHOR,KLUANG,KLINIK PERGIGIAN,KLINIK PERGIGIAN SEKOLAH RENDAH,KLINIK PERGIGIAN SEKOLAH D/A SEKOLAH KEBANGSAAN KAMPONG MELAYU,"JALAN PENGHULU KASSIM, 86000 KLUANG, JOHOR",,86000,,,,,2.039396,103.3283
3844,21-01030657,BUKA,AWAM,KKM,,JOHOR,KLUANG,KLINIK PERGIGIAN,KLINIK PERGIGIAN SEKOLAH RENDAH,KLINIK PERGIGIAN SEKOLAH D/A SEKOLAH JENIS KEBANGSAAN CINA TUAN POON,"JALAN SEKOLAH, 86000 KLUANG, JOHOR",,86000,,,,,1.825633,103.3104
3845,21-01030655,BUKA,AWAM,KKM,,JOHOR,KLUANG,KLINIK PERGIGIAN,KLINIK PERGIGIAN SEKOLAH RENDAH,KLINIK PERGIGIAN SEKOLAH D/A SEKOLAH JENIS KEBANGSAAN CINA PAI YAI,"KAMPONG PAYA KLUANG, 86000 KLUANG, JOHOR",,86000,,,,,2.043293,103.3368
3846,21-01030652,BUKA,AWAM,KKM,,JOHOR,KLUANG,KLINIK PERGIGIAN,KLINIK PERGIGIAN SEKOLAH RENDAH,KLINIK PERGIGIAN SEKOLAH D/A SEKOLAH JENIS KEBANGSAAN CINA CHUNG HWA 1 & 2 KLUANG,"BT. 40, JALAN ISMAIL, 86000 KLUANG, JOHOR",,86000,,,,,2.026827,103.3193
3847,21-01030651,BUKA,AWAM,KKM,,JOHOR,KLUANG,KLINIK PERGIGIAN,KLINIK PERGIGIAN SEKOLAH RENDAH,KLINIK PERGIGIAN SEKOLAH D/A SEKOLAH JENIS KEBANGSAAN CINA CHUNG HWA 3,"JALAN BALAU, 86000 KLUANG, JOHOR",,86000,,,,,2.027068,103.3275
3848,21-01030701,BUKA,AWAM,KKM,,JOHOR,KLUANG,KLINIK PERGIGIAN,KLINIK PERGIGIAN SEKOLAH MENENGAH,KLINIK PERGIGIAN SEKOLAH D/A SEKOLAH MENENGAH SAINS JOHOR,"KM 1 JALAN BATU PAHAT, 86000 KLUANG, JOHOR",,86000,,,,,2.015864,103.3102
3849,21-01030698,BUKA,AWAM,KKM,,JOHOR,KLUANG,KLINIK PERGIGIAN,KLINIK PERGIGIAN SEKOLAH MENENGAH,KLINIK PERGIGIAN SEKOLAH D/A SEKOLAH MENENGAH KEBANGSAAN TINGGI KLUANG,"429, JALAN SEKOLAH, 86000 KLUANG, JOHOR",,86000,,,,,2.030355,103.3156
3850,21-01030693,BUKA,AWAM,KKM,,JOHOR,KLUANG,KLINIK PERGIGIAN,KLINIK PERGIGIAN SEKOLAH MENENGAH,KLINIK PERGIGIAN SEKOLAH D/A SEKOLAH MENENGAH KEBANGSAAN DATO' ABD. RAHMAN ANDAK,"JALAN PARIT HJ.HASHIM, SIMPANG RENGGAM, 86000 KLUANG, JOHOR",,86000,,,,,1.82304,103.3036
3851,21-01030702,BUKA,AWAM,KKM,,JOHOR,KLUANG,KLINIK PERGIGIAN,KLINIK PERGIGIAN SEKOLAH (PUSAT PERGIGIAN SEKOLAH),PUSAT PERGIGIAN SEKOLAH D/A SEKOLAH MENENGAH TENGKU ARIS BENDAHARA,"BT. 3, JALAN MERSING, 86000 KLUANG, JOHOR",,86000,,,,,2.04758,103.3444
3853,91-01040398,BUKA,AWAM,KKM,,JOHOR,KOTA TINGGI,PEJABAT KESIHATAN PERGIGIAN,PEJABAT KESIHATAN PERGIGIAN DAERAH,PEJABAT KESIHATAN PERGIGIAN DAERAH KOTA TINGGI,"JALAN TUN HABAB, 81900 KOTA TINGGI, JOHOR",,81900,,,,,1.734535,103.8995
3854,21-01040407,BUKA,AWAM,KKM,,JOHOR,KOTA TINGGI,KLINIK PERGIGIAN,KLINIK PERGIGIAN (STANDALONE),KLINIK PERGIGIAN KOTA TINGGI,"JALAN TUN HABAB, 81900 KOTA TINGGI, JOHOR",,81900,,,,,1.734535,103.8995
3855,21-01040109D,BUKA,AWAM,KKM,,JOHOR,KOTA TINGGI,KLINIK PERGIGIAN,KLINIK PERGIGIAN DI KLINIK KESIHATAN,KLINIK PERGIGIAN DI KLINIK KESIHATAN TANJONG SEDILI,"JALAN DATO USMAN AWANG TANJONG SEDILI, 81900 KOTA TINGGI, JOHOR",,81900,,,,,1.925632,104.1089
3856,21-01040105D,BUKA,AWAM,KKM,,JOHOR,KOTA TINGGI,KLINIK PERGIGIAN,KLINIK PERGIGIAN DI KLINIK KESIHATAN,KLINIK PERGIGIAN DI KLINIK KESIHATAN SUNGAI RENGIT,"SUNGAI RENGIT, 81900 KOTA TINGGI, JOHOR",,81900,,,,,1.349809,104.2239
3857,21-01040098D,BUKA,AWAM,KKM,,JOHOR,KOTA TINGGI,KLINIK PERGIGIAN,KLINIK PERGIGIAN DI KLINIK KESIHATAN,KLINIK PERGIGIAN DI KLINIK KESIHATAN SENING,"FELDA SENING, 81900 KOTA TINGGI, JOHOR",,81900,,,,,1.479818,104.1824
3858,21-01040069D,BUKA,AWAM,KKM,,JOHOR,KOTA TINGGI,KLINIK PERGIGIAN,KLINIK PERGIGIAN DI KLINIK KESIHATAN,KLINIK PERGIGIAN DI KLINIK KESIHATAN LOK HENG,"FELDA LOK HENG, 81900 KOTA TINGGI, JOHOR",,81900,,,,,1.698446,104.1119
3859,21-01040046D,BUKA,AWAM,KKM,,JOHOR,KOTA TINGGI,KLINIK PERGIGIAN,KLINIK PERGIGIAN DI KLINIK KESIHATAN,KLINIK PERGIGIAN DI KLINIK KESIHATAN BUKIT WAHA,"PTD 206, JALAN PEMBANGUNAN, BANDAR PENAWAR, 81900 KOTA TINGGI, JOHOR",,81900,,,,,1.551119,104.2301
3860,21-01040042D,BUKA,AWAM,KKM,,JOHOR,KOTA TINGGI,KLINIK PERGIGIAN,KLINIK PERGIGIAN DI KLINIK KESIHATAN,KLINIK PERGIGIAN DI KLINIK KESIHATAN BUKIT BESAR,"FELDA BUKIT BESAR, JALAN DEPAN SEKOLAH, 81900 KOTA TINGGI, JOHOR",,81900,,,,,1.768359,103.7064
3861,21-01040036D,BUKA,AWAM,KKM,,JOHOR,KOTA TINGGI,KLINIK PERGIGIAN,KLINIK PERGIGIAN DI KLINIK KESIHATAN,KLINIK PERGIGIAN DI KLINIK KESIHATAN BANDAR TENGGARA,"BANDAR TENGGARA, 81900 KOTA TINGGI, JOHOR",,81900,,,,,1.863589,103.6231
3862,21-01040034D,BUKA,AWAM,KKM,,JOHOR,KOTA TINGGI,KLINIK PERGIGIAN,KLINIK PERGIGIAN DI KLINIK KESIHATAN,KLINIK PERGIGIAN DI KLINIK KESIHATAN BANDAR PENAWAR,"LOT 758, JALAN AR-RAUDAH, 81900 KOTA TINGGI, JOHOR",,81900,,,,,1.368965,104.2833
3863,21-01040033D,BUKA,AWAM,KKM,,JOHOR,KOTA TINGGI,KLINIK PERGIGIAN,KLINIK PERGIGIAN DI KLINIK KESIHATAN,KLINIK PERGIGIAN DI KLINIK KESIHATAN BANDAR MAS,"LOT 496, JALAN TUN HABAB, 81900 KOTA TINGGI, JOHOR",,81900,,,,,1.612552,104.1539
3864,21-01040027D,BUKA,AWAM,KKM,,JOHOR,KOTA TINGGI,KLINIK PERGIGIAN,KLINIK PERGIGIAN DI KLINIK KESIHATAN,KLINIK PERGIGIAN DI KLINIK KESIHATAN AIR TAWAR 2,"LOT 1046, JALAN PASAR, SUNGAI RENGIT, FELDA AIR TAWAR 2, 81900 KOTA TINGGI, JOHOR",,81900,,,,,1.67614,104.0197
3865,21-01040635,BUKA,AWAM,KKM,,JOHOR,KOTA TINGGI,KLINIK PERGIGIAN,KLINIK PERGIGIAN SEKOLAH RENDAH,KLINIK PERGIGIAN SEKOLAH D/A SEKOLAH KEBANGSAAN LAKSAMANA,"JALAN BUNGA RAYA, KOTA KECIL, 81900 KOTA TINGGI, JOHOR",,81900,,,,,1.743411,103.9053
3866,21-01040629,BUKA,AWAM,KKM,,JOHOR,KOTA TINGGI,KLINIK PERGIGIAN,KLINIK PERGIGIAN SEKOLAH RENDAH,KLINIK PERGIGIAN SEKOLAH D/A SEKOLAH JENIS KEBANGSAAN (CINA) PEI HWA,"PETI SURAT 34, 81907 KOTA TINGGI, JOHOR",,81907,,,,,1.39072,103.8788
3867,21-01040699,BUKA,AWAM,KKM,,JOHOR,KOTA TINGGI,KLINIK PERGIGIAN,KLINIK PERGIGIAN SEKOLAH MENENGAH,KLINIK PERGIGIAN SEKOLAH D/A SEKOLAH MENENGAH KEBANGSAAN TUN HABAB,"JALAN TAJUL, 81900 KOTA TINGGI, JOHOR",,81900,,,,,1.722737,103.8967
3868,91-01090415,BUKA,AWAM,KKM,,JOHOR,KULAI,PEJABAT KESIHATAN PERGIGIAN,PEJABAT KESIHATAN PERGIGIAN DAERAH,PEJABAT KESIHATAN PERGIGIAN DAERAH KULAI,"D/A KLINIK KESIHATAN KULAI BESAR, LOT 6221, BATU 19, JALAN AIR HITAM, 81000 KULAI, JOHOR",,81000,,,,,1.641517,103.6215
3869,21-01090402D,BUKA,AWAM,KKM,,JOHOR,KULAI,KLINIK PERGIGIAN,KLINIK PERGIGIAN DI KLINIK KESIHATAN,KLINIK PERGIGIAN DI KLINIK KESIHATAN KULAI,"LOT 5264, JALAN PEJABAT KERAJAAN, 81000 KULAI, JOHOR",,81000,,,,,1.655691,103.6068
3870,21-01090063D,BUKA,AWAM,KKM,,JOHOR,KULAI,KLINIK PERGIGIAN,KLINIK PERGIGIAN DI KLINIK KESIHATAN,KLINIK PERGIGIAN DI KLINIK KESIHATAN KULAI BESAR,"LOT 6221, BATU 19, JALAN AIR HITAM, 81000 KULAI, JOHOR",,81000,,,,,1.641517,103.6215
3871,21-01090666,BUKA,AWAM,KKM,,JOHOR,KULAI,KLINIK PERGIGIAN,KLINIK PERGIGIAN SEKOLAH RENDAH,KLINIK PERGIGIAN SEKOLAH D/A SEKOLAH KEBANGSAAN KULAI 1,"JALAN PEJABAT KERAJAAN, 81000 KULAI, JOHOR",,81000,,,,,1.65611,103.6058
3872,21-01090697,BUKA,AWAM,KKM,,JOHOR,KULAI,KLINIK PERGIGIAN,KLINIK PERGIGIAN SEKOLAH MENENGAH,KLINIK PERGIGIAN SEKOLAH D/A SEKOLAH MENENGAH KEBANGSAAN SULTAN IBRAHIM,"JALAN LENGKONGAN, 81000 KULAI, JOHOR",,81000,,,,,1.651754,103.6044
3873,91-01050399,BUKA,AWAM,KKM,,JOHOR,MERSING,PEJABAT KESIHATAN PERGIGIAN,PEJABAT KESIHATAN PERGIGIAN DAERAH,PEJABAT KESIHATAN PERGIGIAN DAERAH MERSING,"KLINIK PERGIGIAN MERSING, JALAN ISMAIL, 86800 MERSING, JOHOR",,86800,,,,,2.429271,103.8457
3874,21-01050110D,BUKA,AWAM,KKM,,JOHOR,MERSING,KLINIK PERGIGIAN,KLINIK PERGIGIAN DI KLINIK KESIHATAN,KLINIK PERGIGIAN DI KLINIK KESIHATAN TENGGAROH 02,"FELDA TENGGAROH 2, 86810 MERSING, JOHOR",,86810,,,,,2.0833,103.946
3875,21-01050049D,BUKA,AWAM,KKM,,JOHOR,MERSING,KLINIK PERGIGIAN,KLINIK PERGIGIAN DI KLINIK KESIHATAN,KLINIK PERGIGIAN DI KLINIK KESIHATAN ENDAU,"LOT 427, JALAN SEKOLAH, ENDAU, 86800 MERSING, JOHOR",,86800,,,,,2.649756,103.6233
3876,11-01050014D,BUKA,AWAM,KKM,,JOHOR,MERSING,KLINIK PERGIGIAN,KLINIK PERGIGIAN DI HOSPITAL,KLINIK PERGIGIAN DI HOSPITAL MERSING,"JALAN ISMAIL, 86800 MERSING, JOHOR",,86800,,,,,2.429453,103.8454
3877,21-01050687,BUKA,AWAM,KKM,,JOHOR,MERSING,KLINIK PERGIGIAN,KLINIK PERGIGIAN SEKOLAH RENDAH,KLINIK PERGIGIAN SEKOLAH D/A SEKOLAH KEBANGSAAN TERIANG,"JKR 655P, JALAN PENYABONG, KAMPUNG TERIANG BESAR, ENDAU, 86900 MERSING, JOHOR",,86900,,,,,2.64318,103.6832
3878,21-01050678,BUKA,AWAM,KKM,,JOHOR,MERSING,KLINIK PERGIGIAN,KLINIK PERGIGIAN SEKOLAH RENDAH,KLINIK PERGIGIAN SEKOLAH D/A SEKOLAH KEBANGSAAN SRI MERSING,"JALAN MAHKOTA, 86800 MERSING, JOHOR",,86800,,,,,2.41976,103.8443
3879,21-01050660,BUKA,AWAM,KKM,,JOHOR,MERSING,KLINIK PERGIGIAN,KLINIK PERGIGIAN SEKOLAH RENDAH,KLINIK PERGIGIAN SEKOLAH D/A SEKOLAH KEBANGSAAN BANDAR MERSING,"288, JALAN AMINAH, 86800 MERSING, JOHOR",,86800,,,,,2.431186,103.8431
3880,21-01050654,BUKA,AWAM,KKM,,JOHOR,MERSING,KLINIK PERGIGIAN,KLINIK PERGIGIAN SEKOLAH RENDAH,KLINIK PERGIGIAN SEKOLAH D/A SEKOLAH JENIS KEBANGSAAN (CINA) PAI CHEE,"52, JALAN ISMAIL, 86800 MERSING, JOHOR",,86800,,,,,2.429043,103.8437
3881,21-01050692,BUKA,AWAM,KKM,,JOHOR,MERSING,KLINIK PERGIGIAN,KLINIK PERGIGIAN SEKOLAH MENENGAH,KLINIK PERGIGIAN SEKOLAH D/A SEKOLAH MENENGAH KEBANGSAAN MERSING,"KM 3, JALAN ENDAU, 86800 MERSING, JOHOR",,86800,,,,,2.45371,103.8282
3882,21-01050691,BUKA,AWAM,KKM,,JOHOR,MERSING,KLINIK PERGIGIAN,KLINIK PERGIGIAN SEKOLAH MENENGAH,KLINIK PERGIGIAN SEKOLAH D/A SEKOLAH MENENGAH KEBANGSAAN ANJUNG BATU,"KM 2, JALAN JEMALUANG, 86800 MERSING, JOHOR",,86800,,,,,2.41266,103.8444
3883,91-01060393,BUKA,AWAM,KKM,,JOHOR,MUAR,PEJABAT KESIHATAN PERGIGIAN,PEJABAT KESIHATAN PERGIGIAN DAERAH,PEJABAT KESIHATAN PERGIGIAN DAERAH MUAR,"JALAN HOSPITAL, 84000 MUAR, JOHOR",,84000,,,,,2.058379,102.5759
3884,21-01060436,BUKA,AWAM,KKM,,JOHOR,MUAR,KLINIK PERGIGIAN,KLINIK PERGIGIAN (STANDALONE),KLINIK PAKAR PERGIGIAN ORTODONTIK,"JALAN MERIAM, 84000 MUAR, JOHOR",,84000,,,,,2.044485,102.5638
3885,21-01060081D,BUKA,AWAM,KKM,,JOHOR,MUAR,KLINIK PERGIGIAN,KLINIK PERGIGIAN DI KLINIK KESIHATAN,KLINIK PERGIGIAN DI KLINIK KESIHATAN PARIT YUSOF,"PARIT YUSOF, 83600 MUAR, JOHOR",,83600,,,,,1.896308,102.7602
3886,21-01060076D,BUKA,AWAM,KKM,,JOHOR,MUAR,KLINIK PERGIGIAN,KLINIK PERGIGIAN DI KLINIK KESIHATAN,KLINIK PERGIGIAN DI KLINIK KESIHATAN PARIT JAWA,"JALAN TEMENGGUNG AHMAD, PARIT JAWA, 84150 MUAR, JOHOR",,84150,,,,,1.960918,102.6421
3887,21-01060074D,BUKA,AWAM,KKM,,JOHOR,MUAR,KLINIK PERGIGIAN,KLINIK PERGIGIAN DI KLINIK KESIHATAN,KLINIK PERGIGIAN DI KLINIK KESIHATAN PARIT BAKAR,"PARIT BAKAR, 84000 MUAR, JOHOR",,84000,,,,,1.999709,102.6085
3888,21-01060072D,BUKA,AWAM,KKM,,JOHOR,MUAR,KLINIK PERGIGIAN,KLINIK PERGIGIAN DI KLINIK KESIHATAN,KLINIK PERGIGIAN DI KLINIK KESIHATAN PAGOH,"JALAN MUAR-PAGOH, PAGOH, 84600 MUAR, JOHOR",,84600,,,,,2.151349,102.7749
3889,21-01060068D,BUKA,AWAM,KKM,,JOHOR,MUAR,KLINIK PERGIGIAN,KLINIK PERGIGIAN DI KLINIK KESIHATAN,KLINIK PERGIGIAN DI KLINIK KESIHATAN LENGA,"BATU 29, LENGA, 84040 MUAR, JOHOR",,84040,,,,,2.259595,102.832
3890,21-01060057D,BUKA,AWAM,KKM,,JOHOR,MUAR,KLINIK PERGIGIAN,KLINIK PERGIGIAN DI KLINIK KESIHATAN,KLINIK PERGIGIAN DI KLINIK KESIHATAN MUAR,"BYPASS OFF JALAN DATO' HAJI KOSAI, 84000 MUAR, JOHOR",,84000,,,,,2.033467,102.6057
3891,21-01060044D,BUKA,AWAM,KKM,,JOHOR,MUAR,KLINIK PERGIGIAN,KLINIK PERGIGIAN DI KLINIK KESIHATAN,KLINIK PERGIGIAN DI KLINIK KESIHATAN BUKIT PASIR,"NO. 264-5, JALAN KENANGAN 1, TMN TUN DR ISMAIL, 84000 MUAR, JOHOR",,84000,,,,,2.02869,102.5538
3892,21-01060037D,BUKA,AWAM,KKM,,JOHOR,MUAR,KLINIK PERGIGIAN,KLINIK PERGIGIAN DI KLINIK KESIHATAN,KLINIK PERGIGIAN DI KLINIK KESIHATAN AIR HITAM,"BT 27, 84060 MUAR, JOHOR",,84060,,,,,2.063052,102.5849
3893,21-01060032D,BUKA,AWAM,KKM,,JOHOR,MUAR,KLINIK PERGIGIAN,KLINIK PERGIGIAN DI KLINIK KESIHATAN,KLINIK PERGIGIAN DI KLINIK KESIHATAN BANDAR MAHARANI,"JALAN SALLEH, 84000 MUAR, JOHOR",,84000,,,,,2.058123,102.5766
3894,21-01060031D,BUKA,AWAM,KKM,,JOHOR,MUAR,KLINIK PERGIGIAN,KLINIK PERGIGIAN DI KLINIK KESIHATAN,KLINIK PERGIGIAN DI KLINIK KESIHATAN BAKRI,"JALAN BATU NAMPAK, BAKRI, 84200 MUAR, JOHOR",,84200,,,,,2.052116,102.6489
3895,11-01060015D,BUKA,AWAM,KKM,,JOHOR,MUAR,KLINIK PERGIGIAN,KLINIK PERGIGIAN DI HOSPITAL,KLINIK PERGIGIAN DI HOSPITAL PAKAR SULTANAH FATIMAH,"JALAN SALLEH, 84000 MUAR, JOHOR",,84000,,,,,2.05671,102.5772
3896,21-01060682,BUKA,AWAM,KKM,,JOHOR,MUAR,KLINIK PERGIGIAN,KLINIK PERGIGIAN SEKOLAH RENDAH,KLINIK PERGIGIAN SEKOLAH D/A SEKOLAH KEBANGSAAN ISMAIL SATU,"JKR 1009, JALAN TUNKU BENDAHARA, 84000 MUAR, JOHOR",,84000,,,,,2.038466,102.5771
3897,21-01060680,BUKA,AWAM,KKM,,JOHOR,MUAR,KLINIK PERGIGIAN,KLINIK PERGIGIAN SEKOLAH RENDAH,KLINIK PERGIGIAN SEKOLAH D/A SEKOLAH KEBANGSAAN SULTAN ABU BAKAR 2,"JALAN JUNID, 84000 MUAR, JOHOR",,84000,,,,,2.041996,102.5529
3898,21-01060658,BUKA,AWAM,KKM,,JOHOR,MUAR,KLINIK PERGIGIAN,KLINIK PERGIGIAN SEKOLAH RENDAH,KLINIK PERGIGIAN SEKOLAH D/A SEKOLAH KEBANGSAAN BAKRI BATU 2,"JALAN HJ. ABDULLAH, SUNGAI ABONG, 84100 MUAR, JOHOR",,84100,,,,,2.049912,102.594
3899,21-01060646,BUKA,AWAM,KKM,,JOHOR,MUAR,KLINIK PERGIGIAN,KLINIK PERGIGIAN SEKOLAH RENDAH,KLINIK PERGIGIAN SEKOLAH D/A SEKOLAH JENIS KEBANGSAAN (C) PU NAN,"BUKIT BAKRI, 84200 MUAR, JOHOR",,84200,,,,,2.042663,102.6583
3900,21-01060645,BUKA,AWAM,KKM,,JOHOR,MUAR,KLINIK PERGIGIAN,KLINIK PERGIGIAN SEKOLAH RENDAH,KLINIK PERGIGIAN SEKOLAH D/A SEKOLAH JENIS KEBANGSAAN (C) CHUNG HWA PRESBYTERIAN,"78, JALAN HASHIM, 84000 MUAR, JOHOR",,84000,,,,,2.048831,102.5724
3901,21-01060644,BUKA,AWAM,KKM,,JOHOR,MUAR,KLINIK PERGIGIAN,KLINIK PERGIGIAN SEKOLAH RENDAH,KLINIK PERGIGIAN SEKOLAH D/A SEKOLAH JENIS KEBANGSAAN (C) CHUNG HWA 2A,"10, JALAN BAKRI, 84000 MUAR, JOHOR",,84000,,,,,2.048831,102.5724
3902,21-01060643,BUKA,AWAM,KKM,,JOHOR,MUAR,KLINIK PERGIGIAN,KLINIK PERGIGIAN SEKOLAH RENDAH,KLINIK PERGIGIAN SEKOLAH D/A SEKOLAH JENIS KEBANGSAAN (C) CHUNG HWA 1A,"181, JALAN SAYANG, 84000 MUAR, JOHOR",,84000,,,,,2.045697,102.5684
3903,21-01060626,BUKA,AWAM,KKM,,JOHOR,MUAR,KLINIK PERGIGIAN,KLINIK PERGIGIAN SEKOLAH RENDAH,KLINIK PERGIGIAN SEKOLAH D/A SEKOLAH KEBANGSAAN CONVENT,"NO 100, JALAN DAUD, 84000 MUAR, JOHOR",,84000,,,,,2.0402,102.5723
3904,21-01060706,BUKA,AWAM,KKM,,JOHOR,MUAR,KLINIK PERGIGIAN,KLINIK PERGIGIAN SEKOLAH MENENGAH,KLINIK PERGIGIAN SEKOLAH D/A SEKOLAH MENENGAH KEBANGSAAN TENGKU MAHKOTA,"KM 5, PARIT RAJA, JALAN TEMENGGONG AHMAD, 84000 MUAR, JOHOR",,84000,,,,,2.011831,102.599
3906,91-01070397,BUKA,AWAM,KKM,,JOHOR,PONTIAN,PEJABAT KESIHATAN PERGIGIAN,PEJABAT KESIHATAN PERGIGIAN DAERAH,PEJABAT KESIHATAN PERGIGIAN DAERAH PONTIAN,"D/A HOSPITAL PONTIAN JALAN ALSAGOFF, 82000 PONTIAN, JOHOR",,82000,,,,,1.49846,103.3852
3907,21-01070437,BUKA,AWAM,KKM,,JOHOR,PONTIAN,KLINIK PERGIGIAN,KLINIK PERGIGIAN (STANDALONE),KLINIK PERGIGIAN PONTIAN,"D/A HOSPITAL PONTIAN, JALAN ALSAGOFF, 82000 PONTIAN, JOHOR",,82000,,,,,1.501266,103.3834
3908,21-01070099D,BUKA,AWAM,KKM,,JOHOR,PONTIAN,KLINIK PERGIGIAN,KLINIK PERGIGIAN DI KLINIK KESIHATAN,KLINIK PERGIGIAN DI KLINIK KESIHATAN SERKAT,"JALAN SERKAT, 82300 PONTIAN, JOHOR",,82300,,,,,1.304369,103.486
3909,21-01070091D,BUKA,AWAM,KKM,,JOHOR,PONTIAN,KLINIK PERGIGIAN,KLINIK PERGIGIAN DI KLINIK KESIHATAN,KLINIK PERGIGIAN DI KLINIK KESIHATAN PONTIAN,"JALAN ALSAGOFF, 82000 PONTIAN, JOHOR",,82000,,,,,1.501149,103.3834
3910,21-01070086D,BUKA,AWAM,KKM,,JOHOR,PONTIAN,KLINIK PERGIGIAN,KLINIK PERGIGIAN DI KLINIK KESIHATAN,KLINIK PERGIGIAN DI KLINIK KESIHATAN PENEROK,"JALAN KUKUP, 82300 PONTIAN, JOHOR",,82300,,,,,1.379272,103.443
3911,21-01070085D,BUKA,AWAM,KKM,,JOHOR,PONTIAN,KLINIK PERGIGIAN,KLINIK PERGIGIAN DI KLINIK KESIHATAN,KLINIK PERGIGIAN DI KLINIK KESIHATAN PEKAN NANAS,"JALAN PEKAN NENAS, PEKAN NANAS, 81500 PONTIAN, JOHOR",,81500,,,,,1.522163,103.5143
3912,21-01070075D,BUKA,AWAM,KKM,,JOHOR,PONTIAN,KLINIK PERGIGIAN,KLINIK PERGIGIAN DI KLINIK KESIHATAN,KLINIK PERGIGIAN DI KLINIK KESIHATAN PARIT ISMAIL,"JALAN PARIT ISMAIL, 82200 PONTIAN, JOHOR",,82200,,,,,1.700879,103.2872
3913,21-01070059D,BUKA,AWAM,KKM,,JOHOR,PONTIAN,KLINIK PERGIGIAN,KLINIK PERGIGIAN DI KLINIK KESIHATAN,KLINIK PERGIGIAN DI KLINIK KESIHATAN KAYU ARA PASONG,"KAMPONG KAYU ARA PASONG, 82010 PONTIAN, JOHOR",,82010,,,,,1.587873,103.4107
3914,21-01070041D,BUKA,AWAM,KKM,,JOHOR,PONTIAN,KLINIK PERGIGIAN,KLINIK PERGIGIAN DI KLINIK KESIHATAN,KLINIK PERGIGIAN DI KLINIK KESIHATAN BENUT,"JALAN JAFAR, 82200 PONTIAN, JOHOR",,82200,,,,,1.645467,103.2585
3915,21-01070028D,BUKA,AWAM,KKM,,JOHOR,PONTIAN,KLINIK PERGIGIAN,KLINIK PERGIGIAN DI KLINIK KESIHATAN,KLINIK PERGIGIAN DI KLINIK KESIHATAN AYER BALOI,"JALAN AYER BALOI, 82100 PONTIAN, JOHOR",,82100,,,,,1.592743,103.3313
3916,21-01070685,BUKA,AWAM,KKM,,JOHOR,PONTIAN,KLINIK PERGIGIAN,KLINIK PERGIGIAN SEKOLAH RENDAH,KLINIK PERGIGIAN SEKOLAH D/A SEKOLAH KEBANGSAAN TENGKU MAHMOOD ISKANDAR 2,"
JALAN ALSAGOFF,  82000 PONTIAN, JOHOR",,82000,,,,,1.491176,103.3861
3917,21-01070676,BUKA,AWAM,KKM,,JOHOR,PONTIAN,KLINIK PERGIGIAN,KLINIK PERGIGIAN SEKOLAH RENDAH,"
KLINIK PERGIGIAN SEKOLAH D/A SEKOLAH KEBANGSAAN SRI KEMBAR","
JALAN PARIT ISMAIL BENUT, 82200 PONTIAN, JOHOR",,82200,,,,,1.688618,103.2817
3918,21-01070713,BUKA,AWAM,KKM,,JOHOR,PONTIAN,KLINIK PERGIGIAN,KLINIK PERGIGIAN SEKOLAH MENENGAH,"
KLINIK PERGIGIAN SEKOLAH D/A SEKOLAH MENENGAH KEBANGSAAN BENUT","
JALAN JAAFAR BENUT, 82200 PONTIAN, JOHOR",,82200,,,,,1.647996,103.2587
3919,91-01080396,BUKA,AWAM,KKM,,JOHOR,SEGAMAT,PEJABAT KESIHATAN PERGIGIAN,PEJABAT KESIHATAN PERGIGIAN DAERAH,PEJABAT KESIHATAN PERGIGIAN DAERAH SEGAMAT,"JALAN MUAR, 85000 SEGAMAT, JOHOR",,85000,,,,,2.512213,102.8152
3920,21-01080240D,BUKA,AWAM,KKM,,JOHOR,SEGAMAT,KLINIK PERGIGIAN,KLINIK PERGIGIAN DI KLINIK KESIHATAN,KLINIK PERGIGIAN DI KLINIK KESIHATAN PALONG TIMUR,"FELDA PALONG TIMUR, BATU ANAM, 85100 SEGAMAT, JOHOR",,85100,,,,,2.701158,102.6851
3921,21-01080095D,BUKA,AWAM,KKM,,JOHOR,SEGAMAT,KLINIK PERGIGIAN,KLINIK PERGIGIAN DI KLINIK KESIHATAN,KLINIK PERGIGIAN DI KLINIK KESIHATAN SEGAMAT,"JALAN MUAR, 85000 SEGAMAT, JOHOR",,85000,,,,,2.503819,102.8136
3922,21-01080087D,BUKA,AWAM,KKM,,JOHOR,SEGAMAT,KLINIK PERGIGIAN,KLINIK PERGIGIAN DI KLINIK KESIHATAN,KLINIK PERGIGIAN DI KLINIK KESIHATAN PEMANIS,"FELDA PEMANIS, 85 JALAN TASIK ALAI BULUH KASAP, PEMANIS, 85009 SEGAMAT, JOHOR",,85009,,,,,2.547445,102.7712
3923,21-01080084D,BUKA,AWAM,KKM,,JOHOR,SEGAMAT,KLINIK PERGIGIAN,KLINIK PERGIGIAN DI KLINIK KESIHATAN,KLINIK PERGIGIAN DI KLINIK KESIHATAN PEKAN AIR PANAS,"PEKAN AIR PANAS, 85300 SEGAMAT, JOHOR",,85300,,,,,2.472404,103.0579
3924,21-01080065D,BUKA,AWAM,KKM,,JOHOR,SEGAMAT,KLINIK PERGIGIAN,KLINIK PERGIGIAN DI KLINIK KESIHATAN,KLINIK PERGIGIAN DI KLINIK KESIHATAN LABIS,"LABIS, 85300 SEGAMAT, JOHOR",,85300,,,,,2.385602,103.0187
3925,21-01080054D,BUKA,AWAM,KKM,,JOHOR,SEGAMAT,KLINIK PERGIGIAN,KLINIK PERGIGIAN DI KLINIK KESIHATAN,KLINIK PERGIGIAN DI KLINIK KESIHATAN JEMENTAH,"PEKAN JEMENTAH, JEMENTAH, 85200 SEGAMAT, JOHOR",,85200,,,,,2.439213,102.6845
3926,21-01080048D,BUKA,AWAM,KKM,,JOHOR,SEGAMAT,KLINIK PERGIGIAN,KLINIK PERGIGIAN DI KLINIK KESIHATAN,KLINIK PERGIGIAN DI KLINIK KESIHATAN CHAAH,"PEKAN CHAAH, 85400 SEGAMAT, JOHOR",,85400,,,,,2.24736,103.041
3927,21-01080047D,BUKA,AWAM,KKM,,JOHOR,SEGAMAT,KLINIK PERGIGIAN,KLINIK PERGIGIAN DI KLINIK KESIHATAN,KLINIK PERGIGIAN DI KLINIK KESIHATAN BULOH KASAP,"JALAN TASEK ALAI BULOH KASAP, 85000 SEGAMAT, JOHOR",,85000,,,,,2.544724,102.7703
3928,21-01080040D,BUKA,AWAM,KKM,,JOHOR,SEGAMAT,KLINIK PERGIGIAN,KLINIK PERGIGIAN DI KLINIK KESIHATAN,KLINIK PERGIGIAN DI KLINIK KESIHATAN BEKOK,"JALAN GUNUNG MUKIM BEKOK, 86500 SEGAMAT, JOHOR",,86500,,,,,2.297729,103.134
3929,21-01080038D,BUKA,AWAM,KKM,,JOHOR,SEGAMAT,KLINIK PERGIGIAN,KLINIK PERGIGIAN DI KLINIK KESIHATAN,KLINIK PERGIGIAN DI KLINIK KESIHATAN BATU ANAM,"85100 SEGAMAT, JOHOR",,85100,,,,,2.575197,102.7082
3930,21-01080035D,BUKA,AWAM,KKM,,JOHOR,SEGAMAT,KLINIK PERGIGIAN,KLINIK PERGIGIAN DI KLINIK KESIHATAN,KLINIK PERGIGIAN DI KLINIK KESIHATAN BANDAR PUTRA,"JALAN GENUANG, BANDAR PUTRA, 85000 SEGAMAT, JOHOR",,85000,,,,,2.494518,102.8631
3931,11-01080017D,BUKA,AWAM,KKM,,JOHOR,SEGAMAT,KLINIK PERGIGIAN,KLINIK PERGIGIAN DI HOSPITAL,KLINIK PERGIGIAN DI HOSPITAL SEGAMAT,"JALAN GENUANG, 85000 SEGAMAT, JOHOR",,85000,,,,,2.500784,102.8248
3932,21-01080677,BUKA,AWAM,KKM,,JOHOR,SEGAMAT,KLINIK PERGIGIAN,KLINIK PERGIGIAN SEKOLAH RENDAH,KLINIK PERGIGIAN SEKOLAH D/A SEKOLAH KEBANGSAAN SRI LABIS,"JKR 1421 JALAN MUAR, 85300 SEGAMAT, JOHOR",,85300,,,,,2.381786,103.0176
3933,21-01080653,BUKA,AWAM,KKM,,JOHOR,SEGAMAT,KLINIK PERGIGIAN,KLINIK PERGIGIAN SEKOLAH RENDAH,KLINIK PERGIGIAN SEKOLAH D/A SEKOLAH JENIS KEBANGSAAN (CINA) LI CHI,"KAMPONG ABDULLAH, 85000 SEGAMAT, JOHOR",,85000,,,,,2.500784,102.8248
3934,21-01080632,BUKA,AWAM,KKM,,JOHOR,SEGAMAT,KLINIK PERGIGIAN,KLINIK PERGIGIAN SEKOLAH RENDAH,KLINIK PERGIGIAN SEKOLAH D/A SEKOLAH JENIS KEBANGSAAN (CINA) LABIS,"LABIS, 85300 SEGAMAT, JOHOR",,85300,,,,,2.355855,103.0369
3935,21-01080631,BUKA,AWAM,KKM,,JOHOR,SEGAMAT,KLINIK PERGIGIAN,KLINIK PERGIGIAN SEKOLAH RENDAH,KLINIK PERGIGIAN SEKOLAH D/A SEKOLAH JENIS KEBANGSAAN (CINA) BUKIT SIPUT,"JALAN ABDUL HAMID BUKIT SIPUT , 85200 SEGAMAT, JOHOR",,85200,,,,,2.486094,102.8465
3936,21-01080637,BUKA,AWAM,KKM,,JOHOR,SEGAMAT,KLINIK PERGIGIAN,KLINIK PERGIGIAN SEKOLAH MENENGAH,KLINIK PERGIGIAN SEKOLAH D/A SEKOLAH MENENGAH KEBANGSAAN SEG HWA,"JALAN TAHANG RIMAU, 85000 SEGAMAT, JOHOR",,85000,,,,,2.52067,102.8008
3937,91-01100416,BUKA,AWAM,KKM,,JOHOR,TANGKAK,PEJABAT KESIHATAN PERGIGIAN,PEJABAT KESIHATAN PERGIGIAN DAERAH,PEJABAT KESIHATAN PERGIGIAN DAERAH TANGKAK,"JKR 2831, JALAN HOSPITAL, 84900 TANGKAK, JOHOR",,84900,,,,,2.272082,102.5484
3938,21-01100455,BUKA,AWAM,KKM,,JOHOR,TANGKAK,KLINIK PERGIGIAN,KLINIK PERGIGIAN (STANDALONE),KLINIK PERGIGIAN TANGKAK,"JALAN HOSPITAL, 84900 TANGKAK, JOHOR",,84900,,,,,2.271146,102.5474
3939,21-01100104D,BUKA,AWAM,KKM,,JOHOR,TANGKAK,KLINIK PERGIGIAN,KLINIK PERGIGIAN DI KLINIK KESIHATAN,KLINIK PERGIGIAN DI KLINIK KESIHATAN SUNGAI MATI,"LOT 1052, SUNGAI MATI, 84400 SEROM, JOHOR",,84400,,,,,2.146887,102.5635
3940,21-01100094D,BUKA,AWAM,KKM,,JOHOR,TANGKAK,KLINIK PERGIGIAN,KLINIK PERGIGIAN DI KLINIK KESIHATAN,KLINIK PERGIGIAN DI KLINIK KESIHATAN SAGIL,"PT 8814, JALAN SEGAMAT, SAGIL, 84900 LEDANG, JOHOR",,84900,,,,,2.476198,102.9121
3941,21-01100083D,BUKA,AWAM,KKM,,JOHOR,TANGKAK,KLINIK PERGIGIAN,KLINIK PERGIGIAN DI KLINIK KESIHATAN,KLINIK PERGIGIAN DI KLINIK KESIHATAN PAYAMAS,"PT 1405, JALAN PAYAMAS, 84900 LEDANG, JOHOR",,84900,,,,,2.275285,102.5455
3942,21-01100051D,BUKA,AWAM,KKM,,JOHOR,TANGKAK,KLINIK PERGIGIAN,KLINIK PERGIGIAN DI KLINIK KESIHATAN,KLINIK PERGIGIAN DI KLINIK KESIHATAN GERSIK,"PTD 7800, GERSIK 84800 LEDANG, JOHOR",,84800,,,,,2.208934,102.7053
3943,21-01100045D,BUKA,AWAM,KKM,,JOHOR,TANGKAK,KLINIK PERGIGIAN,KLINIK PERGIGIAN DI KLINIK KESIHATAN,KLINIK PERGIGIAN DI KLINIK KESIHATAN BUKIT SERAMPANG,"LOT 4470, 85200 BUKIT SERAMPANG, JOHOR",,85200,,,,,2.362824,102.7838
3944,21-01100043D,BUKA,AWAM,KKM,,JOHOR,TANGKAK,KLINIK PERGIGIAN,KLINIK PERGIGIAN DI KLINIK KESIHATAN,KLINIK PERGIGIAN DI KLINIK KESIHATAN BUKIT GAMBIR,"LOT 11961, BUKIT GAMBIR, 84000 LEDANG, JOHOR",,84000,,,,,2.212925,102.6551
3945,21-01100650,BUKA,AWAM,KKM,,JOHOR,TANGKAK,KLINIK PERGIGIAN,KLINIK PERGIGIAN SEKOLAH RENDAH,KLINIK PERGIGIAN SEKOLAH D/A SEKOLAH JENIS KEBANGSAAN (CINA) CHI MING 1,"JALAN ONG SIONG, 84900 TANGKAK, JOHOR",,84900,,,,,2.272485,102.5347
3946,21-01100700,BUKA,AWAM,KKM,,JOHOR,TANGKAK,KLINIK PERGIGIAN,KLINIK PERGIGIAN SEKOLAH (PUSAT PERGIGIAN SEKOLAH),PUSAT PERGIGIAN SEKOLAH D/A SEKOLAH MENENGAH KEBANGSAAN LEDANG,"JALAN SIALANG, 84900 TANGKAK, JOHOR",,84900,,,,,2.269871,102.527
3947,91-02010328,BUKA,AWAM,KKM,,KEDAH,BALING,PEJABAT KESIHATAN PERGIGIAN,PEJABAT KESIHATAN PERGIGIAN DAERAH,PEJABAT KESIHATAN PERGIGIAN DAERAH BALING,"JALAN WENG, 09100 BALING, KEDAH",,09100,,,,,5.702515,100.9135
3948,21-02010333,BUKA,AWAM,KKM,,KEDAH,BALING,KLINIK PERGIGIAN,KLINIK PERGIGIAN (STANDALONE),KLINIK PERGIGIAN BALING,"JALAN WENG, 09100 BALING, KEDAH",,09100,,,,,5.69063,100.916
3949,21-02010082D,BUKA,AWAM,KKM,,KEDAH,BALING,KLINIK PERGIGIAN,KLINIK PERGIGIAN DI KLINIK KESIHATAN,KLINIK PERGIGIAN DI KLINIK KESIHATAN TAWAR,"09300 KUALA KETIL, KEDAH",,9300,,,,,5.594994,100.771
3950,21-02010071D,BUKA,AWAM,KKM,,KEDAH,BALING,KLINIK PERGIGIAN,KLINIK PERGIGIAN DI KLINIK KESIHATAN,KLINIK PERGIGIAN DI KLINIK KESIHATAN PARIT PANJANG,"09100 BALING, KEDAH",,09100,,,,,5.703892,100.7444
3951,21-02010065D,BUKA,AWAM,KKM,,KEDAH,BALING,KLINIK PERGIGIAN,KLINIK PERGIGIAN DI KLINIK KESIHATAN,KLINIK PEGIGIAN DI KLINIK KESIHATAN MALAU,"09020, MALAU, KEDAH",,09020,,,,,5.502637,100.7219
3952,21-02010058D,BUKA,AWAM,KKM,,KEDAH,BALING,KLINIK PERGIGIAN,KLINIK PERGIGIAN DI KLINIK KESIHATAN,KLINIK PERGIGIAN DI KLINIK KESIHATAN KUPANG,"09200 KUPANG, BALING, KEDAH",,09200,,,,,5.634955,100.8339
3953,21-02010055D,BUKA,AWAM,KKM,,KEDAH,BALING,KLINIK PERGIGIAN,KLINIK PERGIGIAN DI KLINIK KESIHATAN,KLINIK PERGIGIAN DI KLINIK KESIHATAN KUALA KETIL,"KUALA KETIL, 09300 KUALA KETIL, KEDAH",,9300,,,,,5.605203,100.6531
3954,21-02010047D,BUKA,AWAM,KKM,,KEDAH,BALING,KLINIK PERGIGIAN,KLINIK PERGIGIAN DI KLINIK KESIHATAN,KLINIK PERGIGIAN DI KLINIK KESIHATAN KAMPUNG LALANG,"09100, BALING, KEDAH",,09100,,,,,5.795158,100.8977
3955,21-02010424,BUKA,AWAM,KKM,,KEDAH,BALING,KLINIK PERGIGIAN,KLINIK PERGIGIAN SEKOLAH RENDAH,KLINIK PERGIGIAN SEKOLAH D/A SEKOLAH KEBANGSAAN TUNKU PUTERA,"JALAN PEGAWAI, 09100 BALING, KEDAH",,09100,,,,,5.673245,100.9227
3956,21-02010423,BUKA,AWAM,KKM,,KEDAH,BALING,KLINIK PERGIGIAN,KLINIK PERGIGIAN SEKOLAH RENDAH,KLINIK PERGIGIAN SEKOLAH D/A SEKOLAH KEBANGSAAN KUALA KUPANG,"09200 KUPANG, BALING, KEDAH",,09200,,,,,5.637464,100.8417
3957,21-02010454,BUKA,AWAM,KKM,,KEDAH,BALING,KLINIK PERGIGIAN,KLINIK PERGIGIAN SEKOLAH MENENGAH,KLINIK PERGIGIAN SEKOLAH D/A SEKOLAH MENENGAH KEBANGSAAN TUNKU PUTERA,"JALAN BALING, 09100 BALING, KEDAH",,09100,,,,,5.662263,100.9085
3958,21-02010447,BUKA,AWAM,KKM,,KEDAH,BALING,KLINIK PERGIGIAN,KLINIK PERGIGIAN SEKOLAH MENENGAH,KLINIK PERGIGIAN SEKOLAH D/A SEKOLAH MENENGAH KUALA KETIL,"BATU PEKAKA, 09100 BALING, KEDAH",,09100,,,,,5.585939,100.6356
3959,21-02010446,BUKA,AWAM,KKM,,KEDAH,BALING,KLINIK PERGIGIAN,KLINIK PERGIGIAN SEKOLAH MENENGAH,KLINIK PERGIGIAN SEKOLAH D/A SEKOLAH MENENGAH KEBANGSAAN BALING,"09100 BALING, KEDAH",,09100,,,,,5.665603,100.9117
3961,21-02020074D,BUKA,AWAM,KKM,,KEDAH,BANDAR BAHARU,KLINIK PERGIGIAN,KLINIK PERGIGIAN DI KLINIK KESIHATAN,KLINIK PERGIGIAN DI KLINIK KESIHATAN SERDANG,"JALAN PECAH BATU, 09900 SERDANG, KEDAH",,09900,,,,,5.212387,100.6155
3962,21-02020061D,BUKA,AWAM,KKM,,KEDAH,BANDAR BAHARU,KLINIK PERGIGIAN,KLINIK PERGIGIAN DI KLINIK KESIHATAN,KLINIK PERGIGIAN DI KLINIK KESIHATAN LUBUK BUNTAR,"09800 SERDANG, KEDAH",,09800,,,,,5.144107,100.5904
3963,21-02020034D,BUKA,AWAM,KKM,,KEDAH,BANDAR BAHARU,KLINIK PERGIGIAN,KLINIK PERGIGIAN DI KLINIK KESIHATAN,KLINIK PERGIGIAN DI KLINIK KESIHATAN BANDAR BAHARU,"JALAN BAGAN SAMAK, 34950 BANDAR BAHARU, KEDAH",,34950,,,,,5.126385,100.513
3964,21-02020449,BUKA,AWAM,KKM,,KEDAH,BANDAR BAHARU,KLINIK PERGIGIAN,KLINIK PERGIGIAN SEKOLAH MENENGAH,KLINIK PERGIGIAN SEKOLAH D/A SEKOLAH MENENGAH KEBANGSAAN SERDANG,"JALAN SELAMA 09800, KEDAH",,09800,,,,,5.206178,100.6188
3965,91-02030325,BUKA,AWAM,KKM,,KEDAH,KOTA SETAR,PEJABAT KESIHATAN PERGIGIAN,PEJABAT KESIHATAN PERGIGIAN DAERAH,PEJABAT KESIHATAN PERGIGIAN DAERAH KOTA SETAR/ PENDANG,"BLOK MAWAR MERAH, LEBUHRAYA SULTANAH BAHIYAH, 05150 ALOR SETAR, KEDAH",,05150,,,,,6.143366,100.3714
3966,21-02030492,BUKA,AWAM,KKM,,KEDAH,KOTA SETAR,KLINIK PERGIGIAN,KLINIK PERGIGIAN (STANDALONE),KLINIK PAKAR PERGIGIAN KOTA SETAR,"LOT 894, LEBUHRAYA DARULAMAN, 05100 ALOR SETAR, KEDAH",,05100,,,,,6.138648,100.3709
3967,21-02030345D,BUKA,AWAM,KKM,,KEDAH,KOTA SETAR,KLINIK PERGIGIAN,KLINIK PERGIGIAN DI KLINIK KESIHATAN,KLINIK PERGIGIAN DI KLINIK KESIHATAN DATO' KUMBAR,"JALAN DATUK KUMBAR, 05300 ALOR SETAR, KEDAH",,05300,,,,,6.120825,100.3993
3968,21-02030076D,BUKA,AWAM,KKM,,KEDAH,KOTA SETAR,KLINIK PERGIGIAN,KLINIK PERGIGIAN DI KLINIK KESIHATAN,KLINIK PERGIGIAN DI KLINIK KESIHATAN SIMPANG KUALA,"JALAN KUALA KEDAH, 05400 ALOR SETAR, KEDAH",,05400,,,,,6.096848,100.3612
3969,21-02030075D,BUKA,AWAM,KKM,,KEDAH,KOTA SETAR,KLINIK PERGIGIAN,KLINIK PERGIGIAN DI KLINIK KESIHATAN,KLINIK PERGIGIAN DI KLINIK KESIHATAN SIMPANG EMPAT,"SIMPANG 4 , MUKIM KANGKONG, 06600 ALOR SETAR, KEDAH",,06600,,,,,6.02615,100.3862
3970,21-02030060D,BUKA,AWAM,KKM,,KEDAH,KOTA SETAR,KLINIK PERGIGIAN,KLINIK PERGIGIAN DI KLINIK KESIHATAN,KLINIK PERGIGIAN DI KLINIK KESIHATAN LANGGAR,"JALAN LANGGAR, 06500 ALOR SETAR, KEDAH",,06500,,,,,6.147693,100.425
3971,21-02030054D,BUKA,AWAM,KKM,,KEDAH,KOTA SETAR,KLINIK PERGIGIAN,KLINIK PERGIGIAN DI KLINIK KESIHATAN,KLINIK PERGIGIAN DI KLINIK KESIHATAN KUALA KEDAH,"JALAN KUALA KEDAH, BATU 6, 06600 ALOR SETAR, KEDAH",,06600,,,,,6.098512,100.3012
3972,21-02030052D,BUKA,AWAM,KKM,,KEDAH,KOTA SETAR,KLINIK PERGIGIAN,KLINIK PERGIGIAN DI KLINIK KESIHATAN,KLINIK PERGIGIAN DI KLINIK KESIHATAN KOTA SARANG SEMUT,"06800 ALOR SETAR, KEDAH",,06800,,,,,5.97459,100.403
3973,21-02030045D,BUKA,AWAM,KKM,,KEDAH,KOTA SETAR,KLINIK PERGIGIAN,KLINIK PERGIGIAN DI KLINIK KESIHATAN,KLINIK PERGIGIAN DI KLINIK KESIHATAN JALAN PUTRA,"05150 ALOR SETAR, KEDAH",,05150,,,,,6.123036,100.3622
3974,21-02030032D,BUKA,AWAM,KKM,,KEDAH,KOTA SETAR,KLINIK PERGIGIAN,KLINIK PERGIGIAN DI KLINIK KESIHATAN,KLINIK PERGIGIAN DI KLINIK KESIHATAN BANDAR ALOR SETAR,"LEBUHRAYA DARULAMAN , 05100 ALOR SETAR, KEDAH",,05100,,,,,6.141291,100.3709
3975,21-02030028D,BUKA,AWAM,KKM,,KEDAH,KOTA SETAR,KLINIK PERGIGIAN,KLINIK PERGIGIAN DI KLINIK KESIHATAN,KLINIK PERGIGIAN DI KLINIK KESIHATAN ALOR JANGGUS,"05250 ALOR JANGGUS, KEDAH",,05250,,,,,6.172784,100.3079
3976,11-02030085D,BUKA,AWAM,KKM,,KEDAH,KOTA SETAR,KLINIK PERGIGIAN,KLINIK PERGIGIAN DI HOSPITAL,KLINIK PERGIGIAN DI HOSPITAL SULTANAH BAHIYAH,"KM 6, JALAN LANGGAR, 05460 ALOR SETAR, KEDAH",,05460,,,,,6.149015,100.4063
3977,21-02030484,BUKA,AWAM,KKM,,KEDAH,KOTA SETAR,KLINIK PERGIGIAN,KLINIK PERGIGIAN SEKOLAH RENDAH,KLINIK PERGIGIAN SEKOLAH D/A SEKOLAH JENIS KEBANGSAAN (CINA)KEAT HWA (S),"KG BARU, JALAN ISTANA LAMA, 05000 ALOR SETAR, KEDAH",,05000,,,,,6.121977,100.3693
3978,21-02030483,BUKA,AWAM,KKM,,KEDAH,KOTA SETAR,KLINIK PERGIGIAN,KLINIK PERGIGIAN SEKOLAH RENDAH,KLINIK PERGIGIAN SEKOLAH D/A SEKOLAH JENIS KEBANGSAAN (CINA) KEAT HWA (H),"JALAN KAMPONG PERAK, 05100 ALOR SETAR, KEDAH",,05100,,,,,6.121066,100.3636
3979,21-02030479,BUKA,AWAM,KKM,,KEDAH,KOTA SETAR,KLINIK PERGIGIAN,KLINIK PERGIGIAN SEKOLAH RENDAH,KLINIK PERGIGIAN SEKOLAH D/A SEKOLAH KEBANGSAAN TUNKU RAUDZAH,"JALAN LANGGAR, 05460 ALOR SETAR, KEDAH",,05460,,,,,6.121186,100.3818
3980,21-02030478,BUKA,AWAM,KKM,,KEDAH,KOTA SETAR,KLINIK PERGIGIAN,KLINIK PERGIGIAN SEKOLAH RENDAH,KLINIK PERGIGIAN SEKOLAH D/A SEKOLAH KEBANGSAAN TUNKU ABDUL HALIM,"KOMPLEKS PENDIDIKAN, JALAN STADIUM, 05100 ALOR SETAR, KEDAH",,05100,,,,,6.13517,100.3758
3981,21-02030477,BUKA,AWAM,KKM,,KEDAH,KOTA SETAR,KLINIK PERGIGIAN,KLINIK PERGIGIAN SEKOLAH RENDAH,KLINIK PERGIGIAN SEKOLAH D/A SEKOLAH KEBANGSAAN SULTANAH ASMA,"KM 4, JALAN LANGGAR, 05460 ALOR SETAR, KEDAH",,05460,,,,,6.134044,100.3903
3982,21-02030476,BUKA,AWAM,KKM,,KEDAH,KOTA SETAR,KLINIK PERGIGIAN,KLINIK PERGIGIAN SEKOLAH RENDAH,KLINIK PERGIGIAN SEKOLAH D/A SEKOLAH KEBANGSAAN ISKANDAR,"JALAN LANGGAR, 05460 ALOR SETAR, KEDAH",,05460,,,,,6.113111,100.3722
3983,21-02030475,BUKA,AWAM,KKM,,KEDAH,KOTA SETAR,KLINIK PERGIGIAN,KLINIK PERGIGIAN SEKOLAH RENDAH,KLINIK PERGIGIAN SEKOLAH D/A SEKOLAH KEBANGSAAN HJ. MOHD. SHARIFF,"KOMPLEK PENDIDIKAN, JALAN STADIUM, 05604 ALOR SETAR, KEDAH",,05604,,,,,6.131006,100.3732
3984,21-02030470,BUKA,AWAM,KKM,,KEDAH,KOTA SETAR,KLINIK PERGIGIAN,KLINIK PERGIGIAN SEKOLAH RENDAH,KLINIK PERGIGIAN SEKOLAH D/A SEKOLAH KEBANGSAAN TELOK KECHAI,"JALAN KUALA KEDAH, 06600 ALOR SETAR, KEDAH",,06600,,,,,6.094711,100.3313
3985,21-02030469,BUKA,AWAM,KKM,,KEDAH,KOTA SETAR,KLINIK PERGIGIAN,KLINIK PERGIGIAN SEKOLAH RENDAH,KLINIK PERGIGIAN SEKOLAH D/A SEKOLAH KEBANGSAAN SERI PERDANA,"LEBUHRAYA SULTANAH BAHIYAH, 05350 ALOR SETAR, KEDAH",,05350,,,,,6.139192,100.3495
3986,21-02030468,BUKA,AWAM,KKM,,KEDAH,KOTA SETAR,KLINIK PERGIGIAN,KLINIK PERGIGIAN SEKOLAH RENDAH,KLINIK PERGIGIAN SEKOLAH D/A SEKOLAH KEBANGSAAN LANGGAR,"JALAN LANGGAR 06500 ALOR SETAR, KEDAH",,06500,,,,,6.14573,100.4317
3987,21-02030466,BUKA,AWAM,KKM,,KEDAH,KOTA SETAR,KLINIK PERGIGIAN,KLINIK PERGIGIAN SEKOLAH RENDAH,KLINIK PERGIGIAN SEKOLAH D/A SEKOLAH KEBANGSAAN HJ. HASSAN ITAM,"SIMPANG EMPAT, 06650 ALOR SETAR, KEDAH",,06650,,,,,6.021693,100.3829
3988,21-02030465,BUKA,AWAM,KKM,,KEDAH,KOTA SETAR,KLINIK PERGIGIAN,KLINIK PERGIGIAN SEKOLAH RENDAH,KLINIK PERGIGIAN SEKOLAH D/A SEKOLAH KEBANGSAAN HAJI ISMAIL,"KUALA KEDAH, 06600 ALOR SETAR, KEDAH",,06600,,,,,6.105436,100.2911
3989,21-02030464,BUKA,AWAM,KKM,,KEDAH,KOTA SETAR,KLINIK PERGIGIAN,KLINIK PERGIGIAN SEKOLAH RENDAH,KLINIK PERGIGIAN SEKOLAH D/A SEKOLAH KEBANGSAAN DATO' SHAARI,"KUBANG ROTAN, 05250 ALOR SETAR, KEDAH",,05250,,,,,6.139442,100.3079
3990,21-02030438,BUKA,AWAM,KKM,,KEDAH,KOTA SETAR,KLINIK PERGIGIAN,KLINIK PERGIGIAN SEKOLAH RENDAH,KLINIK PERGIGIAN SEKOLAH D/A SEKOLAH KEBANGSAAN TAMAN UDA,"LEBUHRAYA SULTANAH BAHIYAH ALOR SETAR, 05350 ALOR STAR, KEDAH",,05350,,,,,6.120978,100.3696
3991,21-02030437,BUKA,AWAM,KKM,,KEDAH,KOTA SETAR,KLINIK PERGIGIAN,KLINIK PERGIGIAN SEKOLAH RENDAH,KLINIK PERGIGIAN SEKOLAH D/A SEKOLAH KEBANGSAAN GUNONG,"KM 8, JALAN GUNONG, 05150 ALOR SETAR, KEDAH",,05150,,,,,6.182682,100.3473
3992,21-02030434,BUKA,AWAM,KKM,,KEDAH,KOTA SETAR,KLINIK PERGIGIAN,KLINIK PERGIGIAN SEKOLAH RENDAH,KLINIK PERGIGIAN SEKOLAH D/A SEKOLAH KEBANGSAAN JALAN PEGAWAI,"PERSIARAN SULTAN ABDUL HALIM, 05050 ALOR SETAR, KEDAH",,05050,,,,,6.103307,100.3617
3993,21-02030474,BUKA,AWAM,KKM,,KEDAH,KOTA SETAR,KLINIK PERGIGIAN,KLINIK PERGIGIAN SEKOLAH MENENGAH,KLINIK PERGIGIAN SEKOLAH D/A SEKOLAH MENENGAH KEBANGSAAN TUN SH RODZIAH,"JALAN KUALA KEDAH, 05400 ALOR SETAR, KEDAH",,05400,,,,,6.105567,100.2915
3994,21-02030473,BUKA,AWAM,KKM,,KEDAH,KOTA SETAR,KLINIK PERGIGIAN,KLINIK PERGIGIAN SEKOLAH MENENGAH,KLINIK PERGIGIAN SEKOLAH D/A SEKOLAH MENENGAH KEBANGSAAN SULTANAH BAHIYAH,"LEBUHRAYA SULTANAH BAHIYAH, 05350 ALOR SETAR, KEDAH",,05350,,,,,6.138582,100.387
3995,21-02030440,BUKA,AWAM,KKM,,KEDAH,KOTA SETAR,KLINIK PERGIGIAN,KLINIK PERGIGIAN SEKOLAH MENENGAH,KLINIK PERGIGIAN SEKOLAH D/A KOLEJ SULTAN ABDUL HAMID,"JALAN LANGGAR 05460 ALOR SETAR, KEDAH",,05460,,,,,6.114959,100.3728
3996,11-02030493,BUKA,AWAM,KKM,,KEDAH,KOTA SETAR,KLINIK PERGIGIAN,KLINIK PERGIGIAN DI INSTITUSI LAIN,PUSAT PROMOSI KESIHATAN PERGIGIAN KOMUNITI,"JALAN TUNKU ABDUL HALIM, 05100 ALOR SETAR, KEDAH",,05100,,,,,6.129256,100.3702
3997,21-02030365D,BUKA,AWAM,KKM,,KEDAH,KOTA SETAR,KLINIK PERGIGIAN,KLINIK PERGIGIAN DI UTC,KLINIK PERGIGIAN DI KLINIK KESIHATAN UTC ALOR SETAR,"BANGUNAN MBAS, JALAN KOLAM AIR, 05000 ALOR SETAR, KEDAH",,05000,,,,,6.118615,100.3701
3999,91-02040326,BUKA,AWAM,KKM,,KEDAH,KUALA MUDA,PEJABAT KESIHATAN PERGIGIAN,PEJABAT KESIHATAN PERGIGIAN DAERAH,PEJABAT KESIHATAN PERGIGIAN DAERAH KUALA MUDA/SIK,"JALAN KAPAL TERBANG, 08000 SUNGAI PETANI, KEDAH",,08000,,,,,5.648718,100.4847
4000,21-02040336,BUKA,AWAM,KKM,,KEDAH,KUALA MUDA,KLINIK PERGIGIAN,KLINIK PERGIGIAN (STANDALONE),KLINIK PERGIGIAN SUNGAI PETANI,"JALAN KAPAL TERBANG, 08000 SUNGAI PETANI, KEDAH",,08000,,,,,5.6486,100.4847
4001,21-02040067D,BUKA,AWAM,KKM,,KEDAH,KUALA MUDA,KLINIK PERGIGIAN,KLINIK PERGIGIAN DI KLINIK KESIHATAN,KLINIK PERGIGIAN DI KLINIK KESIHATAN MERBOK,"JALAN MERBOK - TANJUNG DAWAI, MERBOK, 08000 SUNGAI PETANI, KEDAH",,08400,,,,,5.722613,100.4096
4002,21-02040051D,BUKA,AWAM,KKM,,KEDAH,KUALA MUDA,KLINIK PERGIGIAN,KLINIK PERGIGIAN DI KLINIK KESIHATAN,KLINIK PERGIGIAN DI KLINIK KESIHATAN KOTA KUALA MUDA,"JALAN KAMPUNG EMAS, 08500 KOTA KUALA MUDA, KEDAH",,08500,,,,,5.58758,100.3747
4003,21-02040041D,BUKA,AWAM,KKM,,KEDAH,KUALA MUDA,KLINIK PERGIGIAN,KLINIK PERGIGIAN DI KLINIK KESIHATAN,KLINIK PERGIGIAN DI KLINIK KESIHATAN BUKIT SELAMBAU,"JALAN BUKIT SELAMBAU, KUALA KETIL, 08010 SUNGAI PETANI, KEDAH",,08010,,,,,5.689462,100.6324
4004,21-02040040D,BUKA,AWAM,KKM,,KEDAH,KUALA MUDA,KLINIK PERGIGIAN,KLINIK PERGIGIAN DI KLINIK KESIHATAN,KLINIK PERGIGIAN DI KLINIK KESIHATAN BEDONG,"JALAN SEMELING, 08100 BEDONG KEDAH",,08100,,,,,5.722791,100.5063
4005,21-02040037D,BUKA,AWAM,KKM,,KEDAH,KUALA MUDA,KLINIK PERGIGIAN,KLINIK PERGIGIAN DI KLINIK KESIHATAN,KLINIK PERGIGIAN DI KLINIK KESIHATAN BANDAR SG PETANI,"JALAN BADLISHAH, 08000 SUNGAI PETANI, KEDAH",,08000,,,,,5.647225,100.4968
4006,21-02040030D,BUKA,AWAM,KKM,,KEDAH,KUALA MUDA,KLINIK PERGIGIAN,KLINIK PERGIGIAN DI KLINIK KESIHATAN,KLINIK PERGIGIAN DI KLINIK KESIHATAN TAMAN INTAN,"LEBUH INTAN, TAMAN AMAN, 08000 SUNGAI PETANI, KEDAH",,08000,,,,,5.63415,100.4781
4007,11-02040020D,BUKA,AWAM,KKM,,KEDAH,KUALA MUDA,KLINIK PERGIGIAN,KLINIK PERGIGIAN DI HOSPITAL,KLINIK PERGIGIAN DI HOSPITAL SULTAN ABDUL HALIM,"JALAN LENCONGAN TIMUR, BANDAR AMANJAYA, 08000 SUNGAI PETANI, KEDAH",,08000,,,,,5.668615,100.516
4008,21-02040481,BUKA,AWAM,KKM,,KEDAH,KUALA MUDA,KLINIK PERGIGIAN,KLINIK PERGIGIAN SEKOLAH RENDAH,KLINIK PERGIGIAN SEKOLAH D/A SEKOLAH JENIS KEBANGSAAN (CINA) SIN MIN A & B,"JALAN PEGAWAI, 08000 SUNGAI PETANI, KEDAH",,08000,,,,,5.652978,100.4851
4009,21-02040439,BUKA,AWAM,KKM,,KEDAH,KUALA MUDA,KLINIK PERGIGIAN,KLINIK PERGIGIAN SEKOLAH RENDAH,KLINIK PERGIGIAN SEKOLAH D/A SEKOLAH JENIS KEBANGSAAN (CINA) MIN TERK,"BT 2, JALAN KUALA KETIL, 08000 SUNGAI PETANI, KEDAH",,08000,,,,,5.635378,100.5142
4010,21-02040433,BUKA,AWAM,KKM,,KEDAH,KUALA MUDA,KLINIK PERGIGIAN,KLINIK PERGIGIAN SEKOLAH RENDAH,KLINIK PERGIGIAN SEKOLAH D/A SEKOLAH KEBANGSAAN KHIR JOHARI,"JALAN MAWAR 1, OFF JALAN PENGKALAN , 08000 SUNGAI  PETANI, KEDAH",,08000,,,,,5.64245,100.4813
4011,21-02040432,BUKA,AWAM,KKM,,KEDAH,KUALA MUDA,KLINIK PERGIGIAN,KLINIK PERGIGIAN SEKOLAH RENDAH,KLINIK PERGIGIAN SEKOLAH D/A SEKOLAH KEBANGSAAN IBRAHIM,"JALAN KOLAM AIR, 08000 SUNGAI PETANI, KEDAH",,08000,,,,,5.65372,100.4895
4012,21-02040431,BUKA,AWAM,KKM,,KEDAH,KUALA MUDA,KLINIK PERGIGIAN,KLINIK PERGIGIAN SEKOLAH RENDAH,KLINIK PERGIGIAN SEKOLAH D/A SEKOLAH KEBANGSAAN TUAN SYED JAN AL-JAFFRI,"JALAN SUNGAI JAGUNG, SUNGAI LAYAR, 08000 SUNGAI PETANI, KEDAH",,08000,,,,,5.659089,100.4788
4013,21-02040455,BUKA,AWAM,KKM,,KEDAH,KUALA MUDA,KLINIK PERGIGIAN,KLINIK PERGIGIAN SEKOLAH MENENGAH,KLINIK PERGIGIAN SEKOLAH D/A SEKOLAH MENENGAH KEBANGSAAN MERBOK,"08400 MERBOK, KEDAH",,08400,,,,,5.688992,100.361
4014,21-02040429,BUKA,AWAM,KKM,,KEDAH,KUALA MUDA,KLINIK PERGIGIAN,KLINIK PERGIGIAN SEKOLAH MENENGAH,KLINIK PERGIGIAN SEKOLAH D/A SEKOLAH MENENGAH KEBANGSAAN TUNKU ISMAIL,"08000 SUNGAI PETANI, KEDAH",,08000,,,,,5.627098,100.4665
4015,21-02040428,BUKA,AWAM,KKM,,KEDAH,KUALA MUDA,KLINIK PERGIGIAN,KLINIK PERGIGIAN SEKOLAH MENENGAH,KLINIK PERGIGIAN SEKOLAH D/A SEKOLAH MENENGAH KEBANGSAAN GURUN,"08300 GURUN, KEDAH",,08300,,,,,5.801889,100.4794
4016,21-02040427,BUKA,AWAM,KKM,,KEDAH,KUALA MUDA,KLINIK PERGIGIAN,KLINIK PERGIGIAN SEKOLAH MENENGAH,KLINIK PERGIGIAN SEKOLAH D/A SEKOLAH MENENGAH SAINS SULTAN MOHAMAD JIWA,"JALAN BADLISHAH, 08000 SUNGAI PETANI, KEDAH",,08000,,,,,5.655266,100.5022
4017,21-02040485D,BUKA,AWAM,KKM,,KEDAH,KUALA MUDA,KLINIK PERGIGIAN,KLINIK PERGIGIAN DI UTC,KLINIK PERGIGIAN DI KLINIK KESIHATAN UTC SUNGAI PETANI,"ARAS 1, BANGUNAN UKIR SQUARE, 08000 SUNGAI PETANI, KEDAH",,08000,,,,,5.640861,100.4909
4019,91-02050330,BUKA,AWAM,KKM,,KEDAH,KUBANG PASU,PEJABAT KESIHATAN PERGIGIAN,PEJABAT KESIHATAN PERGIGIAN DAERAH,PEJABAT KESIHATAN PERGIGIAN DAERAH KUBANG PASU,"JALAN IBRAHIM, 06000 JITRA, KEDAH",,06000,,,,,6.262544,100.4203
4020,21-02050491D,BUKA,AWAM,KKM,,KEDAH,KUBANG PASU,KLINIK PERGIGIAN,KLINIK PERGIGIAN DI KLINIK KESIHATAN,KLINIK PERGIGIAN DI KLINIK KESIHATAN NAPOH,"JALAN CHANGLUN, 06100 CHANGLUN, KEDAH",,06100,,,,,6.361883,100.4207
4021,21-02050324D,BUKA,AWAM,KKM,,KEDAH,KUBANG PASU,KLINIK PERGIGIAN,KLINIK PERGIGIAN DI KLINIK KESIHATAN,KLINIK PERGIGIAN DI KLINIK KESIHATAN  JITRA,"JALAN IBRAHIM, 06000 JITRA, KEDAH",,06000,,,,,6.262459,100.4203
4022,21-02050083D,BUKA,AWAM,KKM,,KEDAH,KUBANG PASU,KLINIK PERGIGIAN,KLINIK PERGIGIAN DI KLINIK KESIHATAN,KLINIK PERGIGIAN DI KLINIK KESIHATAN TUNJANG,"JALAN KODIANG, 06000 JITRA KEDAH",,06000,,,,,6.296982,100.3657
4023,21-02050059D,BUKA,AWAM,KKM,,KEDAH,KUBANG PASU,KLINIK PERGIGIAN,KLINIK PERGIGIAN DI KLINIK KESIHATAN,KLINIK PERGIGIAN DI KLINIK KESIHATAN LAKA TEMIN,"06050 BUKIT KAYU HITAM, KEDAH",,06050,,,,,6.503834,100.4202
4024,21-02050050D,BUKA,AWAM,KKM,,KEDAH,KUBANG PASU,KLINIK PERGIGIAN,KLINIK PERGIGIAN DI KLINIK KESIHATAN,KLINIK PERGIGIAN DI KLINIK KESIHATAN KODIANG,"JALAN CHANGLUN, 06100 KODIANG, KEDAH",,06100,,,,,6.396313,100.3047
4025,21-02050049D,BUKA,AWAM,KKM,,KEDAH,KUBANG PASU,KLINIK PERGIGIAN,KLINIK PERGIGIAN DI KLINIK KESIHATAN,KLINIK PERGIGIAN DI KLINIK KESIHATAN KEPALA BATAS,"06200 KEPALA BATAS, KEDAH",,06200,,,,,6.204213,100.4166
4026,21-02050042D,BUKA,AWAM,KKM,,KEDAH,KUBANG PASU,KLINIK PERGIGIAN,KLINIK PERGIGIAN DI KLINIK KESIHATAN,KLINIK PERGIGIAN DI KLINIK KESIHATAN CHANGLUN,"06100 CHANGLUN, KEDAH",,06100,,,,,6.42547,100.4292
4027,21-02050031D,BUKA,AWAM,KKM,,KEDAH,KUBANG PASU,KLINIK PERGIGIAN,KLINIK PERGIGIAN DI KLINIK KESIHATAN,KLINIK PERGIGIAN DI KLINIK KESIHATAN BANAI,"06000 JITRA, KEDAH.",,06000,,,,,6.22097,100.4579
4028,21-02050029D,BUKA,AWAM,KKM,,KEDAH,KUBANG PASU,KLINIK PERGIGIAN,KLINIK PERGIGIAN DI KLINIK KESIHATAN,KLINIK PERGIGIAN DI KLINIK KESIHATAN AYER HITAM,"06150 AYER HITAM, KEDAH",,06150,,,,,6.240271,100.2464
4029,21-02050463,BUKA,AWAM,KKM,,KEDAH,KUBANG PASU,KLINIK PERGIGIAN,KLINIK PERGIGIAN SEKOLAH RENDAH,KLINIK PERGIGIAN SEKOLAH D/A SEKOLAH KEBANGSAAN SULTAN AHMAD TAJUDDIN,"JALAN CHANGLUN, 06000 JITRA KEDAH",,06000,,,,,6.27285,100.4181
4030,21-02050462,BUKA,AWAM,KKM,,KEDAH,KUBANG PASU,KLINIK PERGIGIAN,KLINIK PERGIGIAN SEKOLAH RENDAH,KLINIK PERGIGIAN SEKOLAH D/A SEKOLAH KEBANGSAAN SERI MUDA,"ALOR BIAK, 06150 AYER HITAM, KEDAH",,06150,,,,,6.233951,100.3228
4031,21-02050443,BUKA,AWAM,KKM,,KEDAH,KUBANG PASU,KLINIK PERGIGIAN,KLINIK PERGIGIAN SEKOLAH RENDAH,KLINIK PERGIGIAN SEKOLAH D/A SEKOLAH KEBANGSAAN TUNJANG,"JALAN KODIANG, MK TUNJANG, 06000 JITRA, KEDAH",,06000,,,,,6.31046,100.3642
4032,21-02050441,BUKA,AWAM,KKM,,KEDAH,KUBANG PASU,KLINIK PERGIGIAN,KLINIK PERGIGIAN SEKOLAH RENDAH,KLINIK PERGIGIAN SEKOLAH D/A SEKOLAH KEBANGSAAN DATO' WAN KEMARA,"KM 9, LEBUHRAYA UTARA SELATAN, 06010 CHANGLUN, KEDAH.",,06010,,,,,6.417082,100.4281
4033,21-02050453,BUKA,AWAM,KKM,,KEDAH,KUBANG PASU,KLINIK PERGIGIAN,KLINIK PERGIGIAN SEKOLAH MENENGAH,KLINIK PERGIGIAN SEKOLAH D/A SEKOLAH MENENGAH KEBANGSAAN TUNKU BENDAHARA,"KM 5, JALAN CHANGLUN, 06100 KODIANG, KEDAH",,06100,,,,,6.398391,100.3273
4034,21-02050451,BUKA,AWAM,KKM,,KEDAH,KUBANG PASU,KLINIK PERGIGIAN,KLINIK PERGIGIAN SEKOLAH MENENGAH,KLINIK PERGIGIAN SEKOLAH D/A SEKOLAH MENENGAH SULTAN ABDUL HALIM,"JALAN JITRA, 06009 JITRA, KEDAH",,06009,,,,,6.251439,100.4198
4035,21-02050448,BUKA,AWAM,KKM,,KEDAH,KUBANG PASU,KLINIK PERGIGIAN,KLINIK PERGIGIAN SEKOLAH MENENGAH,KLINIK PERGIGIAN SEKOLAH D/A SEKOLAH MENENGAH KEBANGSAAN PULAU NYIOR,"JALAN KODIANG, 06000 KODIANG, KEDAH",,06000,,,,,6.28241,100.3943
4036,21-02050445,BUKA,AWAM,KKM,,KEDAH,KUBANG PASU,KLINIK PERGIGIAN,KLINIK PERGIGIAN SEKOLAH MENENGAH,KLINIK PERGIGIAN SEKOLAH D/A SEKOLAH MENENGAH KEBANGSAAN AYER HITAM,"SIMPANG EMPAT KERPAN, 06150 AYER HITAM, KEDAH",,06150,,,,,6.256523,100.231
4037,21-02050425,BUKA,AWAM,KKM,,KEDAH,KUBANG PASU,KLINIK PERGIGIAN,KLINIK PERGIGIAN SEKOLAH MENENGAH,KLINIK PERGIGIAN SEKOLAH D/A SEKOLAH MENENGAH KEBANGSAAN CHANGLUN,"KM 11, LEBUHRAYA UTARA SELATAN, 06010 CHANGLUN, KEDAH.",,06010,,,,,6.417082,100.4281
4038,91-02060327,BUKA,AWAM,KKM,,KEDAH,KULIM,PEJABAT KESIHATAN PERGIGIAN,PEJABAT KESIHATAN PERGIGIAN DAERAH,PEJABAT KESIHATAN PERGIGIAN DAERAH KULIM/BANDAR BAHARU,"JALAN HOSPITAL LAMA, 09000 KULIM, KEDAH",,09000,,,,,5.367052,100.5582
4039,21-02060909,BUKA,AWAM,KKM,,KEDAH,KULIM,KLINIK PERGIGIAN,KLINIK PERGIGIAN (STANDALONE),KLINIK PERGIGIAN PERMATANG DURIAN,"NO.944, JALAN LUNAS, KAMPUNG PERMATANG TOK DIK, 09400 PADANG SERAI, KULIM, KEDAH",,09400,,,,,5.469787,100.5432
4040,21-02060081D,BUKA,AWAM,KKM,,KEDAH,KULIM,KLINIK PERGIGIAN,KLINIK PERGIGIAN DI KLINIK KESIHATAN,KLINIK PERGIGIAN DI KLINIK KESIHATAN TAMAN SELASIH,"09000 KULIM, KEDAH",,09000,,,,,5.378395,100.5379
4041,21-02060070D,BUKA,AWAM,KKM,,KEDAH,KULIM,KLINIK PERGIGIAN,KLINIK PERGIGIAN DI KLINIK KESIHATAN,KLINIK PERGIGIAN DI KLINIK KESIHATAN PADANG SERAI,"09400 KULIM, KEDAH",,09400,,,,,5.510317,100.5538
4042,21-02060066D,BUKA,AWAM,KKM,,KEDAH,KULIM,KLINIK PERGIGIAN,KLINIK PERGIGIAN DI KLINIK KESIHATAN,KLINIK PERGIGIAN DI KLINIK KESIHATAN MERBAU PULAS,"09300 KUALA KETIL, KEDAH",,9300,,,,,5.553245,100.635
4043,21-02060064D,BUKA,AWAM,KKM,,KEDAH,KULIM,KLINIK PERGIGIAN,KLINIK PERGIGIAN DI KLINIK KESIHATAN,KLINIK PERGIGIAN DI KLINIK KESIHATAN MAHANG,"09500 MAHANG, KEDAH",,09500,,,,,5.326599,100.7499
4044,21-02060063D,BUKA,AWAM,KKM,,KEDAH,KULIM,KLINIK PERGIGIAN,KLINIK PERGIGIAN DI KLINIK KESIHATAN,KLINIK PERGIGIAN DI KLINIK KESIHATAN LUNAS,"JALAN ARA KUDA, 09600 LUNAS, KEDAH",,09600,,,,,5.430225,100.5304
4045,21-02060057D,BUKA,AWAM,KKM,,KEDAH,KULIM,KLINIK PERGIGIAN,KLINIK PERGIGIAN DI KLINIK KESIHATAN,KLINIK PERGIGIAN DI KLINIK KESIHATAN KULIM,"JALAN HOSPITAL LAMA, 09000 KULIM, KEDAH",,09000,,,,,5.36761,100.5577
4046,21-02060048D,BUKA,AWAM,KKM,,KEDAH,KULIM,KLINIK PERGIGIAN,KLINIK PERGIGIAN DI KLINIK KESIHATAN,KLINIK PERGIGIAN DI KLINIK KESIHATAN KARANGAN,"JALAN MAHANG, 09700 KARANGAN, KEDAH",,09700,,,,,5.427271,100.658
4047,11-02060017D,BUKA,AWAM,KKM,,KEDAH,KULIM,KLINIK PERGIGIAN,KLINIK PERGIGIAN DI HOSPITAL,KLINIK PERGIGIAN DI HOSPITAL KULIM,"JALAN MAHANG, 09000 KULIM, KEDAH",,09000,,,,,5.388731,100.568
4048,21-02060461,BUKA,AWAM,KKM,,KEDAH,KULIM,KLINIK PERGIGIAN,KLINIK PERGIGIAN SEKOLAH RENDAH,KLINIK PERGIGIAN SEKOLAH D/A SEKOLAH KEBANGSAAN TUNKU MALIK,"JALAN KELANG LAMA, 09000 KULIM, KEDAH",,09000,,,,,5.388775,100.565
4049,21-02060460,BUKA,AWAM,KKM,,KEDAH,KULIM,KLINIK PERGIGIAN,KLINIK PERGIGIAN SEKOLAH RENDAH,KLINIK PERGIGIAN SEKOLAH D/A SEKOLAH KEBANGSAAN ST ANNE'S CONVENT,"JLN BUKIT AWI 09000 KULIM, KEDAH",,09000,,,,,5.363239,100.5494
4050,21-02060458,BUKA,AWAM,KKM,,KEDAH,KULIM,KLINIK PERGIGIAN,KLINIK PERGIGIAN SEKOLAH RENDAH,KLINIK PERGIGIAN SEKOLAH D/A SEKOLAH KEBANGSAAN JUNJONG,"09000 KULIM, KEDAH",,09000,,,,,5.298015,100.5328
4051,21-02060457,BUKA,AWAM,KKM,,KEDAH,KULIM,KLINIK PERGIGIAN,KLINIK PERGIGIAN SEKOLAH RENDAH,KLINIK PERGIGIAN SEKOLAH D/A SEKOLAH JENIS KEBANGSAAN (CINA) HWA MIN,"JALAN SUNGAI, 09600 LUNAS, KULIM, KEDAH",,09600,,,,,5.427781,100.5319
4052,21-02060456,BUKA,AWAM,KKM,,KEDAH,KULIM,KLINIK PERGIGIAN,KLINIK PERGIGIAN SEKOLAH RENDAH,KLINIK PERGIGIAN SEKOLAH D/A SEKOLAH JENIS KEBANGSAAN (CINA) CHIO MIN 'B',"JALAN KELANG SAGO, 09000 KULIM, KEDAH",,09000,,,,,5.373288,100.5498
4053,21-02060444,BUKA,AWAM,KKM,,KEDAH,KULIM,KLINIK PERGIGIAN,KLINIK PERGIGIAN SEKOLAH RENDAH,KLINIK PERGIGIAN SEKOLAH D/A SEKOLAH KEBANGSAAN KULIM,"JALAN TUNKU BENDAHARA, 09000 KULIM, KEDAH",,09000,,,,,5.36348,100.5543
4054,21-02060452,BUKA,AWAM,KKM,,KEDAH,KULIM,KLINIK PERGIGIAN,KLINIK PERGIGIAN SEKOLAH MENENGAH,KLINIK PERGIGIAN SEKOLAH D/A SEKOLAH MENENGAH KEBANGSAAN SULTAN BADLISHAH,"JALAN SULTAN BADLISHAH, 09000 KULIM, KEDAH",,09000,,,,,5.394744,100.561
4056,91-02070329,BUKA,AWAM,KKM,,KEDAH,LANGKAWI,PEJABAT KESIHATAN PERGIGIAN,PEJABAT KESIHATAN PERGIGIAN DAERAH,PEJABAT KESIHATAN PERGIGIAN DAERAH LANGKAWI,"NO. 20, TINGKAT BAWAH, JALAN BUNGA RAYA 1, KUAH, 07000 LANGKAWI, KEDAH",,07000,,,,,6.327566,99.8428
4057,21-02070069D,BUKA,AWAM,KKM,,KEDAH,LANGKAWI,KLINIK PERGIGIAN,KLINIK PERGIGIAN DI KLINIK KESIHATAN,KLINIK PERGIGIAN DI KLINIK KESIHATAN PADANG MATSIRAT,"07100 LANGKAWI, KEDAH",,07100,,,,,6.350075,99.73129
4058,21-02070053D,BUKA,AWAM,KKM,,KEDAH,LANGKAWI,KLINIK PERGIGIAN,KLINIK PERGIGIAN DI KLINIK KESIHATAN,KLINIK PERGIGIAN DI KLINIK KESIHATAN KUAH,"07000 LANGKAWI, KEDAH",,07000,,,,,6.325347,99.84813
4059,21-02070027D,BUKA,AWAM,KKM,,KEDAH,LANGKAWI,KLINIK PERGIGIAN,KLINIK PERGIGIAN DI KLINIK KESIHATAN,KLINIK PERGIGIAN DI KLINIK KESIHATAN AIR HANGAT,"07000 LANGKAWI, KEDAH",,07000,,,,,6.422947,99.8032
4060,21-02070442,BUKA,AWAM,KKM,,KEDAH,LANGKAWI,KLINIK PERGIGIAN,KLINIK PERGIGIAN SEKOLAH RENDAH,KLINIK PERGIGIAN SEKOLAH D/A SEKOLAH KEBANGSAAN SERI NEGERI,"07000 LANGKAWI, KEDAH",,07000,,,,,6.33027,99.85591
4061,21-02070480,BUKA,AWAM,KKM,,KEDAH,LANGKAWI,KLINIK PERGIGIAN,KLINIK PERGIGIAN SEKOLAH MENENGAH,KLINIK PERGIGIAN SEKOLAH D/A SEKOLAH MENENGAH KEBANGSAAN MAHSURI,"07000 LANGKAWI, KEDAH",,07000,,,,,6.332492,99.85633
4062,91-02080340,BUKA,AWAM,KKM,,KEDAH,PADANG TERAP,PEJABAT KESIHATAN PERGIGIAN,PEJABAT KESIHATAN PERGIGIAN DAERAH,PEJABAT KESIHATAN PERGIGIAN DAERAH PADANG TERAP,"JALAN PEGAWAI, 06300 KUALA NERANG, KEDAH",,06300,,,,,5.999623,100.7279
4063,21-02080321D,BUKA,AWAM,KKM,,KEDAH,PADANG TERAP,KLINIK PERGIGIAN,KLINIK PERGIGIAN DI KLINIK KESIHATAN,KLINIK PERGIGIAN DI KLINIK KESIHATAN KUALA NERANG,"KUALA NERANG, 06300 PADANG TERAP, KEDAH",,06300,,,,,6.278396,100.5971
4064,21-02080068D,BUKA,AWAM,KKM,,KEDAH,PADANG TERAP,KLINIK PERGIGIAN,KLINIK PERGIGIAN DI KLINIK KESIHATAN,KLINIK PERGIGIAN DI KLINIK KESIHATAN NAKA,"06350 NAKA, KEDAH",,06350,,,,,6.140633,100.6688
4065,21-02080062D,BUKA,AWAM,KKM,,KEDAH,PADANG TERAP,KLINIK PERGIGIAN,KLINIK PERGIGIAN DI KLINIK KESIHATAN,KLINIK PERGIGIAN DI KLINIK KESIHATAN LUBUK MERBAU,"PADANG TERAP, 06710 PENDANG, KEDAH",,06710,,,,,6.000538,100.7253
4066,21-02090079D,BUKA,AWAM,KKM,,KEDAH,PENDANG,KLINIK PERGIGIAN,KLINIK PERGIGIAN DI KLINIK KESIHATAN,KLINIK PERGIGIAN DI KLINIK KESIHATAN SUNGAI TIANG,"06750 SUNGAI TIANG, KEDAH",,06750,,,,,5.995475,100.5959
4067,21-02090072D,BUKA,AWAM,KKM,,KEDAH,PENDANG,KLINIK PERGIGIAN,KLINIK PERGIGIAN DI KLINIK KESIHATAN,KLINIK PERGIGIAN DI KLINIK KESIHATAN PENDANG,"06700 PENDANG, KEDAH",,06700,,,,,5.985336,100.4803
4068,21-02090056D,BUKA,AWAM,KKM,,KEDAH,PENDANG,KLINIK PERGIGIAN,KLINIK PERGIGIAN DI KLINIK KESIHATAN,KLINIK PERGIGIAN DI KLINIK KESIHATAN KUBUR PANJANG,"06700 PENDANG, KEDAH",,06700,,,,,6.089132,100.5539
4069,21-02090467,BUKA,AWAM,KKM,,KEDAH,PENDANG,KLINIK PERGIGIAN,KLINIK PERGIGIAN SEKOLAH RENDAH,KLINIK PERGIGIAN SEKOLAH D/A SEKOLAH KEBANGSAAN KUBOR PANJANG,"KM 32, JALAN KUBOR PANJANG, 06760, ALOR SETAR, KEDAH",,06760,,,,,6.088668,100.5533
4070,21-02090436,BUKA,AWAM,KKM,,KEDAH,PENDANG,KLINIK PERGIGIAN,KLINIK PERGIGIAN SEKOLAH RENDAH,KLINIK PERGIGIAN SEKOLAH D/A SEKOLAH KEBANGSAAN SUNGAI TIANG,"06750 PENDANG, KEDAH",,06750,,,,,5.993752,100.5952
4071,21-02090435,BUKA,AWAM,KKM,,KEDAH,PENDANG,KLINIK PERGIGIAN,KLINIK PERGIGIAN SEKOLAH RENDAH,KLINIK PERGIGIAN SEKOLAH D/A SEKOLAH KEBANGSAAN PENDANG,"PEKAN PENDANG, 06700 PENDANG, KEDAH.",,06700,,,,,5.986185,100.4771
4072,21-02090426,BUKA,AWAM,KKM,,KEDAH,PENDANG,KLINIK PERGIGIAN,KLINIK PERGIGIAN SEKOLAH MENENGAH,KLINIK PERGIGIAN SEKOLAH D/A SEKOLAH MENENGAH KEBANGSAAN PENDANG,"BATU 16 JALAN PENDANG, 06700 PENDANG, KEDAH",,06700,,,,,5.990445,100.4735
4073,21-02120073D,BUKA,AWAM,KKM,,KEDAH,POKOK SENA,KLINIK PERGIGIAN,KLINIK PERGIGIAN DI KLINIK KESIHATAN,KLINIK PERGIGIAN DI KLINIK KESIHATAN POKOK SENA,"POKOK SENA, 06400 POKOK SENA, KEDAH",,06400,,,,,6.167574,100.5188
4074,21-02030482,BUKA,AWAM,KKM,,KEDAH,POKOK SENA,KLINIK PERGIGIAN,KLINIK PERGIGIAN SEKOLAH RENDAH,KLINIK PERGIGIAN SEKOLAH D/A SEKOLAH JENIS KEBANGSAAN (CINA) TONG YUH,"POKOK SENA, 06400 POKOK SENA, KEDAH",,06400,,,,,6.168551,100.5197
4075,21-02030471,BUKA,AWAM,KKM,,KEDAH,POKOK SENA,KLINIK PERGIGIAN,KLINIK PERGIGIAN SEKOLAH RENDAH,KLINIK PERGIGIAN SEKOLAH D/A SEKOLAH KEBANGSAAN WAN ABDUL SAMAD,"POKOK SENA, 06400 POKOK SENA, KEDAH",,06400,,,,,6.169381,100.5197
4076,21-02030472,BUKA,AWAM,KKM,,KEDAH,POKOK SENA,KLINIK PERGIGIAN,KLINIK PERGIGIAN SEKOLAH MENENGAH,KLINIK PERGIGIAN SEKOLAH D/A SEKOLAH MENENGAH KEBANGSAAN POKOK SENA,"JALAN PANCHOR, 06400 POKOK SENA, KEDAH",,06400,,,,,6.175259,100.5178
4077,21-02100322D,BUKA,AWAM,KKM,,KEDAH,SIK,KLINIK PERGIGIAN,KLINIK PERGIGIAN DI KLINIK KESIHATAN,KLINIK PERGIGIAN DI KLINIK KESIHATAN SIK,"KOMPLEKS KESIHATAN BERSEPADU DAERAH SIK, 08200 SIK, KEDAH",,08200,,,,,5.823529,100.7453
4078,21-02100046D,BUKA,AWAM,KKM,,KEDAH,SIK,KLINIK PERGIGIAN,KLINIK PERGIGIAN DI KLINIK KESIHATAN,KLINIK PERGIGIAN DI KLINIK KESIHATAN JENIANG,"08200 SIK, KEDAH",,08200,,,,,5.813763,100.6466
4079,21-02100044D,BUKA,AWAM,KKM,,KEDAH,SIK,KLINIK PERGIGIAN,KLINIK PERGIGIAN DI KLINIK KESIHATAN,KLINIK PERGIGIAN DI KLINIK KESIHATAN GULAU,"08210 SIK, KEDAH",,08210,,,,,6.027808,100.8115
4080,21-02100459,BUKA,AWAM,KKM,,KEDAH,SIK,KLINIK PERGIGIAN,KLINIK PERGIGIAN SEKOLAH RENDAH,KLINIK PERGIGIAN SEKOLAH D/A SEKOLAH KEBANGSAAN SIK,"PEKAN SIK, 08200 SIK, KEDAH",,08200,,,,,5.81771,100.741
4081,21-02100450,BUKA,AWAM,KKM,,KEDAH,SIK,KLINIK PERGIGIAN,KLINIK PERGIGIAN SEKOLAH MENENGAH,KLINIK PERGIGIAN SEKOLAH D/A SEKOLAH MENENGAH KEBANGSAAN SIK,"PEKAN SIK, 08200 SIK, KEDAH",,08200,,,,,5.828302,100.7471
4082,91-02110337,BUKA,AWAM,KKM,,KEDAH,YAN,PEJABAT KESIHATAN PERGIGIAN,PEJABAT KESIHATAN PERGIGIAN DAERAH,PEJABAT KESIHATAN PERGIGIAN DAERAH YAN,"08800 GUAR CEMPEDAK, KEDAH",,08800,,,,,5.855689,100.4594
4083,21-02110078D,BUKA,AWAM,KKM,,KEDAH,YAN,KLINIK PERGIGIAN,KLINIK PERGIGIAN DI KLINIK KESIHATAN,KLINIK PERGIGIAN DI KLINIK KESIHATAN SUNGAI LIMAU DALAM,"06910 YAN, KEDAH",,06910,,,,,5.901337,100.3816
4084,21-02110043D,BUKA,AWAM,KKM,,KEDAH,YAN,KLINIK PERGIGIAN,KLINIK PERGIGIAN DI KLINIK KESIHATAN,KLINIK PERGIGIAN DI KLINIK KESIHATAN GUAR CEMPEDAK,"08800 GUAR CHEMPEDAK, KEDAH",,08800,,,,,5.853636,100.4599
4085,21-02110039D,BUKA,AWAM,KKM,,KEDAH,YAN,KLINIK PERGIGIAN,KLINIK PERGIGIAN DI KLINIK KESIHATAN,KLINIK PERGIGIAN DI KLINIK KESIHATAN YAN,"YAN BESAR, 06910 YAN, KEDAH",,06900,,,,,5.79453,100.3729
4086,21-02110430,BUKA,AWAM,KKM,,KEDAH,YAN,KLINIK PERGIGIAN,KLINIK PERGIGIAN SEKOLAH RENDAH,KLINIK PERGIGIAN SEKOLAH D/A SEKOLAH KEBANGSAAN GUAR CHEMPEDAK,"08800 GUAR CHEMPEDAK, KEDAH",,08800,,,,,5.859706,100.4569
4087,91-03010286,BUKA,AWAM,KKM,,KELANTAN,BACHOK,PEJABAT KESIHATAN PERGIGIAN,PEJABAT KESIHATAN PERGIGIAN DAERAH,PEJABAT KESIHATAN PERGIGIAN DAERAH BACHOK,"D/A KLINIK PERGIGIAN DI KLINIK KESIHATAN BACHOK, 16300 BACHOK, KELANTAN",,16300,,,,,6.05735,102.3995
4088,21-03010316D,BUKA,AWAM,KKM,,KELANTAN,BACHOK,KLINIK PERGIGIAN,KLINIK PERGIGIAN DI KLINIK KESIHATAN,KLINIK PERGIGIAN DI KLINIK KESIHATAN BERIS PANCHOR,"16300 BACHOK, KELANTAN",,16300,,,,,6.128584,102.351
4089,21-03010062D,BUKA,AWAM,KKM,,KELANTAN,BACHOK,KLINIK PERGIGIAN,KLINIK PERGIGIAN DI KLINIK KESIHATAN,KLINIK PERGIGIAN DI KLINIK KESIHATAN MAHLIGAI,"16090 BACHOK, KELANTAN",,16090,,,,,5.955863,102.3008
4090,21-03010051D,BUKA,AWAM,KKM,,KELANTAN,BACHOK,KLINIK PERGIGIAN,KLINIK PERGIGIAN DI KLINIK KESIHATAN,KLINIK PERGIGIAN DI KLINIK KESIHATAN GUNONG,"16090 BACHOK, KELANTAN",,16090,,,,,5.989681,102.348
4091,21-03010039D,BUKA,AWAM,KKM,,KELANTAN,BACHOK,KLINIK PERGIGIAN,KLINIK PERGIGIAN DI KLINIK KESIHATAN,KLINIK PERGIGIAN DI KLINIK KESIHATAN BERIS KUBOR BESAR,"16050 BACHOK, KELANTAN",,16050,,,,,6.073757,102.3649
4092,21-03010031D,BUKA,AWAM,KKM,,KELANTAN,BACHOK,KLINIK PERGIGIAN,KLINIK PERGIGIAN DI KLINIK KESIHATAN,KLINIK PERGIGIAN DI KLINIK KESIHATAN BALAI,"16050 BACHOK, KELANTAN",,16050,,,,,6.10613,102.3731
4093,21-03010023D,BUKA,AWAM,KKM,,KELANTAN,BACHOK,KLINIK PERGIGIAN,KLINIK PERGIGIAN DI KLINIK KESIHATAN,KLINIK PERGIGIAN DI KLINIK KESIHATAN BACHOK,"D5, JALAN BACHOK, 16300 BACHOK, KELANTAN",,16300,,,,,6.05735,102.3995
4094,21-03010413,BUKA,AWAM,KKM,,KELANTAN,BACHOK,KLINIK PERGIGIAN,KLINIK PERGIGIAN SEKOLAH RENDAH,KLINIK PERGIGIAN SEKOLAH D/A SEKOLAH KEBANGSAAN JELAWAT,"PEKAN JELAWAT, 16370 BACHOK, KELANTAN",,16370,,,,,6.011487,102.3748
4095,21-03010397,BUKA,AWAM,KKM,,KELANTAN,BACHOK,KLINIK PERGIGIAN,KLINIK PERGIGIAN SEKOLAH RENDAH,KLINIK PERGIGIAN SEKOLAH D/A SEKOLAH KEBANGSAAN BACHOK,"JALAN NIPAH, 16300 BACHOK, KELANTAN",,16300,,,,,6.055233,102.4017
4096,21-03010390,BUKA,AWAM,KKM,,KELANTAN,BACHOK,KLINIK PERGIGIAN,KLINIK PERGIGIAN SEKOLAH RENDAH,KLINIK PERGIGIAN SEKOLAH D/A SEKOLAH KEBANGSAAN TANGOK,"SIMPANG TIGA KOMPLEKS TANGOK, 16310 BACHOK, KELANTAN",,16310,,,,,6.012239,102.396
4097,21-03010374,BUKA,AWAM,KKM,,KELANTAN,BACHOK,KLINIK PERGIGIAN,KLINIK PERGIGIAN SEKOLAH RENDAH,KLINIK PERGIGIAN SEKOLAH D/A SEKOLAH KEBANGSAAN GUNONG,"16390 BACHOK, KELANTAN",,16390,,,,,6.047656,102.3945
4098,21-03010373,BUKA,AWAM,KKM,,KELANTAN,BACHOK,KLINIK PERGIGIAN,KLINIK PERGIGIAN SEKOLAH RENDAH,KLINIK PERGIGIAN SEKOLAH D/A SEKOLAH KEBANGSAAN PERUPOK,"JALAN KAMPUNG PERUPOK 16300 BACHOK, KELANTAN",,16300,,,,,6.088756,102.3875
4099,21-03010436,BUKA,AWAM,KKM,,KELANTAN,BACHOK,KLINIK PERGIGIAN,KLINIK PERGIGIAN SEKOLAH MENENGAH,KLINIK PERGIGIAN SEKOLAH D/A SEKOLAH MENENGAH KEBANGSAAN PUTERI SAADONG,"BUKIT MARAK, 16030 BACHOK, KELANTAN",,16030,,,,,6.047656,102.3945
4100,21-03010433,BUKA,AWAM,KKM,,KELANTAN,BACHOK,KLINIK PERGIGIAN,KLINIK PERGIGIAN SEKOLAH MENENGAH,KLINIK PERGIGIAN SEKOLAH D/A SEKOLAH MENENGAH KEBANGSAAN BERIS PANCHOR,"TAWANG, 16320 BACHOK, KELANTAN",,16320,,,,,6.110239,102.3503
4102,91-03020291,BUKA,AWAM,KKM,,KELANTAN,GUA MUSANG,PEJABAT KESIHATAN PERGIGIAN,PEJABAT KESIHATAN PERGIGIAN DAERAH,PEJABAT KESIHATAN PERGIGIAN DAERAH GUA MUSANG,"D/A KLINIK PERGIGIAN GUA MUSANG, 18300 GUA MUSANG, KELANTAN",,18300,,,,,4.879929,101.9655
4103,21-03020465,BUKA,AWAM,KKM,,KELANTAN,GUA MUSANG,KLINIK PERGIGIAN,KLINIK PERGIGIAN (STANDALONE),KLINIK PERGIGIAN GUA MUSANG,"18300 GUA MUSANG, KELANTAN",,18300,,,,,4.879929,101.9655
4104,21-03020473D,BUKA,AWAM,KKM,,KELANTAN,GUA MUSANG,KLINIK PERGIGIAN,KLINIK PERGIGIAN DI KLINIK KESIHATAN,KLINIK PERGIGIAN DI KLINIK KESIHATAN POS BROOKE,"18350 GUA MUSANG, KELANTAN",,18300,,,,,4.671671,101.4898
4105,21-03020198D,BUKA,AWAM,KKM,,KELANTAN,GUA MUSANG,KLINIK PERGIGIAN,KLINIK PERGIGIAN DI KLINIK KESIHATAN,KLINIK PERGIGIAN DI KLINIK KESIHATAN KUALA BETIS,"18300 GUA MUSANG, KELANTAN",,18300,,,,,4.901399,101.7866
4106,21-03020053D,BUKA,AWAM,KKM,,KELANTAN,GUA MUSANG,KLINIK PERGIGIAN,KLINIK PERGIGIAN DI KLINIK KESIHATAN,KLINIK PERGIGIAN DI KLINIK KESIHATAN JERAM TEKOH,"18300 GUA MUSANG, KELANTAN",,18300,,,,,4.998057,102.074
4107,21-03020046D,BUKA,AWAM,KKM,,KELANTAN,GUA MUSANG,KLINIK PERGIGIAN,KLINIK PERGIGIAN DI KLINIK KESIHATAN,KLINIK PERGIGIAN DI KLINIK KESIHATAN CHIKU 3,"18300 GUA MUSANG, KELANTAN",,18300,,,,,4.973334,102.2067
4108,21-03020041D,BUKA,AWAM,KKM,,KELANTAN,GUA MUSANG,KLINIK PERGIGIAN,KLINIK PERGIGIAN DI KLINIK KESIHATAN,KLINIK PERGIGIAN DI KLINIK KESIHATAN BERTAM BARU,"18300 GUA MUSANG, KELANTAN",,18300,,,,,5.142315,102.0484
4109,21-03020032D,BUKA,AWAM,KKM,,KELANTAN,GUA MUSANG,KLINIK PERGIGIAN,KLINIK PERGIGIAN DI KLINIK KESIHATAN,KLINIK PERGIGIAN DI KLINIK KESIHATAN GUA MUSANG,"18300 GUA MUSANG, KELANTAN",,18300,,,,,4.878759,101.9655
4110,21-03020028D,BUKA,AWAM,KKM,,KELANTAN,GUA MUSANG,KLINIK PERGIGIAN,KLINIK PERGIGIAN DI KLINIK KESIHATAN,KLINIK PERGIGIAN DI KLINIK KESIHATAN ARING 2,"18300 GUA MUSANG, KELANTAN",,18300,,,,,4.855114,101.9682
4111,21-03020424,BUKA,AWAM,KKM,,KELANTAN,GUA MUSANG,KLINIK PERGIGIAN,KLINIK PERGIGIAN SEKOLAH RENDAH,KLINIK PERGIGIAN SEKOLAH D/A SEKOLAH KEBANGSAAN GUA MUSANG,"JALAN PULAI, 18300 GUA MUSANG, KELANTAN",,18300,,,,,4.881026,101.9637
4112,21-03020410,BUKA,AWAM,KKM,,KELANTAN,GUA MUSANG,KLINIK PERGIGIAN,KLINIK PERGIGIAN SEKOLAH RENDAH,KLINIK PERGIGIAN SEKOLAH D/A SEKOLAH KEBANGSAAN CIKU TIGA,"FELDA CHIKU 3, 18300 GUA MUSANG, KELANTAN",,18300,,,,,4.976606,102.2021
4113,21-03020443,BUKA,AWAM,KKM,,KELANTAN,GUA MUSANG,KLINIK PERGIGIAN,KLINIK PERGIGIAN SEKOLAH MENENGAH,KLINIK PERGIGIAN SEKOLAH D/A SEKOLAH MENENGAH KEBANGSAAN TENGKU INDRA PETRA,"JALAN PERSIARAN RAYA, 18300, GUA MUSANG , KELANTAN",,18300,,,,,4.875293,101.9635
4115,91-03030290,BUKA,AWAM,KKM,,KELANTAN,JELI,PEJABAT KESIHATAN PERGIGIAN,PEJABAT KESIHATAN PERGIGIAN DAERAH,PEJABAT KESIHATAN PERGIGIAN DAERAH JELI,"BLOK E, KLINIK KESIHATAN JELI, JALAN PEKELILING, 17600 JELI, KELANTAN",,17600,,,,,5.700767,101.8438
4116,21-03030058D,BUKA,AWAM,KKM,,KELANTAN,JELI,KLINIK PERGIGIAN,KLINIK PERGIGIAN DI KLINIK KESIHATAN,KLINIK PERGIGIAN DI KLINIK KESIHATAN KUALA BALAH,"17610 JELI, KELANTAN",,17610,,,,,5.445028,101.9128
4117,21-03030029D,BUKA,AWAM,KKM,,KELANTAN,JELI,KLINIK PERGIGIAN,KLINIK PERGIGIAN DI KLINIK KESIHATAN,KLINIK PERGIGIAN DI KLINIK KESIHATAN AYER LANAS,"KUALA BALAH, JELI, 17700 JELI, KELANTAN",,17700,,,,,5.778826,101.887
4118,21-03030024D,BUKA,AWAM,KKM,,KELANTAN,JELI,KLINIK PERGIGIAN,KLINIK PERGIGIAN DI KLINIK KESIHATAN,KLINIK PERGIGIAN DI KLINIK KESIHATAN JELI,"17600 JELI, KELANTAN",,17600,,,,,5.70099,101.8435
4119,21-03030406,BUKA,AWAM,KKM,,KELANTAN,JELI,KLINIK PERGIGIAN,KLINIK PERGIGIAN SEKOLAH RENDAH,KLINIK PERGIGIAN SEKOLAH D/A SEKOLAH KEBANGSAAN AYER LANAS,"BLOK PASIR PUTEH, SEBELAH KLINIK AYER LANAS, 17700 AYER LANAS, JELI, KELANTAN",,17700,,,,,5.778044,101.8858
4120,21-03030389,BUKA,AWAM,KKM,,KELANTAN,JELI,KLINIK PERGIGIAN,KLINIK PERGIGIAN SEKOLAH RENDAH,KLINIK PERGIGIAN SEKOLAH D/A SEKOLAH KEBANGSAAN BATU MELINTANG,"KG. BATU MELINTANG, 17600 JELI, KELANTAN.",,17600,,,,,5.708817,101.7365
4121,21-03030387,BUKA,AWAM,KKM,,KELANTAN,JELI,KLINIK PERGIGIAN,KLINIK PERGIGIAN SEKOLAH RENDAH,KLINIK PERGIGIAN SEKOLAH D/A SEKOLAH KEBANGSAAN JELI (2),"JALAN PEKELILING, 17600 JELI, KELANTAN",,17600,,,,,5.700862,101.8423
4122,21-03030442,BUKA,AWAM,KKM,,KELANTAN,JELI,KLINIK PERGIGIAN,KLINIK PERGIGIAN SEKOLAH MENENGAH,KLINIK PERGIGIAN SEKOLAH D/A SEKOLAH MENENGAH KUALA BALAH,"KM 32, JALAN JELI-DABONG KG. TG. ABD. RAHMAN, 17610 KUALA BALAH, KELANTAN",,17610,,,,,5.426873,101.9109
4123,21-03030383,BUKA,AWAM,KKM,,KELANTAN,JELI,KLINIK PERGIGIAN,KLINIK PERGIGIAN SEKOLAH MENENGAH,KLINIK PERGIGIAN SEKOLAH D/A SEKOLAH MENENGAH KEBANGSAAN AYER LANAS,"KM 40, JALAN JELI TANAH MERAH, 17700 JELI, KELANTAN",,17700,,,,,5.783354,101.8866
4125,91-03040282,BUKA,AWAM,KKM,,KELANTAN,KOTA BHARU,PEJABAT KESIHATAN PERGIGIAN,PEJABAT KESIHATAN PERGIGIAN DAERAH,PEJABAT KESIHATAN PERGIGIAN DAERAH KOTA BHARU,"JALAN MAHMOOD, 15200 KOTA BHARU, KELANTAN",,15200,,,,,6.12731,102.24
4126,21-03040302,BUKA,AWAM,KKM,,KELANTAN,KOTA BHARU,KLINIK PERGIGIAN,KLINIK PERGIGIAN (STANDALONE),KLINIK PERGIGIAN KOTA BHARU,"15200 KOTA BHARU, KELANTAN",,15200,,,,,6.125471,102.2424
4127,21-03040195D,BUKA,AWAM,KKM,,KELANTAN,KOTA BHARU,KLINIK PERGIGIAN,KLINIK PERGIGIAN DI KLINIK KESIHATAN,KLINIK PERGIGIAN DI KLINIK KESIHATAN KOK LANAS,"NO. 25, JALAN KUALA KRAI, 16450 KOTA BHARU, KELANTAN",,16450,,,,,5.965391,102.2506
4128,21-03040078D,BUKA,AWAM,KKM,,KELANTAN,KOTA BHARU,KLINIK PERGIGIAN,KLINIK PERGIGIAN DI KLINIK KESIHATAN,KLINIK PERGIGIAN DI KLINIK KESIHATAN WAKAF CHE YEH,"JALAN PASIR MAS SALOR, 15100 KOTA BHARU, KELANTAN",,15100,,,,,6.084354,102.2364
4129,21-03040069D,BUKA,AWAM,KKM,,KELANTAN,KOTA BHARU,KLINIK PERGIGIAN,KLINIK PERGIGIAN DI KLINIK KESIHATAN,KLINIK PERGIGIAN DI KLINIK KESIHATAN PERINGAT,"JALAN MELOR, 16400 KOTA BHARU, KELANTAN",,16400,,,,,6.020305,102.2851
4130,21-03040067D,BUKA,AWAM,KKM,,KELANTAN,KOTA BHARU,KLINIK PERGIGIAN,KLINIK PERGIGIAN DI KLINIK KESIHATAN,KLINIK PERGIGIAN DI KLINIK KESIHATAN PENGKALAN CHEPA,"JALAN MAKTAB, 16100 KOTA BHARU, KELANTAN",,16100,,,,,6.162432,102.2806
4131,21-03040066D,BUKA,AWAM,KKM,,KELANTAN,KOTA BHARU,KLINIK PERGIGIAN,KLINIK PERGIGIAN DI KLINIK KESIHATAN,KLINIK PERGIGIAN DI KLINIK KESIHATAN PENAMBANG,"JALAN PANTAI CAHAYA BULAN, 15350 KOTA BHARU, KELANTAN",,15350,,,,,6.147959,102.2405
4132,21-03040061D,BUKA,AWAM,KKM,,KELANTAN,KOTA BHARU,KLINIK PERGIGIAN,KLINIK PERGIGIAN DI KLINIK KESIHATAN,KLINIK PERGIGIAN DI KLINIK KESIHATAN LUNDANG PAKU,"JALAN DEWA BETA, 15100 KOTA BHARU, KELANTAN",,15100,,,,,5.99472,102.2006
4133,21-03040059D,BUKA,AWAM,KKM,,KELANTAN,KOTA BHARU,KLINIK PERGIGIAN,KLINIK PERGIGIAN DI KLINIK KESIHATAN,KLINIK PERGIGIAN DI KLINIK KESIHATAN KUBANG KERIAN,"JALAN ISTANA MAHKOTA, 16150 KOTA BHARU, KELANTAN",,16150,,,,,6.090723,102.271
4134,21-03040057D,BUKA,AWAM,KKM,,KELANTAN,KOTA BHARU,KLINIK PERGIGIAN,KLINIK PERGIGIAN DI KLINIK KESIHATAN,KLINIK PERGIGIAN DI KLINIK KESIHATAN KETEREH,"16450 KETEREH, KOTA BHARU, KELANTAN",,16450,,,,,5.957673,102.2554
4135,21-03040055D,BUKA,AWAM,KKM,,KELANTAN,KOTA BHARU,KLINIK PERGIGIAN,KLINIK PERGIGIAN DI KLINIK KESIHATAN,KLINIK PERGIGIAN DI KLINIK KESIHATAN KOTA JEMBAL,"BANDAR KOTA JEMBAL, JALAN RAJA BAHAR, 16100 KOTA BHARU, KELANTAN",,16100,,,,,6.114236,102.3053
4136,21-03040043D,BUKA,AWAM,KKM,,KELANTAN,KOTA BHARU,KLINIK PERGIGIAN,KLINIK PERGIGIAN DI KLINIK KESIHATAN,KLINIK PERGIGIAN DI KLINIK KESIHATAN PEROL,"JALAN KUALA KRAI, BATU 8, 16010 KOTA BHARU, KELANTAN",,16010,,,,,6.017116,102.2424
4137,"21-03040030D
",BUKA,AWAM,KKM,,KELANTAN,KOTA BHARU,KLINIK PERGIGIAN,KLINIK PERGIGIAN DI KLINIK KESIHATAN,KLINIK PERGIGIAN DI KLINIK KESIHATAN BADANG,"JALAN PCB, 15350 KOTA BHARU KELANTAN",,15350,,,,,6.186565,102.2662
4138,11-03040012D,BUKA,AWAM,KKM,,KELANTAN,KOTA BHARU,KLINIK PERGIGIAN,KLINIK PERGIGIAN DI HOSPITAL,KLINIK PERGIGIAN DI HOSPITAL RAJA PEREMPUAN ZAINAB II,"15586 KOTA BHARU, KELANTAN",,15586,,,,,6.125288,102.2457
4139,21-03040449,BUKA,AWAM,KKM,,KELANTAN,KOTA BHARU,KLINIK PERGIGIAN,KLINIK PERGIGIAN SEKOLAH RENDAH,KLINIK PERGIGIAN SEKOLAH D/A SEKOLAH KEBANGSAAN DEWAN BETA,"KAMPUNG DEWAN BETA, 15100 KOTA BHARU, KELANTAN",,15100,,,,,6.015718,102.2069
4140,21-03040447,BUKA,AWAM,KKM,,KELANTAN,KOTA BHARU,KLINIK PERGIGIAN,KLINIK PERGIGIAN SEKOLAH RENDAH,KLINIK PERGIGIAN SEKOLAH D/A SEKOLAH JENIS KEBANGSAAN (CINA) CHUNG HWA,"JALAN KELOCHOR, 15300 KOTA BHARU, KELANTAN",,15300,,,,,6.137145,102.24
4141,21-03040428,BUKA,AWAM,KKM,,KELANTAN,KOTA BHARU,KLINIK PERGIGIAN,KLINIK PERGIGIAN SEKOLAH RENDAH,KLINIK PERGIGIAN SEKOLAH D/A SEKOLAH KEBANGSAAN PADANG GARONG 1,"JALAN HOSPITAL, 15200 KOTA BHARU, KELANTAN",,15200,,,,,6.125639,102.241
4142,21-03040427,BUKA,AWAM,KKM,,KELANTAN,KOTA BHARU,KLINIK PERGIGIAN,KLINIK PERGIGIAN SEKOLAH RENDAH,KLINIK PERGIGIAN SEKOLAH D/A SEKOLAH KEBANGSAAN LANGGAR,"JALAN SULTAN YAHYA PETRA, 15200 KOTA BHARU, KELANTAN",,15200,,,,,6.114083,102.2496
4143,21-03040421,BUKA,AWAM,KKM,,KELANTAN,KOTA BHARU,KLINIK PERGIGIAN,KLINIK PERGIGIAN SEKOLAH RENDAH,KLINIK PERGIGIAN SEKOLAH D/A SEKOLAH KEBANGSAAN TENGKU INDERA PETRA,"WAKAF MEK ZAINAB, 15300 KOTA BHARU, KELANTAN",,15300,,,,,6.139087,102.2465
4144,21-03040416,BUKA,AWAM,KKM,,KELANTAN,KOTA BHARU,KLINIK PERGIGIAN,KLINIK PERGIGIAN SEKOLAH RENDAH,KLINIK PERGIGIAN SEKOLAH D/A SEKOLAH KEBANGSAAN PANGKAL KALONG,"KG PANGKAL KALONG, KETEREH 16450, KOTA BHARU. KELANTAN",,16450,,,,,5.917755,102.2183
4145,21-03040412,BUKA,AWAM,KKM,,KELANTAN,KOTA BHARU,KLINIK PERGIGIAN,KLINIK PERGIGIAN SEKOLAH RENDAH,KLINIK PERGIGIAN SEKOLAH D/A SEKOLAH KEBANGSAAN ISMAIL PETRA (1),"KOMPLEK SEKOLAH-SEKOLAH WAKAF MEK ZAINAB, 15300 KOTA BHARU. KELANTAN",,15300,,,,,6.135167,102.2462
4146,21-03040411,BUKA,AWAM,KKM,,KELANTAN,KOTA BHARU,KLINIK PERGIGIAN,KLINIK PERGIGIAN SEKOLAH RENDAH,KLINIK PERGIGIAN SEKOLAH D/A SEKOLAH KEBANGSAAAN ISLAH,"JALAN LONG YUNUS, 15200 KOTA BHARU, KELANTAN",,15200,,,,,6.1263,102.2576
4147,21-03040405,BUKA,AWAM,KKM,,KELANTAN,KOTA BHARU,KLINIK PERGIGIAN,KLINIK PERGIGIAN SEKOLAH RENDAH,KLINIK PERGIGIAN SEKOLAH D/A SEKOLAH KEBANGSAAN ABDUL HADI,"JALAN PANTAI CAHAYA BULAN, 15350 KOTA BHARU, KELANTAN",,15350,,,,,6.157245,102.2469
4148,21-03040404,BUKA,AWAM,KKM,,KELANTAN,KOTA BHARU,KLINIK PERGIGIAN,KLINIK PERGIGIAN SEKOLAH RENDAH,KLINIK PERGIGIAN SEKOLAH D/A SEKOLAH KEBANGSAAN SULTAN ISMAIL (1),"BATU 2, JALAN KUALA KRAI, 15150 KOTA BHARU, KELANTAN",,15150,,,,,6.106037,102.238
4149,21-03040403,BUKA,AWAM,KKM,,KELANTAN,KOTA BHARU,KLINIK PERGIGIAN,KLINIK PERGIGIAN SEKOLAH RENDAH,KLINIK PERGIGIAN SEKOLAH D/A SEKOLAH KEBANGSAAN SRI BEMBAN,"JALAN ABD KADIR ADABI, 15200 KOTA BHARU, KELANTAN",,15200,,,,,6.125294,102.2547
4150,21-03040402,BUKA,AWAM,KKM,,KELANTAN,KOTA BHARU,KLINIK PERGIGIAN,KLINIK PERGIGIAN SEKOLAH RENDAH,KLINIK PERGIGIAN SEKOLAH D/A SEKOLAH KEBANGSAAN SERI CHEMPAKA,"JALAN TANJUNG MAS, 16100 KOTA BHARU, KELANTAN",,16100,,,,,6.137312,102.2719
4151,21-03040385,BUKA,AWAM,KKM,,KELANTAN,KOTA BHARU,KLINIK PERGIGIAN,KLINIK PERGIGIAN SEKOLAH RENDAH,KLINIK PERGIGIAN SEKOLAH D/A SEKOLAH KEBANGSAAN ZAINAB 2,"JALAN TELIPOT, 15150 KOTA BHARU, KELANTAN",,15150,,,,,6.105711,102.2549
4152,21-03040384,BUKA,AWAM,KKM,,KELANTAN,KOTA BHARU,KLINIK PERGIGIAN,KLINIK PERGIGIAN SEKOLAH RENDAH,KLINIK PERGIGIAN SEKOLAH D/A SEKOLAH JENIS KEBANGSAAN (CINA) PEIR CHIH,"JALAN LONG YUNUS, 15200 KOTA BHARU, KELANTAN",,15200,,,,,6.116817,102.2565
4153,21-03040377,BUKA,AWAM,KKM,,KELANTAN,KOTA BHARU,KLINIK PERGIGIAN,KLINIK PERGIGIAN SEKOLAH RENDAH,KLINIK PERGIGIAN SEKOLAH D/A SEKOLAH JENIS KEBANGSAAN (CINA) CHUNG CHENG,"JALAN KELOCHOR, 15300 KOTA BHARU, KELANTAN",,15300,,,,,6.137389,102.2407
4154,21-03040446,BUKA,AWAM,KKM,,KELANTAN,KOTA BHARU,KLINIK PERGIGIAN,KLINIK PERGIGIAN SEKOLAH MENENGAH,KLINIK PERGIGIAN SEKOLAH D/A SEKOLAH MENENGAH SAINS TENGKU MUHAMMAD FARIS PETRA,"PENGKALAN CHEPA, 16100 KOTA BHARU, KELANTAN",,16100,,,,,6.158594,102.2997
4155,21-03040445,BUKA,AWAM,KKM,,KELANTAN,KOTA BHARU,KLINIK PERGIGIAN,KLINIK PERGIGIAN SEKOLAH MENENGAH,KLINIK PERGIGIAN SEKOLAH D/A SEKOLAH MENENGAH KEBANGSAAN MELOR,"HADAPAN PETRONAS KG MELOR JLN PASIR PUTEH, 16400 KOTA BHARU, KELANTAN.",,16400,,,,,5.970084,102.2974
4156,21-03040437,BUKA,AWAM,KKM,,KELANTAN,KOTA BHARU,KLINIK PERGIGIAN,KLINIK PERGIGIAN SEKOLAH MENENGAH,KLINIK PERGIGIAN SEKOLAH D/A SEKOLAH MENENGAH KEBANGSAAN SALOR,"JALAN SALOR, 15100 KOTA BHARU, KELANTAN",,15100,,,,,6.038577,102.1924
4157,21-03040435,BUKA,AWAM,KKM,,KELANTAN,KOTA BHARU,KLINIK PERGIGIAN,KLINIK PERGIGIAN SEKOLAH MENENGAH,KLINIK PERGIGIAN SEKOLAH D/A SEKOLAH MENENGAH KEBANGSAAN MULONG,"JALAN KUALA KRAI, 16010 KOTA BHARU, KELANTAN",,16010,,,,,6.034844,102.2358
4158,21-03040391,BUKA,AWAM,KKM,,KELANTAN,KOTA BHARU,KLINIK PERGIGIAN,KLINIK PERGIGIAN SEKOLAH MENENGAH,KLINIK PERGIGIAN SEKOLAH D/A SEKOLAH MENENGAH KEBANGSAAN PAK BADOL,"KAMPUNG PAK BADOL, MELOR, 16400 KOTA BHARU, KELANTAN",,16400,,,,,5.942282,102.3047
4159,21-03040386,BUKA,AWAM,KKM,,KELANTAN,KOTA BHARU,KLINIK PERGIGIAN,KLINIK PERGIGIAN SEKOLAH MENENGAH,KLINIK PERGIGIAN SEKOLAH D/A MAKTAB RENDAH SAINS MARA PENGKALAN CHEPA,"16100 PENGKALAN CHEPA, KOTA BHARU, KELANTAN",,16100,,,,,6.156373,102.2945
4160,21-03040382,BUKA,AWAM,KKM,,KELANTAN,KOTA BHARU,KLINIK PERGIGIAN,KLINIK PERGIGIAN SEKOLAH MENENGAH,KLINIK PERGIGIAN SEKOLAH D/A SEKOLAH MENENGAH KEBANGSAAN KETEREH,"KM 21 KAMPUNG DENDANG JALAN KUALA KRAI, 16450 KETEREH, KOTA BHARU, KELANTAN",,16450,,,,,6.037289,102.2381
4161,21-03040450,BUKA,AWAM,KKM,,KELANTAN,KOTA BHARU,KLINIK PERGIGIAN,KLINIK PERGIGIAN SEKOLAH (PUSAT PERGIGIAN SEKOLAH),PUSAT PERGIGIAN SEKOLAH D/A KLINIK KESIHATAN KETEREH,"JALAN KETEREH MELOR, 16450 KETEREH, KOTA BHARU, KELANTAN",,16450,,,,,5.957673,102.2554
4162,21-03040454D,BUKA,AWAM,KKM,,KELANTAN,KOTA BHARU,KLINIK PERGIGIAN,KLINIK PERGIGIAN DI UTC,KLINIK PERGIGIAN DI KLINIK KESIHATAN UTC KELANTAN,"TINGKAT 1, BANGUNAN UTC KELANTAN, LOT 378, SEKSYEN 16 JALAN HAMZAH, 15050 KOTA BHARU, KELANTAN",,15050,,,,,6.117928,102.2399
4164,91-03050288,BUKA,AWAM,KKM,,KELANTAN,KUALA KRAI,PEJABAT KESIHATAN PERGIGIAN,PEJABAT KESIHATAN PERGIGIAN DAERAH,PEJABAT KESIHATAN PERGIGIAN DAERAH KUALA KRAI,"KLINIK PERGIGIAN KUALA KRAI, NO 24-A TEPI JALAN TAMAN KRAI, 18000 KUALA KRAI, KELANTAN",,18000,,,,,5.538461,102.2017
4165,21-03050292,BUKA,AWAM,KKM,,KELANTAN,KUALA KRAI,KLINIK PERGIGIAN,KLINIK PERGIGIAN (STANDALONE),KLINIK PERGIGIAN KUALA KRAI,"18000 KUALA KRAI, KELANTAN",,18000,,,,,5.538461,102.2017
4166,21-03050065D,BUKA,AWAM,KKM,,KELANTAN,KUALA KRAI,KLINIK PERGIGIAN,KLINIK PERGIGIAN DI KLINIK KESIHATAN,KLINIK PERGIGIAN DI KLINIK KESIHATAN PAHI,"18000 KUALA KRAI, KELANTAN",,18000,,,,,5.485991,102.223
4167,21-03050063D,BUKA,AWAM,KKM,,KELANTAN,KUALA KRAI,KLINIK PERGIGIAN,KLINIK PERGIGIAN DI KLINIK KESIHATAN,KLINIK PERGIGIAN DI KLINIK KESIHATAN MANEK URAI,"18000 KUALA KRAI, KELANTAN",,18000,,,,,5.38151,102.2428
4168,21-03050047D,BUKA,AWAM,KKM,,KELANTAN,KUALA KRAI,KLINIK PERGIGIAN,KLINIK PERGIGIAN DI KLINIK KESIHATAN,KLINIK PERGIGIAN DI KLINIK KESIHATAN DABONG,"18200 KUALA KRAI, KELANTAN",,18200,,,,,5.375088,102.0103
4169,21-03050034D,BUKA,AWAM,KKM,,KELANTAN,KUALA KRAI,KLINIK PERGIGIAN,KLINIK PERGIGIAN DI KLINIK KESIHATAN,KLINIK PERGIGIAN DI KLINIK KESIHATAN BANDAR KUALA KRAI,"KKB JALAN PINTAS, 18000 KUALA KRAI, KELANTAN",,18000,,,,,5.539733,102.2056
4170,11-03050015D,BUKA,AWAM,KKM,,KELANTAN,KUALA KRAI,KLINIK PERGIGIAN,KLINIK PERGIGIAN DI HOSPITAL,KLINIK PERGIGIAN DI HOSPITAL SULTAN ISMAIL PETRA,"LOT 7777, KM 6, LEBUHRAYA KUALA KRAI GUA MUSANG, 18000 KUALA KRAI, KELANTAN",,18000,,,,,5.543142,102.2022
4171,21-03050419,BUKA,AWAM,KKM,,KELANTAN,KUALA KRAI,KLINIK PERGIGIAN,KLINIK PERGIGIAN SEKOLAH RENDAH,KLINIK PERGIGIAN SEKOLAH D/A SEKOLAH KEBANGSAAN YAHYA PETRA 1,"JALAN PADANG KEMAHKOTAAN, 18000 KUALA KRAI, KELANTAN",,18000,,,,,5.534685,102.1979
4172,21-03050379,BUKA,AWAM,KKM,,KELANTAN,KUALA KRAI,KLINIK PERGIGIAN,KLINIK PERGIGIAN SEKOLAH RENDAH,KLINIK PERGIGIAN SEKOLAH D/A SEKOLAH KEBANGSAAN BANGGOL GUCHIL,"BANGGOL GUCHIL, 18020 KUALA KRAI, KELANTAN",,18020,,,,,5.548935,102.1984
4173,21-03050381,BUKA,AWAM,KKM,,KELANTAN,KUALA KRAI,KLINIK PERGIGIAN,KLINIK PERGIGIAN SEKOLAH MENENGAH,KLINIK PERGIGIAN SEKOLAH D/A SEKOLAH MENENGAH KEBANGSAAN SULTAN YAHYA PETRA 1,"JALAN KEM, 18000 KUALA KRAI, KELANTAN",,18000,,,,,5.533629,102.2059
4175,91-03060285,BUKA,AWAM,KKM,,KELANTAN,MACHANG,PEJABAT KESIHATAN PERGIGIAN,PEJABAT KESIHATAN PERGIGIAN DAERAH,PEJABAT KESIHATAN PERGIGIAN DAERAH MACHANG,"D/A KLINIK PERGIGIAN MACHANG, 18500 MACHANG, KELANTAN",,18500,,,,,5.764629,102.226
4176,21-03060293,BUKA,AWAM,KKM,,KELANTAN,MACHANG,KLINIK PERGIGIAN,KLINIK PERGIGIAN (STANDALONE),KLINIK PERGIGIAN MACHANG,"18500 MACHANG, KELANTAN",,18500,,,,,5.764629,102.226
4177,21-03060279D,BUKA,AWAM,KKM,,KELANTAN,MACHANG,KLINIK PERGIGIAN,KLINIK PERGIGIAN DI KLINIK KESIHATAN,KLINIK PERGIGIAN DI KLINIK KESIHATAN MACHANG,"18500 MACHANG, KELANTAN",,18500,,,,,5.767546,102.2162
4178,21-03060074D,BUKA,AWAM,KKM,,KELANTAN,MACHANG,KLINIK PERGIGIAN,KLINIK PERGIGIAN DI KLINIK KESIHATAN,KLINIK PERGIGIAN DI KLINIK KESIHATAN TEMANGAN,"KLINIK KESIHATAN TEMANGAN, 18400 MACHANG, KELANTAN",,18400,,,,,5.715929,102.1552
4179,21-03060070D,BUKA,AWAM,KKM,,KELANTAN,MACHANG,KLINIK PERGIGIAN,KLINIK PERGIGIAN DI KLINIK KESIHATAN,KLINIK PERGIGIAN DI KLINIK KESIHATAN PULAI CHONDONG,"KLINIK KESIHATAN PULAI CHONDONG, 16600 MACHANG, KELANTAN",,16600,,,,,5.872607,102.2322
4180,21-03060060D,BUKA,AWAM,KKM,,KELANTAN,MACHANG,KLINIK PERGIGIAN,KLINIK PERGIGIAN DI KLINIK KESIHATAN,KLINIK PERGIGIAN DI KLINIK KESIHATAN LABOK,"KLINIK KESIHATAN LABOK, 18500 MACHANG, KELANTAN",,18500,,,,,5.831046,102.2254
4181,21-03060037D,BUKA,AWAM,KKM,,KELANTAN,MACHANG,KLINIK PERGIGIAN,KLINIK PERGIGIAN DI KLINIK KESIHATAN,KLINIK PERGIGIAN DI KLINIK KESIHATAN BATU 30,"KLINIK KESIHATAN BATU 30, JALAN KUALA KRAI, 18500 MACHANG, KELANTAN",,18500,,,,,5.757546,102.2146
4182,21-03060426,BUKA,AWAM,KKM,,KELANTAN,MACHANG,KLINIK PERGIGIAN,KLINIK PERGIGIAN SEKOLAH RENDAH,KLINIK PERGIGIAN SEKOLAH D/A SEKOLAH KEBANGSAAN KAMPONG PEK,"18500 MACHANG, KELANTAN",,18500,,,,,5.689121,102.2128
4183,21-03060399,BUKA,AWAM,KKM,,KELANTAN,MACHANG,KLINIK PERGIGIAN,KLINIK PERGIGIAN SEKOLAH RENDAH,KLINIK PERGIGIAN SEKOLAH D/A SEKOLAH KEBANGSAAN LABOK,"JALAN JOH, LABOK 18500 MACHANG, KELANTAN",,18500,,,,,5.826502,102.2218
4184,21-03060380,BUKA,AWAM,KKM,,KELANTAN,MACHANG,KLINIK PERGIGIAN,KLINIK PERGIGIAN SEKOLAH RENDAH,KLINIK PERGIGIAN SEKOLAH D/A SEKOLAH KEBANGSAAN HAMZAH (1),"DEPAN PEJABAT MAJLIS DAERAH MACHANG, 18500 MACHANG, KELANTAN",,18500,,,,,5.767953,102.2172
4185,21-03060378,BUKA,AWAM,KKM,,KELANTAN,MACHANG,KLINIK PERGIGIAN,KLINIK PERGIGIAN SEKOLAH RENDAH,KLINIK PERGIGIAN SEKOLAH D/A SEKOLAH KEBANGSAAN MACHANG (1),"18500 MACHANG, KELANTAN",,18500,,,,,5.765975,102.2144
4186,21-03060438,BUKA,AWAM,KKM,,KELANTAN,MACHANG,KLINIK PERGIGIAN,KLINIK PERGIGIAN SEKOLAH MENENGAH,KLINIK PERGIGIAN SEKOLAH D/A SEKOLAH MENENGAH KEBANGSAAN SERI INTAN,"BATU 32, KAMPUNG PEK, JALAN KUALA KRAI, 18500 MACHANG, KELANTAN",,18500,,,,,5.690445,102.2124
4187,21-03060432,BUKA,AWAM,KKM,,KELANTAN,MACHANG,KLINIK PERGIGIAN,KLINIK PERGIGIAN SEKOLAH MENENGAH,KLINIK PERGIGIAN SEKOLAH D/A SEKOLAH MENENGAH KEBANGSAAN ABDUL SAMAD,"JLN. KOTA BHARU-KUALA KRAI, 16600 PULAI CHONDONG, KELANTAN",,16600,,,,,5.856739,102.2289
4188,21-03060430,BUKA,AWAM,KKM,,KELANTAN,MACHANG,KLINIK PERGIGIAN,KLINIK PERGIGIAN SEKOLAH MENENGAH,KLINIK PERGIGIAN SEKOLAH D/A SEKOLAH MENENGAH SAINS MACHANG,"LABOK, 18500 MACHANG, KELANTAN",,18500,,,,,5.82552,102.2227
4189,91-03070283,BUKA,AWAM,KKM,,KELANTAN,PASIR MAS,PEJABAT KESIHATAN PERGIGIAN,PEJABAT KESIHATAN PERGIGIAN DAERAH,PEJABAT KESIHATAN PERGIGIAN DAERAH PASIR MAS,"D/A KLINIK PERGIGIAN PASIR MAS, JALAN LATI, 17000 PASIR MAS, KELANTAN",,17000,,,,,6.014241,102.1195
4190,21-03070294,BUKA,AWAM,KKM,,KELANTAN,PASIR MAS,KLINIK PERGIGIAN,KLINIK PERGIGIAN (STANDALONE),KLINIK PERGIGIAN PASIR MAS,"JALAN LATI, 17000 PASIR MAS, KELANTAN",,17000,,,,,6.004955,102.1334
4191,21-03070076D,BUKA,AWAM,KKM,,KELANTAN,PASIR MAS,KLINIK PERGIGIAN,KLINIK PERGIGIAN DI KLINIK KESIHATAN,KLINIK PERGIGIAN DI KLINIK KESIHATAN TO'UBAN,"JALAN CHE TOK - TOK UBAN, 17060 PASIR MAS, KELANTAN",,17060,,,,,5.965208,102.1444
4192,21-03070075D,BUKA,AWAM,KKM,,KELANTAN,PASIR MAS,KLINIK PERGIGIAN,KLINIK PERGIGIAN DI KLINIK KESIHATAN,KLINIK PERGIGIAN DI KLINIK KESIHATAN TENDONG,"17030 TENDONG, PASIR MAS, KELANTAN",,17030,,,,,6.069929,102.2073
4193,21-03070071D,BUKA,AWAM,KKM,,KELANTAN,PASIR MAS,KLINIK PERGIGIAN,KLINIK PERGIGIAN DI KLINIK KESIHATAN,KLINIK PERGIGIAN DI KLINIK KESIHATAN RANTAU PANJANG,"GUAL TINGGI, 17200 RANTAU PANJANG, KELANTAN",,17200,,,,,6.001825,102.0031
4194,21-03070064D,BUKA,AWAM,KKM,,KELANTAN,PASIR MAS,KLINIK PERGIGIAN,KLINIK PERGIGIAN DI KLINIK KESIHATAN,KLINIK PERGIGIAN DI KLINIK KESIHATAN MERANTI,"JALAN BONGGOL CHE WAN, MERANTI, 17000 PASIR MAS, KELANTAN",,17000,,,,,6.096353,102.1022
4195,21-03070054D,BUKA,AWAM,KKM,,KELANTAN,PASIR MAS,KLINIK PERGIGIAN,KLINIK PERGIGIAN DI KLINIK KESIHATAN,KLINIK PERGIGIAN DI KLINIK KESIHATAN KANGKONG,"JALAN PASIR MAS, TANAH MERAH, 17000 PASIR MAS, KELANTAN",,17000,,,,,5.994731,102.188
4196,21-03070044D,BUKA,AWAM,KKM,,KELANTAN,PASIR MAS,KLINIK PERGIGIAN,KLINIK PERGIGIAN DI KLINIK KESIHATAN,KLINIK PERGIGIAN DI KLINIK KESIHATAN CHEKOK,"CHEKOK, 17000 PASIR MAS, KELANTAN",,17000,,,,,5.918899,102.1876
4197,21-03070035D,BUKA,AWAM,KKM,,KELANTAN,PASIR MAS,KLINIK PERGIGIAN,KLINIK PERGIGIAN DI KLINIK KESIHATAN,KLINIK PERGIGIAN DI KLINIK KESIHATAN BANDAR PASIR MAS,"BANDAR PASIR MAS, 17000 PASIR MAS, KELANTAN",,17000,,,,,6.045211,102.1404
4198,21-03070425,BUKA,AWAM,KKM,,KELANTAN,PASIR MAS,KLINIK PERGIGIAN,KLINIK PERGIGIAN SEKOLAH RENDAH,KLINIK PERGIGIAN SEKOLAH D/A SEKOLAH KEBANGSAAN GUAL TINGGI,"KG. GUAL TINGGI, RANTAU PANJANG, 17200 RANTAU PANJANG, KELANTAN",,17200,,,,,6.003219,101.9978
4199,21-03070422,BUKA,AWAM,KKM,,KELANTAN,PASIR MAS,KLINIK PERGIGIAN,KLINIK PERGIGIAN SEKOLAH RENDAH,KLINIK PERGIGIAN SEKOLAH D/A SEKOLAH KEBANGSAAN TO' UBAN,"TO' UBAN, 17050 PASIR MAS, KELANTAN",,17050,,,,,6.047494,102.1393
4200,21-03070417,BUKA,AWAM,KKM,,KELANTAN,PASIR MAS,KLINIK PERGIGIAN,KLINIK PERGIGIAN SEKOLAH RENDAH,KLINIK PERGIGIAN SEKOLAH D/A SEKOLAH KEBANGSAAN SRI KIAMBANG,"KAMPUNG REPEK, 17070 PASIR MAS, KELANTAN",,17070,,,,,6.024421,102.0921
4201,21-03070415,BUKA,AWAM,KKM,,KELANTAN,PASIR MAS,KLINIK PERGIGIAN,KLINIK PERGIGIAN SEKOLAH RENDAH,KLINIK PERGIGIAN SEKOLAH D/A SEKOLAH KEBANGSAAN OTHMAN TALIB (1),"TENDONG, 17030 PASIR MAS, KELANTAN",,17030,,,,,6.068012,102.2094
4202,21-03070414,BUKA,AWAM,KKM,,KELANTAN,PASIR MAS,KLINIK PERGIGIAN,KLINIK PERGIGIAN SEKOLAH RENDAH,KLINIK PERGIGIAN SEKOLAH D/A SEKOLAH KEBANGSAAN KEDAI TANJONG,"JLN. RANTAU PANJANG LAMA, KG.POHON TANJONG, 17000 PASIR MAS, KELANTAN",,17000,,,,,6.069636,102.0773
4203,21-03070409,BUKA,AWAM,KKM,,KELANTAN,PASIR MAS,KLINIK PERGIGIAN,KLINIK PERGIGIAN SEKOLAH RENDAH,KLINIK PERGIGIAN SEKOLAH D/A SEKOLAH KEBANGSAAN CHETOK,"KG. CHEKOK, CHETOK, 17060 PASIR MAS, KELANTAN",,17060,,,,,5.926241,102.1906
4204,21-03070400,BUKA,AWAM,KKM,,KELANTAN,PASIR MAS,KLINIK PERGIGIAN,KLINIK PERGIGIAN SEKOLAH RENDAH,KLINIK PERGIGIAN SEKOLAH D/A SEKOLAH KEBANGSAAN MERANTI,"17010 PASIR MAS, KELANTAN",,17010,,,,,6.09581,102.1055
4205,21-03070444,BUKA,AWAM,KKM,,KELANTAN,PASIR MAS,KLINIK PERGIGIAN,KLINIK PERGIGIAN SEKOLAH MENENGAH,KLINIK PERGIGIAN SEKOLAH D/A KOLEJ VOKASIONAL PASIR MAS,"JALAN TENDONG, BUNUT SUSU, 17020 PASIR MAS, KELANTAN",,17020,,,,,6.055943,102.2135
4206,21-03070440,BUKA,AWAM,KKM,,KELANTAN,PASIR MAS,KLINIK PERGIGIAN,KLINIK PERGIGIAN SEKOLAH MENENGAH,KLINIK PERGIGIAN SEKOLAH D/A SEKOLAH MENENGAH KEBANGSAAN BUNUT SUSU,"KG. BUNUT SUSU, 17020 PASIR MAS, KELANTAN",,17020,,,,,6.101209,102.1828
4207,91-03080287,BUKA,AWAM,KKM,,KELANTAN,PASIR PUTEH,PEJABAT KESIHATAN PERGIGIAN,PEJABAT KESIHATAN PERGIGIAN DAERAH,PEJABAT KESIHATAN PERGIGIAN DAERAH PASIR PUTEH,"D/A KLINIK PERGIGIAN DI KLINIK KESIHATAN PASIR PUTEH, 16800 PASIR PUTEH, KELANTAN",,16800,,,,,5.837563,102.4025
4208,21-03080280D,BUKA,AWAM,KKM,,KELANTAN,PASIR PUTEH,KLINIK PERGIGIAN,KLINIK PERGIGIAN DI KLINIK KESIHATAN,KLINIK PERGIGIAN DI KLINIK KESIHATAN PASIR PUTEH,"16800 PASIR PUTEH, KELANTAN",,16800,,,,,5.837563,102.4025
4209,21-03080072D,BUKA,AWAM,KKM,,KELANTAN,PASIR PUTEH,KLINIK PERGIGIAN,KLINIK PERGIGIAN DI KLINIK KESIHATAN,KLINIK PERGIGIAN DI KLINIK KESIHATAN SELISING,"16810 SELISING, PASIR PUTEH, KELANTAN",,16810,,,,,5.896835,102.3325
4210,21-03080052D,BUKA,AWAM,KKM,,KELANTAN,PASIR PUTEH,KLINIK PERGIGIAN,KLINIK PERGIGIAN DI KLINIK KESIHATAN,KLINIK PERGIGIAN DI KLINIK KESIHATAN JERAM,"16800 PASIR PUTEH, KELANTAN",,16800,,,,,5.799847,102.3718
4211,21-03080048D,BUKA,AWAM,KKM,,KELANTAN,PASIR PUTEH,KLINIK PERGIGIAN,KLINIK PERGIGIAN DI KLINIK KESIHATAN,KLINIK PERGIGIAN DI KLINIK KESIHATAN GAAL,"16800 PASIR PUTEH, KELANTAN",,16800,,,,,5.78899,102.4168
4212,21-03080045D,BUKA,AWAM,KKM,,KELANTAN,PASIR PUTEH,KLINIK PERGIGIAN,KLINIK PERGIGIAN DI KLINIK KESIHATAN,KLINIK PERGIGIAN DI KLINIK KESIHATAN CHERANG RUKU,"16700 CHERANG RUKU, PASIR PUTEH, KELANTAN",,16700,,,,,5.867658,102.4865
4213,21-03080408,BUKA,AWAM,KKM,,KELANTAN,PASIR PUTEH,KLINIK PERGIGIAN,KLINIK PERGIGIAN SEKOLAH RENDAH,KLINIK PERGIGIAN SEKOLAH D/A SEKOLAH KEBANGSAAN CHERANG RUKU,"KG CHERANG RUKU, 16700 SEMERAK, KELANTAN",,16700,,,,,5.862232,102.4904
4214,21-03080407,BUKA,AWAM,KKM,,KELANTAN,PASIR PUTEH,KLINIK PERGIGIAN,KLINIK PERGIGIAN SEKOLAH RENDAH,KLINIK PERGIGIAN SEKOLAH D/A SEKOLAH KEBANGSAAN BUKIT JAWA,"SELISING, PASIR PUTEH, 16810 PASIR PUTEH, KELANTAN",,16810,,,,,5.894383,102.3256
4215,21-03080398,BUKA,AWAM,KKM,,KELANTAN,PASIR PUTEH,KLINIK PERGIGIAN,KLINIK PERGIGIAN SEKOLAH RENDAH,KLINIK PERGIGIAN SEKOLAH D/A SEKOLAH KEBANGSAAN GAAL,"JALAN JERTEH, 16800 PASIR PUTEH , KELANTAN",,16800,,,,,5.805179,102.4178
4216,21-03080388,BUKA,AWAM,KKM,,KELANTAN,PASIR PUTEH,KLINIK PERGIGIAN,KLINIK PERGIGIAN SEKOLAH RENDAH,KLINIK PERGIGIAN SEKOLAH D/A SEKOLAH KEBANGSAAN KAMIL (1),"JALAN SEKOLAH MENENGAH KAMIL, 16800 PASIR PUTEH , KELANTAN",,16800,,,,,5.841854,102.3962
4217,21-03080441,BUKA,AWAM,KKM,,KELANTAN,PASIR PUTEH,KLINIK PERGIGIAN,KLINIK PERGIGIAN SEKOLAH MENENGAH,KLINIK PERGIGIAN SEKOLAH D/A SEKOLAH MENENGAH KEBANGSAAN CHERANG RUKU,"CHERANG RUKU, 16700 SEMERAK, KELANTAN",,16700,,,,,5.862232,102.4904
4218,21-03080439,BUKA,AWAM,KKM,,KELANTAN,PASIR PUTEH,KLINIK PERGIGIAN,KLINIK PERGIGIAN SEKOLAH MENENGAH,KLINIK PERGIGIAN SEKOLAH D/A SEKOLAH MENENGAH KEBANGSAAN TOK JANGGUT,"JALAN PASIR PUTEH - KOTA BHARU, 16800 PASIR PUTEH, KELANTAN",,16800,,,,,5.834196,102.3884
4219,21-03080429,BUKA,AWAM,KKM,,KELANTAN,PASIR PUTEH,KLINIK PERGIGIAN,KLINIK PERGIGIAN SEKOLAH MENENGAH,KLINIK PERGIGIAN SEKOLAH D/A SEKOLAH MENENGAH KEBANGSAAN SRI MAHARAJA,"BUKIT ABAL, 16810 SELISING, PASIR PUTEH, KELANTAN",,16810,,,,,5.866588,102.337
4220,21-03080394,BUKA,AWAM,KKM,,KELANTAN,PASIR PUTEH,KLINIK PERGIGIAN,KLINIK PERGIGIAN SEKOLAH MENENGAH,KLINIK PERGIGIAN SEKOLAH D/A SEKOLAH MENENGAH SAINS PASIR PUTEH,"JALAN JERAM PASU, 16800 PASIR PUTEH, KELANTAN",,16800,,,,,5.836831,102.3556
4221,21-03080393,BUKA,AWAM,KKM,,KELANTAN,PASIR PUTEH,KLINIK PERGIGIAN,KLINIK PERGIGIAN SEKOLAH MENENGAH,KLINIK PERGIGIAN SEKOLAH D/A SEKOLAH MENENGAH KEBANGSAAN BUKIT JAWA,"SELISING, PASIR PUTEH, 16810 SELISING, PASIR PUTEH, KELANTAN",,16810,,,,,5.894383,102.3256
4222,91-03090284,BUKA,AWAM,KKM,,KELANTAN,TANAH MERAH,PEJABAT KESIHATAN PERGIGIAN,PEJABAT KESIHATAN PERGIGIAN DAERAH,PEJABAT KESIHATAN PERGIGIAN DAERAH TANAH MERAH,"JALAN PASIR MAS-TANAH MERAH, 17500 TANAH MERAH, KELANTAN",,17500,,,,,5.809477,102.153
4223,21-03090470,BUKA,AWAM,KKM,,KELANTAN,TANAH MERAH,KLINIK PERGIGIAN,KLINIK PERGIGIAN (STANDALONE),KLINIK PERGIGIAN TANAH MERAH,"PT 424, JALAN PECHONG, 17500 TANAH MERAH, KELANTA",,17500,,,,,5.808411,102.1498
4224,21-03090095D,BUKA,AWAM,KKM,,KELANTAN,TANAH MERAH,KLINIK PERGIGIAN,KLINIK PERGIGIAN DI KLINIK KESIHATAN,KLINIK PERGIGIAN DI KLINIK KESIHATAN BELIMBING,"JALAN TANAH MERAH-PASIR MAS, 17500 TANAH MERAH, KELANTAN",,17500,,,,,5.864159,102.1689
4225,21-03090056D,BUKA,AWAM,KKM,,KELANTAN,TANAH MERAH,KLINIK PERGIGIAN,KLINIK PERGIGIAN DI KLINIK KESIHATAN,KLINIK PERGIGIAN DI KLINIK KESIHATAN KEMAHANG,"17510 TANAH MERAH, KELANTAN",,17510,,,,,5.854981,102.0056
4226,21-03090050D,BUKA,AWAM,KKM,,KELANTAN,TANAH MERAH,KLINIK PERGIGIAN,KLINIK PERGIGIAN DI KLINIK KESIHATAN,KLINIK PERGIGIAN DI KLINIK KESIHATAN GUAL IPOH,"17500 TANAH MERAH, KELANTAN",,17500,,,,,5.743585,102.0512
4227,21-03090038D,BUKA,AWAM,KKM,,KELANTAN,TANAH MERAH,KLINIK PERGIGIAN,KLINIK PERGIGIAN DI KLINIK KESIHATAN,KLINIK PERGIGIAN DI KLINIK KESIHATAN BATU GAJAH,"17510 TANAH MERAH, KELANTAN",,17510,,,,,5.810862,101.9823
4228,11-03090018D,BUKA,AWAM,KKM,,KELANTAN,TANAH MERAH,KLINIK PERGIGIAN,KLINIK PERGIGIAN DI HOSPITAL,KLINIK PERGIGIAN DI HOSPITAL TANAH MERAH,"17500 TANAH MERAH, KELANTAN",,17500,,,,,5.810027,102.1525
4229,21-03090448,BUKA,AWAM,KKM,,KELANTAN,TANAH MERAH,KLINIK PERGIGIAN,KLINIK PERGIGIAN SEKOLAH RENDAH,KLINIK PERGIGIAN SEKOLAH D/A SEKOLAH KEBANGSAAN SRI SURIA (2),"JALAN KLINIK, 17500 TANAH MERAH, KELANTAN",,17500,,,,,5.803775,102.1439
4230,21-03090420,BUKA,AWAM,KKM,,KELANTAN,TANAH MERAH,KLINIK PERGIGIAN,KLINIK PERGIGIAN SEKOLAH RENDAH,KLINIK PERGIGIAN SEKOLAH D/A SEKOLAH KEBANGSAAN TANAH MERAH (1),"KM 1, JALAN MACHANG, 17500 TANAH MERAH, KELANTAN",,17500,,,,,5.802536,102.147
4231,21-03090431,BUKA,AWAM,KKM,,KELANTAN,TANAH MERAH,KLINIK PERGIGIAN,KLINIK PERGIGIAN SEKOLAH MENENGAH,KLINIK PERGIGIAN SEKOLAH D/A SEKOLAH MENENGAH KEBANGSAAN IPOH,"KM 20, JALAN GUAL IPOH, KG. GUAL IPOH, 17500 TANAH MERAH, KELANTAN",,17500,,,,,5.747146,102.0528
4232,21-03090376,BUKA,AWAM,KKM,,KELANTAN,TANAH MERAH,KLINIK PERGIGIAN,KLINIK PERGIGIAN SEKOLAH MENENGAH,KLINIK PERGIGIAN SEKOLAH D/A SEKOLAH MENENGAH KEBANGSAAN TAN SRI MOHAMED YAACOB,"KM 21, JALAN JEDOK, KG. BATU GAJAH, 17510 TANAH MERAH, KELANTAN",,17510,,,,,5.815096,101.9801
4233,21-03090375,BUKA,AWAM,KKM,,KELANTAN,TANAH MERAH,KLINIK PERGIGIAN,KLINIK PERGIGIAN SEKOLAH MENENGAH,KLINIK PERGIGIAN SEKOLAH D/A SEKOLAH MENENGAH KEBANGSAAN TANAH MERAH (1),"JALAN ISMAIL PETRA, 17500 TANAH MERAH, KELANTAN",,17500,,,,,5.811006,102.1352
4236,91-03100289,BUKA,AWAM,KKM,,KELANTAN,TUMPAT,PEJABAT KESIHATAN PERGIGIAN,PEJABAT KESIHATAN PERGIGIAN DAERAH,PEJABAT KESIHATAN PERGIGIAN DAERAH TUMPAT,"D/A KLINIK PERGIGIAN TUMPAT, 16200 TUMPAT, KELANTAN",,16200,,,,,6.19368,102.1706
4237,21-03100464,BUKA,AWAM,KKM,,KELANTAN,TUMPAT,KLINIK PERGIGIAN,KLINIK PERGIGIAN (STANDALONE),KLINIK PERGIGIAN TUMPAT,"16200 TUMPAT, KELANTAN",,16200,,,,,6.193737,102.1704
4238,21-03100318D,BUKA,AWAM,KKM,,KELANTAN,TUMPAT,KLINIK PERGIGIAN,KLINIK PERGIGIAN DI KLINIK KESIHATAN,KLINIK PERGIGIAN DI KLINIK KESIHATAN PASIR PEKAN,"16250 PASIR PEKAN, KELANTAN",,16250,,,,,6.120768,102.2179
4239,21-03100077D,BUKA,AWAM,KKM,,KELANTAN,TUMPAT,KLINIK PERGIGIAN,KLINIK PERGIGIAN DI KLINIK KESIHATAN,KLINIK PERGIGIAN DI KLINIK KESIHATAN WAKAF BHARU,"16250 WAKAF BHARU, TUMPAT, KELANTAN",,16250,,,,,6.122633,102.2029
4240,21-03100073D,BUKA,AWAM,KKM,,KELANTAN,TUMPAT,KLINIK PERGIGIAN,KLINIK PERGIGIAN DI KLINIK KESIHATAN,KLINIK PERGIGIAN DI KLINIK KESIHATAN SUNGAI PINANG,"SUNGAI PINANG, PALEKBANG, 16200 TUMPAT, KELANTAN",,16200,,,,,6.144721,102.223
4241,21-03100068D,BUKA,AWAM,KKM,,KELANTAN,TUMPAT,KLINIK PERGIGIAN,KLINIK PERGIGIAN DI KLINIK KESIHATAN,KLINIK PERGIGIAN DI KLINIK KESIHATAN PENGKALAN KUBOR,"JALAN PENGKALAN KUBOR, 16280 TUMPAT, KELANTAN",,16280,,,,,6.215489,102.1113
4242,21-03100042D,BUKA,AWAM,KKM,,KELANTAN,TUMPAT,KLINIK PERGIGIAN,KLINIK PERGIGIAN DI KLINIK KESIHATAN,KLINIK PERGIGIAN DI KLINIK KESIHATAN BUNOHAN,"16200 TUMPAT, KELANTAN",,16200,,,,,6.182101,102.1165
4243,21-03100036D,BUKA,AWAM,KKM,,KELANTAN,TUMPAT,KLINIK PERGIGIAN,KLINIK PERGIGIAN DI KLINIK KESIHATAN,KLINIK PERGIGIAN DI KLINIK KESIHATAN BANDAR TUMPAT,"BANDAR TUMPAT, 16200 TUMPAT, KELANTAN",,16200,,,,,6.190189,102.1687
4244,21-03100423,BUKA,AWAM,KKM,,KELANTAN,TUMPAT,KLINIK PERGIGIAN,KLINIK PERGIGIAN SEKOLAH RENDAH,KLINIK PERGIGIAN SEKOLAH D/A SEKOLAH KEBANGSAAN GETING (1),"DEPAN PASAR GETING, 16200 TUMPAT, KELANTAN",,16200,,,,,6.21794,102.1156
4245,21-03100418,BUKA,AWAM,KKM,,KELANTAN,TUMPAT,KLINIK PERGIGIAN,KLINIK PERGIGIAN SEKOLAH RENDAH,KLINIK PERGIGIAN SEKOLAH D/A SEKOLAH KEBANGSAAN TUMPAT (1),"KG DALAM RHU, 16200 TUMPAT, KELANTAN",,16200,,,,,6.192236,102.1617
4246,21-03100401,BUKA,AWAM,KKM,,KELANTAN,TUMPAT,KLINIK PERGIGIAN,KLINIK PERGIGIAN SEKOLAH RENDAH,KLINIK PERGIGIAN SEKOLAH D/A SEKOLAH KEBANGSAAN PASIR PEKAN,"JALAN PASIR PEKAN, 16250 WAKAF BHARU, TUMPAT, KELANTAN",,16250,,,,,6.118362,102.2205
4247,21-03100434,BUKA,AWAM,KKM,,KELANTAN,TUMPAT,KLINIK PERGIGIAN,KLINIK PERGIGIAN SEKOLAH MENENGAH,KLINIK PERGIGIAN SEKOLAH D/A SEKOLAH MENENGAH KEBANGSAAN CHABANG EMPAT,"KG. CHABANG 4, 16210 TUMPAT, KELANTAN",,16210,,,,,6.158587,102.1533
4248,21-03100396,BUKA,AWAM,KKM,,KELANTAN,TUMPAT,KLINIK PERGIGIAN,KLINIK PERGIGIAN SEKOLAH MENENGAH,KLINIK PERGIGIAN SEKOLAH D/A SEKOLAH MENENGAH KEBANGSAAN MAHMUD MAHYIDIN,"PASIR PEKAN, 16250 WAKAF BHARU, TUMPAT, KELANTAN",,16250,,,,,6.116785,102.2152
4249,21-03100395,BUKA,AWAM,KKM,,KELANTAN,TUMPAT,KLINIK PERGIGIAN,KLINIK PERGIGIAN SEKOLAH MENENGAH,KLINIK PERGIGIAN SEKOLAH D/A SEKOLAH MENENGAH KEBANGSAAN KAMPONG LAUT,"KG LAUT, 16040 PALEKBANG, TUMPAT, KELANTAN",,16040,,,,,6.161137,102.2327
4250,21-03100392,BUKA,AWAM,KKM,,KELANTAN,TUMPAT,KLINIK PERGIGIAN,KLINIK PERGIGIAN SEKOLAH MENENGAH,KLINIK PERGIGIAN SEKOLAH D/A SEKOLAH MENENGAH KEBANGSAAN WAKAF BHARU,"16250 WAKAF BHARU TUMPAT, KELANTAN",,16250,,,,,6.117141,102.1961
4251,21-03100452,BUKA,AWAM,KKM,,KELANTAN,TUMPAT,KLINIK PERGIGIAN,KLINIK PERGIGIAN SEKOLAH (PUSAT PERGIGIAN SEKOLAH),PUSAT PERGIGIAN SEKOLAH D/A SEKOLAH KEBANGSAAN PENGKALAN KUBOR (1),"PENGKALAN KUBOR, 16080 PENGKALAN KUBUR, TUMPAT, KELANTAN",,16080,,,,,6.229642,102.0962
4252,91-04010105,BUKA,AWAM,KKM,,MELAKA,ALOR GAJAH,PEJABAT KESIHATAN PERGIGIAN,PEJABAT KESIHATAN PERGIGIAN DAERAH,PEJABAT KESIHATAN PERGIGIAN DAERAH ALOR GAJAH,"JALAN HOSPITAL LAMA, 78000 ALOR GAJAH, MELAKA",,78000,,,,,2.381292,102.2077
4253,21-04010107,BUKA,AWAM,KKM,,MELAKA,ALOR GAJAH,KLINIK PERGIGIAN,KLINIK PERGIGIAN (STANDALONE),KLINIK PERGIGIAN ALOR GAJAH,"JALAN HOSPITAL, 78000 MELAKA",,78000,,,,,2.381651,102.2075
4254,21-04010266D,BUKA,AWAM,KKM,,MELAKA,ALOR GAJAH,KLINIK PERGIGIAN,KLINIK PERGIGIAN DI KLINIK KESIHATAN,KLINIK PERGIGIAN DI KLINIK KESIHATAN REMBIA,"78000 ALOR GAJAH, MELAKA",,78000,,,,,2.325743,102.208
4255,21-04010029D,BUKA,AWAM,KKM,,MELAKA,ALOR GAJAH,KLINIK PERGIGIAN,KLINIK PERGIGIAN DI KLINIK KESIHATAN,KLINIK PERGIGIAN DI KLINIK KESIHATAN SIMPANG AMPAT,"78000 ALOR GAJAH, MELAKA",,78000,,,,,2.43622,102.1786
4256,21-04010026D,BUKA,AWAM,KKM,,MELAKA,ALOR GAJAH,KLINIK PERGIGIAN,KLINIK PERGIGIAN DI KLINIK KESIHATAN,KLINIK PERGIGIAN DI KLINIK KESIHATAN PADANG SEBANG,"78000 ALOR GAJAH, MELAKA",,78000,,,,,2.426146,102.2492
4257,21-04010024D,BUKA,AWAM,KKM,,MELAKA,ALOR GAJAH,KLINIK PERGIGIAN,KLINIK PERGIGIAN DI KLINIK KESIHATAN,KLINIK PERGIGIAN DI KLINIK KESIHATAN MASJID TANAH,"POLIKLINIK KOMUNITI, JALAN BESAR MASJID TANAH, 78300 MELAKA",,78300,,,,,2.355996,102.1008
4258,21-04010023D,BUKA,AWAM,KKM,,MELAKA,ALOR GAJAH,KLINIK PERGIGIAN,KLINIK PERGIGIAN DI KLINIK KESIHATAN,KLINIK PERGIGIAN DI KLINIK KESIHATAN MACAP BARU,"76100 DURIAN TUNGGAL, ALOR GAJAH, MELAKA",,76100,,,,,2.377078,102.3381
4259,21-04010022D,BUKA,AWAM,KKM,,MELAKA,ALOR GAJAH,KLINIK PERGIGIAN,KLINIK PERGIGIAN DI KLINIK KESIHATAN,KLINIK PERGIGIAN DI KLINIK KESIHATAN LUBOK CINA,"78300 MASJID TANAH, MELAKA",,78100,,,,,2.355996,102.1008
4260,21-04010021D,BUKA,AWAM,KKM,,MELAKA,ALOR GAJAH,KLINIK PERGIGIAN,KLINIK PERGIGIAN DI KLINIK KESIHATAN,KLINIK PERGIGIAN DI KLINIK KESIHATAN KUALA SG BARU,"78200 MASJID TANAH, MELAKA",,78200,,,,,2.363813,102.0344
4261,21-04010015D,BUKA,AWAM,KKM,,MELAKA,ALOR GAJAH,KLINIK PERGIGIAN,KLINIK PERGIGIAN DI KLINIK KESIHATAN,KLINIK PERGIGIAN DI KLINIK KESIHATAN HUTAN PERCHA,"78000 ALOR GAJAH, MELAKA",,78000,,,,,2.442765,102.3009
4262,21-04010014D,BUKA,AWAM,KKM,,MELAKA,ALOR GAJAH,KLINIK PERGIGIAN,KLINIK PERGIGIAN DI KLINIK KESIHATAN,KLINIK PERGIGIAN DI KLINIK KESIHATAN DURIAN TUNGGAL,"POLIKLINIK KOMUNITI DURIAN TUNGGAL, 76100 DURIAN TUNGGAL, MELAKA",,76100,,,,,2.31083,102.286
4263,21-04010245,BUKA,AWAM,KKM,,MELAKA,ALOR GAJAH,KLINIK PERGIGIAN,KLINIK PERGIGIAN SEKOLAH RENDAH,KLINIK PERGIGIAN SEKOLAH D/A SEKOLAH KEBANGSAAN DATUK TAMBICHIK KARIM,"MASJID TANAH, 78300 MASJID TANAH, MELAKA",,78300,,,,,2.346716,102.1063
4264,21-04010240,BUKA,AWAM,KKM,,MELAKA,ALOR GAJAH,KLINIK PERGIGIAN,KLINIK PERGIGIAN SEKOLAH RENDAH,KLINIK PERGIGIAN SEKOLAH D/A SEKOLAH KEBANGSAAN ALOR GAJAH 1,"ALOR GAJAH, 78000 ALOR GAJAH, MELAKA",,78000,,,,,2.384678,102.2102
4265,21-04010231,BUKA,AWAM,KKM,,MELAKA,ALOR GAJAH,KLINIK PERGIGIAN,KLINIK PERGIGIAN SEKOLAH RENDAH,KLINIK PERGIGIAN SEKOLAH D/A SEKOLAH KEBANGSAAN SRI LAKSAMANA,"JALAN SRI LAKSAMANA, MASJID TANAH, 78300 MASJID TANAH, MELAKA",,78300,,,,,2.347115,102.1014
4266,21-04010251,BUKA,AWAM,KKM,,MELAKA,ALOR GAJAH,KLINIK PERGIGIAN,KLINIK PERGIGIAN SEKOLAH MENENGAH,KLINIK PERGIGIAN SEKOLAH D/A SEKOLAH MENENGAH KEBANGSAAAN SERI PENGKALAN,"ALOR GAJAH, 78000 ALOR GAJAH, MELAKA",,78000,,,,,2.425413,102.1919
4267,21-04010249,BUKA,AWAM,KKM,,MELAKA,ALOR GAJAH,KLINIK PERGIGIAN,KLINIK PERGIGIAN SEKOLAH MENENGAH,KLINIK PERGIGIAN SEKOLAH D/A SEKOLAH MENENGAH KEBANGSAAAN DATO' HAJI TALIB KARIM,"78000 ALOR GAJAH, MELAKA",,78000,,,,,2.388289,102.2126
4268,21-04010248,BUKA,AWAM,KKM,,MELAKA,ALOR GAJAH,KLINIK PERGIGIAN,KLINIK PERGIGIAN SEKOLAH MENENGAH,KLINIK PERGIGIAN SEKOLAH D/A SEKOLAH MENENGAH KEBANGSAAAN DATO' DOL SAID,"JALAN DATOâ€™ DOL SAID, 78000 ALOR GAJAH, MELAKA",,78000,,,,,2.374408,102.2082
4269,91-04020106,BUKA,AWAM,KKM,,MELAKA,JASIN,PEJABAT KESIHATAN PERGIGIAN,PEJABAT KESIHATAN PERGIGIAN DAERAH,PEJABAT KESIHATAN PERGIGIAN DAERAH JASIN,"NO JKR 3309, KLINIK PERGIGIAN DAERAH JASIN, PEKAN JASIN, MELAKA",,77000,,,,,2.306941,102.4291
4270,21-04020108,BUKA,AWAM,KKM,,MELAKA,JASIN,KLINIK PERGIGIAN,KLINIK PERGIGIAN (STANDALONE),KLINIK PERGIGIAN JASIN,77000 MELAKA,,77000,,,,,2.307502,102.4301
4271,21-04020037D,BUKA,AWAM,KKM,,MELAKA,JASIN,KLINIK PERGIGIAN,KLINIK PERGIGIAN DI KLINIK KESIHATAN,KLINIK PERGIGIAN DI KLINIK KESIHATAN UMBAI,77300 MELAKA,,77300,,,,,2.159262,102.3422
4272,21-04020031D,BUKA,AWAM,KKM,,MELAKA,JASIN,KLINIK PERGIGIAN,KLINIK PERGIGIAN DI KLINIK KESIHATAN,KLINIK PERGIGIAN DI KLINIK KESIHATAN SUNGAI RAMBAI,"KM 32, SG. RAMBAI, 77400 MERLIMAU, MELAKA",,77400,,,,,2.124414,102.493
4273,21-04020030D,BUKA,AWAM,KKM,,MELAKA,JASIN,KLINIK PERGIGIAN,KLINIK PERGIGIAN DI KLINIK KESIHATAN,KLINIK PERGIGIAN DI KLINIK KESIHATAN SIMPANG BEKOH,"KAMPUNG SIMPANG BEKOH, 77100 ASAHAN, MELAKA",,77100,,,,,2.35967,102.5121
4274,21-04020028D,BUKA,AWAM,KKM,,MELAKA,JASIN,KLINIK PERGIGIAN,KLINIK PERGIGIAN DI KLINIK KESIHATAN,KLINIK PERGIGIAN DI KLINIK KESIHATAN SELANDAR,"JALAN MACAP, 77500 MELAKA",,77500,,,,,2.387704,102.3723
4275,21-04020025D,BUKA,AWAM,KKM,,MELAKA,JASIN,KLINIK PERGIGIAN,KLINIK PERGIGIAN DI KLINIK KESIHATAN,KLINIK PERGIGIAN DI KLINIK KESIHATAN MERLIMAU,"JALAN BESAR MERLIMAU, 77300 MELAKA",,77300,,,,,2.153616,102.4277
4276,21-04020242,BUKA,AWAM,KKM,,MELAKA,JASIN,KLINIK PERGIGIAN,KLINIK PERGIGIAN SEKOLAH RENDAH,KLINIK PERGIGIAN SEKOLAH D/A SEKOLAH KEBANGSAAN DATUK HJ BAGINDA,"KM 14, KAMPUNG UMBAI 77300 MERLIMAU, JASIN, MELAKA",,77300,,,,,2.153647,102.3499
4277,21-04020239,BUKA,AWAM,KKM,,MELAKA,JASIN,KLINIK PERGIGIAN,KLINIK PERGIGIAN SEKOLAH RENDAH,KLINIK PERGIGIAN SEKOLAH D/A SEKOLAH KEBANGSAAN AIR BARUK,"JALAN PAYA BATU, 77000 JASIN, MELAKA",,77000,,,,,2.307554,102.4273
4278,21-04020253,BUKA,AWAM,KKM,,MELAKA,JASIN,KLINIK PERGIGIAN,KLINIK PERGIGIAN SEKOLAH MENENGAH,KLINIK PERGIGIAN SEKOLAH D/A SEKOLAH MENENGAH KEBANGSAAN TAN SRI HAJI ABDUL AZIZ TAPA,"JALAN BUNGA TANJUNG, TAMAN MAJU, 77000 JASIN, MELAKA",,77000,,,,,2.301014,102.423
4279,21-04020247,BUKA,AWAM,KKM,,MELAKA,JASIN,KLINIK PERGIGIAN,KLINIK PERGIGIAN SEKOLAH MENENGAH,KLINIK PERGIGIAN SEKOLAH D/A SEKOLAH MENENGAH KEBANGSAAN DATUK BENDAHARA,"JALAN PEGAWAI, 77000 JASIN, MELAKA",,77000,,,,,2.307675,102.425
4280,21-04020246,BUKA,AWAM,KKM,,MELAKA,JASIN,KLINIK PERGIGIAN,KLINIK PERGIGIAN SEKOLAH MENENGAH,KLINIK PERGIGIAN SEKOLAH D/A SEKOLAH MENENGAH KEBANGSAAN DATO' ABDUL RAHMAN YA'KUB,"JALAN JASIN, 77300 MERLIMAU, JASIN, MELAKA",,77300,,,,,2.158624,102.4274
4281,21-04020193D,BUKA,AWAM,KKM,,MELAKA,JASIN,KLINIK PERGIGIAN,KLINIK PERGIGIAN DI RTC,KLINIK PERGIGIAN DI KLINIK KOMUNITI RTC SUNGAI RAMBAI,"LOT 6, BANGUNAN R & R, 77400 MERLIMAU , MELAKA",,77400,,,,,2.1325,102.4958
4282,91-04030104,BUKA,AWAM,KKM,,MELAKA,MELAKA TENGAH,PEJABAT KESIHATAN PERGIGIAN,PEJABAT KESIHATAN PERGIGIAN DAERAH,PEJABAT KESIHATAN PERGIGIAN DAERAH MELAKA TENGAH,"JALAN TUN SRI LANANG, 75100 MELAKA",,75100,,,,,2.205291,102.2529
4283,21-04030330,BUKA,AWAM,KKM,,MELAKA,MELAKA TENGAH,KLINIK PERGIGIAN,KLINIK PERGIGIAN (STANDALONE),KLINIK PERGIGIAN AYER MOLEK TAMBAHAN,"AYER MOLEK, 75460 MELAKA TENGAH, MELAKA",,75460,,,,,2.203999,102.3154
4284,21-04030109,BUKA,AWAM,KKM,,MELAKA,MELAKA TENGAH,KLINIK PERGIGIAN,KLINIK PERGIGIAN (STANDALONE),KLINIK PERGIGIAN MELAKA TENGAH,"JLN TUN SRI LANANG, 75100 MELAKA",,75100,,,,,2.204564,102.2528
4285,21-04030267D,BUKA,AWAM,KKM,,MELAKA,MELAKA TENGAH,KLINIK PERGIGIAN,KLINIK PERGIGIAN DI KLINIK KESIHATAN,KLINIK PERGIGIAN DI KLINIK KESIHATAN BATU BERENDAM,"LOT 7143, 75350 MELAKA",,75350,,,,,2.239179,102.26
4286,21-04030035D,BUKA,AWAM,KKM,,MELAKA,MELAKA TENGAH,KLINIK PERGIGIAN,KLINIK PERGIGIAN DI KLINIK KESIHATAN,KLINIK PERGIGIAN DI KLINIK KESIHATAN UJONG PASIR,"JALAN UJONG PASIR, 75150 MELAKA",,75150,,,,,2.187309,102.2712
4287,21-04030034D,BUKA,AWAM,KKM,,MELAKA,MELAKA TENGAH,KLINIK PERGIGIAN,KLINIK PERGIGIAN DI KLINIK KESIHATAN,KLINIK PERGIGIAN DI KLINIK KESIHATAN TENGKERA,"JALAN DATO WIRA POH AH TIAM, LORONG PANDAN, JALAN TENGKERA, 75200 MELAKA",,75200,,,,,2.213776,102.2301
4288,21-04030033D,BUKA,AWAM,KKM,,MELAKA,MELAKA TENGAH,KLINIK PERGIGIAN,KLINIK PERGIGIAN DI KLINIK KESIHATAN,KLINIK PERGIGIAN DI KLINIK KESIHATAN SERI TANJUNG,"76400 TG. KLING, MELAKA",,76400,,,,,2.242377,102.1584
4289,21-04030032D,BUKA,AWAM,KKM,,MELAKA,MELAKA TENGAH,KLINIK PERGIGIAN,KLINIK PERGIGIAN DI KLINIK KESIHATAN,KLINIK PERGIGIAN DI KLINIK KESIHATAN SG UDANG,"76300 SG UDANG, MELAKA",,76300,,,,,2.280643,102.1321
4290,21-04030027D,BUKA,AWAM,KKM,,MELAKA,MELAKA TENGAH,KLINIK PERGIGIAN,KLINIK PERGIGIAN DI KLINIK KESIHATAN,KLINIK PERGIGIAN DI KLINIK KESIHATAN PERINGGIT,"JLN PERINGGIT, 75400 MELAKA",,75400,,,,,2.222533,102.2543
4291,21-04030020D,BUKA,AWAM,KKM,,MELAKA,MELAKA TENGAH,KLINIK PERGIGIAN,KLINIK PERGIGIAN DI KLINIK KESIHATAN,KLINIK PERGIGIAN DI KLINIK KESIHATAN KLEBANG BESAR,"JLN KLEBANG BESAR, 75200 MELAKA",,75200,,,,,2.218564,102.2007
4292,21-04030013D,BUKA,AWAM,KKM,,MELAKA,MELAKA TENGAH,KLINIK PERGIGIAN,KLINIK PERGIGIAN DI KLINIK KESIHATAN,KLINIK PERGIGIAN DI KLINIK KESIHATAN CHENG,"75250 CHENG, MELAKA",,75250,,,,,2.274395,102.2152
4293,21-04030012D,BUKA,AWAM,KKM,,MELAKA,MELAKA TENGAH,KLINIK PERGIGIAN,KLINIK PERGIGIAN DI KLINIK KESIHATAN,KLINIK PERGIGIAN DI KLINIK KESIHATAN BUKIT RAMBAI,"JALAN BUKIT RAMBAI, 75250 BUKIT RAMBAI, MELAKA",,75250,,,,,2.254883,102.18
4294,21-04030011D,BUKA,AWAM,KKM,,MELAKA,MELAKA TENGAH,KLINIK PERGIGIAN,KLINIK PERGIGIAN DI KLINIK KESIHATAN,KLINIK PERGIGIAN DI KLINIK KESIHATAN AYER MOLEK,"75460 AYER MOLEK, MELAKA",,75460,,,,,2.207336,102.3159
4295,21-04030010D,BUKA,AWAM,KKM,,MELAKA,MELAKA TENGAH,KLINIK PERGIGIAN,KLINIK PERGIGIAN DI KLINIK KESIHATAN,KLINIK PERGIGIAN DI KLINIK KESIHATAN AYER KEROH,"JLN AYER KEROH LAMA, 75450 MELAKA",,75450,,,,,2.267426,102.2847
4296,11-04030005D,BUKA,AWAM,KKM,,MELAKA,MELAKA TENGAH,KLINIK PERGIGIAN,KLINIK PERGIGIAN DI HOSPITAL,KLINIK PERGIGIAN DI HOSPITAL MELAKA,"JALAN MUFTI HAJI KHALIL, 75400, PERINGGIT, MELAKA",,75400,,,,,2.217235,102.2613
4297,21-04030262,BUKA,AWAM,KKM,,MELAKA,MELAKA TENGAH,KLINIK PERGIGIAN,KLINIK PERGIGIAN SEKOLAH RENDAH,KLINIK PERGIGIAN SEKOLAH D/A SEKOLAH KEBANGSAAN TENGKERA 1,"JALAN TENGKERA, 75200 MELAKA",,75200,,,,,2.205234,102.227
4298,21-04030261,BUKA,AWAM,KKM,,MELAKA,MELAKA TENGAH,KLINIK PERGIGIAN,KLINIK PERGIGIAN SEKOLAH RENDAH,KLINIK PERGIGIAN SEKOLAH D/A SEKOLAH KEBANGSAAN TANGGA BATU,"KM 16, SUNGAI UDANG, 76300 MELAKA",,76300,,,,,2.262698,102.1486
4299,21-04030260,BUKA,AWAM,KKM,,MELAKA,MELAKA TENGAH,KLINIK PERGIGIAN,KLINIK PERGIGIAN SEKOLAH RENDAH,KLINIK PERGIGIAN SEKOLAH D/A SEKOLAH KEBANGSAAN SERI BANDAR,"JLN. AIR LELEH, 75100 MELAKA TENGAH, MELAKA",,75100,,,,,2.199305,102.2627
4300,21-04030259,BUKA,AWAM,KKM,,MELAKA,MELAKA TENGAH,KLINIK PERGIGIAN,KLINIK PERGIGIAN SEKOLAH RENDAH,KLINIK PERGIGIAN SEKOLAH D/A SEKOLAH KEBANGSAAN BANDAR HILIR,"NO. 17, JALAN PARAMESWARA, 75000 MELAKA",,75000,,,,,2.191364,102.2523
4301,21-04030258,BUKA,AWAM,KKM,,MELAKA,MELAKA TENGAH,KLINIK PERGIGIAN,KLINIK PERGIGIAN SEKOLAH RENDAH,KLINIK PERGIGIAN SEKOLAH D/A SEKOLAH JENIS KEBANGSAAN (CINA) YOK BIN,"121, JALAN KUBU MELAKA, 75300 MELAKA",,75300,,,,,2.200347,102.2463
4302,21-04030257,BUKA,AWAM,KKM,,MELAKA,MELAKA TENGAH,KLINIK PERGIGIAN,KLINIK PERGIGIAN SEKOLAH RENDAH,KLINIK PERGIGIAN SEKOLAH D/A SEKOLAH JENIS KEBANGSAAN (CINA) WEN HUA,"75350 BATU BERENDAM, MELAKA",,75350,,,,,2.239179,102.26
4303,21-04030256,BUKA,AWAM,KKM,,MELAKA,MELAKA TENGAH,KLINIK PERGIGIAN,KLINIK PERGIGIAN SEKOLAH RENDAH,KLINIK PERGIGIAN SEKOLAH D/A SEKOLAH JENIS KEBANGSAAN (CINA) NOTRE DAME,"263, JLN. GAJAH BERANG, 75200 MELAKA",,75200,,,,,2.207052,102.2423
4304,21-04030255,BUKA,AWAM,KKM,,MELAKA,MELAKA TENGAH,KLINIK PERGIGIAN,KLINIK PERGIGIAN SEKOLAH RENDAH,KLINIK PERGIGIAN SEKOLAH D/A SEKOLAH JENIS KEBANGSAAN (CINA) KEH SENG,"BUKIT BARU, 75150 MELAKA",,75150,,,,,2.216517,102.2693
4305,21-04030244,BUKA,AWAM,KKM,,MELAKA,MELAKA TENGAH,KLINIK PERGIGIAN,KLINIK PERGIGIAN SEKOLAH RENDAH,KLINIK PERGIGIAN SEKOLAH D/A SEKOLAH KEBANGSAAN TAMAN BUKIT RAMBAI,"BUKIT RAMBAI, 75250 MELAKA",,75250,,,,,2.258041,102.1713
4306,21-04030243,BUKA,AWAM,KKM,,MELAKA,MELAKA TENGAH,KLINIK PERGIGIAN,KLINIK PERGIGIAN SEKOLAH RENDAH,KLINIK PERGIGIAN SEKOLAH D/A SEKOLAH KEBANGSAAN (P) METHODIST 1,"440-B, JLN. TENGKERA, 75200 MELAKA",,75200,,,,,2.20374,102.2337
4307,21-04030241,BUKA,AWAM,KKM,,MELAKA,MELAKA TENGAH,KLINIK PERGIGIAN,KLINIK PERGIGIAN SEKOLAH RENDAH,KLINIK PERGIGIAN SEKOLAH D/A SEKOLAH KEBANGSAAN BUKIT BARU,"KM 5, BUKIT BARU 75150 MELAKA",,75150,,,,,2.21159,102.2764
4308,21-04030238,BUKA,AWAM,KKM,,MELAKA,MELAKA TENGAH,KLINIK PERGIGIAN,KLINIK PERGIGIAN SEKOLAH RENDAH,KLINIK PERGIGIAN SEKOLAH D/A SEKOLAH JENIS KEBANGSAAN (CINA) SIANG LIN,"67, JALAN DURIAN DAUN, 75400 MELAKA TENGAH, MELAKA",,75400,,,,,2.204829,102.2576
4309,21-04030237,BUKA,AWAM,KKM,,MELAKA,MELAKA TENGAH,KLINIK PERGIGIAN,KLINIK PERGIGIAN SEKOLAH RENDAH,KLINIK PERGIGIAN SEKOLAH D/A SEKOLAH JENIS KEBANGSAAN (CINA) PING MING,"78, JLN. TUN SRI LANANG, 75100 MELAKA",,75100,,,,,2.206396,102.2536
4310,21-04030236,BUKA,AWAM,KKM,,MELAKA,MELAKA TENGAH,KLINIK PERGIGIAN,KLINIK PERGIGIAN SEKOLAH RENDAH,KLINIK PERGIGIAN SEKOLAH D/A SEKOLAH JENIS KEBANGSAAN (CINA) PAY FONG 2,"225, JALAN PARAMESWARA 75000 MELAKA",,75000,,,,,2.19095,102.2598
4311,21-04030235,BUKA,AWAM,KKM,,MELAKA,MELAKA TENGAH,KLINIK PERGIGIAN,KLINIK PERGIGIAN SEKOLAH RENDAH,KLINIK PERGIGIAN SEKOLAH D/A SEKOLAH KEBANGSAAN CONVENT OF THE INFANT JESUS 1,"144, JALAN PARAMESWARA, 75000 MELAKA",,75000,,,,,2.189116,102.2561
4312,21-04030234,BUKA,AWAM,KKM,,MELAKA,MELAKA TENGAH,KLINIK PERGIGIAN,KLINIK PERGIGIAN SEKOLAH RENDAH,KLINIK PERGIGIAN SEKOLAH D/A SEKOLAH KEBANGSAAN KEM TERENDAK 1,"KEM TERENDAK, 76200 MELAKA",,76200,,,,,2.28499,102.1118
4313,21-04030233,BUKA,AWAM,KKM,,MELAKA,MELAKA TENGAH,KLINIK PERGIGIAN,KLINIK PERGIGIAN SEKOLAH RENDAH,KLINIK PERGIGIAN SEKOLAH D/A SEKOLAH KEBANGSAAN METHODIST ACS,"JLN. TENGKERA, 75200 MELAKA",,75200,,,,,2.204665,102.2362
4314,21-04030230,BUKA,AWAM,KKM,,MELAKA,MELAKA TENGAH,KLINIK PERGIGIAN,KLINIK PERGIGIAN SEKOLAH RENDAH,KLINIK PERGIGIAN SEKOLAH D/A SEKOLAH KEBANGSAAN JLN DATUK PALEMBANG,"BUKIT BARU, 75150 MELAKA",,75150,,,,,2.225724,102.2786
4315,21-04030254,BUKA,AWAM,KKM,,MELAKA,MELAKA TENGAH,KLINIK PERGIGIAN,KLINIK PERGIGIAN SEKOLAH MENENGAH,KLINIK PERGIGIAN SEKOLAH D/A SEKOLAH MENENGAH KEBANGSAAN MUNSHI ABDULLAH,"BATU BERENDAM, 75350 MELAKA",,75350,,,,,2.255134,102.2555
4316,21-04030252,BUKA,AWAM,KKM,,MELAKA,MELAKA TENGAH,KLINIK PERGIGIAN,KLINIK PERGIGIAN SEKOLAH MENENGAH,KLINIK PERGIGIAN SEKOLAH D/A SEKOLAH MENENGAH KEBANGSAAN TINGGI PEREMPUAN,"LORONG TUN FATIMAH, JALAN DURIAN DAUN, 75400 MELAKA",,75400,,,,,2.207105,102.2577
4317,21-04030250,BUKA,AWAM,KKM,,MELAKA,MELAKA TENGAH,KLINIK PERGIGIAN,KLINIK PERGIGIAN SEKOLAH MENENGAH,KLINIK PERGIGIAN SEKOLAH D/A SEKOLAH MENENGAH SAINS MUZAFFAR SHAH,"75450 AYER KEROH, MELAKA",,75450,,,,,2.243507,102.2904
4318,21-04030232,BUKA,AWAM,KKM,,MELAKA,MELAKA TENGAH,KLINIK PERGIGIAN,KLINIK PERGIGIAN SEKOLAH MENENGAH,KLINIK PERGIGIAN SEKOLAH D/A SEKOLAH MENENGAH KEBANGSAAN ST FRANCIS,"JLN. PARAMESWARA, 75000 MELAKA",,75000,,,,,2.190833,102.2527
4319,21-04030194D,BUKA,AWAM,KKM,,MELAKA,MELAKA TENGAH,KLINIK PERGIGIAN,KLINIK PERGIGIAN DI UTC,KLINIK PERGIGIAN DI KLINIK KESIHATAN UTC MELAKA,"BANGUNAN UTC, JALAN HANG TUAH, 75300 MELAKA",,75300,,,,,2.201986,102.2468
4321,91-05010118,BUKA,AWAM,KKM,,NEGERI SEMBILAN,JELEBU,PEJABAT KESIHATAN PERGIGIAN,PEJABAT KESIHATAN PERGIGIAN DAERAH,PEJABAT KESIHATAN PERGIGIAN DAERAH JELEBU,"KUALA KLAWANG, 71600 JELEBU, NEGERI SEMBILAN",,71600,,,,,2.955461,102.0607
4322,21-05010133,BUKA,AWAM,KKM,,NEGERI SEMBILAN,JELEBU,KLINIK PERGIGIAN,KLINIK PERGIGIAN (STANDALONE),KLINIK PERGIGIAN PETALING,"71600 KUALA KLAWANG, JELEBU, NEGERI SEMBILAN",,71600,,,,,2.94814,102.0603
4323,21-05010051D,BUKA,AWAM,KKM,,NEGERI SEMBILAN,JELEBU,KLINIK PERGIGIAN,KLINIK PERGIGIAN DI KLINIK KESIHATAN,KLINIK PERGIGIAN DI KLINIK KESIHATAN SIMPANG DURIAN,"72400 SIMPANG DURIAN, JELEBU, NEGERI SEMBILAN",,72400,,,,,3.100953,102.2209
4324,21-05010043D,BUKA,AWAM,KKM,,NEGERI SEMBILAN,JELEBU,KLINIK PERGIGIAN,KLINIK PERGIGIAN DI KLINIK KESIHATAN,KLINIK PERGIGIAN DI KLINIK KESIHATAN PERTANG,"72300 PERTANG, JELEBU, NEGERI SEMBILAN",,72300,,,,,2.955609,102.2246
4325,21-05010027D,BUKA,AWAM,KKM,,NEGERI SEMBILAN,JELEBU,KLINIK PERGIGIAN,KLINIK PERGIGIAN DI KLINIK KESIHATAN,KLINIK PERGIGIAN DI KLINIK KESIHATAN JELEBU,"TINGKAT 1, 71600 KUALA KLAWANG, JELEBU, NEGERI SEMBILAN",,71600,,,,,2.955131,102.0597
4326,21-05010292,BUKA,AWAM,KKM,,NEGERI SEMBILAN,JELEBU,KLINIK PERGIGIAN,KLINIK PERGIGIAN SEKOLAH RENDAH,KLINIK PERGIGIAN SEKOLAH D/A SEKOLAH JENIS KEBANGSAAN (CINA) CHUN YIN,"71650 TITI, JELEBU, NEGERI SEMBILAN",,71650,,,,,2.998876,102.0787
4327,91-05020121,BUKA,AWAM,KKM,,NEGERI SEMBILAN,JEMPOL,PEJABAT KESIHATAN PERGIGIAN,PEJABAT KESIHATAN PERGIGIAN DAERAH,PEJABAT KESIHATAN PERGIGIAN DAERAH JEMPOL,"BLOK PENTADBIRAN PERGIGIAN, 72120 BANDAR SERI JEMPOL, NEGERI SEMBILAN",,72120,,,,,2.903417,102.4011
4328,21-05020189,BUKA,AWAM,KKM,,NEGERI SEMBILAN,JEMPOL,KLINIK PERGIGIAN,KLINIK PERGIGIAN (STANDALONE),KLINIK PERGIGIAN BANDAR SERI JEMPOL,"72120 BANDAR SERI JEMPOL, NEGERI SEMBILAN",,72120,,,,,2.897538,102.3946
4329,21-05070938D,BUKA,AWAM,KKM,,NEGERI SEMBILAN,JEMPOL,KLINIK PERGIGIAN,KLINIK PERGIGIAN DI KLINIK KESIHATAN,KLINIK PERGIGIAN DI KLINIK KESIHATAN ROMPIN JEMPOL,"KAMPNG BARU ROMPIN, 73500 JEMPOL, NEGERI SEMBILAN",,73500,,,,,2.690624,102.516
4330,21-05020050D,BUKA,AWAM,KKM,,NEGERI SEMBILAN,JEMPOL,KLINIK PERGIGIAN,KLINIK PERGIGIAN DI KLINIK KESIHATAN,KLINIK PERGIGIAN DI KLINIK KESIHATAN SERTING HILIR,"72120 BANDAR SERI JEMPOL, NEGERI SEMBILAN",,72120,,,,,2.945446,102.4933
4331,21-05020040D,BUKA,AWAM,KKM,,NEGERI SEMBILAN,JEMPOL,KLINIK PERGIGIAN,KLINIK PERGIGIAN DI KLINIK KESIHATAN,"KLINIK PERGIGIAN DI KLINIK KESIHATAN PALONG 9, 10 & 11","73470 GEMAS, NEGERI SEMBILAN",,73470,,,,,2.581392,102.6117
4332,21-05020039D,BUKA,AWAM,KKM,,NEGERI SEMBILAN,JEMPOL,KLINIK PERGIGIAN,KLINIK PERGIGIAN DI KLINIK KESIHATAN,KLINIK PERGIGIAN DI KLINIK KESIHATAN PALONG 7 & 8,"73470 GEMAS, NEGERI SEMBILAN",,73470,,,,,2.581392,102.6117
4333,21-05020038D,BUKA,AWAM,KKM,,NEGERI SEMBILAN,JEMPOL,KLINIK PERGIGIAN,KLINIK PERGIGIAN DI KLINIK KESIHATAN,"KLINIK PERGIGIAN DI KLINIK KESIHATAN PALONG 4, 5 & 6","73430 GEMAS, NEGERI SEMBILAN",,73430,,,,,2.581392,102.6117
4334,21-05020034D,BUKA,AWAM,KKM,,NEGERI SEMBILAN,JEMPOL,KLINIK PERGIGIAN,KLINIK PERGIGIAN DI KLINIK KESIHATAN,KLINIK PERGIGIAN DI KLINIK KESIHATAN LUI MUDA,"72120 BANDAR SERI JEMPOL, NEGERI SEMBILAN",,72120,,,,,3.026181,102.3695
4335,21-05020028D,BUKA,AWAM,KKM,,NEGERI SEMBILAN,JEMPOL,KLINIK PERGIGIAN,KLINIK PERGIGIAN DI KLINIK KESIHATAN,KLINIK PERGIGIAN DI KLINIK KESIHATAN BANDAR SERI JEMPOL,"72120 BANDAR SERI JEMPOL, NEGERI SEMBILAN",,72120,,,,,2.897651,102.3947
4336,21-05020021D,BUKA,AWAM,KKM,,NEGERI SEMBILAN,JEMPOL,KLINIK PERGIGIAN,KLINIK PERGIGIAN DI KLINIK KESIHATAN,KLINIK PERGIGIAN DI KLINIK KESIHATAN BAHAU,"72100 BAHAU, NEGERI SEMBILAN",,72100,,,,,2.810967,102.4016
4337,21-05020289,BUKA,AWAM,KKM,,NEGERI SEMBILAN,JEMPOL,KLINIK PERGIGIAN,KLINIK PERGIGIAN SEKOLAH RENDAH,KLINIK PERGIGIAN SEKOLAH D/A SEKOLAH JENIS KEBANGSAAN (CINA) BAHAU,"KM 2, 72100 BAHAU, NEGERI SEMBILAN",,72100,,,,,2.808185,102.4043
4338,21-05020273,BUKA,AWAM,KKM,,NEGERI SEMBILAN,JEMPOL,KLINIK PERGIGIAN,KLINIK PERGIGIAN SEKOLAH RENDAH,KLINIK PERGIGIAN SEKOLAH D/A SEKOLAH KEBANGSAAN (FELDA) PALONG 5,"73430 GEMAS, NEGERI SEMBILAN",,73430,,,,,2.581392,102.6117
4339,21-05020270,BUKA,AWAM,KKM,,NEGERI SEMBILAN,JEMPOL,KLINIK PERGIGIAN,KLINIK PERGIGIAN SEKOLAH RENDAH,KLINIK PERGIGIAN SEKOLAH D/A SEKOLAH KEBANGSAAN ST AIDAN,"72100 BAHAU, NEGERI SEMBILAN",,72100,,,,,2.809634,102.3947
4340,21-05020269,BUKA,AWAM,KKM,,NEGERI SEMBILAN,JEMPOL,KLINIK PERGIGIAN,KLINIK PERGIGIAN SEKOLAH RENDAH,KLINIK PERGIGIAN SEKOLAH D/A SEKOLAH JENIS KEBANGSAAN (CINA) CHI WEN,"72100 BAHAU, NEGERI SEMBILAN",,72100,,,,,2.808897,102.4025
4341,21-05020259,BUKA,AWAM,KKM,,NEGERI SEMBILAN,JEMPOL,KLINIK PERGIGIAN,KLINIK PERGIGIAN SEKOLAH RENDAH,KLINIK PERGIGIAN SEKOLAH D/A SEKOLAH KEBANGSAAN SERTING HILIR KOMPLEKS,"FELDA SERTING HILIR,72120 BANDAR SERI JEMPOL, NEGERI SEMBILAN",,72120,,,,,2.93975,102.5067
4342,21-05020271,BUKA,AWAM,KKM,,NEGERI SEMBILAN,JEMPOL,KLINIK PERGIGIAN,KLINIK PERGIGIAN SEKOLAH MENENGAH,KLINIK PERGIGIAN SEKOLAH D/A SEKOLAH MENENGAH KEBANGSAAN BAHAU,"72100 BAHAU, NEGERI SEMBILAN",,72100,,,,,2.799652,102.4135
4343,91-05030119,BUKA,AWAM,KKM,,NEGERI SEMBILAN,KUALA PILAH,PEJABAT KESIHATAN PERGIGIAN,PEJABAT KESIHATAN PERGIGIAN DAERAH,PEJABAT KESIHATAN PERGIGIAN DAERAH KUALA PILAH,"JALAN MACPHERSON, 72000 KUALA PILAH, NEGERI SEMBILAN",,72000,,,,,2.73808,102.2484
4344,21-05030132,BUKA,AWAM,KKM,,NEGERI SEMBILAN,KUALA PILAH,KLINIK PERGIGIAN,KLINIK PERGIGIAN (STANDALONE),KLINIK PERGIGIAN BESAR KUALA PILAH,"72000 KUALA PILAH, NEGERI SEMBILAN",,72000,,,,,2.738733,102.2497
4345,21-05030037D,BUKA,AWAM,KKM,,NEGERI SEMBILAN,KUALA PILAH,KLINIK PERGIGIAN,KLINIK PERGIGIAN DI KLINIK KESIHATAN,KLINIK PERGIGIAN DI KLINIK KESIHATAN PADANG LEBAR,"72120 BATU KIKIR, NEGERI SEMBILAN",,72120,,,,,2.859445,102.2704
4346,21-05030031D,BUKA,AWAM,KKM,,NEGERI SEMBILAN,KUALA PILAH,KLINIK PERGIGIAN,KLINIK PERGIGIAN DI KLINIK KESIHATAN,KLINIK PERGIGIAN DI KLINIK KESIHATAN KUALA PILAH,"72000 KUALA PILAH, NEGERI SEMBILAN",,72000,,,,,2.740163,102.2497
4347,21-05030030D,BUKA,AWAM,KKM,,NEGERI SEMBILAN,KUALA PILAH,KLINIK PERGIGIAN,KLINIK PERGIGIAN DI KLINIK KESIHATAN,KLINIK PERGIGIAN DI KLINIK KESIHATAN JUASSEH,"72100 JUASSEH, NEGERI SEMBILAN",,72100,,,,,2.79334,102.303
4348,21-05030029D,BUKA,AWAM,KKM,,NEGERI SEMBILAN,KUALA PILAH,KLINIK PERGIGIAN,KLINIK PERGIGIAN DI KLINIK KESIHATAN,KLINIK PERGIGIAN DI KLINIK KESIHATAN JOHOL,"73100 JOHOL, NEGERI SEMBILAN",,73100,,,,,2.609137,102.2683
4349,11-05030014D,BUKA,AWAM,KKM,,NEGERI SEMBILAN,KUALA PILAH,KLINIK PERGIGIAN,KLINIK PERGIGIAN DI HOSPITAL,KLINIK PERGIGIAN DI HOSPITAL TUNKU AMPUAN NAJIHAH,"KM 3 JALAN MELANG, 72000 KUALA PILAH, NEGERI SEMBILAN",,72000,,,,,2.733185,102.2315
4350,21-05030284,BUKA,AWAM,KKM,,NEGERI SEMBILAN,KUALA PILAH,KLINIK PERGIGIAN,KLINIK PERGIGIAN SEKOLAH RENDAH,KLINIK PERGIGIAN SEKOLAH D/A SEKOLAH KEBANGSAAN BATU KIKIR,"72120 BATU KIKIR, NEGERI SEMBILAN",,72200,,,,,2.826,102.3156
4351,21-05030283,BUKA,AWAM,KKM,,NEGERI SEMBILAN,KUALA PILAH,KLINIK PERGIGIAN,KLINIK PERGIGIAN SEKOLAH RENDAH,KLINIK PERGIGIAN SEKOLAH D/A SEKOLAH JENIS KEBANGSAAN (CINA) CHUNG HUA,"72000 KUALA PILAH, NEGERI SEMBILAN",,72000,,,,,2.73423,102.2488
4352,21-05030276,BUKA,AWAM,KKM,,NEGERI SEMBILAN,KUALA PILAH,KLINIK PERGIGIAN,KLINIK PERGIGIAN SEKOLAH RENDAH,KLINIK PERGIGIAN SEKOLAH D/A SEKOLAH KEBANGSAAN TUNKU MUNAWIR,"72000 KUALA PILAH, NEGERI SEMBILAN",,72000,,,,,2.754644,102.2499
4353,21-05030285,BUKA,AWAM,KKM,,NEGERI SEMBILAN,KUALA PILAH,KLINIK PERGIGIAN,KLINIK PERGIGIAN SEKOLAH MENENGAH,KLINIK PERGIGIAN SEKOLAH D/A SEKOLAH MENENGAH KEBANGSAAN TUANKU MUHAMMAD,"72000 KUALA PILAH, NEGERI SEMBILAN",,72000,,,,,2.729317,102.25
4354,21-05030280,BUKA,AWAM,KKM,,NEGERI SEMBILAN,KUALA PILAH,KLINIK PERGIGIAN,KLINIK PERGIGIAN SEKOLAH MENENGAH,KLINIK PERGIGIAN SEKOLAH D/A SEKOLAH MENENGAH DATO ABDUL SAMAD,"71500 TG. IPOH, KUALA PILAH, NEGERI SEMBILAN",,71500,,,,,2.740436,102.1823
4355,21-05030279,BUKA,AWAM,KKM,,NEGERI SEMBILAN,KUALA PILAH,KLINIK PERGIGIAN,KLINIK PERGIGIAN SEKOLAH MENENGAH,KLINIK PERGIGIAN SEKOLAH D/A SEKOLAH MENENGAH KEBANGSAAN BATU KIKIR,"72120 BATU KIKIR, NEGERI SEMBILAN",,72120,,,,,2.829612,102.3162
4357,91-05040120,BUKA,AWAM,KKM,,NEGERI SEMBILAN,PORT DICKSON,PEJABAT KESIHATAN PERGIGIAN,PEJABAT KESIHATAN PERGIGIAN DAERAH,PEJABAT KESIHATAN PERGIGIAN DAERAH PORT DICKSON,"KM 1, JALAN SEREMBAN, 71000 PORT DICKSON, NEGERI SEMBILAN",,71000,,,,,2.528513,101.7922
4358,21-05040134,BUKA,AWAM,KKM,,NEGERI SEMBILAN,PORT DICKSON,KLINIK PERGIGIAN,KLINIK PERGIGIAN (STANDALONE),KLINIK PERGIGIAN PORT DICKSON,"71000 PORT DICKSON, NEGERI SEMBILAN",,71000,,,,,2.528425,101.791
4359,21-05040130D,BUKA,AWAM,KKM,,NEGERI SEMBILAN,PORT DICKSON,KLINIK PERGIGIAN,KLINIK PERGIGIAN DI KLINIK KESIHATAN,KLINIK PERGIGIAN DI KLINIK KESIHATAN LUKUT,"KM 10, JALAN SEREMBAN, 71010 LUKUT, PORT DICKSON, NEGERI SEMBILAN",,71010,,,,,2.575898,101.8374
4360,21-05040044D,BUKA,AWAM,KKM,,NEGERI SEMBILAN,PORT DICKSON,KLINIK PERGIGIAN,KLINIK PERGIGIAN DI KLINIK KESIHATAN,KLINIK PERGIGIAN DI KLINIK KESIHATAN PORT DICKSON,"KM 1, JALAN SEREMBAN, 71000 PORT DICKSON, NEGERI SEMBILAN",,71000,,,,,2.528415,101.7918
4361,21-05040041D,BUKA,AWAM,KKM,,NEGERI SEMBILAN,PORT DICKSON,KLINIK PERGIGIAN,KLINIK PERGIGIAN DI KLINIK KESIHATAN,KLINIK PERGIGIAN DI KLINIK KESIHATAN PASIR PANJANG,"TAMAN PASIR PANJANG, 71250 P. PANJANG PORT DICKSON, NEGERI SEMBILAN",,71250,,,,,2.428979,101.9373
4362,21-05040033D,BUKA,AWAM,KKM,,NEGERI SEMBILAN,PORT DICKSON,KLINIK PERGIGIAN,KLINIK PERGIGIAN DI KLINIK KESIHATAN,KLINIK PERGIGIAN DI KLINIK KESIHATAN LINGGI,"71150 LINGGI, PORT DICKSON, NEGERI SEMBILAN",,71150,,,,,2.488748,102.0206
4363,21-05040022D,BUKA,AWAM,KKM,,NEGERI SEMBILAN,PORT DICKSON,KLINIK PERGIGIAN,KLINIK PERGIGIAN DI KLINIK KESIHATAN,KLINIK PERGIGIAN DI KLINIK KESIHATAN BUKIT PELANDUK,"KAMPUNG SAWAH, 71960 PORT DICKSON, NEGERI SEMBILAN",,71960,,,,,2.637247,101.7615
4364,21-05040274,BUKA,AWAM,KKM,,NEGERI SEMBILAN,PORT DICKSON,KLINIK PERGIGIAN,KLINIK PERGIGIAN SEKOLAH RENDAH,KLINIK PERGIGIAN SEKOLAH D/A SEKOLAH KEBANGSAAN PORT DICKSON,"71000 PORT DICKSON, NEGERI SEMBILAN",,71000,,,,,2.524969,101.7975
4365,21-05040267,BUKA,AWAM,KKM,,NEGERI SEMBILAN,PORT DICKSON,KLINIK PERGIGIAN,KLINIK PERGIGIAN SEKOLAH RENDAH,KLINIK PERGIGIAN SEKOLAH D/A SEKOLAH JENIS KEBANGSAAN (CINA) CHUNG HUA LUKUT,"71010 PORT DICKSON, NEGERI SEMBILAN",,71010,,,,,2.562097,101.8277
4366,21-05040262,BUKA,AWAM,KKM,,NEGERI SEMBILAN,PORT DICKSON,KLINIK PERGIGIAN,KLINIK PERGIGIAN SEKOLAH RENDAH,KLINIK PERGIGIAN SEKOLAH D/A SEKOLAH KEBANGSAAN PANGLIMA ADNAN,"71000 PORT DICKSON, NEGERI SEMBILAN",,71000,,,,,2.503268,101.8394
4367,21-05040290,BUKA,AWAM,KKM,,NEGERI SEMBILAN,PORT DICKSON,KLINIK PERGIGIAN,KLINIK PERGIGIAN SEKOLAH MENENGAH,KLINIK PERGIGIAN SEKOLAH D/A SEKOLAH MENENGAH KEBANGSAAN DATUK MUHAMMAD YUSOF,"KM 2, JALAN SEREMBAN, 71150 LINGGI, NEGERI SEMBILAN",,71150,,,,,2.495024,102.004
4368,21-05040278,BUKA,AWAM,KKM,,NEGERI SEMBILAN,PORT DICKSON,KLINIK PERGIGIAN,KLINIK PERGIGIAN SEKOLAH MENENGAH,KLINIK PERGIGIAN SEKOLAH D/A SEKOLAH MENENGAH KEBANGSAAN DATUK HAJI ABDUL SAMAD,"BATU 11/2, JALAN ESSO, 71000 PORT DICKSON, NEGERI SEMBILAN",,71000,,,,,2.526762,101.8164
4369,91-05050123,BUKA,AWAM,KKM,,NEGERI SEMBILAN,REMBAU,PEJABAT KESIHATAN PERGIGIAN,PEJABAT KESIHATAN PERGIGIAN DAERAH,PEJABAT KESIHATAN PERGIGIAN DAERAH  REMBAU,"JALAN BATU HAMPAR, 71300 REMBAU, 
NEGERI SEMBILAN",,71300,,,,,2.59443,102.1017
4370,21-05050047D,BUKA,AWAM,KKM,,NEGERI SEMBILAN,REMBAU,KLINIK PERGIGIAN,KLINIK PERGIGIAN DI KLINIK KESIHATAN,KLINIK PERGIGIAN DI KLINIK KESIHATAN REMBAU,"JALAN BATU HAMPAR, 71300 REMBAU,       
NEGERI SEMBILAN",,71300,,,,,2.585751,102.0931
4371,21-05050042D,BUKA,AWAM,KKM,,NEGERI SEMBILAN,REMBAU,KLINIK PERGIGIAN,KLINIK PERGIGIAN DI KLINIK KESIHATAN,KLINIK PERGIGIAN DI KLINIK KESIHATAN PEDAS,"PEKAN PEDAS, 71400 PEDAS, NEGERI SEMBILAN",,71400,,,,,2.629237,102.0618
4372,21-05050020D,BUKA,AWAM,KKM,,NEGERI SEMBILAN,REMBAU,KLINIK PERGIGIAN,KLINIK PERGIGIAN DI KLINIK KESIHATAN,KLINIK PERGIGIAN DI KLINIK KESIHATAN ASTANA RAJA,"71350 REMBAU, NEGERI SEMBILAN",,71350,,,,,2.508064,102.1195
4373,21-05050277,BUKA,AWAM,KKM,,NEGERI SEMBILAN,REMBAU,KLINIK PERGIGIAN,KLINIK PERGIGIAN SEKOLAH RENDAH,KLINIK PERGIGIAN SEKOLAH D/A SEKOLAH KEBANGSAAN UNDANG REMBAU,"71309 REMBAU, NEGERI SEMBILAN",,71309,,,,,2.590525,102.093
4374,21-05050281,BUKA,AWAM,KKM,,NEGERI SEMBILAN,REMBAU,KLINIK PERGIGIAN,KLINIK PERGIGIAN SEKOLAH MENENGAH,KLINIK PERGIGIAN SEKOLAH D/A SEKOLAH MENENGAH KEBANGSAAN DATO' SEDIA RAJA,"71309 REMBAU, NEGERI SEMBILAN",,71309,,,,,2.59561,102.0777
4375,91-05060117,BUKA,AWAM,KKM,,NEGERI SEMBILAN,SEREMBAN,PEJABAT KESIHATAN PERGIGIAN,PEJABAT KESIHATAN PERGIGIAN DAERAH,PEJABAT KESIHATAN PERGIGIAN DAERAH SEREMBAN,"JALAN ZAABA, 70100 SEREMBAN, NEGERI SEMBILAN",,70100,,,,,2.717457,101.9445
4376,21-05060184,BUKA,AWAM,KKM,,NEGERI SEMBILAN,SEREMBAN,KLINIK PERGIGIAN,KLINIK PERGIGIAN (STANDALONE),KLINIK PERGIGIAN SEREMBAN,"JALAN RASAH, 70300 SEREMBAN, NEGERI SEMBILAN",,70300,,,,,2.709106,101.94
4377,21-05050679,BUKA,AWAM,KKM,,NEGERI SEMBILAN,SEREMBAN,KLINIK PERGIGIAN,KLINIK PERGIGIAN (STANDALONE),PUSAT PAKAR PERGIGIAN NEGERI SEMBILAN,"JALAN RASAH, 70300 SEREMBAN, NEGERI SEMBILAN",,70300,,,,,2.709599,101.9407
4378,21-05060206D,BUKA,AWAM,KKM,,NEGERI SEMBILAN,SEREMBAN,KLINIK PERGIGIAN,KLINIK PERGIGIAN DI KLINIK KESIHATAN,KLINIK PERGIGIAN DI KLINIK KESIHATAN SIKAMAT,"JALAN TUANKU KURSHIAH, 70400 SEREMBAN",,70400,,,,,2.735354,101.9537
4379,21-05060180D,BUKA,AWAM,KKM,,NEGERI SEMBILAN,SEREMBAN,KLINIK PERGIGIAN,KLINIK PERGIGIAN DI KLINIK KESIHATAN,KLINIK PERGIGIAN DI KLINIK KESIHATAN SEREMBAN 2,"JLN S2A2, 70300 SEREMBAN, NEGERI SEMBILAN",,70200,,,,,2.705781,101.9083
4380,21-05060179D,BUKA,AWAM,KKM,,NEGERI SEMBILAN,SEREMBAN,KLINIK PERGIGIAN,KLINIK PERGIGIAN DI KLINIK KESIHATAN,KLINIK PERGIGIAN DI KLINIK KESIHATAN SENAWANG,"PESIARAN SENAWANG 2, 70450 SEREMBAN, NEGERI SEMBILAN",,70450,,,,,2.69183,101.9881
4381,21-05060048D,BUKA,AWAM,KKM,,NEGERI SEMBILAN,SEREMBAN,KLINIK PERGIGIAN,KLINIK PERGIGIAN DI KLINIK KESIHATAN,KLINIK PERGIGIAN DI KLINIK KESIHATAN SENDAYAN,"71950 SENDAYAN, NEGERI SEMBILAN",,71950,,,,,2.678728,101.8456
4382,21-05060046D,BUKA,AWAM,KKM,,NEGERI SEMBILAN,SEREMBAN,KLINIK PERGIGIAN,KLINIK PERGIGIAN DI KLINIK KESIHATAN,KLINIK PERGIGIAN DI KLINIK KESIHATAN RANTAU,"JALAN BESAR RANTAU, 71200 RANTAU, NEGERI SEMBILAN",,71200,,,,,2.600631,101.9624
4383,21-05060045D,BUKA,AWAM,KKM,,NEGERI SEMBILAN,SEREMBAN,KLINIK PERGIGIAN,KLINIK PERGIGIAN DI KLINIK KESIHATAN,KLINIK PERGIGIAN DI KLINIK KESIHATAN KUARTERS KLIA,"71800 NILAI, NEGERI SEMBILAN",,71800,,,,,2.766807,101.7645
4384,21-05060036D,BUKA,AWAM,KKM,,NEGERI SEMBILAN,SEREMBAN,KLINIK PERGIGIAN,KLINIK PERGIGIAN DI KLINIK KESIHATAN,KLINIK PERGIGIAN DI KLINIK KESIHATAN NILAI,"71800 NILAI, NEGERI SEMBILAN",,71800,,,,,2.802945,101.7981
4385,21-05060035D,BUKA,AWAM,KKM,,NEGERI SEMBILAN,SEREMBAN,KLINIK PERGIGIAN,KLINIK PERGIGIAN DI KLINIK KESIHATAN,KLINIK PERGIGIAN DI KLINIK KESIHATAN MANTIN,"71700 MANTIN, NEGERI SEMBILAN",,71700,,,,,2.824922,101.893
4386,21-05060032D,BUKA,AWAM,KKM,,NEGERI SEMBILAN,SEREMBAN,KLINIK PERGIGIAN,KLINIK PERGIGIAN DI KLINIK KESIHATAN,KLINIK PERGIGIAN DI KLINIK KESIHATAN LENGGENG,"71750 LENGGENG, NEGERI SEMBILAN",,71750,,,,,2.86717,101.937
4387,21-05060019D,BUKA,AWAM,KKM,,NEGERI SEMBILAN,SEREMBAN,KLINIK PERGIGIAN,KLINIK PERGIGIAN DI KLINIK KESIHATAN,KLINIK PERGIGIAN DI KLINIK KESIHATAN AMPANGAN,"JALAN KUALA PILAH, 70400 SEREMBAN, NEGERI SEMBILAN",,70400,,,,,2.723503,101.9873
4388,11-05060009D,BUKA,AWAM,KKM,,NEGERI SEMBILAN,SEREMBAN,KLINIK PERGIGIAN,KLINIK PERGIGIAN DI HOSPITAL,KLINIK PERGIGIAN DI HOSPITAL TUANKU JAAFAR,"70300 SEREMBAN, NEGERI SEMBILAN",,70300,,,,,2.709752,101.9448
4389,21-05060291,BUKA,AWAM,KKM,,NEGERI SEMBILAN,SEREMBAN,KLINIK PERGIGIAN,KLINIK PERGIGIAN SEKOLAH RENDAH,KLINIK PERGIGIAN SEKOLAH D/A SEKOLAH JENIS KEBANGSAAN (CINA) CHI HWA,"JLN TEMIANG, 70200 SEREMBAN, NEGERI SEMBILAN",,70200,,,,,2.736475,101.937
4390,21-05060288,BUKA,AWAM,KKM,,NEGERI SEMBILAN,SEREMBAN,KLINIK PERGIGIAN,KLINIK PERGIGIAN SEKOLAH RENDAH,KLINIK PERGIGIAN SEKOLAH D/A SEKOLAH KEBANGSAAN DATO KLANA MAAMOR,"JALAN MUTHU CUMARU, 70200 SEREMBAN, NEGERI SEMBILAN",,70200,,,,,2.738842,101.9362
4391,21-05060286,BUKA,AWAM,KKM,,NEGERI SEMBILAN,SEREMBAN,KLINIK PERGIGIAN,KLINIK PERGIGIAN SEKOLAH RENDAH,KLINIK PERGIGIAN SEKOLAH D/A SEKOLAH JENIS KEBANGSAAN (CINA) CHUNG HUA,"JLN TUANKU MUNAWIR, 70000 SEREMBAN, NEGERI SEMBILAN",,70000,,,,,2.730662,101.9346
4392,21-05060266,BUKA,AWAM,KKM,,NEGERI SEMBILAN,SEREMBAN,KLINIK PERGIGIAN,KLINIK PERGIGIAN SEKOLAH RENDAH,KLINIK PERGIGIAN SEKOLAH D/A SEKOLAH KEBANGSAAN ST PAUL,"JLN SUNGAI UJUNG, 70200 SEREMBAN, NEGERI SEMBILAN",,70200,,,,,2.72162,101.9192
4393,21-05060265,BUKA,AWAM,KKM,,NEGERI SEMBILAN,SEREMBAN,KLINIK PERGIGIAN,KLINIK PERGIGIAN SEKOLAH RENDAH,KLINIK PERGIGIAN SEKOLAH D/A SEKOLAH JENIS KEBANGSAAN (CINA) PEI HUA,"JLN TUN DR. ISMAIL, 70200 SEREMBAN, NEGERI SEMBILAN",,70200,,,,,2.737314,101.9292
4394,21-05060263,BUKA,AWAM,KKM,,NEGERI SEMBILAN,SEREMBAN,KLINIK PERGIGIAN,KLINIK PERGIGIAN SEKOLAH RENDAH,KLINIK PERGIGIAN SEKOLAH D/A SEKOLAH JENIS KEBANGSAAN (CINA) CHUNG HUA,"PEKAN RANTAU, 71200 RANTAU, NEGERI SEMBILAN",,71200,,,,,2.66879,101.9852
4395,21-05060261,BUKA,AWAM,KKM,,NEGERI SEMBILAN,SEREMBAN,KLINIK PERGIGIAN,KLINIK PERGIGIAN SEKOLAH RENDAH,KLINIK PERGIGIAN SEKOLAH D/A SEKOLAH KEBANGSAAN TAMAN SRI MAWAR,"70450 SEREMBAN, NEGERI SEMBILAN",,70450,,,,,2.693713,101.9725
4396,21-05060260,BUKA,AWAM,KKM,,NEGERI SEMBILAN,SEREMBAN,KLINIK PERGIGIAN,KLINIK PERGIGIAN SEKOLAH RENDAH,KLINIK PERGIGIAN SEKOLAH D/A SEKOLAH KEBANGSAAN KING GEORGE V,"KM 4, JALAN KUALA PILAH- AMPANGAN, 70400 SEREMBAN",,70400,,,,,2.728529,101.9719
4397,21-05060258,BUKA,AWAM,KKM,,NEGERI SEMBILAN,SEREMBAN,KLINIK PERGIGIAN,KLINIK PERGIGIAN SEKOLAH RENDAH,KLINIK PERGIGIAN SEKOLAH D/A SEKOLAH KEBANGSAAN PUTERI,"JLN LABU LAMA, 70200 SEREMBAN, NEGERI SEMBILAN",,70200,,,,,2.726292,101.9245
4398,21-05060257,BUKA,AWAM,KKM,,NEGERI SEMBILAN,SEREMBAN,KLINIK PERGIGIAN,KLINIK PERGIGIAN SEKOLAH RENDAH,KLINIK PERGIGIAN SEKOLAH D/A SEKOLAH JENIS KEBANGSAAN (CINA) CHAN WA,"46, JLN TAN SRI MANICKAVASAGAM, 70200 SEREMBAN, NEGERI SEMBILAN",,70200,,,,,2.73243,101.9309
4399,21-05060282,BUKA,AWAM,KKM,,NEGERI SEMBILAN,SEREMBAN,KLINIK PERGIGIAN,KLINIK PERGIGIAN SEKOLAH MENENGAH,KLINIK PERGIGIAN SEKOLAH D/A SEKOLAH MENENGAH KEBANGSAAN PUTERI,"JLN LABU LAMA, 70200 SEREMBAN, NEGERI SEMBILAN",,70200,,,,,2.726292,101.9245
4400,21-05060296D,BUKA,AWAM,KKM,,NEGERI SEMBILAN,SEREMBAN,KLINIK PERGIGIAN,KLINIK PERGIGIAN DI UTC,KLINIK PERGIGIAN DI KLINIK KESIHATAN UTC SEREMBAN,"UDA MALL SDN BHD, NO. G-05 & G-06, TINGKAT GF (GROUND FLOOR), 70400 SEREMBAN, NEGERI SEMBILAN",,70400,,,,,2.723983,101.9476
4403,91-05070122,BUKA,AWAM,KKM,,NEGERI SEMBILAN,TAMPIN,PEJABAT KESIHATAN PERGIGIAN,PEJABAT KESIHATAN PERGIGIAN DAERAH,PEJABAT KESIHATAN PERGIGIAN DAERAH TAMPIN,"JALAN KELAB, 73000 TAMPIN, NEGERI SEMBILAN",,73000,,,,,2.468965,102.23
4404,21-05070131,BUKA,AWAM,KKM,,NEGERI SEMBILAN,TAMPIN,KLINIK PERGIGIAN,KLINIK PERGIGIAN (STANDALONE),KLINIK PERGIGIAN TAMPIN,"JALAN HAJI AHMAD ZAINUDDIN, 73000 TAMPIN, NEGERI SEMBILAN",,73000,,,,,2.470603,102.2291
4405,21-05070026D,BUKA,AWAM,KKM,,NEGERI SEMBILAN,TAMPIN,KLINIK PERGIGIAN,KLINIK PERGIGIAN DI KLINIK KESIHATAN,KLINIK PERGIGIAN DI KLINIK KESIHATAN JELAI,"73480 JELAI, NEGERI SEMBILAN",,73480,,,,,2.645809,102.4891
4406,21-05070024D,BUKA,AWAM,KKM,,NEGERI SEMBILAN,TAMPIN,KLINIK PERGIGIAN,KLINIK PERGIGIAN DI KLINIK KESIHATAN,KLINIK PERGIGIAN DI KLINIK KESIHATAN GEMENCHEH,"JALAN GEMENCHEH LAMA, 73200 GEMENCHEH, NEGERI SEMBILAN",,73200,,,,,2.532729,102.3998
4407,21-05070023D,BUKA,AWAM,KKM,,NEGERI SEMBILAN,TAMPIN,KLINIK PERGIGIAN,KLINIK PERGIGIAN DI KLINIK KESIHATAN,KLINIK PERGIGIAN DI KLINIK KESIHATAN GEMAS,"73400 GEMAS, NEGERI SEMBILAN",,73400,,,,,2.584116,102.6046
4408,21-05070018D,BUKA,AWAM,KKM,,NEGERI SEMBILAN,TAMPIN,KLINIK PERGIGIAN,KLINIK PERGIGIAN DI KLINIK KESIHATAN,KLINIK PERGIGIAN DI KLINIK KESIHATAN AIR KUNING,"73470 AIR KUNING, NEGERI SEMBILAN",,73470,,,,,2.516223,102.4833
4409,21-05070293,BUKA,AWAM,KKM,,NEGERI SEMBILAN,TAMPIN,KLINIK PERGIGIAN,KLINIK PERGIGIAN SEKOLAH RENDAH,KLINIK PERGIGIAN SEKOLAH D/A SEKOLAH KEBANGSAAN TUNKU BESAR TAMPIN,"JALAN SEREMBAN, 73000 TAMPIN, NEGERI SEMBILAN",,73000,,,,,2.473816,102.2235
4410,21-05070275,BUKA,AWAM,KKM,,NEGERI SEMBILAN,TAMPIN,KLINIK PERGIGIAN,KLINIK PERGIGIAN SEKOLAH RENDAH,KLINIK PERGIGIAN SEKOLAH D/A SEKOLAH KEBANGSAAN TENGKU ZAINUN,"JALAN SEREMBAN-TAMPIN, 73000 TAMPIN, NEGERI SEMBILAN",,73000,,,,,2.4741,102.2266
4411,21-05070268,BUKA,AWAM,KKM,,NEGERI SEMBILAN,TAMPIN,KLINIK PERGIGIAN,KLINIK PERGIGIAN SEKOLAH RENDAH,KLINIK PERGIGIAN SEKOLAH D/A SEKOLAH JENIS KEBANGSAAN (CINA) PAY CHEE,"PULAU SEBANG, 73000 TAMPIN POS, MELAKA, NEGERI SEMBILAN",,78000,,,,,2.466077,102.2287
4412,21-05070272,BUKA,AWAM,KKM,,NEGERI SEMBILAN,TAMPIN,KLINIK PERGIGIAN,KLINIK PERGIGIAN SEKOLAH MENENGAH,KLINIK PERGIGIAN SEKOLAH D/A SEKOLAH MENENGAH KEBANGSAAN TUNKU BESAR,"KM 2, JALAN SEREMBAN, 73000 TAMPIN, NEGERI SEMBILAN",,73000,,,,,2.474209,102.2199
4413,91-06010343,BUKA,AWAM,KKM,,PAHANG,BENTONG,PEJABAT KESIHATAN PERGIGIAN,PEJABAT KESIHATAN PERGIGIAN DAERAH,PEJABAT KESIHATAN PERGIGIAN DAERAH BENTONG,"28700 BENTONG, PAHANG",,28700,,,,,3.795494,101.8549
4414,21-06010114D,BUKA,AWAM,KKM,,PAHANG,BENTONG,KLINIK PERGIGIAN,KLINIK PERGIGIAN DI KLINIK KESIHATAN,KLINIK PERGIGIAN DI KLINIK KESIHATAN CHEMOMOI,"28800 BENTONG, PAHANG.",,28800,,,,,3.265322,102.2469
4415,21-06010073D,BUKA,AWAM,KKM,,PAHANG,BENTONG,KLINIK PERGIGIAN,KLINIK PERGIGIAN DI KLINIK KESIHATAN,KLINIK PERGIGIAN DI KLINIK KESIHATAN SIMPANG PELANGAI,"28700 BENTONG, PAHANG.",,28700,,,,,3.181152,102.1869
4416,21-06010061D,BUKA,AWAM,KKM,,PAHANG,BENTONG,KLINIK PERGIGIAN,KLINIK PERGIGIAN DI KLINIK KESIHATAN,KLINIK PERGIGIAN DI KLINIK KESIHATAN MEMPAGA,"28600 BENTONG, PAHANG.",,28600,,,,,3.536609,101.9606
4417,21-06010058D,BUKA,AWAM,KKM,,PAHANG,BENTONG,KLINIK PERGIGIAN,KLINIK PERGIGIAN DI KLINIK KESIHATAN,KLINIK PERGIGIAN DI KLINIK KESIHATAN LURAH BILUT (FELDA) LURAH BILUT,"28800 BENTONG, PAHANG.",,28800,,,,,3.660383,101.8913
4418,21-06010050D,BUKA,AWAM,KKM,,PAHANG,BENTONG,KLINIK PERGIGIAN,KLINIK PERGIGIAN DI KLINIK KESIHATAN,KLINIK PERGIGIAN DI KLINIK KESIHATAN KARAK,"JALAN BESAR, 28600 KARAK, PAHANG.",,28600,,,,,3.418774,102.03
4419,11-06010014D,BUKA,AWAM,KKM,,PAHANG,BENTONG,KLINIK PERGIGIAN,KLINIK PERGIGIAN DI HOSPITAL,KLINIK PERGIGIAN DI HOSPITAL BENTONG,"28700 BENTONG, PAHANG.",,28700,,,,,3.525233,101.9054
4420,21-06010486,BUKA,AWAM,KKM,,PAHANG,BENTONG,KLINIK PERGIGIAN,KLINIK PERGIGIAN SEKOLAH RENDAH,KLINIK PERGIGIAN SEKOLAH D/A SEKOLAH KEBANGSAAN SULAIMAN,"JALAN ANNUAR, 28700 BENTONG, PAHANG.",,28700,,,,,3.525016,101.9096
4421,21-06010508,BUKA,AWAM,KKM,,PAHANG,BENTONG,KLINIK PERGIGIAN,KLINIK PERGIGIAN SEKOLAH MENENGAH,KLINIK PERGIGIAN SEKOLAH D/A SEKOLAH MENENGAH KEBANGSAAN SULAIMAN,"KM 4, JALAN KUALA LUMPUR 27800 BENTONG, PAHANG.",,27800,,,,,3.49966,101.9107
4422,21-06010504,BUKA,AWAM,KKM,,PAHANG,BENTONG,KLINIK PERGIGIAN,KLINIK PERGIGIAN SEKOLAH MENENGAH,KLINIK PERGIGIAN SEKOLAH D/A SEKOLAH MENENGAH KEBANGSAAN KARAK,"JALAN BESAR KARAK, 28600 KARAK, PAHANG",,28600,,,,,3.50666,101.9135
4423,21-06010519,BUKA,AWAM,KKM,,PAHANG,BENTONG,KLINIK PERGIGIAN,KLINIK PERGIGIAN SEKOLAH (PUSAT PERGIGIAN SEKOLAH),PUSAT PERGIGIAN SEKOLAH D/A SEKOLAH KEBANGSAAN FELDA LURAH BILUT,"LURAH BILUT, 28800 LURAH BILUT, PAHANG.",,28800,,,,,3.661866,101.8921
4424,21-06020354D,BUKA,AWAM,KKM,,PAHANG,BERA,KLINIK PERGIGIAN,KLINIK PERGIGIAN DI KLINIK KESIHATAN,KLINIK PERGIGIAN DI KLINIK KESIHATAN PURUN,"28300 TRIANG, BERA, PAHANG.",,28300,,,,,3.374566,102.6322
4425,21-06020353D,BUKA,AWAM,KKM,,PAHANG,BERA,KLINIK PERGIGIAN,KLINIK PERGIGIAN DI KLINIK KESIHATAN,KLINIK PERGIGIAN DI KLINIK KESIHATAN PADANG LUAS,"28200 BERA, PAHANG.",,28200,,,,,3.295563,102.4617
4426,21-06020317D,BUKA,AWAM,KKM,,PAHANG,BERA,KLINIK PERGIGIAN,KLINIK PERGIGIAN DI KLINIK KESIHATAN,KLINIK PERGIGIAN DI KLINIK KESIHATAN TEMBANGAU,"28380 BERA, PAHANG.",,28380,,,,,3.040545,102.5327
4427,21-06020082D,BUKA,AWAM,KKM,,PAHANG,BERA,KLINIK PERGIGIAN,KLINIK PERGIGIAN DI KLINIK KESIHATAN,"KLINIK PERGIGIAN DI KLINIK KESIHATAN TRIANG,","28300 TRIANG, BERA, PAHANG.",,28300,,,,,3.251525,102.4171
4428,21-06020051D,BUKA,AWAM,KKM,,PAHANG,BERA,KLINIK PERGIGIAN,KLINIK PERGIGIAN DI KLINIK KESIHATAN,KLINIK PERGIGIAN DI KLINIK KESIHATAN KEMAYAN,"28380 KEMAYAN, TRAING, PAHANG.",,28380,,,,,3.13866,102.375
4429,21-06020036D,BUKA,AWAM,KKM,,PAHANG,BERA,KLINIK PERGIGIAN,KLINIK PERGIGIAN DI KLINIK KESIHATAN,KLINIK PERGIGIAN DI KLINIK KESIHATAN BUKIT MENDI,"28380 TRIANG, BERA, PAHANG.",,28300,,,,,3.205213,102.3053
4430,21-06020026D,BUKA,AWAM,KKM,,PAHANG,BERA,KLINIK PERGIGIAN,KLINIK PERGIGIAN DI KLINIK KESIHATAN,KLINIK PERGIGIAN DI KLINIK KESIHATAN BANDAR BERA 32,"28300 TRIANG, BERA, PAHANG.",,28300,,,,,3.264006,102.6069
4431,21-06020494,BUKA,AWAM,KKM,,PAHANG,BERA,KLINIK PERGIGIAN,KLINIK PERGIGIAN SEKOLAH RENDAH,KLINIK PERGIGIAN SEKOLAH D/A SEKOLAH KEBANGSAAN (FELDA) TEMENTI,"BANDAR 32, 28300 TRIANG, PAHANG.",,28300,,,,,3.267528,102.6046
4432,21-06020488,BUKA,AWAM,KKM,,PAHANG,BERA,KLINIK PERGIGIAN,KLINIK PERGIGIAN SEKOLAH RENDAH,KLINIK PERGIGIAN SEKOLAH D/A SEKOLAH JENIS KEBANGSAAN (CINA) TRIANG (1),"28300 TRIANG, PAHANG.",,28300,,,,,3.246912,102.4159
4433,21-06020469,BUKA,AWAM,KKM,,PAHANG,BERA,KLINIK PERGIGIAN,KLINIK PERGIGIAN SEKOLAH MENENGAH,KLINIK PERGIGIAN SEKOLAH D/A SEKOLAH MENENGAH KEBANGSAAN BERA,"BANDAR 32, 28300 TRIANG, PAHANG",,28300,,,,,3.261633,102.6069
4434,91-06030347,BUKA,AWAM,KKM,,PAHANG,CAMERON HIGHLANDS,PEJABAT KESIHATAN PERGIGIAN,PEJABAT KESIHATAN PERGIGIAN DAERAH,PEJABAT KESIHATAN PERGIGIAN DAERAH CAMERON HIGHLANDS,"39000 TANAH RATA, CAMERON HIGHLANDS, PAHANG",,39000,,,,,4.47121,101.3792
4435,11-06030015D,BUKA,AWAM,KKM,,PAHANG,CAMERON HIGHLANDS,KLINIK PERGIGIAN,KLINIK PERGIGIAN DI HOSPITAL,KLINIK PERGIGIAN DI HOSPITAL SULTANAH HAJJAH KALSOM,"PERSIARAN DAYANG ENDAH, 
39000 TANAH RATA, CAMERON HIGHLANDS, PAHANG",,39000,,,,,4.466774,101.3912
4436,21-06030512,BUKA,AWAM,KKM,,PAHANG,CAMERON HIGHLANDS,KLINIK PERGIGIAN,KLINIK PERGIGIAN SEKOLAH MENENGAH,KLINIK PERGIGIAN SEKOLAH D/A SEKOLAH MENENGAH SULTAN AHMAD SHAH,"39000 CAMERON HIGHLANDS, PAHANG",,39000,,,,,4.468912,101.3827
4437,91-06040346,BUKA,AWAM,KKM,,PAHANG,JERANTUT,PEJABAT KESIHATAN PERGIGIAN,PEJABAT KESIHATAN PERGIGIAN DAERAH,PEJABAT KESIHATAN PERGIGIAN DAERAH JERANTUT,"27000 JERANTUT, PAHANG",,27000,,,,,3.930502,102.3596
4438,21-06040352,BUKA,AWAM,KKM,,PAHANG,JERANTUT,KLINIK PERGIGIAN,KLINIK PERGIGIAN (STANDALONE),KLINIK PERGIGIAN JERANTUT,"27000 JERANTUT, PAHANG",,27000,,,,,3.931667,102.3599
4439,21-06040401D,BUKA,AWAM,KKM,,PAHANG,JERANTUT,KLINIK PERGIGIAN,KLINIK PERGIGIAN DI KLINIK KESIHATAN,KLINIK PERGIGIAN DI KLINIK KESIHATAN BANDAR JERANTUT,"27000 JERANTUT, PAHANG",,27000,,,,,3.935387,102.3623
4440,21-06040076D,BUKA,AWAM,KKM,,PAHANG,JERANTUT,KLINIK PERGIGIAN,KLINIK PERGIGIAN DI KLINIK KESIHATAN,KLINIK PERGIGIAN DI KLINIK KESIHATAN SUNGAI TEKAM UTARA,"KAMPUNG SUNGAI. TEKAM UTARA, 26400 JERANTUT, PAHANG",,26400,,,,,3.890213,102.5971
4441,21-06040057D,BUKA,AWAM,KKM,,PAHANG,JERANTUT,KLINIK PERGIGIAN,KLINIK PERGIGIAN DI KLINIK KESIHATAN,KLINIK PERGIGIAN DI KLINIK KESIHATAN LEPAR UTARA 4,"LEPAR UTARA 4, 28070 KUANTAN, PAHANG",,28070,,,,,3.909323,102.8069
4442,21-06040054D,BUKA,AWAM,KKM,,PAHANG,JERANTUT,KLINIK PERGIGIAN,KLINIK PERGIGIAN DI KLINIK KESIHATAN,KLINIK PERGIGIAN DI KLINIK KESIHATAN TEMBELING,"27020 KUALA TEMBELING, JERANTUT, PAHANG",,27020,,,,,4.069181,102.316
4443,21-06040053D,BUKA,AWAM,KKM,,PAHANG,JERANTUT,KLINIK PERGIGIAN,KLINIK PERGIGIAN DI KLINIK KESIHATAN,KLINIK PERGIGIAN DI KLINIK KESIHATAN KUALA TAHAN,"27030 JERANTUT, PAHANG",,27030,,,,,4.382191,102.4016
4444,21-06040047D,BUKA,AWAM,KKM,,PAHANG,JERANTUT,KLINIK PERGIGIAN,KLINIK PERGIGIAN DI KLINIK KESIHATAN,KLINIK PERGIGIAN DI KLINIK KESIHATAN JENGKA 8,"FELDA JENGKA 8, 26400 JERANTUT, PAHANG",,26400,,,,,3.854801,102.4921
4445,21-06040041D,BUKA,AWAM,KKM,,PAHANG,JERANTUT,KLINIK PERGIGIAN,KLINIK PERGIGIAN DI KLINIK KESIHATAN,KLINIK PERGIGIAN DI KLINIK KESIHATAN DAMAK,"27030 JERANTUT, PAHANG",,27030,,,,,3.952501,102.2088
4446,21-06040458,BUKA,AWAM,KKM,,PAHANG,JERANTUT,KLINIK PERGIGIAN,KLINIK PERGIGIAN SEKOLAH RENDAH,KLINIK PERGIGIAN SEKOLAH D/A SEKOLAH KEBANGSAAN JERANTUT,"JALAN BENTA, 27000 JERANTUT, PAHANG",,27000,,,,,3.92562,102.3552
4447,21-06040457,BUKA,AWAM,KKM,,PAHANG,JERANTUT,KLINIK PERGIGIAN,KLINIK PERGIGIAN SEKOLAH RENDAH,KLINIK PERGIGIAN SEKOLAH D/A SEKOLAH JENIS KEBANGSAAN (CINA) SG JAN,"JALAN BOMBA, 27000 JERANTUT, PAHANG",,27000,,,,,3.939205,102.3624
4448,21-06040495,BUKA,AWAM,KKM,,PAHANG,JERANTUT,KLINIK PERGIGIAN,KLINIK PERGIGIAN SEKOLAH MENENGAH,KLINIK PERGIGIAN SEKOLAH D/A SEKOLAH MENENGAH KEBANGSAAN JERANTUT,"JALAN TEMBELING, 27000 JERANTUT, PAHANG",,27000,,,,,3.949101,102.3648
4449,21-06040456,BUKA,AWAM,KKM,,PAHANG,JERANTUT,KLINIK PERGIGIAN,KLINIK PERGIGIAN SEKOLAH MENENGAH,KLINIK PERGIGIAN SEKOLAH D/A SEKOLAH MENENGAH KEBANGSAAN AGAMA TENGKU AMPUAN HAJJAH AFZAN PAHANG,"KM 4, JALAN JERANTUT -TEMERLOH, 27000 JERANTUT, PAHANG",,27000,,,,,3.922314,102.384
4450,91-06050338,BUKA,AWAM,KKM,,PAHANG,KUANTAN,PEJABAT KESIHATAN PERGIGIAN,PEJABAT KESIHATAN PERGIGIAN DAERAH,PEJABAT KESIHATAN PERGIGIAN DAERAH KUANTAN,"JALAN GAMBUT, 25000 KUANTAN",,25000,,,,,3.808488,103.3257
4451,21-06050392D,BUKA,AWAM,KKM,,PAHANG,KUANTAN,KLINIK PERGIGIAN,KLINIK PERGIGIAN DI KLINIK KESIHATAN,KLINIK PERGIGIAN DI KLINIK KESIHATAN INDERA MAHKOTA,"JALAN INDERA MAHKOTA 4, BANDAR INDERA MAHKOTA, 25582 KUANTAN, PAHANG",,25582,,,,,3.828303,103.2935
4452,21-06050376D,BUKA,AWAM,KKM,,PAHANG,KUANTAN,KLINIK PERGIGIAN,KLINIK PERGIGIAN DI KLINIK KESIHATAN,KLINIK PERGIGIAN DI KLINIK KESIHATAN PAYA BESAR,"JALAN PINTASAN KUANTAN - GAMBANG, PAYA BESAR, 25150 KUANTAN, PAHANG",,25150,,,,,3.789313,103.2389
4453,21-06050375D,BUKA,AWAM,KKM,,PAHANG,KUANTAN,KLINIK PERGIGIAN,KLINIK PERGIGIAN DI KLINIK KESIHATAN,KLINIK PERGIGIAN DI KLINIK KESIHATAN KURNIA,"BATU 3, JALAN GAMBANG, 25120 KUANTAN, PAHANG",,25100,,,,,3.779863,103.2858
4454,21-06050075D,BUKA,AWAM,KKM,,PAHANG,KUANTAN,KLINIK PERGIGIAN,KLINIK PERGIGIAN DI KLINIK KESIHATAN,KLINIK PERGIGIAN DI KLINIK KESIHATAN SUNGAI LEMBING,"KAMPUNG SUNGAI LEMBING, 26070 KUANTAN, PAHANG",,26070,,,,,3.925276,103.0725
4455,21-06050044D,BUKA,AWAM,KKM,,PAHANG,KUANTAN,KLINIK PERGIGIAN,KLINIK PERGIGIAN DI KLINIK KESIHATAN,KLINIK PERGIGIAN DI KLINIK KESIHATAN JAYA GADING,"JALAN GAMBANG, 26070 KUANTAN, PAHANG",,26070,,,,,3.753434,103.2041
4456,21-06050043D,BUKA,AWAM,KKM,,PAHANG,KUANTAN,KLINIK PERGIGIAN,KLINIK PERGIGIAN DI KLINIK KESIHATAN,KLINIK PERGIGIAN DI KLINIK KESIHATAN GAMBANG,"26310 KUANTAN, PAHANG",,26310,,,,,3.89601,103.3068
4457,21-06050034D,BUKA,AWAM,KKM,,PAHANG,KUANTAN,KLINIK PERGIGIAN,KLINIK PERGIGIAN DI KLINIK KESIHATAN,KLINIK PERGIGIAN DI KLINIK KESIHATAN BUKIT GOH (FELDA),"BUKIT GOH, 26050 KUANTAN, PAHANG",,26050,,,,,3.913,103.2573
4458,21-06050032D,BUKA,AWAM,KKM,,PAHANG,KUANTAN,KLINIK PERGIGIAN,KLINIK PERGIGIAN DI KLINIK KESIHATAN,KLINIK PERGIGIAN DI KLINIK KESIHATAN BESERAH,"26100 KUANTAN, PAHANG",,26100,,,,,3.849747,103.3618
4459,21-06050028D,BUKA,AWAM,KKM,,PAHANG,KUANTAN,KLINIK PERGIGIAN,KLINIK PERGIGIAN DI KLINIK KESIHATAN,KLINIK PERGIGIAN DI KLINIK KESIHATAN BANDAR KUANTAN,"JALAN DATO LIM HOE LEK, 25200 KUANTAN, PAHANG",,25200,,,,,3.82003,103.3232
4460,21-06050025D,BUKA,AWAM,KKM,,PAHANG,KUANTAN,KLINIK PERGIGIAN,KLINIK PERGIGIAN DI KLINIK KESIHATAN,KLINIK PERGIGIAN DI KLINIK KESIHATAN BALOK,"26190 KUANTAN, PAHANG",,26190,,,,,3.93272,103.3721
4461,21-06050333D,BUKA,AWAM,KKM,,PAHANG,KUANTAN,KLINIK PERGIGIAN,KLINIK PERGIGIAN DI KLINIK KESIHATAN IBU DAN ANAK (KKIA),KLINIK PERGIGIAN DI KLINIK KESIHATAN IBU DAN ANAK KUANTAN,"JALAN GAMBUT, 25000 KUANTAN, PAHANG",,25000,,,,,3.813162,103.3246
4462,11-06050013D,BUKA,AWAM,KKM,,PAHANG,KUANTAN,KLINIK PERGIGIAN,KLINIK PERGIGIAN DI HOSPITAL,KLINIK PERGIGIAN DI HOSPITAL TENGKU AMPUAN AFZAN,"JALAN TANAH PUTIH, 25100 KUANTAN, PAHANG",,25100,,,,,3.80033,103.3217
4463,21-06050517,BUKA,AWAM,KKM,,PAHANG,KUANTAN,KLINIK PERGIGIAN,KLINIK PERGIGIAN SEKOLAH RENDAH,KLINIK PERGIGIAN SEKOLAH D/A SEKOLAH JENIS KEBANGSAAN (CINA) CHUNG CHING,"TANAH PUTIH, 25100 KUANTAN, PAHANG",,25100,,,,,3.793263,103.3145
4464,21-06050516,BUKA,AWAM,KKM,,PAHANG,KUANTAN,KLINIK PERGIGIAN,KLINIK PERGIGIAN SEKOLAH RENDAH,KLINIK PERGIGIAN SEKOLAH D/A SEKOLAH KEBANGSAAN ST THOMAS,"JALAN BUKIT SEKILAU, 25000 KUANTAN, PAHANG",,25000,,,,,3.813162,103.3246
4465,21-06050515,BUKA,AWAM,KKM,,PAHANG,KUANTAN,KLINIK PERGIGIAN,KLINIK PERGIGIAN SEKOLAH RENDAH,KLINIK PERGIGIAN SEKOLAH D/A SEKOLAH KEBANGSAAN SULTAN ABDULLAH,"JALAN DATO' WONG AH JANG, 25100 KUANTAN, PAHANG",,25100,,,,,3.807115,103.3212
4466,21-06050510,BUKA,AWAM,KKM,,PAHANG,KUANTAN,KLINIK PERGIGIAN,KLINIK PERGIGIAN SEKOLAH RENDAH,KLINIK PERGIGIAN SEKOLAH D/A SEKOLAH JENIS KEBANGSAAN (CINA) KUANG HWA,"INDERA MAHKOTA, 25200 KUANTAN, PAHANG",,25200,,,,,3.820763,103.297
4467,21-06050509,BUKA,AWAM,KKM,,PAHANG,KUANTAN,KLINIK PERGIGIAN,KLINIK PERGIGIAN SEKOLAH RENDAH,KLINIK PERGIGIAN SEKOLAH D/A SEKOLAH JENIS KEBANGSAAN (CINA) PEI CHAI,"JALAN AIR PUTIH, 25300 KUANTAN, PAHANG",,25300,,,,,3.834992,103.3354
4468,21-06050503,BUKA,AWAM,KKM,,PAHANG,KUANTAN,KLINIK PERGIGIAN,KLINIK PERGIGIAN SEKOLAH RENDAH,KLINIK PERGIGIAN SEKOLAH D/A SEKOLAH KEBANGSAAN TERUNTUM,"JALAN GAMBUT, 25000 KUANTAN, PAHANG",,25000,,,,,3.809715,103.3263
4469,21-06050501,BUKA,AWAM,KKM,,PAHANG,KUANTAN,KLINIK PERGIGIAN,KLINIK PERGIGIAN SEKOLAH RENDAH,KLINIK PERGIGIAN SEKOLAH D/A SEKOLAH KEBANGSAAN BALOK,"JALAN KEMAMAN, 26100 KUANTAN, PAHANG",,26100,,,,,3.937636,103.3701
4470,21-06050500,BUKA,AWAM,KKM,,PAHANG,KUANTAN,KLINIK PERGIGIAN,KLINIK PERGIGIAN SEKOLAH RENDAH,KLINIK PERGIGIAN SEKOLAH D/A SEKOLAH KEBANGSAAN CENDERAWASIH,"LORONG BUKIT SETONGKOL 13, TAMAN CENDERAWASIH, 25200 KUANTAN, PAHANG",,25200,,,,,3.796906,103.2974
4471,21-06050498,BUKA,AWAM,KKM,,PAHANG,KUANTAN,KLINIK PERGIGIAN,KLINIK PERGIGIAN SEKOLAH RENDAH,KLINIK PERGIGIAN SEKOLAH D/A SEKOLAH KEBANGSAAN PEREMPUAN METHODIST,"JALAN GAMBUT, 25000 KUANTAN, PAHANG",,25000,,,,,3.811634,103.3278
4472,21-06050492,BUKA,AWAM,KKM,,PAHANG,KUANTAN,KLINIK PERGIGIAN,KLINIK PERGIGIAN SEKOLAH RENDAH,KLINIK PERGIGIAN SEKOLAH D/A SEKOLAH KEBANGSAAN FAKEH ABD. SAMAD,"JALAN GAMBANG, 25150 KUANTAN, PAHANG",,25150,,,,,3.769476,103.2359
4473,21-06050489,BUKA,AWAM,KKM,,PAHANG,KUANTAN,KLINIK PERGIGIAN,KLINIK PERGIGIAN SEKOLAH RENDAH,KLINIK PERGIGIAN SEKOLAH D/A SEKOLAH JENIS KEBANGSAAN (CINA) SUNGAI LEMBING,"SUNGAI LEMBING, 26200 KUANTAN, PAHANG",,26200,,,,,3.894433,103.0933
4474,21-06050484,BUKA,AWAM,KKM,,PAHANG,KUANTAN,KLINIK PERGIGIAN,KLINIK PERGIGIAN SEKOLAH RENDAH,KLINIK PERGIGIAN SEKOLAH D/A SEKOLAH KEBANGSAAN ASSUNTA CONVENT,"JALAN TENGKU MUHAMMAD, ALOR AKAR, 25050 KUANTAN, PAHANG",,25050,,,,,3.819967,103.3678
4475,21-06050465,BUKA,AWAM,KKM,,PAHANG,KUANTAN,KLINIK PERGIGIAN,KLINIK PERGIGIAN SEKOLAH RENDAH,KLINIK PERGIGIAN SEKOLAH D/A SEKOLAH KEBANGSAAN SUNGAI LEMBING,"JALAN SUNGAI LEMBING, 25200 KUANTAN, PAHANG",,25200,,,,,3.926253,103.0456
4476,21-06050464,BUKA,AWAM,KKM,,PAHANG,KUANTAN,KLINIK PERGIGIAN,KLINIK PERGIGIAN SEKOLAH RENDAH,KLINIK PERGIGIAN SEKOLAH D/A SEKOLAH KEBANGSAAN PERMATANG BADAK,"KAMPUNG PERMATANG BADAK, 25150 KUANTAN, PAHANG",,25150,,,,,3.790693,103.2672
4477,21-06050453,BUKA,AWAM,KKM,,PAHANG,KUANTAN,KLINIK PERGIGIAN,KLINIK PERGIGIAN SEKOLAH RENDAH,KLINIK PERGIGIAN SEKOLAH D/A SEKOLAH KEBANGSAAN (LKTP) BUKIT GOH,"(LKTP) BUKIT GOH, 26050 KUANTAN, PAHANG",,26050,,,,,3.91361,103.2565
4478,21-06050514,BUKA,AWAM,KKM,,PAHANG,KUANTAN,KLINIK PERGIGIAN,KLINIK PERGIGIAN SEKOLAH MENENGAH,KLINIK PERGIGIAN SEKOLAH D/A SEKOLAH MENENGAH KEBANGSAAN ABDUL RAHMAN TALIB,"JALAN ALOR AKAR, 25250 KUANTAN, PAHANG",,25250,,,,,3.824639,103.3394
4479,21-06050513,BUKA,AWAM,KKM,,PAHANG,KUANTAN,KLINIK PERGIGIAN,KLINIK PERGIGIAN SEKOLAH MENENGAH,KLINIK PERGIGIAN SEKOLAH D/A SEKOLAH MENENGAH SAINS SULTAN HAJI AHMAD SHAH,"KM 12, JALAN GAMBANG 25150 KUANTAN, PAHANG",,25150,,,,,3.769057,103.2335
4480,21-06050459,BUKA,AWAM,KKM,,PAHANG,KUANTAN,KLINIK PERGIGIAN,KLINIK PERGIGIAN SEKOLAH MENENGAH,KLINIK PERGIGIAN SEKOLAH D/A SEKOLAH MENENGAH KEBANGSAAN AIR PUTIH,"25300 KUANTAN, PAHANG",,25300,,,,,3.828264,103.3369
4481,21-06050455,BUKA,AWAM,KKM,,PAHANG,KUANTAN,KLINIK PERGIGIAN,KLINIK PERGIGIAN SEKOLAH MENENGAH,KLINIK PERGIGIAN SEKOLAH D/A MAKTAB RENDAH SAINS MARA KUANTAN,"JALAN TOK SIRA, KAMPUNG ALOR AKAR, 25250 KUANTAN, PAHANG",,25250,,,,,3.821958,103.3528
4482,21-06050454,BUKA,AWAM,KKM,,PAHANG,KUANTAN,KLINIK PERGIGIAN,KLINIK PERGIGIAN SEKOLAH MENENGAH,KLINIK PERGIGIAN SEKOLAH D/A SEKOLAH MENENGAH KEBANGSAAN TANAH PUTEH,"JALAN TANAH PUTIH, 25100 KUANTAN, PAHANG",,25100,,,,,3.793801,103.3145
4483,21-06050518,BUKA,AWAM,KKM,,PAHANG,KUANTAN,KLINIK PERGIGIAN,KLINIK PERGIGIAN SEKOLAH (PUSAT PERGIGIAN SEKOLAH),PUSAT PERGIGIAN SEKOLAH D/A SEKOLAH MENENGAH ALOR AKAR,"SEKOLAH MENENGAH ALOR AKAR, 25000 KUANTAN, PAHANG",,25000,,,,,3.830737,103.3526
4484,21-06050399D,BUKA,AWAM,KKM,,PAHANG,KUANTAN,KLINIK PERGIGIAN,KLINIK PERGIGIAN DI UTC,KLINIK PERGIGIAN DI KLINIK KESIHATAN UTC PAHANG,"ARAS BAWAH BANGUNAN UTC, 25000 KUANTAN, PAHANG",,25000,,,,,3.813166,103.3246
4486,91-06060345,BUKA,AWAM,KKM,,PAHANG,LIPIS,PEJABAT KESIHATAN PERGIGIAN,PEJABAT KESIHATAN PERGIGIAN DAERAH,PEJABAT KESIHATAN PERGIGIAN DAERAH LIPIS,"27200 KUALA LIPIS, PAHANG",,27200,,,,,4.178115,102.0466
4487,21-06060372,BUKA,AWAM,KKM,,PAHANG,LIPIS,KLINIK PERGIGIAN,KLINIK PERGIGIAN (STANDALONE),KLINIK PERGIGIAN KUALA LIPIS,"27200 KUALA LIPIS, PAHANG",,27200,,,,,4.184326,102.0555
4488,21-06060074D,BUKA,AWAM,KKM,,PAHANG,LIPIS,KLINIK PERGIGIAN,KLINIK PERGIGIAN DI KLINIK KESIHATAN,KLINIK PERGIGIAN DI KLINIK KESIHATAN SG. KOYAN,"27650 KUALA LIPIS, PAHANG",,27650,,,,,4.227925,101.8001
4489,21-06060065D,BUKA,AWAM,KKM,,PAHANG,LIPIS,KLINIK PERGIGIAN,KLINIK PERGIGIAN DI KLINIK KESIHATAN,KLINIK PERGIGIAN DI KLINIK KESIHATAN PADANG TENGKU,"27100 KUALA LIPIS, PAHANG",,27100,,,,,4.235612,101.9882
4490,21-06060062D,BUKA,AWAM,KKM,,PAHANG,LIPIS,KLINIK PERGIGIAN,KLINIK PERGIGIAN DI KLINIK KESIHATAN,KLINIK PERGIGIAN DI KLINIK KESIHATAN MERAPOH,"27200 KUALA LIPIS, PAHANG",,27200,,,,,4.099253,102.1175
4491,21-06060060D,BUKA,AWAM,KKM,,PAHANG,LIPIS,KLINIK PERGIGIAN,KLINIK PERGIGIAN DI KLINIK KESIHATAN,KLINIK PERGIGIAN DI KLINIK KESIHATAN MELA,"27010 KUALA LIPIS, PAHANG",,27010,,,,,4.07371,102.269
4492,21-06060033D,BUKA,AWAM,KKM,,PAHANG,LIPIS,KLINIK PERGIGIAN,KLINIK PERGIGIAN DI KLINIK KESIHATAN,KLINIK PERGIGIAN DI KLINIK KESIHATAN BUKIT BETONG,"27200 KUALA LIPIS, PAHANG",,27200,,,,,4.253191,101.9206
4493,21-06060031D,BUKA,AWAM,KKM,,PAHANG,LIPIS,KLINIK PERGIGIAN,KLINIK PERGIGIAN DI KLINIK KESIHATAN,KLINIK PERGIGIAN DI KLINIK KESIHATAN BENTA,"27200 KUALA LIPIS, PAHANG",,27200,,,,,4.013199,101.9604
4494,11-06060018D,BUKA,AWAM,KKM,,PAHANG,LIPIS,KLINIK PERGIGIAN,KLINIK PERGIGIAN DI HOSPITAL,KLINIK PERGIGIAN DI HOSPITAL KUALA LIPIS,"27200 KUALA LIPIS, PAHANG",,27200,,,,,4.181764,102.0558
4495,21-06060511,BUKA,AWAM,KKM,,PAHANG,LIPIS,KLINIK PERGIGIAN,KLINIK PERGIGIAN SEKOLAH RENDAH,KLINIK PERGIGIAN SEKOLAH D/A SEKOLAH KEBANGSAAN CLIFFORD,"JALAN PEKELILING, 27200 KUALA LIPIS, PAHANG",,27200,,,,,4.176511,102.0403
4496,21-06060460,BUKA,AWAM,KKM,,PAHANG,LIPIS,KLINIK PERGIGIAN,KLINIK PERGIGIAN SEKOLAH RENDAH,KLINIK PERGIGIAN SEKOLAH D/A SEKOLAH KEBANGSAAN (FELDA) SG KOYAN,"JALAN KETUALANG, FELDA SG KOYAN 1, 27650 RAUB, PAHANG",,27650,,,,,4.217584,101.8024
4497,21-06060506,BUKA,AWAM,KKM,,PAHANG,LIPIS,KLINIK PERGIGIAN,KLINIK PERGIGIAN SEKOLAH MENENGAH,KLINIK PERGIGIAN SEKOLAH D/A SEKOLAH MENENGAH KEBANGSAAN PADANG TENGKU,"PADANG TENGKU, 27100 KUALA LIPIS, PAHANG",,27100,,,,,4.23539,101.9892
4498,21-06060505,BUKA,AWAM,KKM,,PAHANG,LIPIS,KLINIK PERGIGIAN,KLINIK PERGIGIAN SEKOLAH MENENGAH,KLINIK PERGIGIAN SEKOLAH D/A SEKOLAH MENENGAH KEBANGSAAN MERAPOH,"MERAPOH, 27210 KUALA LIPIS, PAHANG",,27210,,,,,4.69886,102.0049
4500,91-06070342,BUKA,AWAM,KKM,,PAHANG,MARAN,PEJABAT KESIHATAN PERGIGIAN,PEJABAT KESIHATAN PERGIGIAN DAERAH,PEJABAT KESIHATAN PERGIGIAN DAERAH MARAN,"JALAN MARAN, 26500 MARAN PAHANG",,26500,,,,,3.567687,102.7267
4501,21-06070522D,BUKA,AWAM,KKM,,PAHANG,MARAN,KLINIK PERGIGIAN,KLINIK PERGIGIAN DI KLINIK KESIHATAN,KLINIK PERGIGIAN DI KLINIK KESIHATAN SRI JAYA,"KLINIK PERGIGIAN DI KLINIK KESIHATAN SRI JAYA, SRI JAYA, 26500 MARAN, PAHANG",,26500,,,,,3.669402,102.8869
4502,21-06070067D,BUKA,AWAM,KKM,,PAHANG,MARAN,KLINIK PERGIGIAN,KLINIK PERGIGIAN DI KLINIK KESIHATAN,KLINIK PERGIGIAN DI KLINIK KESIHATAN PEKAN TAJAU,"25000 MARAN, PAHANG",,25000,,,,,3.56058,102.691
4503,21-06070066D,BUKA,AWAM,KKM,,PAHANG,MARAN,KLINIK PERGIGIAN,KLINIK PERGIGIAN DI KLINIK KESIHATAN,KLINIK PERGIGIAN DI KLINIK KESIHATAN PEKAN AWAH,"28100 MARAN, PAHANG",,28100,,,,,3.493117,102.5317
4504,21-06070059D,BUKA,AWAM,KKM,,PAHANG,MARAN,KLINIK PERGIGIAN,KLINIK PERGIGIAN DI KLINIK KESIHATAN,KLINIK PERGIGIAN DI KLINIK KESIHATAN MARAN,"JALAN MARAN, 26500 MARAN, PAHANG",,26500,,,,,3.584678,102.7742
4505,21-06070046D,BUKA,AWAM,KKM,,PAHANG,MARAN,KLINIK PERGIGIAN,KLINIK PERGIGIAN DI KLINIK KESIHATAN,"KLINIK PERGIGIAN DI KLINIK KESIHATAN JENGKA 22,","FELDA JENGKA 22, 26400 BANDAR JENGKA, PAHANG",,26400,,,,,3.710105,102.4763
4506,21-06070045D,BUKA,AWAM,KKM,,PAHANG,MARAN,KLINIK PERGIGIAN,KLINIK PERGIGIAN DI KLINIK KESIHATAN,KLINIK PERGIGIAN DI KLINIK KESIHATAN JENGKA 2,"FELDA JENGKA, 26400 BANDAR JENGKA, PAHANG",,26400,,,,,3.715177,102.6125
4507,21-06070038D,BUKA,AWAM,KKM,,PAHANG,MARAN,KLINIK PERGIGIAN,KLINIK PERGIGIAN DI KLINIK KESIHATAN,KLINIK PERGIGIAN DI KLINIK KESIHATAN CHENOR,"28100 MARAN, PAHANG",,28100,,,,,3.479091,102.592
4508,21-06070027D,BUKA,AWAM,KKM,,PAHANG,MARAN,KLINIK PERGIGIAN,KLINIK PERGIGIAN DI KLINIK KESIHATAN,KLINIK PERGIGIAN DI KLINIK KESIHATAN BANDAR JENGKA,"26400 BANDAR JENGKA, PAHANG",,26400,,,,,3.766244,102.5428
4509,11-06070016D,BUKA,AWAM,KKM,,PAHANG,MARAN,KLINIK PERGIGIAN,KLINIK PERGIGIAN DI HOSPITAL,KLINIK PERGIGIAN DI HOSPITAL JENGKA,"26400 JENGKA, PAHANG",,26400,,,,,3.77308,102.5517
4510,21-06070491,BUKA,AWAM,KKM,,PAHANG,MARAN,KLINIK PERGIGIAN,KLINIK PERGIGIAN SEKOLAH RENDAH,KLINIK PERGIGIAN SEKOLAH D/A SEKOLAH KEBANGSAAN JENGKA PUSAT 2,"LINTASAN SEMARAK, 26400 BANDAR JENGKA, PAHANG",,26400,,,,,3.758218,102.5597
4511,21-06070470,BUKA,AWAM,KKM,,PAHANG,MARAN,KLINIK PERGIGIAN,KLINIK PERGIGIAN SEKOLAH MENENGAH,KLINIK PERGIGIAN SEKOLAH D/A SEKOLAH MENENGAH KEBANGSAAN JENGKA PUSAT,"BANDAR JENGKA, 26400 BANDAR JENGKA, PAHANG",,26400,,,,,3.775439,102.5464
4513,91-06080339,BUKA,AWAM,KKM,,PAHANG,PEKAN,PEJABAT KESIHATAN PERGIGIAN,PEJABAT KESIHATAN PERGIGIAN DAERAH,PEJABAT KESIHATAN PERGIGIAN DAERAH PEKAN,"26600 PEKAN, PAHANG",,26600,,,,,3.489349,103.3932
4514,21-06080362D,BUKA,AWAM,KKM,,PAHANG,PEKAN,KLINIK PERGIGIAN,KLINIK PERGIGIAN DI KLINIK KESIHATAN,KLINIK PERGIGIAN DI KLINIK KESIHATAN BANDAR PEKAN,"26600 PEKAN, PAHANG",,26600,,,,,3.489714,103.3928
4515,21-06080068D,BUKA,AWAM,KKM,,PAHANG,PEKAN,KLINIK PERGIGIAN,KLINIK PERGIGIAN DI KLINIK KESIHATAN,KLINIK PERGIGIAN DI KLINIK KESIHATAN PERAMU JAYA,"PERAMU JAYA, 26600 PEKAN, PAHANG",,26600,,,,,3.546289,103.3831
4516,21-06080064D,BUKA,AWAM,KKM,,PAHANG,PEKAN,KLINIK PERGIGIAN,KLINIK PERGIGIAN DI KLINIK KESIHATAN,KLINIK PERGIGIAN DI KLINIK KESIHATAN PADANG RUMBIA,"KAMPUNG PADANG RUMBIA, 26600 PEKAN, PAHANG",,26600,,,,,3.530369,103.202
4517,21-06080063D,BUKA,AWAM,KKM,,PAHANG,PEKAN,KLINIK PERGIGIAN,KLINIK PERGIGIAN DI KLINIK KESIHATAN,KLINIK PERGIGIAN DI KLINIK KESIHATAN NENASI,"KAMPUNG NENASI, 26680 PEKAN, PAHANG",,26680,,,,,3.138602,103.4378
4518,21-06080040D,BUKA,AWAM,KKM,,PAHANG,PEKAN,KLINIK PERGIGIAN,KLINIK PERGIGIAN DI KLINIK KESIHATAN,KLINIK PERGIGIAN DI KLINIK KESIHATAN CHINI,"FELDA CHINI 1, 26690 CHINI, PEKAN, PAHANG",,26690,,,,,3.374392,102.9451
4519,21-06080493,BUKA,AWAM,KKM,,PAHANG,PEKAN,KLINIK PERGIGIAN,KLINIK PERGIGIAN SEKOLAH RENDAH,KLINIK PERGIGIAN SEKOLAH D/A SEKOLAH KEBANGSAAN INDERA SHAHBANDAR,"KAMPUNG KUALA PAHANG, 26660 PEKAN, PAHANG",,26660,,,,,3.529711,103.4487
4520,21-06080483,BUKA,AWAM,KKM,,PAHANG,PEKAN,KLINIK PERGIGIAN,KLINIK PERGIGIAN SEKOLAH RENDAH,KLINIK PERGIGIAN SEKOLAH D/A SEKOLAH KEBANGSAAN SULTAN AHMAD,"JALAN ROMPIN LAMA, 26600 PEKAN, PAHANG",,26600,,,,,3.485491,103.3925
4521,21-06080466,BUKA,AWAM,KKM,,PAHANG,PEKAN,KLINIK PERGIGIAN,KLINIK PERGIGIAN SEKOLAH RENDAH,KLINIK PERGIGIAN SEKOLAH D/A SEKOLAH KEBANGSAAN TANAH PUTEH,"KAMPUNG TANAH PUTEH, 26600 PEKAN, PAHANG",,26600,,,,,3.586154,103.3696
4522,21-06080462,BUKA,AWAM,KKM,,PAHANG,PEKAN,KLINIK PERGIGIAN,KLINIK PERGIGIAN SEKOLAH RENDAH,KLINIK PERGIGIAN SEKOLAH D/A SEKOLAH KEBANGSAA CHINI 1 & 4,"FELDA CHINI 1, 26690 CHINI, PAHANG",,26690,,,,,3.372774,102.9375
4523,21-06080480,BUKA,AWAM,KKM,,PAHANG,PEKAN,KLINIK PERGIGIAN,KLINIK PERGIGIAN SEKOLAH MENENGAH,KLINIK PERGIGIAN SEKOLAH D/A SEKOLAH MENENGAH KEBANGSAAN PALOH HINAI,"PALOH HINAI, 26650 PEKAN, PAHANG",,26650,,,,,3.487035,103.0919
4524,21-06080473,BUKA,AWAM,KKM,,PAHANG,PEKAN,KLINIK PERGIGIAN,KLINIK PERGIGIAN SEKOLAH MENENGAH,KLINIK PERGIGIAN SEKOLAH D/A SEKOLAH SULTAN HAJI AHMAD SHAH,"JALAN SULTAN ABU BAKAR, 26600 PEKAN, PAHANG",,26600,,,,,3.498556,103.3805
4525,21-06080471,BUKA,AWAM,KKM,,PAHANG,PEKAN,KLINIK PERGIGIAN,KLINIK PERGIGIAN SEKOLAH MENENGAH,KLINIK PERGIGIAN SEKOLAH D/A SEKOLAH MENENGAH DATO' MAHMUD MAT,"TANAH PUTEH, 26600 PEKAN, PAHANG",,26600,,,,,3.582689,103.3731
4526,21-06080398D,BUKA,AWAM,KKM,,PAHANG,PEKAN,KLINIK PERGIGIAN,KLINIK PERGIGIAN DI RTC,KLINIK PERGIGIAN DI KLINIK KOMUNITI RTC,"26600 KUALA PAHANG, PEKAN, PAHANG",,26600,,,,,3.530927,103.4614
4527,91-06090344,BUKA,AWAM,KKM,,PAHANG,RAUB,PEJABAT KESIHATAN PERGIGIAN,PEJABAT KESIHATAN PERGIGIAN DAERAH,PEJABAT KESIHATAN PERGIGIAN DAERAH RAUB,"27600 RAUB, PAHANG",,27600,,,,,3.795494,101.8549
4528,21-06070561,BUKA,AWAM,KKM,,PAHANG,RAUB,KLINIK PERGIGIAN,KLINIK PERGIGIAN (STANDALONE),KLINIK PERGIGIAN RAUB,"27600 RAUB, PAHANG",,27600,,,,,3.79496,101.8504
4529,21-06090083D,BUKA,AWAM,KKM,,PAHANG,RAUB,KLINIK PERGIGIAN,KLINIK PERGIGIAN DI KLINIK KESIHATAN,KLINIK PERGIGIAN DI KLINIK KESIHATAN ULU GALI,"27600 ULU GALI, RAUB, PAHANG.",,27600,,,,,3.823775,101.9136
4530,21-06090081D,BUKA,AWAM,KKM,,PAHANG,RAUB,KLINIK PERGIGIAN,KLINIK PERGIGIAN DI KLINIK KESIHATAN,"KLINIK PERGIGIAN DI KLINIK KESIHATAN TERSANG,","27610 TERSANG, PAHANG.",,27610,,,,,4.073397,101.7955
4531,21-06090048D,BUKA,AWAM,KKM,,PAHANG,RAUB,KLINIK PERGIGIAN,KLINIK PERGIGIAN DI KLINIK KESIHATAN,KLINIK PERGIGIAN DI KLINIK KESIHATAN JERUAS,"27660 JERUAS RAUB, PAHANG.",,27660,,,,,3.981481,101.9047
4532,21-06090042D,BUKA,AWAM,KKM,,PAHANG,RAUB,KLINIK PERGIGIAN,KLINIK PERGIGIAN DI KLINIK KESIHATAN,KLINIK PERGIGIAN DI KLINIK KESIHATAN DONG,"27400 RAUB, PAHANG.",,27400,,,,,3.901193,101.8953
4533,21-06090039D,BUKA,AWAM,KKM,,PAHANG,RAUB,KLINIK PERGIGIAN,KLINIK PERGIGIAN DI KLINIK KESIHATAN,KLINIK PERGIGIAN DI KLINIK KESIHATAN CHEROH,"27600 CHEROH RAUB, PAHANG.",,27600,,,,,3.912157,101.8117
4534,21-06070560D,BUKA,AWAM,KKM,,PAHANG,RAUB,KLINIK PERGIGIAN,KLINIK PERGIGIAN DI KLINIK KESIHATAN,KLINIK PERGIGIAN DI KLINIK KESIHATAN BANDAR RAUB,"JALAN CHEROH LAMA, 27600 RAUB, PAHANG",,27600,,,,,3.795354,101.8505
4535,21-06090497,BUKA,AWAM,KKM,,PAHANG,RAUB,KLINIK PERGIGIAN,KLINIK PERGIGIAN SEKOLAH RENDAH,KLINIK PERGIGIAN SEKOLAH D/A SEKOLAH KEBANGSAAN (CINA) CHUNG CHING,"JALAN LIPIS, 27600 RAUB, PAHANG",,27600,,,,,3.796801,101.8612
4536,21-06090496,BUKA,AWAM,KKM,,PAHANG,RAUB,KLINIK PERGIGIAN,KLINIK PERGIGIAN SEKOLAH RENDAH,KLINIK PERGIGIAN SEKOLAH D/A SEKOLAH KEBANGSAAN MAHMUD,"JALAN CHEROH, 27600 RAUB, PAHANG",,27600,,,,,3.800109,101.8497
4537,21-06090463,BUKA,AWAM,KKM,,PAHANG,RAUB,KLINIK PERGIGIAN,KLINIK PERGIGIAN SEKOLAH RENDAH,KLINIK PERGIGIAN SEKOLAH D/A SEKOLAH KEBANGSAAN LKTP TERSANG SATU,"FELDA TERSANG 1, 27600 RAUB, PAHANG.",,27600,,,,,4.067166,101.7998
4538,21-06090481,BUKA,AWAM,KKM,,PAHANG,RAUB,KLINIK PERGIGIAN,KLINIK PERGIGIAN SEKOLAH MENENGAH,KLINIK PERGIGIAN SEKOLAH D/A SEKOLAH MENENGAH KEBANGSAAN LKTP TERSANG,"FELDA TERSANG 2, 27610 RAUB, PAHANG",,27610,,,,,4.069388,101.8006
4539,21-06090478,BUKA,AWAM,KKM,,PAHANG,RAUB,KLINIK PERGIGIAN,KLINIK PERGIGIAN SEKOLAH MENENGAH,KLINIK PERGIGIAN SEKOLAH D/A SEKOLAH MENENGAH MAHMUD,"JALAN TRAS, 27600 RAUB, PAHANG",,27600,,,,,3.788213,101.8589
4540,21-06090477,BUKA,AWAM,KKM,,PAHANG,RAUB,KLINIK PERGIGIAN,KLINIK PERGIGIAN SEKOLAH MENENGAH,KLINIK PERGIGIAN SEKOLAH D/A SEKOLAH MENENGAH TENGKU KUDIN,"JALAN CHEROH, 27600 RAUB, PAHANG.",,27600,,,,,3.801877,101.849
4541,21-06090474,BUKA,AWAM,KKM,,PAHANG,RAUB,KLINIK PERGIGIAN,KLINIK PERGIGIAN SEKOLAH MENENGAH,KLINIK PERGIGIAN SEKOLAH D/A SEKOLAH MENENGAH SAINS TENGKU ABDULLAH,"KM 6, JALAN LIPIS, 27600 RAUB, PAHANG.",,27600,,,,,3.828671,101.8935
4543,91-06100340,BUKA,AWAM,KKM,,PAHANG,ROMPIN,PEJABAT KESIHATAN PERGIGIAN,PEJABAT KESIHATAN PERGIGIAN DAERAH,PEJABAT KESIHATAN PERGIGIAN DAERAH ROMPIN,"TINGKAT 1, PEJABAT KESIHATAN DAERAH, JALAN KAMPUNG KOLAM, 26800 KUALA ROMPIN, PAHANG",,26800,,,,,2.797008,103.4951
4544,21-06100079D,BUKA,AWAM,KKM,,PAHANG,ROMPIN,KLINIK PERGIGIAN,KLINIK PERGIGIAN DI KLINIK KESIHATAN,KLINIK PERGIGIAN DI KLINIK KESIHATAN TEKEK,"TEKEK, PULAU TIOMAN, 86800 ROMPIN, PAHANG.",,86800,,,,,2.818097,104.1583
4545,21-06100078D,BUKA,AWAM,KKM,,PAHANG,ROMPIN,KLINIK PERGIGIAN,KLINIK PERGIGIAN DI KLINIK KESIHATAN,KLINIK PERGIGIAN DI KLINIK KESIHATAN TELUK GADING,"26820 KUALA ROMPIN, PAHANG.",,26820,,,,,2.670714,103.6141
4546,21-06100071D,BUKA,AWAM,KKM,,PAHANG,ROMPIN,KLINIK PERGIGIAN,KLINIK PERGIGIAN DI KLINIK KESIHATAN,KLINIK PERGIGIAN DI KLINIK KESIHATAN ROMPIN,"26800 KUALA ROMPIN, PAHANG",,26800,,,,,2.801305,103.4803
4547,21-06100070D,BUKA,AWAM,KKM,,PAHANG,ROMPIN,KLINIK PERGIGIAN,KLINIK PERGIGIAN DI KLINIK KESIHATAN,KLINIK PERGIGIAN DI KLINIK KESIHATAN PERWIRA JAYA,"WAKIL POS, BANDAR 19, 26700 MUADZAM SHAH, ROMPIN PAHANG.",,26700,,,,,2.687065,102.949
4548,21-06100069D,BUKA,AWAM,KKM,,PAHANG,ROMPIN,KLINIK PERGIGIAN,KLINIK PERGIGIAN DI KLINIK KESIHATAN,KLINIK PERGIGIAN DI KLINIK KESIHATAN PERANTAU DAMAI,"26700 MUADZAM SHAH, ROMPIN PAHANG",,26700,,,,,2.968644,102.9856
4549,21-06100035D,BUKA,AWAM,KKM,,PAHANG,ROMPIN,KLINIK PERGIGIAN,KLINIK PERGIGIAN DI KLINIK KESIHATAN,KLINIK PERGIGIAN DI KLINIK KESIHATAN BUKIT IBAM,"MUADZAM SHAH, 26700 ROMPIN, PAHANG",,26700,,,,,3.15918,102.9759
4550,21-06100030D,BUKA,AWAM,KKM,,PAHANG,ROMPIN,KLINIK PERGIGIAN,KLINIK PERGIGIAN DI KLINIK KESIHATAN,KLINIK PERGIGIAN DI KLINIK KESIHATAN BANDAR TUN RAZAK,"26900 BANDAR TUN RAZAK, ROMPIN, PAHANG",,26900,,,,,2.90423,102.8995
4551,11-06100019D,BUKA,AWAM,KKM,,PAHANG,ROMPIN,KLINIK PERGIGIAN,KLINIK PERGIGIAN DI HOSPITAL,KLINIK PERGIGIAN DI HOSPITAL MUADZAM SHAH,"26700 MUADZAM SHAH, ROMPIN, PAHANG",,26700,,,,,3.053454,103.0906
4552,21-06100502,BUKA,AWAM,KKM,,PAHANG,ROMPIN,KLINIK PERGIGIAN,KLINIK PERGIGIAN SEKOLAH RENDAH,KLINIK PERGIGIAN SEKOLAH D/A SEKOLAH KEBANGSAAN BUKIT RIDAN,"JALAN SEKOLAH, 26000 MUADZAM SHAH, PAHANG",,26000,,,,,3.061778,103.09
4553,21-06100499,BUKA,AWAM,KKM,,PAHANG,ROMPIN,KLINIK PERGIGIAN,KLINIK PERGIGIAN SEKOLAH RENDAH,KLINIK PERGIGIAN SEKOLAH D/A SEKOLAH KEBANGSAAN (LKTP) KERATONG 4,"JALAN MAKTAB, 26900 BANDAR TUN RAZAK, PAHANG",,26900,,,,,2.905753,102.9136
4554,21-06100468,BUKA,AWAM,KKM,,PAHANG,ROMPIN,KLINIK PERGIGIAN,KLINIK PERGIGIAN SEKOLAH RENDAH,KLINIK PERGIGIAN SEKOLAH D/A SEKOLAH KEBAGSAAN ROMPIN,"BANDAR KUALA ROMPIN, 26800 KUALA ROMPIN, PAHANG",,26800,,,,,2.801529,103.4844
4555,21-06100507,BUKA,AWAM,KKM,,PAHANG,ROMPIN,KLINIK PERGIGIAN,KLINIK PERGIGIAN SEKOLAH MENENGAH,KLINIK PERGIGIAN SEKOLAH D/A SEKOLAH MENENGAH KEBANGSAAN ROMPIN,"JALAN TUN SYED OTHMAN, 26800 KUALA ROMPIN, PAHANG",,26800,,,,,2.802093,103.4867
4556,21-06100479,BUKA,AWAM,KKM,,PAHANG,ROMPIN,KLINIK PERGIGIAN,KLINIK PERGIGIAN SEKOLAH MENENGAH,KLINIK PERGIGIAN SEKOLAH D/A SEKOLAH MENENGAH KEBANGSAAN MUADZAM SHAH,"JALAN SEKOLAH, 26700 MUADZAM SHAH, PAHANG",,26700,,,,,3.061113,103.0894
4557,21-06100472,BUKA,AWAM,KKM,,PAHANG,ROMPIN,KLINIK PERGIGIAN,KLINIK PERGIGIAN SEKOLAH MENENGAH,KLINIK PERGIGIAN SEKOLAH D/A SEKOLAH MENENGAH KEBANGSAAN KERATONG,"JALAN SEKOLAH, 26900 BANDAR TUN RAZAK, PAHANG",,26900,,,,,2.897097,102.8966
4558,91-06110341,BUKA,AWAM,KKM,,PAHANG,TEMERLOH,PEJABAT KESIHATAN PERGIGIAN,PEJABAT KESIHATAN PERGIGIAN DAERAH,PEJABAT KESIHATAN PERGIGIAN DAERAH TEMERLOH DAN BERA,"JALAN KARAK, 28400 MENTAKAB, PAHANG",,28400,,,,,3.479788,102.3401
4559,21-06110377D,BUKA,AWAM,KKM,,PAHANG,TEMERLOH,KLINIK PERGIGIAN,KLINIK PERGIGIAN DI KLINIK KESIHATAN,KLINIK PERGIGIAN DI KLINIK KESIHATAN TANJUNG LALANG,"28200 TEMERLOH, PAHANG.",,28200,,,,,3.467559,102.3882
4560,21-06110080D,BUKA,AWAM,KKM,,PAHANG,TEMERLOH,KLINIK PERGIGIAN,KLINIK PERGIGIAN DI KLINIK KESIHATAN,KLINIK PERGIGIAN DI KLINIK KESIHATAN TEMERLOH,"JALAN TRIANG, 28000 TEMERLOH, PAHANG.",,28000,,,,,3.445617,102.424
4561,21-06110055D,BUKA,AWAM,KKM,,PAHANG,TEMERLOH,KLINIK PERGIGIAN,KLINIK PERGIGIAN DI KLINIK KESIHATAN,KLINIK PERGIGIAN DI KLINIK KESIHATAN LANCHANG,"28500 TEMERLOH, PAHANG.",,28500,,,,,3.499684,102.1854
4562,21-06110052D,BUKA,AWAM,KKM,,PAHANG,TEMERLOH,KLINIK PERGIGIAN,KLINIK PERGIGIAN DI KLINIK KESIHATAN,KLINIK PERGIGIAN DI KLINIK KESIHATAN KUALA KRAU,"28050 TEMERLOH, PAHANG.",,28050,,,,,3.709601,102.3654
4563,21-06110029D,BUKA,AWAM,KKM,,PAHANG,TEMERLOH,KLINIK PERGIGIAN,KLINIK PERGIGIAN DI KLINIK KESIHATAN,KLINIK PERGIGIAN DI KLINIK KESIHATAN BANDAR MENTAKAB,"JALAN KARAK, 28400 MENTAKAB, PAHANG",,28400,,,,,3.481386,102.3422
4564,11-06110022D,BUKA,AWAM,KKM,,PAHANG,TEMERLOH,KLINIK PERGIGIAN,KLINIK PERGIGIAN DI HOSPITAL,KLINIK PERGIGIAN DI HOSPITAL SULTAN HAJI AHMAD SHAH,"JALAN MARAN, 28500 TEMERLOH, PAHANG",,28500,,,,,3.453154,102.4515
4565,21-06110490,BUKA,AWAM,KKM,,PAHANG,TEMERLOH,KLINIK PERGIGIAN,KLINIK PERGIGIAN SEKOLAH RENDAH,KLINIK PERGIGIAN SEKOLAH D/A SEKOLAH KEBANGSAAN ABU BAKAR,"JALAN SIANTAN, 28400 MENTAKAB, PAHANG",,28400,,,,,3.486698,102.346
4566,21-06110485,BUKA,AWAM,KKM,,PAHANG,TEMERLOH,KLINIK PERGIGIAN,KLINIK PERGIGIAN SEKOLAH RENDAH,KLINIK PERGIGIAN SEKOLAH D/A SEKOLAH KEBANGSAAN JALAN BAHAGIA,"JALAN BAHAGIA, 28000 TEMERLOH, PAHANG",,28000,,,,,3.449845,102.4093
4567,21-06110482,BUKA,AWAM,KKM,,PAHANG,TEMERLOH,KLINIK PERGIGIAN,KLINIK PERGIGIAN SEKOLAH RENDAH,KLINIK PERGIGIAN SEKOLAH D/A SEKOLAH JENIS KEBANGSAAN (CINA) MENTAKAB 1 & 2,"JALAN TEMERLOH, 28400 MENTAKAB, PAHANG",,28000,,,,,3.480667,102.3471
4568,21-06110467,BUKA,AWAM,KKM,,PAHANG,TEMERLOH,KLINIK PERGIGIAN,KLINIK PERGIGIAN SEKOLAH RENDAH,KLINIK PERGIGIAN SEKOLAH D/A SEKOLAH KEBANGSAAN PAYA PULAI,"KM 6, JALAN MARAN, 28000 TEMERLOH, PAHANG",,28000,,,,,3.459342,102.4658
4569,21-06110461,BUKA,AWAM,KKM,,PAHANG,TEMERLOH,KLINIK PERGIGIAN,KLINIK PERGIGIAN SEKOLAH RENDAH,KLINIK PERGIGIAN SEKOLAH D/A SEKOLAH KEBANGSAAN BANDAR MENTAKAB,"KM 2 JALAN TEMERLOH, 28400 MENTAKAB, PAHANG",,28400,,,,,3.480266,102.3554
4570,21-06110476,BUKA,AWAM,KKM,,PAHANG,TEMERLOH,KLINIK PERGIGIAN,KLINIK PERGIGIAN SEKOLAH MENENGAH,KLINIK PERGIGIAN SEKOLAH D/A SEKOLAH MENENGAH KEBANGSAAN SERI BAHAGIA,"JALAN BAHAGIA, 28000 TEMERLOH, PAHANG",,28000,,,,,3.445679,102.4065
4571,21-06110475,BUKA,AWAM,KKM,,PAHANG,TEMERLOH,KLINIK PERGIGIAN,KLINIK PERGIGIAN SEKOLAH MENENGAH,KLINIK PERGIGIAN SEKOLAH D/A SEKOLAH MENENGAH KEBANGSAAN SEBERANG TEMERLOH,"JALAN MARAN, 28000 TEMERLOH, PAHANG",,28000,,,,,3.448923,102.4463
4572,21-08020090D,BUKA,AWAM,KKM,,PERAK,BAGAN DATUK,KLINIK PERGIGIAN,KLINIK PERGIGIAN DI KLINIK KESIHATAN,KLINIK PERGIGIAN DI KLINIK KESIHATAN SG.SUMUN,"JALAN BAGAN DATOH, 36300, SG SUMUN, PERAK",,36300,,,,,3.89036,100.8542
4573,21-08020083D,BUKA,AWAM,KKM,,PERAK,BAGAN DATUK,KLINIK PERGIGIAN,KLINIK PERGIGIAN DI KLINIK KESIHATAN,KLINIK PERGIGIAN DI KLINIK KESIHATAN SELEKOH,"JALAN BAGAN DATOH, 36200 SELEKOH, PERAK",,36200,,,,,3.901821,100.789
4574,21-08020031D,BUKA,AWAM,KKM,,PERAK,BAGAN DATUK,KLINIK PERGIGIAN,KLINIK PERGIGIAN DI KLINIK KESIHATAN,KLINIK PERGIGIAN DI KLINIK KESIHATAN BAGAN DATUK,"BAGAN DATUK, 36100 BAGAN DATUK, PERAK",,36100,,,,,3.978196,100.7868
4575,21-08020594,BUKA,AWAM,KKM,,PERAK,BAGAN DATUK,KLINIK PERGIGIAN,KLINIK PERGIGIAN SEKOLAH RENDAH,KLINIK PERGIGIAN SEKOLAH D/A SEKOLAH KEBANGSAAN KHIR JOHARI,"BATU 17, SUNGAI SUMUN, 36300 TELUK INTAN, PERAK.",,36300,,,,,4.466388,100.6324
4576,21-08020529,BUKA,AWAM,KKM,,PERAK,BAGAN DATUK,KLINIK PERGIGIAN,KLINIK PERGIGIAN SEKOLAH MENENGAH,KLINIK PERGIGIAN SEKOLAH D/A SEKOLAH MENENGAH KEBANGSAAN HUTAN MELINTANG,"36400, HUTAN MELINTANG, PERAK",,36400,,,,,3.895049,100.9331
4577,91-08010371,BUKA,AWAM,KKM,,PERAK,BATANG PADANG,PEJABAT KESIHATAN PERGIGIAN,PEJABAT KESIHATAN PERGIGIAN DAERAH,PEJABAT KESIHATAN PERGIGIAN DAERAH BATANG PADANG,"JALAN DAMAI, 35000 TAPAH, PERAK",,35000,,,,,4.18698,101.2654
4578,21-08010095D,BUKA,AWAM,KKM,,PERAK,BATANG PADANG,KLINIK PERGIGIAN,KLINIK PERGIGIAN DI KLINIK KESIHATAN,KLINIK PERGIGIAN DI KLINIK KESIHATAN TAPAH,"JALAN DAMAI, 35000 TAPAH, PERAK",,35000,,,,,4.188402,101.265
4579,21-08010091D,BUKA,AWAM,KKM,,PERAK,BATANG PADANG,KLINIK PERGIGIAN,KLINIK PERGIGIAN DI KLINIK KESIHATAN,KLINIK PERGIGIAN DI KLINIK KESIHATAN SUNGKAI,"JALAN PEJABAT POS, 35600 SUNGKAI, PERAK",,35600,,,,,3.998549,101.3088
4580,21-08010046D,BUKA,AWAM,KKM,,PERAK,BATANG PADANG,KLINIK PERGIGIAN,KLINIK PERGIGIAN DI KLINIK KESIHATAN,KLINIK PERGIGIAN DI KLINIK KESIHATAN GUNUNG BESOUT,"35600 SUNGKAI, PERAK",,35600,,,,,3.843031,101.2949
4581,21-08010043D,BUKA,AWAM,KKM,,PERAK,BATANG PADANG,KLINIK PERGIGIAN,KLINIK PERGIGIAN DI KLINIK KESIHATAN,KLINIK PERGIGIAN DI KLINIK KESIHATAN TROLAK SELATAN,"35600 SUNGKAI, PERAK",,35600,,,,,3.916851,101.3847
4582,21-08010034D,BUKA,AWAM,KKM,,PERAK,BATANG PADANG,KLINIK PERGIGIAN,KLINIK PERGIGIAN DI KLINIK KESIHATAN,KLINIK PERGIGIAN DI KLINIK KESIHATAN BIDOR,"JALAN BESAR, 35500 BIDOR, PERAK",,35000,,,,,4.114667,101.2853
4583,21-08010542,BUKA,AWAM,KKM,,PERAK,BATANG PADANG,KLINIK PERGIGIAN,KLINIK PERGIGIAN SEKOLAH RENDAH,KLINIK PERGIGIAN SEKOLAH D/A SEKOLAH KEBANGSAAN SERI BESOUT,"FELDA GUNUNG BESOUT 01, 35600 SUNGKAI, PERAK",,35600,,,,,3.847653,101.2869
4584,21-08010598,BUKA,AWAM,KKM,,PERAK,BATANG PADANG,KLINIK PERGIGIAN,KLINIK PERGIGIAN SEKOLAH MENENGAH,KLINIK PERGIGIAN SEKOLAH D/A SEKOLAH MENENGAH KEBANGSAAN SYEIKH ABDUL GHANI,"35500 BIDOR, PERAK",,35500,,,,,4.105908,101.2877
4585,21-08010587,BUKA,AWAM,KKM,,PERAK,BATANG PADANG,KLINIK PERGIGIAN,KLINIK PERGIGIAN SEKOLAH MENENGAH,KLINIK PERGIGIAN SEKOLAH D/A SEKOLAH MENENGAH KEBANGSAAN SUNGAI KERUIT,"35600 SUNGKAI, PERAK",,35600,,,,,3.97988,101.3226
4586,91-08020365,BUKA,AWAM,KKM,,PERAK,HILIR PERAK,PEJABAT KESIHATAN PERGIGIAN,PEJABAT KESIHATAN PERGIGIAN DAERAH,PEJABAT KESIHATAN PERGIGIAN DAERAH HILIR PERAK,"JALAN PUTRA, 36000 TELUK INTAN, PERAK",,36000,,,,,4.027696,101.0178
4587,21-08020400,BUKA,AWAM,KKM,,PERAK,HILIR PERAK,KLINIK PERGIGIAN,KLINIK PERGIGIAN (STANDALONE),KLINIK PERGIGIAN PAKAR JALAN PUTRA,"JALAN PUTRA, 36000 TELUK INTAN, PERAK",,36000,,,,,4.027147,101.0173
4588,21-08020360D,BUKA,AWAM,KKM,,PERAK,HILIR PERAK,KLINIK PERGIGIAN,KLINIK PERGIGIAN DI KLINIK KESIHATAN,KLINIK PERGIGIAN DI KLINIK KESIHATAN TELUK INTAN,"JALAN BANDAR, 36000 TELUK INTAN, PERAK",,36000,,,,,4.028928,101.0206
4589,21-08020062D,BUKA,AWAM,KKM,,PERAK,HILIR PERAK,KLINIK PERGIGIAN,KLINIK PERGIGIAN DI KLINIK KESIHATAN,KLINIK PERGIGIAN DI KLINIK KESIHATAN LANGKAP,"JALAN DEGONG, 36700 LANGKAP, PERAK",,36700,,,,,4.079696,101.1497
4590,21-08020042D,BUKA,AWAM,KKM,,PERAK,HILIR PERAK,KLINIK PERGIGIAN,KLINIK PERGIGIAN DI KLINIK KESIHATAN,KLINIK PERGIGIAN DI KLINIK KESIHATAN CHENDERONG BALAI,"JALAN LABU KUBONG, 36600 CHENDERONG BALAI, PERAK",,36600,,,,,4.097991,101.0471
4591,11-08020024D,BUKA,AWAM,KKM,,PERAK,HILIR PERAK,KLINIK PERGIGIAN,KLINIK PERGIGIAN DI HOSPITAL,KLINIK PERGIGIAN DI HOSPITAL TELUK INTAN,"JALAN CHANGKAT JONG 36000,TELUK INTAN, PERAK",,36000,,,,,4.002993,101.0401
4592,21-08020601,BUKA,AWAM,KKM,,PERAK,HILIR PERAK,KLINIK PERGIGIAN,KLINIK PERGIGIAN SEKOLAH RENDAH,KLINIK PERGIGIAN SEKOLAH D/A SEKOLAH KEBANGSAAN CONVENT,"JALAN SG. NIBONG, 36000 TELUK INTAN, PERAK.",,36000,,,,,4.021649,101.0309
4593,21-08020595,BUKA,AWAM,KKM,,PERAK,HILIR PERAK,KLINIK PERGIGIAN,KLINIK PERGIGIAN SEKOLAH RENDAH,KLINIK PERGIGIAN SEKOLAH D/A SEKOLAH KEBANGSAAN SULTAN ABDUL AZIZ,"JALAN PADANG TEMBAK, 36000 TELUK INTAN, PERAK",,36000,,,,,3.999294,101.0188
4594,21-08020593,BUKA,AWAM,KKM,,PERAK,HILIR PERAK,KLINIK PERGIGIAN,KLINIK PERGIGIAN SEKOLAH RENDAH,KLINIK PERGIGIAN SEKOLAH D/A SEKOLAH KEBANGSAAN DATO' YAHYA SUBBAN,"JALAN LABU KUBONG, 36600 CHENDERONG BALAI, PERAK",,36600,,,,,4.123085,101.0824
4595,21-08020531,BUKA,AWAM,KKM,,PERAK,HILIR PERAK,KLINIK PERGIGIAN,KLINIK PERGIGIAN SEKOLAH MENENGAH,KLINIK PERGIGIAN SEKOLAH D/A SEKOLAH MENENGAH KEBANGSAAN ABDUL RAHMAN TALIB,"JALAN CHANGKAT JONG, 36000 TELUK INTAN, PERAK.",,36000,,,,,3.991606,101.0568
4597,91-08030368,BUKA,AWAM,KKM,,PERAK,HULU PERAK,PEJABAT KESIHATAN PERGIGIAN,PEJABAT KESIHATAN PERGIGIAN DAERAH,PEJABAT KESIHATAN PERGIGIAN DAERAH HULU PERAK,"JALAN INTAN, 33300 GERIK, PERAK",,33300,,,,,5.473682,101.1995
4598,21-08030077D,BUKA,AWAM,KKM,,PERAK,HULU PERAK,KLINIK PERGIGIAN,KLINIK PERGIGIAN DI KLINIK KESIHATAN,KLINIK PERGIGIAN DI KLINIK KESIHATAN PLANG,"33320 PLANG, HULU PERAK.",,33320,,,,,5.566177,101.108
4599,21-08030076D,BUKA,AWAM,KKM,,PERAK,HULU PERAK,KLINIK PERGIGIAN,KLINIK PERGIGIAN DI KLINIK KESIHATAN,KLINIK PERGIGIAN DI KLINIK KESIHATAN PENGKALAN HULU,"33100 PENGKALAN HULU, PERAK",,33100,,,,,5.704247,100.9955
4600,21-08030065D,BUKA,AWAM,KKM,,PERAK,HULU PERAK,KLINIK PERGIGIAN,KLINIK PERGIGIAN DI KLINIK KESIHATAN,KLINIK PERGIGIAN DI KLINIK KESIHATAN LENGGONG,"33400 LENGGONG, PERAK",,33400,,,,,5.096547,100.965
4601,21-08030063D,BUKA,AWAM,KKM,,PERAK,HULU PERAK,KLINIK PERGIGIAN,KLINIK PERGIGIAN DI KLINIK KESIHATAN,KLINIK PERGIGIAN DI KLINIK KESIHATAN LAWIN,"33419 LAWIN, HULU PERAK, PERAK",,33419,,,,,5.427782,101.1277
4602,21-08030354D,BUKA,AWAM,KKM,,PERAK,HULU PERAK,KLINIK PERGIGIAN,KLINIK PERGIGIAN DI KLINIK KESIHATAN IBU DAN ANAK (KKIA),KLINIK PERGIGIAN DI KLINIK KESIHATAN IBU & ANAK GERIK,"JALAN INTAN, 33300 GERIK, PERAK",,33300,,,,,5.495831,101.2977
4603,21-08030554,BUKA,AWAM,KKM,,PERAK,HULU PERAK,KLINIK PERGIGIAN,KLINIK PERGIGIAN SEKOLAH RENDAH,KLINIK PERGIGIAN SEKOLAH D/A SEKOLAH KEBANGSAAN (FELDA) PAPULUT,"FELDA PAPULUT, 33300 GERIK, PERAK",,33300,,,,,5.32479,101.0802
4604,21-08030553,BUKA,AWAM,KKM,,PERAK,HULU PERAK,KLINIK PERGIGIAN,KLINIK PERGIGIAN SEKOLAH RENDAH,KLINIK PERGIGIAN SEKOLAH D/A SEKOLAH KEBANGSAAN (FELDA) LEPANG NENERING,"FELDA LEPANG NENERING, 33100 PENGKALAN HULU, PERAK",,33100,,,,,5.688267,101.0828
4605,21-08030552,BUKA,AWAM,KKM,,PERAK,HULU PERAK,KLINIK PERGIGIAN,KLINIK PERGIGIAN SEKOLAH RENDAH,KLINIK PERGIGIAN SEKOLAH D/A SEKOLAH KEBANGSAAN (FELDA) LAWIN UTARA,"FELDA LAWIN UTARA, 33300 GERIK, PERAK",,33300,,,,,5.349821,101.0414
4606,21-08030549,BUKA,AWAM,KKM,,PERAK,HULU PERAK,KLINIK PERGIGIAN,KLINIK PERGIGIAN SEKOLAH RENDAH,KLINIK PERGIGIAN SEKOLAH D/A SEKOLAH KEBANGSAAN BATU 4,"BATU 4, JALAN KUALA RUI, 33300 GERIK, PERAK",,33300,,,,,5.453212,101.1453
4607,21-08030575,BUKA,AWAM,KKM,,PERAK,HULU PERAK,KLINIK PERGIGIAN,KLINIK PERGIGIAN SEKOLAH MENENGAH,KLINIK PERGIGIAN SEKOLAH D/A SEKOLAH MENENGAH KEBANGSAAN SULTAN IDRIS SHAH II,"KAMPUNG AIR PANAS, 33300 GERIK, PERAK",,33300,,,,,5.396175,101.1088
4608,91-08110399,BUKA,AWAM,KKM,,PERAK,KAMPAR,PEJABAT KESIHATAN PERGIGIAN,PEJABAT KESIHATAN PERGIGIAN DAERAH,PEJABAT KESIHATAN PERGIGIAN DAERAH KAMPAR,"ARAS 1, KLINIK KESIHATAN KAMPAR, JALAN DEGONG, 31900 KAMPAR, PERAK DARUL RIDZUAN.",,31900,,,,,4.299815,101.1583
4609,21-08110067D,BUKA,AWAM,KKM,,PERAK,KAMPAR,KLINIK PERGIGIAN,KLINIK PERGIGIAN DI KLINIK KESIHATAN,KLINIK PERGIGIAN DI KLINIK KESIHATAN MALIM NAWAR,"31700 MALIM NAWAR, PERAK",,31700,,,,,4.357776,101.1218
4610,21-08110052D,BUKA,AWAM,KKM,,PERAK,KAMPAR,KLINIK PERGIGIAN,KLINIK PERGIGIAN DI KLINIK KESIHATAN,KLINIK PERGIGIAN DI KLINIK KESIHATAN KAMPAR,"JALAN DEGONG, 31900 KAMPAR, PERAK",,31900,,,,,4.299815,101.1583
4611,21-08110044D,BUKA,AWAM,KKM,,PERAK,KAMPAR,KLINIK PERGIGIAN,KLINIK PERGIGIAN DI KLINIK KESIHATAN,KLINIK PERGIGIAN DI KLINIK KESIHATAN GOPENG,"31600 GOPENG, PERAK",,31600,,,,,4.453582,101.165
4612,21-08110604,BUKA,AWAM,KKM,,PERAK,KAMPAR,KLINIK PERGIGIAN,KLINIK PERGIGIAN SEKOLAH RENDAH,KLINIK PERGIGIAN SEKOLAH D/A SEKOLAH JENIS KEBANGSAAN (CINA) PEI YUAN,"NO 9, JLN DIPANG, 31907 KAMPAR, PERAK",,31907,,,,,4.308504,101.1537
4613,21-08110602,BUKA,AWAM,KKM,,PERAK,KAMPAR,KLINIK PERGIGIAN,KLINIK PERGIGIAN SEKOLAH RENDAH,KLINIK PERGIGIAN SEKOLAH D/A SEKOLAH KEBANGSAAN METHODIST (ACS),"1, JALAN KUALA DIPANG, 31900 KAMPAR, PERAK",,31900,,,,,4.317115,101.153
4614,91-08040367,BUKA,AWAM,KKM,,PERAK,KERIAN,PEJABAT KESIHATAN PERGIGIAN,PEJABAT KESIHATAN PERGIGIAN DAERAH,PEJABAT KESIHATAN PERGIGIAN DAERAH KERIAN,"JALAN SEMPADAN, 32400 PARIT BUNTAR, PERAK",,32400,,,,,5.13151,100.4813
4615,21-08040374,BUKA,AWAM,KKM,,PERAK,KERIAN,KLINIK PERGIGIAN,KLINIK PERGIGIAN (STANDALONE),KLINIK PERGIGIAN PARIT BUNTAR,"JALAN SEMPADAN 34200, PARIT BUNTAR, PERAK",,34200,,,,,5.13164,100.4837
4616,21-08040097D,BUKA,AWAM,KKM,,PERAK,KERIAN,KLINIK PERGIGIAN,KLINIK PERGIGIAN DI KLINIK KESIHATAN,KLINIK PERGIGIAN DI KLINIK KESIHATAN TANJUNG PIANDANG,"34250, TANJUNG PIANDANG, PERAK",,34250,,,,,5.071788,100.3853
4617,21-08040059D,BUKA,AWAM,KKM,,PERAK,KERIAN,KLINIK PERGIGIAN,KLINIK PERGIGIAN DI KLINIK KESIHATAN,KLINIK PERGIGIAN DI KLINIK KESIHATAN KUALA KURAU,"34350 KUALA KURAU, PERAK",,34350,,,,,5.025616,100.4356
4618,21-08040058D,BUKA,AWAM,KKM,,PERAK,KERIAN,KLINIK PERGIGIAN,KLINIK PERGIGIAN DI KLINIK KESIHATAN,KLINIK PERGIGIAN DI KLINIK KESIHATAN KUALA GULA,"34350 KUALA GULA, PERAK",,34350,,,,,4.9366,100.4649
4619,21-08040048D,BUKA,AWAM,KKM,,PERAK,KERIAN,KLINIK PERGIGIAN,KLINIK PERGIGIAN DI KLINIK KESIHATAN,KLINIK PERGIGIAN DI KLINIK KESIHATAN GUNUNG SEMANGGOL,"34400, GUNUNG SEMANGGOL, PERAK",,34400,,,,,4.965898,100.6521
4620,21-08040032D,BUKA,AWAM,KKM,,PERAK,KERIAN,KLINIK PERGIGIAN,KLINIK PERGIGIAN DI KLINIK KESIHATAN,KLINIK PERGIGIAN DI KLINIK KESIHATAN BAGAN SERAI,"34300 BAGAN SERAI, PERAK",,34300,,,,,5.008241,100.5405
4621,21-08040600,BUKA,AWAM,KKM,,PERAK,KERIAN,KLINIK PERGIGIAN,KLINIK PERGIGIAN SEKOLAH RENDAH,KLINIK PERGIGIAN SEKOLAH D/A SEKOLAH JENIS KEBANGSAAN (CINA) SIN HWA,"JALAN ABD RAOF, 34200 PARIT BUNTAR, PERAK",,34200,,,,,5.126799,100.4919
4622,21-08040599,BUKA,AWAM,KKM,,PERAK,KERIAN,KLINIK PERGIGIAN,KLINIK PERGIGIAN SEKOLAH RENDAH,KLINIK PERGIGIAN SEKOLAH D/A SEKOLAH JENIS KEBANGSAAN (CINA) NAM HUA,"JALAN BESAR, 34250 TANJONG PIANDANG, PERAK",,34250,,,,,5.075863,100.3869
4623,21-08040596,BUKA,AWAM,KKM,,PERAK,KERIAN,KLINIK PERGIGIAN,KLINIK PERGIGIAN SEKOLAH RENDAH,KLINIK PERGIGIAN SEKOLAH D/A SEKOLAH KEBANGSAAN BARU PARIT BUNTAR,"JALAN SEKOLAH, 34200 PARIT BUNTAR, PERAK",,34200,,,,,5.124965,100.4814
4624,21-08040592,BUKA,AWAM,KKM,,PERAK,KERIAN,KLINIK PERGIGIAN,KLINIK PERGIGIAN SEKOLAH RENDAH,KLINIK PERGIGIAN SEKOLAH D/A SEKOLAH KEBANGSAAN ALOR PONGSU,"JALAN SELAMA ALOR PONGSU, 34300 BAGAN SERAI, PERAK",,34300,,,,,5.06079,100.5945
4625,21-08040536,BUKA,AWAM,KKM,,PERAK,KERIAN,KLINIK PERGIGIAN,KLINIK PERGIGIAN SEKOLAH RENDAH,KLINIK PERGIGIAN SEKOLAH D/A SEKOLAH JENIS KEBANGSAAN (CINA) YU CHAI,"JALAN PANTAI, 34350 KUALA KURAU, PERAK",,34350,,,,,5.018881,100.4323
4626,21-08040533,BUKA,AWAM,KKM,,PERAK,KERIAN,KLINIK PERGIGIAN,KLINIK PERGIGIAN SEKOLAH RENDAH,KLINIK PERGIGIAN SEKOLAH D/A SEKOLAH KEBANGSAAN TANJONG PIANDANG,"JALAN ATAS, 34250, TANJONG PIANDANG, PERAK",,34250,,,,,5.076109,100.3943
4627,21-08040597,BUKA,AWAM,KKM,,PERAK,KERIAN,KLINIK PERGIGIAN,KLINIK PERGIGIAN SEKOLAH MENENGAH,KLINIK PERGIGIAN SEKOLAH D/A SEKOLAH MENENGAH KEBANGSAAN MUDZAFFAR SHAH,"34400 SIMPANG EMPAT, SEMANGGOL, PERAK",,34400,,,,,4.95106,100.6222
4628,21-08040535,BUKA,AWAM,KKM,,PERAK,KERIAN,KLINIK PERGIGIAN,KLINIK PERGIGIAN SEKOLAH MENENGAH,KLINIK PERGIGIAN SEKOLAH D/A SEKOLAH MENENGAH KEBANGSAAN PEKAN BARU,"JALAN MERBOK, TAMAN PEKAN BARU, 34200 PARIT BUNTAR, PERAK",,34200,,,,,5.11906,100.4925
4629,21-08040534,BUKA,AWAM,KKM,,PERAK,KERIAN,KLINIK PERGIGIAN,KLINIK PERGIGIAN SEKOLAH MENENGAH,KLINIK PERGIGIAN SEKOLAH D/A SEKOLAH MENENGAH KEBANGSAAN KRIAN,"JALAN SEKOLAH, 34200 PARIT BUNTAR, PERAK",,34200,,,,,5.127738,100.4793
4630,91-08050363,BUKA,AWAM,KKM,,PERAK,KINTA,PEJABAT KESIHATAN PERGIGIAN,PEJABAT KESIHATAN PERGIGIAN DAERAH,PEJABAT KESIHATAN PERGIGIAN DAERAH KINTA,"JALAN PANGLIMA BUKIT GANTANG WAHAB, 30590 IPOH, PERAK",,30590,,,,,4.601265,101.0763
4631,21-08050376,BUKA,AWAM,KKM,,PERAK,KINTA,KLINIK PERGIGIAN,KLINIK PERGIGIAN (STANDALONE),KLINIK PERGIGIAN IPOH,"JALAN PANGLIMA BUKIT GANTANG WAHAB, 30590 IPOH, PERAK",,30590,,,,,4.601265,101.0763
4632,21-08030693,BUKA,AWAM,KKM,,PERAK,KINTA,KLINIK PERGIGIAN,KLINIK PERGIGIAN (STANDALONE),KLINIK PERGIGIAN TRONOH,"JALAN TRONOH, 31750 TRONOH, PERAK",,31750,,,,,4.423122,100.9933
4633,21-08050383D,BUKA,AWAM,KKM,,PERAK,KINTA,KLINIK PERGIGIAN,KLINIK PERGIGIAN DI KLINIK KESIHATAN,KLINIK PERGIGIAN DI KLINIK KESIHATAN BUNTONG,"PERSIARAN DESA RISHAH 2, TAMAN DESA RISHAH, 30100 IPOH, PERAK",,30100,,,,,4.585133,101.0508
4634,21-08050094D,BUKA,AWAM,KKM,,PERAK,KINTA,KLINIK PERGIGIAN,KLINIK PERGIGIAN DI KLINIK KESIHATAN,KLINIK PERGIGIAN DI KLINIK KESIHATAN TANJUNG TUALANG,"31800 TANJUNG TUALANG, PERAK",,31800,,,,,4.326055,101.0538
4635,21-08050075D,BUKA,AWAM,KKM,,PERAK,KINTA,KLINIK PERGIGIAN,KLINIK PERGIGIAN DI KLINIK KESIHATAN,KLINIK PERGIGIAN DI KLINIK KESIHATAN PASIR PINJI,"JALAN BUNGA RAYA, 31650 IPOH, PERAK",,31650,,,,,4.575287,101.0853
4636,21-08050070D,BUKA,AWAM,KKM,,PERAK,KINTA,KLINIK PERGIGIAN,KLINIK PERGIGIAN DI KLINIK KESIHATAN,KLINIK PERGIGIAN DI KLINIK KESIHATAN MENGLEMBU,"JALAN MENGLEMBU TIMUR 16, 31450 IPOH, PERAK",,31450,,,,,4.559224,101.0449
4637,21-08050068D,BUKA,AWAM,KKM,,PERAK,KINTA,KLINIK PERGIGIAN,KLINIK PERGIGIAN DI KLINIK KESIHATAN,KLINIK PERGIGIAN DI KLINIK KESIHATAN MANJOI,"DEWAN JALAN FATIMAH, 30200 IPOH, PERAK",,30200,,,,,4.617563,101.0719
4638,21-08050054D,BUKA,AWAM,KKM,,PERAK,KINTA,KLINIK PERGIGIAN,KLINIK PERGIGIAN DI KLINIK KESIHATAN,KLINIK PERGIGIAN DI KLINIK KESIHATAN KG. SIMEE,"JALAN KOMPLEKS SUKAN, 31400 IPOH, PERAK",,31400,,,,,4.616771,101.1152
4639,21-08050051D,BUKA,AWAM,KKM,,PERAK,KINTA,KLINIK PERGIGIAN,KLINIK PERGIGIAN DI KLINIK KESIHATAN,KLINIK PERGIGIAN DI KLINIK KESIHATAN JELAPANG,"JALAN JELAPANG, 30020 IPOH, PERAK",,30020,,,,,4.614177,101.0571
4640,21-08050047D,BUKA,AWAM,KKM,,PERAK,KINTA,KLINIK PERGIGIAN,KLINIK PERGIGIAN DI KLINIK KESIHATAN,KLINIK PERGIGIAN DI KLINIK KESIHATAN GUNUNG RAPAT,"JALAN RAJA DR. NAZRIN SHAH, 31350 IPOH, PERAK",,31350,,,,,4.563331,101.1123
4641,21-08050045D,BUKA,AWAM,KKM,,PERAK,KINTA,KLINIK PERGIGIAN,KLINIK PERGIGIAN DI KLINIK KESIHATAN,KLINIK PERGIGIAN DI KLINIK KESIHATAN GREENTOWN,"JALAN RAJA MUSA AZIZ, 30450 IPOH, PERAK",,30450,,,,,4.602709,101.0873
4642,21-08050041D,BUKA,AWAM,KKM,,PERAK,KINTA,KLINIK PERGIGIAN,KLINIK PERGIGIAN DI KLINIK KESIHATAN,KLINIK PERGIGIAN DI KLINIK KESIHATAN CHEMOR,"JALAN TANAH HITAM, 31200 CHEMOR, PERAK",,31200,,,,,4.727984,101.1371
4643,11-08050025D,BUKA,AWAM,KKM,,PERAK,KINTA,KLINIK PERGIGIAN,KLINIK PERGIGIAN DI HOSPITAL,KLINIK PERGIGIAN DI HOSPITAL BAHAGIA ULU KINTA,"31250 TANJUNG RAMBUTAN, PERAK",,31250,,,,,4.674161,101.1518
4644,11-08050012D,BUKA,AWAM,KKM,,PERAK,KINTA,KLINIK PERGIGIAN,KLINIK PERGIGIAN DI HOSPITAL,KLINIK PERGIGIAN DI HOSPITAL BATU GAJAH,"JALAN CHANGKAT, 31000 BATU GAJAH, PERAK",,31000,,,,,4.480049,101.0344
4645,11-08050011D,BUKA,AWAM,KKM,,PERAK,KINTA,KLINIK PERGIGIAN,KLINIK PERGIGIAN DI HOSPITAL,KLINIK PERGIGIAN DI HOSPITAL RAJA PERMAISURI BAINUN,"JALAN RAJA ASHMAN SHAH, 30450 IPOH, PERAK.",,30450,,,,,4.604056,101.0901
4646,21-08050584,BUKA,AWAM,KKM,,PERAK,KINTA,KLINIK PERGIGIAN,KLINIK PERGIGIAN SEKOLAH RENDAH,KLINIK PERGIGIAN SEKOLAH D/A SEKOLAH KEBANGSAAN SULTAN YUSSUF,"JALAN PUSING, 31007 BATU GAJAH, PERAK",,31007,,,,,4.486653,101.0312
4647,21-08050583,BUKA,AWAM,KKM,,PERAK,KINTA,KLINIK PERGIGIAN,KLINIK PERGIGIAN SEKOLAH RENDAH,KLINIK PERGIGIAN SEKOLAH D/A SEKOLAH KEBANGSAAN RAJA PEREMPUAN,"JALAN CHUNG THYE PHIN, 30250 IPOH, PERAK",,30250,,,,,4.587762,101.0862
4648,21-08050582,BUKA,AWAM,KKM,,PERAK,KINTA,KLINIK PERGIGIAN,KLINIK PERGIGIAN SEKOLAH RENDAH,KLINIK PERGIGIAN SEKOLAH D/A SEKOLAH KEBANGSAAN PEREMPUAN METHODIST,"69, JALAN CHAMBERLAIN HULU, 30250 IPOH, PERAK",,30250,,,,,4.588039,101.0852
4649,21-08050581,BUKA,AWAM,KKM,,PERAK,KINTA,KLINIK PERGIGIAN,KLINIK PERGIGIAN SEKOLAH RENDAH,KLINIK PERGIGIAN SEKOLAH D/A SEKOLAH KEBANGSAAN METHODIST (ACS),"JALAN LAHAT, 30200 IPOH, PERAK",,30200,,,,,4.590913,101.0729
4650,21-08050580,BUKA,AWAM,KKM,,PERAK,KINTA,KLINIK PERGIGIAN,KLINIK PERGIGIAN SEKOLAH RENDAH,KLINIK PERGIGIAN SEKOLAH D/A SEKOLAH KEBANGSAAN CATOR AVENUE,"LEBUH CATOR, 30450 IPOH, PERAK",,30450,,,,,4.605143,101.0905
4651,21-08050579,BUKA,AWAM,KKM,,PERAK,KINTA,KLINIK PERGIGIAN,KLINIK PERGIGIAN SEKOLAH RENDAH,KLINIK PERGIGIAN SEKOLAH D/A SEKOLAH JENIS KEBANGSAAN (CINA) YUK CHOY,"195, JALAN SULTAN ISKANDAR, 30000 IPOH, PERAK",,30000,,,,,4.592418,101.0877
4652,21-08050578,BUKA,AWAM,KKM,,PERAK,KINTA,KLINIK PERGIGIAN,KLINIK PERGIGIAN SEKOLAH RENDAH,KLINIK PERGIGIAN SEKOLAH D/A SEKOLAH JENIS KEBANGSAAN (CINA) SAM TET,"NO. 22, JALAN GEREJA, 30300 IPOH, PERAK",,30300,,,,,4.595367,101.0874
4653,21-08050577,BUKA,AWAM,KKM,,PERAK,KINTA,KLINIK PERGIGIAN,KLINIK PERGIGIAN SEKOLAH RENDAH,KLINIK PERGIGIAN SEKOLAH D/A SEKOLAH JENIS KEBANGSAAN (CINA) AVE MARIA CONVENT,"JALAN CHUNG THYE PHIN, 30250 IPOH, PERAK",,30250,,,,,4.59004,101.0873
4654,21-08050576,BUKA,AWAM,KKM,,PERAK,KINTA,KLINIK PERGIGIAN,KLINIK PERGIGIAN SEKOLAH RENDAH,KLINIK PERGIGIAN SEKOLAH D/A SEKOLAH JENIS KEBANGSAAN (CINA) WAN HWA (1),"NO 1, JLN LEE LOY SENG MENGLEMBU, 31450 MENGLEMBU, PERAK",,31450,,,,,4.567289,101.0474
4655,21-08050551,BUKA,AWAM,KKM,,PERAK,KINTA,KLINIK PERGIGIAN,KLINIK PERGIGIAN SEKOLAH RENDAH,KLINIK PERGIGIAN SEKOLAH D/A SEKOLAH KEBANGSAAN DATO' AHMAD SAID TAMBAHAN,"LEBUH RAJAWALI, 30020 IPOH, PERAK",,30020,,,,,4.627556,101.0678
4656,21-08050540,BUKA,AWAM,KKM,,PERAK,KINTA,KLINIK PERGIGIAN,KLINIK PERGIGIAN SEKOLAH RENDAH,KLINIK PERGIGIAN SEKOLAH D/A SEKOLAH KEBANGSAAN ST. MICHEAL,"JLN KOMPLEKS ISLAM, 30000 IPOH, PERAK",,30000,,,,,4.599892,101.0771
4657,21-08050539,BUKA,AWAM,KKM,,PERAK,KINTA,KLINIK PERGIGIAN,KLINIK PERGIGIAN SEKOLAH RENDAH,KLINIK PERGIGIAN SEKOLAH D/A SEKOLAH KEBANGSAAN RAJA DIHILIR EKRAM,"JALAN PASIR PUTEH, 31650 IPOH, PERAK",,31650,,,,,4.57932,101.0803
4658,21-08050567,BUKA,AWAM,KKM,,PERAK,KINTA,KLINIK PERGIGIAN,KLINIK PERGIGIAN SEKOLAH MENENGAH,KLINIK PERGIGIAN SEKOLAH D/A SEKOLAH MENENGAH KEBANGSAAN YUK CHOY,"NO 6, JLN KUALA KANGSAR, 30010 IPOH, PERAK",,30010,,,,,4.613212,101.0785
4659,21-08050566,BUKA,AWAM,KKM,,PERAK,KINTA,KLINIK PERGIGIAN,KLINIK PERGIGIAN SEKOLAH MENENGAH,KLINIK PERGIGIAN SEKOLAH D/A SEKOLAH MENENGAH KEBANGSAAN ULU KINTA,"JALAN PASUKAN POLIS HUTAN, 31150 ULU KINTA, PERAK",,31150,,,,,4.655304,101.1691
4660,21-08050565,BUKA,AWAM,KKM,,PERAK,KINTA,KLINIK PERGIGIAN,KLINIK PERGIGIAN SEKOLAH MENENGAH,KLINIK PERGIGIAN SEKOLAH D/A SEKOLAH MENENGAH KEBANGSAAN JALAN TASEK,"JALAN SULTAN AZLAN SHAH (U), TAMAN TASEK INDRA, 31400 IPOH, PERAK",,31400,,,,,4.630541,101.1178
4661,21-08050564,BUKA,AWAM,KKM,,PERAK,KINTA,KLINIK PERGIGIAN,KLINIK PERGIGIAN SEKOLAH MENENGAH,KLINIK PERGIGIAN SEKOLAH D/A SEKOLAH MENENGAH KEBANGSAAN POI LAM,"4, JALAN SRI KLEBANG D/2, BANDAR BARU SRI KLEBANG, 31200 CHEMOR, PERAK",,31200,,,,,4.69186,101.1169
4662,21-08050560,BUKA,AWAM,KKM,,PERAK,KINTA,KLINIK PERGIGIAN,KLINIK PERGIGIAN SEKOLAH MENENGAH,KLINIK PERGIGIAN SEKOLAH D/A SEKOLAH MENENGAH KEBANGSAAN SERI AMPANG,"JALAN GUNUNG RAPAT, 31350 IPOH, PERAK",,31350,,,,,4.57693,101.1257
4663,21-08050538,BUKA,AWAM,KKM,,PERAK,KINTA,KLINIK PERGIGIAN,KLINIK PERGIGIAN SEKOLAH MENENGAH,KLINIK PERGIGIAN SEKOLAH D/A SEKOLAH TUANKU ABDUL RAHMAN,"JALAN SULTAN AZLAN SHAH, 31400 IPOH, PERAK",,31400,,,,,4.597412,101.1204
4664,21-08050407D,BUKA,AWAM,KKM,,PERAK,KINTA,KLINIK PERGIGIAN,KLINIK PERGIGIAN DI UTC,KLINIK PERGIGIAN DI KLINIK KESIHATAN UTC IPOH,"LB 21, UTC PERAK, JALAN ONN JAAFAR, 30300 IPOH, PERAK",,30300,,,,,4.595839,101.0822
4666,91-08060369,BUKA,AWAM,KKM,,PERAK,KUALA KANGSAR,PEJABAT KESIHATAN PERGIGIAN,PEJABAT KESIHATAN PERGIGIAN DAERAH,PEJABAT KESIHATAN PERGIGIAN DAERAH KUALA KANGSAR,"JALAN RAJA IDRIS, 33000 KUALA KANGSAR, PERAK",,33000,,,,,4.776727,100.9374
4667,21-08060416,BUKA,AWAM,KKM,,PERAK,KUALA KANGSAR,KLINIK PERGIGIAN,KLINIK PERGIGIAN (STANDALONE),KLINK PERGIGIAN PEKAN,"JALAN BENDAHARA, 33000 KUALA KANGSAR, PERAK",,33000,,,,,4.769779,100.9394
4668,21-08060612D,BUKA,AWAM,KKM,,PERAK,KUALA KANGSAR,KLINIK PERGIGIAN,KLINIK PERGIGIAN DI KLINIK KESIHATAN,KLINIK PERGIGIAN DI KLINIK KESIHATAN KUALA KANGSAR,"JALAN RAJA IDRIS, 33000 KUALA KANGSAR, PERAK.",,33000,,,,,4.779052,100.9398
4669,21-08060089D,BUKA,AWAM,KKM,,PERAK,KUALA KANGSAR,KLINIK PERGIGIAN,KLINIK PERGIGIAN DI KLINIK KESIHATAN,KLINIK PERGIGIAN DI KLINIK KESIHATAN SUNGAI SIPUT,"31100 SUNGAI SIPUT, PERAK.",,31100,,,,,4.815719,101.081
4670,21-08060080D,BUKA,AWAM,KKM,,PERAK,KUALA KANGSAR,KLINIK PERGIGIAN,KLINIK PERGIGIAN DI KLINIK KESIHATAN,KLINIK PERGIGIAN DI KLINIK KESIHATAN SAUK,"33500 KUALA KANGSAR, PERAK.",,33500,,,,,4.931472,100.9252
4671,21-08060071D,BUKA,AWAM,KKM,,PERAK,KUALA KANGSAR,KLINIK PERGIGIAN,KLINIK PERGIGIAN DI KLINIK KESIHATAN,KLINIK PERGIGIAN DI KLINIK KESIHATAN PADANG RENGAS,"33700 PADANG RENGAS, PERAK.",,33700,,,,,4.775576,100.85
4672,21-08060069D,BUKA,AWAM,KKM,,PERAK,KUALA KANGSAR,KLINIK PERGIGIAN,KLINIK PERGIGIAN DI KLINIK KESIHATAN,KLINIK PERGIGIAN DI KLINIK KESIHATAN MANONG,"33800 MANONG, PERAK.",,33800,,,,,4.591276,100.8798
4673,21-08060066D,BUKA,AWAM,KKM,,PERAK,KUALA KANGSAR,KLINIK PERGIGIAN,KLINIK PERGIGIAN DI KLINIK KESIHATAN,KLINIK PERGIGIAN DI KLINIK KESIHATAN LINTANG,"31120 SUNGAI SIPUT, PERAK.",,31120,,,,,4.819012,101.0737
4674,11-08060016D,BUKA,AWAM,KKM,,PERAK,KUALA KANGSAR,KLINIK PERGIGIAN,KLINIK PERGIGIAN DI HOSPITAL,KLINIK PERGIGIAN DI HOSPITAL KUALA KANGSAR,"JALAN RAJA IDRIS, 33000 KUALA KANGSAR, PERAK.",,33000,,,,,4.773066,100.932
4675,21-08060607,BUKA,AWAM,KKM,,PERAK,KUALA KANGSAR,KLINIK PERGIGIAN,KLINIK PERGIGIAN SEKOLAH RENDAH,KLINIK PERGIGIAN SEKOLAH D/A SEKOLAH KEBANGSAAN SULTAN IDRIS II,"646, JLN TUN ABDUL RAZAK, 33000 KUALA KANGSAR, PERAK.",,33000,,,,,4.775656,100.9353
4676,21-08060606,BUKA,AWAM,KKM,,PERAK,KUALA KANGSAR,KLINIK PERGIGIAN,KLINIK PERGIGIAN SEKOLAH RENDAH,KLINIK PERGIGIAN SEKOLAH D/A SEKOLAH KEBANGSAAN DATIN KHADIJAH,"JALAN RAJA PEREMPUAN TAAYAH, 33000 KUALA KANGSAR, PERAK.",,33000,,,,,4.781336,100.9372
4677,21-08060605,BUKA,AWAM,KKM,,PERAK,KUALA KANGSAR,KLINIK PERGIGIAN,KLINIK PERGIGIAN SEKOLAH RENDAH,KLINIK PERGIGIAN SEKOLAH D/A SEKOLAH KEBANGSAAN CLIFFORD,"JALAN RAJA PEREMPUAN TAAYAH, 33000 KUALA KANGSAR, PERAK.",,33000,,,,,4.780262,100.9371
4678,21-08060547,BUKA,AWAM,KKM,,PERAK,KUALA KANGSAR,KLINIK PERGIGIAN,KLINIK PERGIGIAN SEKOLAH RENDAH,KLINIK PERGIGIAN SEKOLAH D/A SEKOLAH JENIS KEBANGSAAN (CINA) TSUNG WAH,"JALAN KANGSAR, 33000 KUALA KANGSAR, PERAK.",,33000,,,,,4.769625,100.9415
4679,21-08060530,BUKA,AWAM,KKM,,PERAK,KUALA KANGSAR,KLINIK PERGIGIAN,KLINIK PERGIGIAN SEKOLAH RENDAH,"
KLINIK PERGIGIAN SEKOLAH D/A SEKOLAH JENIS KEBANGSAAN (CINA) SHING CHUNG 
","BELAKANG PEKAN, 31100 SUNGAI SIPUT (U) PERAK.",,31100,,,,,4.822588,101.0714
4680,21-08060569,BUKA,AWAM,KKM,,PERAK,KUALA KANGSAR,KLINIK PERGIGIAN,KLINIK PERGIGIAN SEKOLAH MENENGAH,KLINIK PERGIGIAN SEKOLAH D/A SEKOLAH MENENGAH KEBANGSAAN SHING CHUNG,"JALAN BESAR, 31100 SUNGAI SIPUT (U), PERAK.",,31100,,,,,4.809724,101.0855
4681,21-08060568,BUKA,AWAM,KKM,,PERAK,KUALA KANGSAR,KLINIK PERGIGIAN,KLINIK PERGIGIAN SEKOLAH MENENGAH,KLINIK PERGIGIAN SEKOLAH D/A SEKOLAH MENENGAH KEBANGSAAN TSUNG WAH,"66-B, JLN DATO SAGOR, 33000 KUALA KANGSAR, PERAK.",,33000,,,,,4.770814,100.9256
4682,21-08060537,BUKA,AWAM,KKM,,PERAK,KUALA KANGSAR,KLINIK PERGIGIAN,KLINIK PERGIGIAN SEKOLAH MENENGAH,KLINIK PERGIGIAN SEKOLAH D/A KOLEJ MELAYU KUALA KANGSAR,"JALAN TUN ABDUL RAZAK, 33000 KUALA KANGSAR, PERAK.",,33000,,,,,4.774341,100.9373
4683,91-08070364,BUKA,AWAM,KKM,,PERAK,LARUT DAN MATANG,PEJABAT KESIHATAN PERGIGIAN,PEJABAT KESIHATAN PERGIGIAN DAERAH,PEJABAT KESIHATAN PERGIGIAN DAERAH LARUT MATANG SELAMA,"D/A KLINIK KESIHATAN TAIPING, JALAN TUPAI, 34000 TAIPING, PERAK",,34000,,,,,4.847396,100.7451
4684,21-08070417D,BUKA,AWAM,KKM,,PERAK,LARUT DAN MATANG,KLINIK PERGIGIAN,KLINIK PERGIGIAN DI KLINIK KESIHATAN,KLINIK PERGIGIAN DI KLINIK KESIHATAN SIMPANG,"JALAN KUALA KANGSAR, 34700 SIMPANG, PERAK.",,34700,,,,,4.810569,100.72
4685,21-08070384D,BUKA,AWAM,KKM,,PERAK,LARUT DAN MATANG,KLINIK PERGIGIAN,KLINIK PERGIGIAN DI KLINIK KESIHATAN,KLINIK PERGIGIAN DI KLINIK KESIHATAN TAIPING,"JALAN TUPAI, 34000 TAIPING, PERAK.",,34000,,,,,4.847396,100.7451
4686,21-08070098D,BUKA,AWAM,KKM,,PERAK,LARUT DAN MATANG,KLINIK PERGIGIAN,KLINIK PERGIGIAN DI KLINIK KESIHATAN,KLINIK PERGIGIAN DI KLINIK KESIHATAN TRONG,"LARUT, MATANG & SELAMA, 34800 TRONG, PERAK",,34800,,,,,4.705357,100.7187
4687,21-08070079D,BUKA,AWAM,KKM,,PERAK,LARUT DAN MATANG,KLINIK PERGIGIAN,KLINIK PERGIGIAN DI KLINIK KESIHATAN,KLINIK PERGIGIAN DI KLINIK KESIHATAN REDANG PANJANG,"JALAN BATU KURAU, IJOK , 34510 BATU KURAU PERAK",,34510,,,,,5.115313,100.7842
4688,21-08070078D,BUKA,AWAM,KKM,,PERAK,LARUT DAN MATANG,KLINIK PERGIGIAN,KLINIK PERGIGIAN DI KLINIK KESIHATAN,KLINIK PERGIGIAN DI KLINIK KESIHATAN POKOK ASSAM,"JALAN MENTERI BESAR, 34000 TAIPING, PERAK.",,34000,,,,,4.834346,100.7416
4689,21-08070060D,BUKA,AWAM,KKM,,PERAK,LARUT DAN MATANG,KLINIK PERGIGIAN,KLINIK PERGIGIAN DI KLINIK KESIHATAN,KLINIK PERGIGIAN DI KLINIK KESIHATAN KUALA SEPETANG,"34600 KUALA SEPETANG, PERAK",,34600,,,,,4.837602,100.6322
4690,21-08070055D,BUKA,AWAM,KKM,,PERAK,LARUT DAN MATANG,KLINIK PERGIGIAN,KLINIK PERGIGIAN DI KLINIK KESIHATAN,KLINIK PERGIGIAN DI KLINIK KESIHATAN KAMUNTING,"JLN EXPO, PEKAN KAMPUNG, 34600 KAMUNTING, PERAK",,34600,,,,,4.90296,100.723
4691,21-08070038D,BUKA,AWAM,KKM,,PERAK,LARUT DAN MATANG,KLINIK PERGIGIAN,KLINIK PERGIGIAN DI KLINIK KESIHATAN,KLINIK PERGIGIAN DI KLINIK KESIHATAN CHANGKAT JERING,"JALAN KUALA KANGSAR 34850 TAIPING, PERAK",,34850,,,,,4.786591,100.7246
4692,21-08070033D,BUKA,AWAM,KKM,,PERAK,LARUT DAN MATANG,KLINIK PERGIGIAN,KLINIK PERGIGIAN DI KLINIK KESIHATAN,KLINIK PERGIGIAN DI KLINIK KESIHATAN BATU KURAU,"JALAN BESAR, 34500 BATU KURAU, PERAK",,34500,,,,,4.977323,100.8013
4693,11-08070022D,BUKA,AWAM,KKM,,PERAK,LARUT DAN MATANG,KLINIK PERGIGIAN,KLINIK PERGIGIAN DI HOSPITAL,KLINIK PERGIGIAN DI HOSPITAL TAIPING,"JALAN TAMING SARI, 34000 TAIPING, PERAK",,34000,,,,,4.851105,100.7367
4694,21-08070559,BUKA,AWAM,KKM,,PERAK,LARUT DAN MATANG,KLINIK PERGIGIAN,KLINIK PERGIGIAN SEKOLAH RENDAH,KLINIK PERGIGIAN SEKOLAH D/A SEKOLAH KEBANGSAAN (P) TREACHER METHODIST,"JALAN LUMBA KUDA, 34000 TAIPING, PERAK",,34000,,,,,4.863047,100.753
4695,21-08070558,BUKA,AWAM,KKM,,PERAK,LARUT DAN MATANG,KLINIK PERGIGIAN,KLINIK PERGIGIAN SEKOLAH RENDAH,KLINIK PERGIGIAN SEKOLAH D/A SEKOLAH KEBANGSAAN ST GEORGE 1,"NO 2, JALAN MUZIUM HULU, 34000 TAIPING, PERAK",,34000,,,,,4.853718,100.7355
4696,21-08070557,BUKA,AWAM,KKM,,PERAK,LARUT DAN MATANG,KLINIK PERGIGIAN,KLINIK PERGIGIAN SEKOLAH RENDAH,KLINIK PERGIGIAN SEKOLAH D/A SEKOLAH KEBANGSAAN LONG JAAFAR,"LOT 331, JALAN KAMPUNG JANA, 34600 KAMUNTING, PERAK.",,34600,,,,,4.888762,100.7287
4697,21-08070556,BUKA,AWAM,KKM,,PERAK,LARUT DAN MATANG,KLINIK PERGIGIAN,KLINIK PERGIGIAN SEKOLAH RENDAH,KLINIK PERGIGIAN SEKOLAH D/A SEKOLAH KEBANGSAAN KING EDWARD VII(2),"JALAN LUMBA KUDA, 34000 TAIPING, PERAK",,34000,,,,,4.862641,100.7546
4698,21-08070555,BUKA,AWAM,KKM,,PERAK,LARUT DAN MATANG,KLINIK PERGIGIAN,KLINIK PERGIGIAN SEKOLAH RENDAH,KLINIK PERGIGIAN SEKOLAH D/A SEKOLAH KEBANGSAAN KING EDWARD VII (1),"JALAN STESEN, 34000 TAIPING, PERAK",,34000,,,,,4.854533,100.7391
4699,21-08070550,BUKA,AWAM,KKM,,PERAK,LARUT DAN MATANG,KLINIK PERGIGIAN,KLINIK PERGIGIAN SEKOLAH RENDAH,KLINIK PERGIGIAN SEKOLAH D/A SEKOLAH KEBANGSAAN CONVENT KOTA,"JALAN CONVENT, 34000 TAIPING, PERAK.",,34000,,,,,4.847728,100.7377
4700,21-08070548,BUKA,AWAM,KKM,,PERAK,LARUT DAN MATANG,KLINIK PERGIGIAN,KLINIK PERGIGIAN SEKOLAH RENDAH,KLINIK PERGIGIAN SEKOLAH D/A SEKOLAH KEBANGSAAN ALL SAINTS',"JALAN KAMUNTING, 34600 KAMUNTING, PERAK",,34600,,,,,4.887958,100.7311
4701,21-08070546,BUKA,AWAM,KKM,,PERAK,LARUT DAN MATANG,KLINIK PERGIGIAN,KLINIK PERGIGIAN SEKOLAH RENDAH,KLINIK PERGIGIAN SEKOLAH D/A SEKOLAH JENIS KEBANGSAAN (CINA) SIN MIN,"KAMPUNG SIMPANG MAKMUR, 34700 TAIPING, PERAK.",,34700,,,,,4.819208,100.7118
4702,21-08070545,BUKA,AWAM,KKM,,PERAK,LARUT DAN MATANG,KLINIK PERGIGIAN,KLINIK PERGIGIAN SEKOLAH RENDAH,KLINIK PERGIGIAN SEKOLAH D/A SEKOLAH JENIS KEBANGSAAN (CINA) HUA LIAN (3),"JALAN CEMPEDAK, KG JAMBU, 34000 TAIPING, PERAK.",,34000,,,,,4.841965,100.7427
4703,21-08070544,BUKA,AWAM,KKM,,PERAK,LARUT DAN MATANG,KLINIK PERGIGIAN,KLINIK PERGIGIAN SEKOLAH RENDAH,KLINIK PERGIGIAN SEKOLAH D/A SEKOLAH JENIS KEBANGSAAN (CINA) HUA LIAN (1),"JALAN IZZUDIN SHAH, 34000 TAIPING, PERAK",,34000,,,,,4.854076,100.725
4704,21-08070574,BUKA,AWAM,KKM,,PERAK,LARUT DAN MATANG,KLINIK PERGIGIAN,KLINIK PERGIGIAN SEKOLAH MENENGAH,KLINIK PERGIGIAN SEKOLAH D/A SEKOLAH MENENGAH KEBANGSAAN SAINS RAJA TUN AZLAN SHAH,"PETI SURAT 79, 34000 TAIPING, PERAK.",,34000,,,,,4.853488,100.7533
4705,21-08070573,BUKA,AWAM,KKM,,PERAK,LARUT DAN MATANG,KLINIK PERGIGIAN,KLINIK PERGIGIAN SEKOLAH MENENGAH,KLINIK PERGIGIAN SEKOLAH D/A SEKOLAH MENENGAH KEBANGSAAN KAMUNTING,"JALAN KAMPUNG EXPO, 34600 KAMUNTING, PERAK",,34600,,,,,4.901362,100.7202
4706,21-08070572,BUKA,AWAM,KKM,,PERAK,LARUT DAN MATANG,KLINIK PERGIGIAN,KLINIK PERGIGIAN SEKOLAH MENENGAH,KLINIK PERGIGIAN SEKOLAH D/A SEKOLAH MENENGAH KEBANGSAAN HUA LIAN,"NO. 10, JALAN LUMBA KUDA, 34008 TAIPING, PERAK.",,34008,,,,,4.861696,100.7516
4707,21-08070570,BUKA,AWAM,KKM,,PERAK,LARUT DAN MATANG,KLINIK PERGIGIAN,KLINIK PERGIGIAN SEKOLAH MENENGAH,KLINIK PERGIGIAN SEKOLAH D/A SEKOLAH MENENGAH KEBANGSAAN SIMPANG,"JALAN MATANG, 34700 SIMPANG, PERAK.",,34700,,,,,4.816621,100.6994
4708,21-08070541,BUKA,AWAM,KKM,,PERAK,LARUT DAN MATANG,KLINIK PERGIGIAN,KLINIK PERGIGIAN SEKOLAH MENENGAH,KLINIK PERGIGIAN SEKOLAH D/A MAKTAB RENDAH SAINS MARA TAIPING,"JALAN BUKIT LARUT, 34000 TAIPING, PERAK.",,34000,,,,,4.864289,100.7593
4709,21-08070532,BUKA,AWAM,KKM,,PERAK,LARUT DAN MATANG,KLINIK PERGIGIAN,KLINIK PERGIGIAN SEKOLAH MENENGAH,KLINIK PERGIGIAN SEKOLAH D/A SEKOLAH MENENGAH KEBANGSAAN BUKIT JANA,"JALAN BATU 4 1/2, 34600 KAMUNTING, PERAK.",,34600,,,,,4.905666,100.7327
4712,91-08080370,BUKA,AWAM,KKM,,PERAK,MANJUNG,PEJABAT KESIHATAN PERGIGIAN,PEJABAT KESIHATAN PERGIGIAN DAERAH,PEJABAT KESIHATAN PERGIGIAN DAERAH MANJUNG,"JALAN LUMUT, 32000 SITIAWAN, PERAK",,32000,,,,,4.217702,100.6983
4713,21-08080378,BUKA,AWAM,KKM,,PERAK,MANJUNG,KLINIK PERGIGIAN,KLINIK PERGIGIAN (STANDALONE),KLINIK PERGIGIAN SERI MANJUNG,"JALAN LUMUT, 32000 SITIAWAN, PERAK.",,32000,,,,,4.215035,100.6916
4714,21-08080085D,BUKA,AWAM,KKM,,PERAK,MANJUNG,KLINIK PERGIGIAN,KLINIK PERGIGIAN DI KLINIK KESIHATAN,KLINIK PERGIGIAN DI KLINIK KESIHATAN SITIAWAN,"JALAN DATO'AHMAD YUNOS, 32000 SITIAWAN, PERAK.",,32000,,,,,4.224086,100.7031
4715,21-08080073D,BUKA,AWAM,KKM,,PERAK,MANJUNG,KLINIK PERGIGIAN,KLINIK PERGIGIAN DI KLINIK KESIHATAN,KLINIK PERGIGIAN DI KLINIK KESIHATAN PANTAI REMIS,"34900 PANTAI REMIS, PERAK.",,34900,,,,,4.444067,100.63
4716,21-08080072D,BUKA,AWAM,KKM,,PERAK,MANJUNG,KLINIK PERGIGIAN,KLINIK PERGIGIAN DI KLINIK KESIHATAN,KLINIK PERGIGIAN DI KLINIK KESIHATAN PULAU PANGKOR,"32300 PULAU PANGKOR, PERAK.",,32300,,,,,4.212365,100.571
4717,21-08080064D,BUKA,AWAM,KKM,,PERAK,MANJUNG,KLINIK PERGIGIAN,KLINIK PERGIGIAN DI KLINIK KESIHATAN,KLINIK PERGIGIAN DI KLINIK KESIHATAN LEKIR,"BATU 8, 32020 LEKIR, PERAK.",,32020,,,,,4.135757,100.7296
4718,21-08080039D,BUKA,AWAM,KKM,,PERAK,MANJUNG,KLINIK PERGIGIAN,KLINIK PERGIGIAN DI KLINIK KESIHATAN,KLINIK PERGIGIAN DI KLINIK KESIHATAN CHANGKAT KRUING,"32500 CHANGKAT KRUING, PERAK.",,32500,,,,,4.38165,100.691
4719,21-08080037D,BUKA,AWAM,KKM,,PERAK,MANJUNG,KLINIK PERGIGIAN,KLINIK PERGIGIAN DI KLINIK KESIHATAN,KLINIK PERGIGIAN DI KLINIK KESIHATAN BERUAS,"32700 BERUAS, MANJUNG, PERAK.",,32700,,,,,4.497342,100.7891
4720,21-08080030D,BUKA,AWAM,KKM,,PERAK,MANJUNG,KLINIK PERGIGIAN,KLINIK PERGIGIAN DI KLINIK KESIHATAN,KLINIK PERGIGIAN DI KLINIK KESIHATAN AYER TAWAR,"32400 AYER TAWAR, PERAK.",,32400,,,,,4.289357,100.7487
4721,11-08080019D,BUKA,AWAM,KKM,,PERAK,MANJUNG,KLINIK PERGIGIAN,KLINIK PERGIGIAN DI HOSPITAL,KLINIK PERGIGIAN DI HOSPITAL SERI MANJUNG,"SERI MANJUNG, 32040 MANJUNG, PERAK",,32040,,,,,4.185292,100.6618
4722,21-08080603,BUKA,AWAM,KKM,,PERAK,MANJUNG,KLINIK PERGIGIAN,KLINIK PERGIGIAN SEKOLAH RENDAH,KLINIK PERGIGIAN SEKOLAH D/A SEKOLAH KEBANGSAAN SERI MANJUNG,"BANDAR BARU SERI MANJUNG, 32040 SERI MANJUNG, PERAK.",,32040,,,,,4.188263,100.6627
4723,21-08080591,BUKA,AWAM,KKM,,PERAK,MANJUNG,KLINIK PERGIGIAN,KLINIK PERGIGIAN SEKOLAH RENDAH,KLINIK PERGIGIAN SEKOLAH D/A SEKOLAH JENIS KEBANGSAAN (CINA) TIT BIN,"34900 PANTAI REMIS, PERAK.",,34900,,,,,4.449844,100.6277
4724,21-08080589,BUKA,AWAM,KKM,,PERAK,MANJUNG,KLINIK PERGIGIAN,KLINIK PERGIGIAN SEKOLAH RENDAH,KLINIK PERGIGIAN SEKOLAH D/A SEKOLAH JENIS KEBANGSAAN (CINA) HWA LIAN (1),"JALAN PASIR BOGAK, 32300 PANGKOR, PERAK.",,32300,,,,,4.212523,100.5611
4725,21-08080586,BUKA,AWAM,KKM,,PERAK,MANJUNG,KLINIK PERGIGIAN,KLINIK PERGIGIAN SEKOLAH RENDAH,KLINIK PERGIGIAN SEKOLAH D/A SEKOLAH JENIS KEBANGSAAN (TAMIL) BERUAS,"JALAN BERUAS, 32700 BERUAS, PERAK.",,32700,,,,,4.506068,100.7679
4726,21-08080585,BUKA,AWAM,KKM,,PERAK,MANJUNG,KLINIK PERGIGIAN,KLINIK PERGIGIAN SEKOLAH RENDAH,KLINIK PERGIGIAN SEKOLAH D/A SEKOLAH JENIS KEBANGSAAN (CINA) CHUNG CHENG,"JALAN RAJA OMAR, 32000 SITIAWAN, PERAK.",,32000,,,,,4.209829,100.6984
4727,21-08080543,BUKA,AWAM,KKM,,PERAK,MANJUNG,KLINIK PERGIGIAN,KLINIK PERGIGIAN SEKOLAH RENDAH,KLINIK PERGIGIAN SEKOLAH D/A SEKOLAH KEBANGSAAN PANGKALAN TLDM II,"32100 LUMUT, PERAK.",,32100,,,,,4.216587,100.6187
4728,21-08080588,BUKA,AWAM,KKM,,PERAK,MANJUNG,KLINIK PERGIGIAN,KLINIK PERGIGIAN SEKOLAH MENENGAH,KLINIK PERGIGIAN SEKOLAH D/A SEKOLAH MENENGAH KEBANGSAAN METHODIST (ACS),"JALAN LIN CHEN MEI, 32000 SITIAWAN, PERAK.",,32000,,,,,4.196647,100.7007
4729,21-08080571,BUKA,AWAM,KKM,,PERAK,MANJUNG,KLINIK PERGIGIAN,KLINIK PERGIGIAN SEKOLAH MENENGAH,KLINIK PERGIGIAN SEKOLAH D/A SEKOLAH MENENGAH KEBANGSAAN AMBROSE,"JALAN AYER TAWAR, 32400 PERAK.",,32400,,,,,4.290259,100.7519
4730,21-08080563,BUKA,AWAM,KKM,,PERAK,MANJUNG,KLINIK PERGIGIAN,KLINIK PERGIGIAN SEKOLAH MENENGAH,KLINIK PERGIGIAN SEKOLAH D/A SEKOLAH MENENGAH PANTAI REMIS,"JALAN TAMAN BINTANG, 34900 PANTAI REMIS, PERAK.",,34900,,,,,4.448171,100.6404
4731,21-08080562,BUKA,AWAM,KKM,,PERAK,MANJUNG,KLINIK PERGIGIAN,KLINIK PERGIGIAN SEKOLAH MENENGAH,KLINIK PERGIGIAN SEKOLAH D/A SEKOLAH MENENGAH KEBANGSAAN DATO' IDRIS,"PENGKALAN BHARU, 34900 PANTAI REMIS, PERAK.",,34900,,,,,4.486385,100.6409
4732,21-08100092D,BUKA,AWAM,KKM,,PERAK,MUALLIM,KLINIK PERGIGIAN,KLINIK PERGIGIAN DI KLINIK KESIHATAN,KLINIK PERGIGIAN DI KLINIK KESIHATAN TANJONG MALIM,"JALAN BESAR, 35900 TANJONG MALIM, PERAK",,35900,,,,,3.688711,101.5234
4733,21-08100086D,BUKA,AWAM,KKM,,PERAK,MUALLIM,KLINIK PERGIGIAN,KLINIK PERGIGIAN DI KLINIK KESIHATAN,KLINIK PERGIGIAN DI KLINIK KESIHATAN SLIM RIVER,"JALAN INDAH, BANDAR BARU SLIM RIVER, 35800 SLIM RIVER, PERAK",,35800,,,,,3.837436,101.4015
4734,11-08010020D,BUKA,AWAM,KKM,,PERAK,MUALLIM,KLINIK PERGIGIAN,KLINIK PERGIGIAN DI HOSPITAL,KLINIK PERGIGIAN DI HOSPITAL SLIM RIVER,"JLN HOSPITAL, 35800 SLIM RIVER, PERAK",,35800,,,,,3.837658,101.4044
4735,21-08100590,BUKA,AWAM,KKM,,PERAK,MUALLIM,KLINIK PERGIGIAN,KLINIK PERGIGIAN SEKOLAH RENDAH,KLINIK PERGIGIAN SEKOLAH D/A SEKOLAH JENIS KEBANGSAAN (CINA) CHUNG SIN,"121-122, JALAN KETOYONG, 35900 TANJONG MALIM, PERAK",,35900,,,,,3.683545,101.5203
4736,91-08090366,BUKA,AWAM,KKM,,PERAK,PERAK TENGAH,PEJABAT KESIHATAN PERGIGIAN,PEJABAT KESIHATAN PERGIGIAN DAERAH,PEJABAT KESIHATAN PERGIGIAN DAERAH PERAK TENGAH,"JALAN PEJABAT POS, 32800 PARIT, PERAK",,32800,,,,,4.471803,101.0415
4737,21-08090610D,BUKA,AWAM,KKM,,PERAK,PERAK TENGAH,KLINIK PERGIGIAN,KLINIK PERGIGIAN DI KLINIK KESIHATAN,KLINIK PERGIGIAN DI KLINIK KESIHATAN SERI ISKANDAR,"ARAS 1, BANDAR SERI ISKANDAR, 32610 SERI ISKANDAR, PERAK.",,32610,,,,,4.36929,100.9532
4738,21-08090074D,BUKA,AWAM,KKM,,PERAK,PERAK TENGAH,KLINIK PERGIGIAN,KLINIK PERGIGIAN DI KLINIK KESIHATAN,KLINIK PERGIGIAN DI KLINIK KESIHATAN PARIT,"JALAN PEJABAT POS, 32800 PARIT, PERAK",,32800,,,,,4.476355,100.9096
4739,21-08090053D,BUKA,AWAM,KKM,,PERAK,PERAK TENGAH,KLINIK PERGIGIAN,KLINIK PERGIGIAN DI KLINIK KESIHATAN,KLINIK PERGIGIAN DI KLINIK KESIHATAN KAMPUNG GAJAH,"36800 KAMPUNG GAJAH, PERAK",,36800,,,,,4.183292,100.9402
4740,21-08090036D,BUKA,AWAM,KKM,,PERAK,PERAK TENGAH,KLINIK PERGIGIAN,KLINIK PERGIGIAN DI KLINIK KESIHATAN,KLINIK PERGIGIAN DI KLINIK KESIHATAN BOTA KIRI,"32600 BOTA, PERAK",,32600,,,,,4.356571,100.8717
4741,21-08090561,BUKA,AWAM,KKM,,PERAK,PERAK TENGAH,KLINIK PERGIGIAN,KLINIK PERGIGIAN SEKOLAH MENENGAH,KLINIK PERGIGIAN SEKOLAH D/A SEKOLAH MENENGAH KEBANGSAAN DATO' ABDUL RAHMAN YAAKUB,"32600 BOTA, PERAK",,32600,,,,,4.350469,100.8837
4742,21-08070087D,BUKA,AWAM,KKM,,PERAK,SELAMA,KLINIK PERGIGIAN,KLINIK PERGIGIAN DI KLINIK KESIHATAN,KLINIK PERGIGIAN DI KLINIK KESIHATAN SG. BAYOR,"PEKAN SUNGAI BAYOR, 34140 LARUT MATANG DAN SELAMA , PERAK",,34140,,,,,5.249544,100.7784
4743,21-08070082D,BUKA,AWAM,KKM,,PERAK,SELAMA,KLINIK PERGIGIAN,KLINIK PERGIGIAN DI KLINIK KESIHATAN,KLINIK PERGIGIAN DI KLINIK KESIHATAN SELAMA,"JALAN BESAR, 34100 SELAMA, PERAK",,34100,,,,,5.216304,100.6949
4744,91-09010044,BUKA,AWAM,KKM,,PERLIS,PERLIS,PEJABAT KESIHATAN PERGIGIAN,PEJABAT KESIHATAN PERGIGIAN DAERAH,PEJABAT KESIHATAN PERGIGIAN DAERAH ARAU,"JALAN BESAR ARAU, 02600 ARAU, PERLIS",,02600,,,,,6.425418,100.2727
4745,91-09010043,BUKA,AWAM,KKM,,PERLIS,PERLIS,PEJABAT KESIHATAN PERGIGIAN,PEJABAT KESIHATAN PERGIGIAN DAERAH,PEJABAT KESIHATAN PERGIGIAN DAERAH KANGAR,"JALAN KOLAM, 01000 KANGAR, PERLIS",,01000,,,,,6.468802,100.2492
4746,21-09010093D,BUKA,AWAM,KKM,,PERLIS,PERLIS,KLINIK PERGIGIAN,KLINIK PERGIGIAN DI KLINIK KESIHATAN,KLINIK PERGIGIAN DI KLINIK KESIHATAN PAUH,"JALAN PAUH, 02600 ARAU, PERLIS",,02600,,,,,6.436982,100.303
4747,21-09010049D,BUKA,AWAM,KKM,,PERLIS,PERLIS,KLINIK PERGIGIAN,KLINIK PERGIGIAN DI KLINIK KESIHATAN,KLINIK PERGIGIAN DI KLINIK KESIHATAN JEJAWI,"JALAN JEJAWI SEMATANG, KAWASAN PERINDUSTRIAN JEJAWI, ARAU, 02600 KANGAR, PERLIS",,02600,,,,,6.445347,100.2382
4748,21-09010047D,BUKA,AWAM,KKM,,PERLIS,PERLIS,KLINIK PERGIGIAN,KLINIK PERGIGIAN DI KLINIK KESIHATAN,KLINIK PERGIGIAN DI KLINIK KESIHATAN KAKI BUKIT,"JALAN KAKI BUKIT, 02200 KAKI BUKIT, PERLIS",,02200,,,,,6.505514,100.2265
4749,21-09010046D,BUKA,AWAM,KKM,,PERLIS,PERLIS,KLINIK PERGIGIAN,KLINIK PERGIGIAN DI KLINIK KESIHATAN,KLINIK PERGIGIAN DI KLINIK KESIHATAN KUALA SANGLANG,"PEKAN KUALA SANGLANG, 02800 KUALA SANGLANG, PERLIS",,02800,,,,,6.262371,100.1958
4750,21-09010045D,BUKA,AWAM,KKM,,PERLIS,PERLIS,KLINIK PERGIGIAN,KLINIK PERGIGIAN DI KLINIK KESIHATAN,KLINIK PERGIGIAN DI KLINIK KESIHATAN ARAU,"JALAN BESAR ARAU, 02600 ARAU , PERLIS",,02600,,,,,6.425418,100.2727
4751,21-09010009D,BUKA,AWAM,KKM,,PERLIS,PERLIS,KLINIK PERGIGIAN,KLINIK PERGIGIAN DI KLINIK KESIHATAN,KLINIK PERGIGIAN DI KLINIK KESIHATAN SIMPANG EMPAT,"PEKAN SIMPANG EMPAT, 02700 SIMPANG EMPAT, PERLIS",,02700,,,,,6.336508,100.1914
4752,21-09010008D,BUKA,AWAM,KKM,,PERLIS,PERLIS,KLINIK PERGIGIAN,KLINIK PERGIGIAN DI KLINIK KESIHATAN,KLINIK PERGIGIAN DI KLINIK KESIHATAN PADANG BESAR,"JALAN PADANG BESAR, 02100 PADANG BESAR, PERLIS",,02100,,,,,6.657194,100.2944
4753,21-09010007D,BUKA,AWAM,KKM,,PERLIS,PERLIS,KLINIK PERGIGIAN,KLINIK PERGIGIAN DI KLINIK KESIHATAN,KLINIK PERGIGIAN DI KLINIK KESIHATAN KUALA PERLIS,"JALAN KUALA PERLIS, 02000 KUALA PERLIS, PERLIS",,02000,,,,,6.397567,100.134
4754,21-09010006D,BUKA,AWAM,KKM,,PERLIS,PERLIS,KLINIK PERGIGIAN,KLINIK PERGIGIAN DI KLINIK KESIHATAN,KLINIK PERGIGIAN DI KLINIK KESIHATAN KANGAR,"JALAN KOLAM, 01000 KANGAR, PERLIS",,01000,,,,,6.468802,100.2492
4755,21-09010005D,BUKA,AWAM,KKM,,PERLIS,PERLIS,KLINIK PERGIGIAN,KLINIK PERGIGIAN DI KLINIK KESIHATAN,KLINIK PERGIGIAN DI KLINIK KESIHATAN KAMPUNG GIAL,"KAMPUNG GIAL, 02500 MATA AYER, PERLIS",,02500,,,,,6.464868,100.2734
4756,21-09010004D,BUKA,AWAM,KKM,,PERLIS,PERLIS,KLINIK PERGIGIAN,KLINIK PERGIGIAN DI KLINIK KESIHATAN,KLINIK PERGIGIAN DI KLINIK KESIHATAN BESERI,"PEKAN BESERI, 02400 BESERI, PERLIS",,02400,,,,,6.514836,100.2305
4757,11-09010003D,BUKA,AWAM,KKM,,PERLIS,PERLIS,KLINIK PERGIGIAN,KLINIK PERGIGIAN DI HOSPITAL,KLINIK PERGIGIAN DI HOSPITAL TUANKU FAUZIAH,"JALAN KOLAM, 01000 KANGAR, PERLIS",,01000,,,,,6.44121,100.1917
4758,21-09010080,BUKA,AWAM,KKM,,PERLIS,PERLIS,KLINIK PERGIGIAN,KLINIK PERGIGIAN SEKOLAH RENDAH,KLINIK PERGIGIAN SEKOLAH D/A SEKOLAH KEBANGSAAN SERI INDERA,"JALAN SEKOLAH DERMA, 01000 KANGAR, PERLIS",,01000,,,,,6.446466,100.2026
4759,21-09010079,BUKA,AWAM,KKM,,PERLIS,PERLIS,KLINIK PERGIGIAN,KLINIK PERGIGIAN SEKOLAH RENDAH,KLINIK PERGIGIAN SEKOLAH D/A SEKOLAH KEBANGSAAN STELLA MARIS,"JALAN RAJA SYED SAFFI, 01000 KANGAR, PERLIS",,01000,,,,,6.441773,100.1847
4760,21-09010078,BUKA,AWAM,KKM,,PERLIS,PERLIS,KLINIK PERGIGIAN,KLINIK PERGIGIAN SEKOLAH RENDAH,KLINIK PERGIGIAN SEKOLAH D/A SEKOLAH KEBANGSAAN SERI TUNJONG,"KM. 10, JALAN BUKIT KETERI, 02400 BESERI, PERLIS",,02400,,,,,6.51691,100.2331
4761,21-09010077,BUKA,AWAM,KKM,,PERLIS,PERLIS,KLINIK PERGIGIAN,KLINIK PERGIGIAN SEKOLAH RENDAH,KLINIK PERGIGIAN SEKOLAH D/A SEKOLAH KEBANGSAAN SERI PERLIS,"JALAN RAJA SYED ALWI, 01000 KANGAR, PERLIS",,01000,,,,,6.433521,100.1952
4762,21-09010076,BUKA,AWAM,KKM,,PERLIS,PERLIS,KLINIK PERGIGIAN,KLINIK PERGIGIAN SEKOLAH RENDAH,KLINIK PERGIGIAN SEKOLAH D/A SEKOLAH KEBANGSAAN SENA,"JALAN KAMPUNG BAKAU, 01000 KANGAR, PERLIS",,01000,,,,,6.437361,100.2068
4763,21-09010075,BUKA,AWAM,KKM,,PERLIS,PERLIS,KLINIK PERGIGIAN,KLINIK PERGIGIAN SEKOLAH RENDAH,KLINIK PERGIGIAN SEKOLAH D/A SEKOLAH KEBANGSAAN PUTRA,"JALAN PADANG KATONG, 01000 KANGAR, PERLIS",,01000,,,,,6.444638,100.1842
4764,21-09010074,BUKA,AWAM,KKM,,PERLIS,PERLIS,KLINIK PERGIGIAN,KLINIK PERGIGIAN SEKOLAH RENDAH,KLINIK PERGIGIAN SEKOLAH D/A SEKOLAH KEBANGSAAN PAYA,"KM. 8, JALAN KAKI BUKIT, 02400 BESERI, PERLIS",,02400,,,,,6.511962,100.2289
4765,21-09010073,BUKA,AWAM,KKM,,PERLIS,PERLIS,KLINIK PERGIGIAN,KLINIK PERGIGIAN SEKOLAH RENDAH,KLINIK PERGIGIAN SEKOLAH D/A SEKOLAH KEBANGSAAN JEJAWI,"JALAN KANGAR-ARAU, 01000 KANGAR, PERLIS",,01000,,,,,6.43872,100.1946
4766,21-09010072,BUKA,AWAM,KKM,,PERLIS,PERLIS,KLINIK PERGIGIAN,KLINIK PERGIGIAN SEKOLAH RENDAH,KLINIK PERGIGIAN SEKOLAH D/A SEKOLAH KEBANGSAAN BESERI,"KM. 12, JALAN KAKI BUKIT, 02400 BESERI, PERLIS",,02400,,,,,6.536174,100.2289
4767,21-09010071,BUKA,AWAM,KKM,,PERLIS,PERLIS,KLINIK PERGIGIAN,KLINIK PERGIGIAN SEKOLAH RENDAH,KLINIK PERGIGIAN SEKOLAH D/A SEKOLAH JENIS KEBANGSAAN (CINA) KONG HWA,"KAKI BUKIT, 02200 KAKI BUKIT, PERLIS.",,02200,,,,,6.707119,100.1927
4768,21-09010070,BUKA,AWAM,KKM,,PERLIS,PERLIS,KLINIK PERGIGIAN,KLINIK PERGIGIAN SEKOLAH RENDAH,KLINIK PERGIGIAN SEKOLAH D/A SEKOLAH JENIS KEBANGSAAN (CINA) KHOON AIK,"JLN. RAJA SYED ALWI, 01000 KANGAR, PERLIS.",,01000,,,,,6.429418,100.1968
4769,21-09010064,BUKA,AWAM,KKM,,PERLIS,PERLIS,KLINIK PERGIGIAN,KLINIK PERGIGIAN SEKOLAH RENDAH,KLINIK PERGIGIAN SEKOLAH D/A SEKOLAH KEBANGSAAN TENGKU BUDRIAH,"JALAN BESAR ARAU, 02600 ARAU, PERLIS",,02600,,,,,6.425418,100.2727
4770,21-09010063,BUKA,AWAM,KKM,,PERLIS,PERLIS,KLINIK PERGIGIAN,KLINIK PERGIGIAN SEKOLAH RENDAH,KLINIK PERGIGIAN SEKOLAH D/A SEKOLAH KEBANGSAAN TAMBUN TULANG,"KM 7, JALAN BN, 02600 ARAU, PERLIS",,02600,,,,,6.376912,100.2398
4771,21-09010062,BUKA,AWAM,KKM,,PERLIS,PERLIS,KLINIK PERGIGIAN,KLINIK PERGIGIAN SEKOLAH RENDAH,KLINIK PERGIGIAN SEKOLAH D/A SEKOLAH KEBANGSAAN SIMPANG AMPAT,"JALAN DATO' AHMAD MUSA, 02700 SIMPANG EMPAT, PERLIS",,02700,,,,,6.338506,100.1901
4772,21-09010061,BUKA,AWAM,KKM,,PERLIS,PERLIS,KLINIK PERGIGIAN,KLINIK PERGIGIAN SEKOLAH RENDAH,KLINIK PERGIGIAN SEKOLAH D/A SEKOLAH KEBANGSAAN KUALA PERLIS,"JALAN KUALA PERLIS, 02000 KUALA PERLIS, PERLIS",,02000,,,,,6.399407,100.1329
4773,21-09010060,BUKA,AWAM,KKM,,PERLIS,PERLIS,KLINIK PERGIGIAN,KLINIK PERGIGIAN SEKOLAH RENDAH,KLINIK PERGIGIAN SEKOLAH D/A SEKOLAH KEBANGSAAN JELEMPOK,"KAMPUNG JELEMPOK, 02600 ARAU, PERLIS",,02600,,,,,6.401936,100.2864
4774,21-09010089,BUKA,AWAM,KKM,,PERLIS,PERLIS,KLINIK PERGIGIAN,KLINIK PERGIGIAN SEKOLAH MENENGAH,KLINIK PERGIGIAN SEKOLAH D/A SEKOLAH MENENGAH KEBANGSAAN TENGKU SULAIMAN,"JALAN BUKIT KETERI, 02400 BESERI, PERLIS",,02400,,,,,6.517186,100.2353
4775,21-09010088,BUKA,AWAM,KKM,,PERLIS,PERLIS,KLINIK PERGIGIAN,KLINIK PERGIGIAN SEKOLAH MENENGAH,KLINIK PERGIGIAN SEKOLAH D/A SEKOLAH MENENGAH KEBANGSAAN SYED SIRAJUDDIN,"JEJAWI, JALAN BESAR KANGAR ARAU, 02600 ARAU, PERLIS",,02600,,,,,6.44555,100.2394
4776,21-09010087,BUKA,AWAM,KKM,,PERLIS,PERLIS,KLINIK PERGIGIAN,KLINIK PERGIGIAN SEKOLAH MENENGAH,KLINIK PERGIGIAN SEKOLAH D/A SEKOLAH MENENGAH SAINS TUANKU SYED PUTRA,"JALAN BEHOR PULAI, 01000 KANGAR, PERLIS",,01000,,,,,6.427226,100.2164
4777,21-09010086,BUKA,AWAM,KKM,,PERLIS,PERLIS,KLINIK PERGIGIAN,KLINIK PERGIGIAN SEKOLAH MENENGAH,KLINIK PERGIGIAN SEKOLAH D/A SEKOLAH MENENGAH KEBANGSAAN RAJA PUAN MUDA TENGKU FAUZIAH,"JALAN PADANG BESAR (U), 02200 KAKI BUKIT, PERLIS.",,02200,,,,,6.636741,100.2196
4778,21-09010085,BUKA,AWAM,KKM,,PERLIS,PERLIS,KLINIK PERGIGIAN,KLINIK PERGIGIAN SEKOLAH MENENGAH,KLINIK PERGIGIAN SEKOLAH D/A SEKOLAH MENENGAH KEBANGSAAN PUTRA,"JALAN PADANG KATONG, 01000 KANGAR, PERLIS",,01000,,,,,6.444358,100.1844
4779,21-09010084,BUKA,AWAM,KKM,,PERLIS,PERLIS,KLINIK PERGIGIAN,KLINIK PERGIGIAN SEKOLAH MENENGAH,KLINIK PERGIGIAN SEKOLAH D/A SEKOLAH MENENGAH KEBANGSAAN PERLIS,"JALAN RAJA SYED ALWI, 01000 KANGAR, PERLIS",,01000,,,,,6.430767,100.1975
4780,21-09010083,BUKA,AWAM,KKM,,PERLIS,PERLIS,KLINIK PERGIGIAN,KLINIK PERGIGIAN SEKOLAH MENENGAH,KLINIK PERGIGIAN SEKOLAH D/A SEKOLAH MENENGAH KEBANGSAAN SYED HASSAN,"JALAN SEKOLAH DERMA, 01000 KANGAR, PERLIS",,01000,,,,,6.446555,100.2018
4781,21-09010082,BUKA,AWAM,KKM,,PERLIS,PERLIS,KLINIK PERGIGIAN,KLINIK PERGIGIAN SEKOLAH MENENGAH,KLINIK PERGIGIAN SEKOLAH D/A SEKOLAH MENENGAH KEBANGSAAN DERMA,"JALAN PENJARA, 01000 KANGAR, PERLIS",,01000,,,,,6.442503,100.1923
4782,21-09010081,BUKA,AWAM,KKM,,PERLIS,PERLIS,KLINIK PERGIGIAN,KLINIK PERGIGIAN SEKOLAH MENENGAH,KLINIK PERGIGIAN SEKOLAH D/A SEKOLAH MENENGAH KEBANGSAAN DATUK JAAFAR HASSAN,"JALAN KILANG GULA, 02450 BUKIT KETERI, PERLIS.",,02450,,,,,6.518611,100.2633
4783,21-09010069,BUKA,AWAM,KKM,,PERLIS,PERLIS,KLINIK PERGIGIAN,KLINIK PERGIGIAN SEKOLAH MENENGAH,KLINIK PERGIGIAN SEKOLAH D/A SEKOLAH MENENGAH KEBANGSAAN SYED SAFFI,"KM 12, JALAN KANGAR-ALOR SETAR, 02700 SIMPANG EMPAT, PERLIS",,02700,,,,,6.331657,100.1927
4784,21-09010068,BUKA,AWAM,KKM,,PERLIS,PERLIS,KLINIK PERGIGIAN,KLINIK PERGIGIAN SEKOLAH MENENGAH,KLINIK PERGIGIAN SEKOLAH D/A SEKOLAH MENENGAH KEBANGSAAN SYED ALWI,"KAYANG, 01000 KANGAR, PERLIS",,01000,,,,,6.395119,100.1832
4785,21-09010067,BUKA,AWAM,KKM,,PERLIS,PERLIS,KLINIK PERGIGIAN,KLINIK PERGIGIAN SEKOLAH MENENGAH,KLINIK PERGIGIAN SEKOLAH D/A SEKOLAH MENENGAH KEBANGSAAN SANGLANG,"KAMPUNG RAMA, 02800 SIMPANG EMPAT, PERLIS",,02800,,,,,6.298188,100.2063
4786,21-09010066,BUKA,AWAM,KKM,,PERLIS,PERLIS,KLINIK PERGIGIAN,KLINIK PERGIGIAN SEKOLAH MENENGAH,KLINIK PERGIGIAN SEKOLAH D/A SEKOLAH MENENGAH KEBANGSAAN KUALA PERLIS,"JALAN KUALA PERLIS, 02000 KUALA PERLIS, PERLIS",,02000,,,,,6.395717,100.1356
4787,21-09010065,BUKA,AWAM,KKM,,PERLIS,PERLIS,KLINIK PERGIGIAN,KLINIK PERGIGIAN SEKOLAH MENENGAH,KLINIK PERGIGIAN SEKOLAH D/A SEKOLAH MENENGAH KEBANGSAAN ARAU,"JALAN BESAR ARAU, 02600 ARAU, PERLIS",,02600,,,,,6.434874,100.2719
4788,21-09010059,BUKA,AWAM,KKM,,PERLIS,PERLIS,KLINIK PERGIGIAN,KLINIK PERGIGIAN SEKOLAH MENENGAH,KLINIK PERGIGIAN SEKOLAH D/A MAKTAB RENDAH SAINS MARA BESERI,"BATU 8 1/2, JLN KAKI BUKIT, 01000 KANGAR, PERLIS",,01000,,,,,6.55318,100.2312
4789,21-09010091D,BUKA,AWAM,KKM,,PERLIS,PERLIS,KLINIK PERGIGIAN,KLINIK PERGIGIAN DI UTC,KLINIK PERGIGIAN DI KLINIK KESIHATAN UTC KANGAR,"NO. 1 ARAS 1, BLOK A , PUSAT TRANSFORMASI BANDAR (UTC), 01000 KANGAR, PERLIS",,01000,,,,,6.454386,100.1927
4791,91-07010115,BUKA,AWAM,KKM,,PULAU PINANG,BARAT DAYA,PEJABAT KESIHATAN PERGIGIAN,PEJABAT KESIHATAN PERGIGIAN DAERAH,PEJABAT KESIHATAN PERGIGIAN DAERAH BARAT DAYA,"TINGKAT 1, KLINIK KESIHATAN BAYAN BARU, JALAN TENGAH, BAYAN BARU, 11950 PULAU PINANG",,11950,,,,,5.319624,100.2798
4792,21-07051356D,BUKA,AWAM,KKM,,PULAU PINANG,BARAT DAYA,KLINIK PERGIGIAN,KLINIK PERGIGIAN DI KLINIK KESIHATAN,KLINIK PERGIGIAN DI KLINIK KESIHATAN AIR PUTIH,"LOT 483, KLINIK KESIHATAN JENIS (KK3), JALAN AIR PUTIH, MUKIM E, 11000 BALIK PULAU, PULAU PINANG",,11000,,,,,5.405453,100.2866
4793,21-07010043D,BUKA,AWAM,KKM,,PULAU PINANG,BARAT DAYA,KLINIK PERGIGIAN,KLINIK PERGIGIAN DI KLINIK KESIHATAN,KLINIK PERGIGIAN DI KLINIK KESIHATAN TELUK BAHANG,"TELUK BAHANG TANJUNG BUNGAH, 11050 PULAU PINANG",,11050,,,,,5.45568,100.215
4794,21-07010020D,BUKA,AWAM,KKM,,PULAU PINANG,BARAT DAYA,KLINIK PERGIGIAN,KLINIK PERGIGIAN DI KLINIK KESIHATAN,KLINIK PERGIGIAN DI KLINIK KESIHATAN BAYAN LEPAS,"LOT 1157 MUKIM 12, JLN DATO ISMAIL HASHIM, BAYAN LEPAS, 11900 PULAU PINANG",,11900,,,,,5.299726,100.2622
4795,21-07010019D,BUKA,AWAM,KKM,,PULAU PINANG,BARAT DAYA,KLINIK PERGIGIAN,KLINIK PERGIGIAN DI KLINIK KESIHATAN,KLINIK PERGIGIAN DI KLINIK KESIHATAN BAYAN BARU,"JALAN TENGAH, BAYAN BARU, 11900 PULAU PINANG",,11900,,,,,5.320558,100.2798
4796,11-07010010D,BUKA,AWAM,KKM,,PULAU PINANG,BARAT DAYA,KLINIK PERGIGIAN,KLINIK PERGIGIAN DI HOSPITAL,KLINIK PERGIGIAN DI HOSPITAL BALIK PULAU,"JALAN HOSPITAL, BALIK PULAU, 11000 PULAU PINANG",,11000,,,,,5.350255,100.233
4797,21-07010265,BUKA,AWAM,KKM,,PULAU PINANG,BARAT DAYA,KLINIK PERGIGIAN,KLINIK PERGIGIAN SEKOLAH RENDAH,KLINIK PERGIGIAN SEKOLAH D/A SEKOLAH KEBANGSAAN BAYAN LEPAS,"JALAN DATO ISMAIL HASHIM, BAYAN LEPAS, 11900 PULAU PINANG",,11900,,,,,5.296632,100.2608
4798,21-07010264,BUKA,AWAM,KKM,,PULAU PINANG,BARAT DAYA,KLINIK PERGIGIAN,KLINIK PERGIGIAN SEKOLAH RENDAH,KLINIK PERGIGIAN SEKOLAH D/A SEKOLAH JENIS KEBANGSAAN (CINA) CHONG CHENG,"JALAN DATO ISMAIL HASHIM, 11900 PULAU PINANG",,11900,,,,,5.324024,100.2711
4799,21-07010263,BUKA,AWAM,KKM,,PULAU PINANG,BARAT DAYA,KLINIK PERGIGIAN,KLINIK PERGIGIAN SEKOLAH RENDAH,KLINIK PERGIGIAN SEKOLAH D/A SEKOLAH KEBANGSAAN TELUK KUMBAR,"22, JALAN TELUK KUMBAR, BANDAR BARU TELOK KUMBAR, BAYAN LEPAS, 11920 PULAU PINANG",,11920,,,,,5.290586,100.2322
4800,21-07010262,BUKA,AWAM,KKM,,PULAU PINANG,BARAT DAYA,KLINIK PERGIGIAN,KLINIK PERGIGIAN SEKOLAH RENDAH,KLINIK PERGIGIAN SEKOLAH D/A SEKOLAH KEBANGSAAN SERI PERMAI,"JALAN TENGAH, BAYAN BARU, 11950 PULAU PINANG",,11950,,,,,5.319886,100.2838
4801,21-07010266,BUKA,AWAM,KKM,,PULAU PINANG,BARAT DAYA,KLINIK PERGIGIAN,KLINIK PERGIGIAN SEKOLAH MENENGAH,KLINIK PERGIGIAN SEKOLAH D/A SEKOLAH MENENGAH KEBANGSAAN TELOK KUMBAR,"JALAN TELUK KUMBAR, 11920 PULAU PINANG",,11920,,,,,5.28692,100.2412
4803,91-07020118,BUKA,AWAM,KKM,,PULAU PINANG,SEBERANG PERAI SELATAN,PEJABAT KESIHATAN PERGIGIAN,PEJABAT KESIHATAN PERGIGIAN DAERAH,PEJABAT KESIHATAN PERGIGIAN DAERAH SEBERANG PERAI SELATAN,"JALAN BUKIT PANCHOR, 14300 NIBONG TEBAL, PULAU PINANG",,14300,,,,,5.166319,100.4921
4804,21-07031360,BUKA,AWAM,KKM,,PULAU PINANG,SEBERANG PERAI SELATAN,KLINIK PERGIGIAN,KLINIK PERGIGIAN (STANDALONE),KLINIK PERGIGIAN SUNGAI BAKAP,"JALAN BESAR, KAMPUNG MAKU SUAH, SUNGAI BAKAP, 14200  SEBERANG PERAI SELATAN, PULAU PINANG",,14200,,,,,5.216472,100.4978
4805,21-07020038D,BUKA,AWAM,KKM,,PULAU PINANG,SEBERANG PERAI SELATAN,KLINIK PERGIGIAN,KLINIK PERGIGIAN DI KLINIK KESIHATAN,KLINIK PERGIGIAN DI KLINIK KESIHATAN SUNGAI ACHEH,"JALAN SUNGAI UDANG, 14300 NIBONG TEBAL, SEBERANG PERAI SELATAN, PULAU PINANG",,14300,,,,,5.150169,100.4224
4806,21-07020037D,BUKA,AWAM,KKM,,PULAU PINANG,SEBERANG PERAI SELATAN,KLINIK PERGIGIAN,KLINIK PERGIGIAN DI KLINIK KESIHATAN,KLINIK PERGIGIAN DI KLINIK KESIHATAN BANDAR TASEK MUTIARA,"LOT 8767, LORONG TASEK MUTIARA 19/SS2, BANDAR TASEK MUTIARA, 14100 SEBERANG PERAI SELATAN, PULAU PINANG",,14100,,,,,5.276416,100.4905
4807,21-07020033D,BUKA,AWAM,KKM,,PULAU PINANG,SEBERANG PERAI SELATAN,KLINIK PERGIGIAN,KLINIK PERGIGIAN DI KLINIK KESIHATAN,KLINIK PERGIGIAN DI KLINIK KESIHATAN NIBONG TEBAL,"JALAN KLINIK, 14300 NIBONG TEBAL, SEBERANG PERAI SELATAN, PULAU PINANG",,14300,,,,,5.163626,100.4738
4808,21-07020025D,BUKA,AWAM,KKM,,PULAU PINANG,SEBERANG PERAI SELATAN,KLINIK PERGIGIAN,KLINIK PERGIGIAN DI KLINIK KESIHATAN,KLINIK PERGIGIAN DI KLINIK KESIHATAN BUKIT PANCHOR,"LOT 1866, MUKIM 7 JALAN BUKIT PANCHOR, NIBONG TEBAL, 14300 SEBERANG PERAI SELATAN, PULAU PINANG",,14300,,,,,5.166749,100.4923
4809,21-07020271,BUKA,AWAM,KKM,,PULAU PINANG,SEBERANG PERAI SELATAN,KLINIK PERGIGIAN,KLINIK PERGIGIAN SEKOLAH RENDAH,KLINIK PERGIGIAN SEKOLAH D/A SEKOLAH KEBANGSAAN METHODIST,"JALAN SUNGAI DAUN, 14300 NIBONG TEBAL, PULAU PINANG",,14300,,,,,5.170556,100.4779
4810,21-07020270,BUKA,AWAM,KKM,,PULAU PINANG,SEBERANG PERAI SELATAN,KLINIK PERGIGIAN,KLINIK PERGIGIAN SEKOLAH RENDAH,KLINIK PERGIGIAN SEKOLAH D/A SEKOLAH JENIS KEBANGSAAN (CINA) PAI TEIK,"JALAN OOI KAR SENG, 14300 NIBONG TEBAL, PULAU PINANG",,14300,,,,,5.17344,100.4684
4811,21-07020267,BUKA,AWAM,KKM,,PULAU PINANG,SEBERANG PERAI SELATAN,KLINIK PERGIGIAN,KLINIK PERGIGIAN SEKOLAH RENDAH,KLINIK PERGIGIAN SEKOLAH D/A SEKOLAH KEBANGSAAN SUNGAI ACHEH,"SUNGAI ACHEH, 14320 NIBONG TEBAL, PULAU PINANG",,14320,,,,,5.141822,100.4205
4812,21-07020269,BUKA,AWAM,KKM,,PULAU PINANG,SEBERANG PERAI SELATAN,KLINIK PERGIGIAN,KLINIK PERGIGIAN SEKOLAH MENENGAH,KLINIK PERGIGIAN SEKOLAH D/A SEKOLAH MENENGAH KEBANGSAAN MUTIARA IMPIAN,"JALAN BESAR, 14100 SIMPANG AMPAT, PULAU PINANG",,14100,,,,,5.274529,100.478
4813,21-07020268,BUKA,AWAM,KKM,,PULAU PINANG,SEBERANG PERAI SELATAN,KLINIK PERGIGIAN,KLINIK PERGIGIAN SEKOLAH MENENGAH,KLINIK PERGIGIAN SEKOLAH D/A SEKOLAH MENENGAH KEBANGSAAN TUNKU ABDUL RAHMAN,"JALAN BUKIT PANCHOR, 14300 NIBONG TEBAL, PULAU PINANG",,14300,,,,,5.168896,100.4856
4814,91-07030117,BUKA,AWAM,KKM,,PULAU PINANG,SEBERANG PERAI TENGAH,PEJABAT KESIHATAN PERGIGIAN,PEJABAT KESIHATAN PERGIGIAN DAERAH,PEJABAT KESIHATAN PERGIGIAN DAERAH SEBERANG PERAI TENGAH,"KLINIK PERGIGIAN DI KLINIK KESIHATAN KUBANG SEMANG, 14400 PULAU PINANG",,14400,,,,,5.397553,100.4644
4815,21-07030335D,BUKA,AWAM,KKM,,PULAU PINANG,SEBERANG PERAI TENGAH,KLINIK PERGIGIAN,KLINIK PERGIGIAN DI KLINIK KESIHATAN,KLINIK PERGIGIAN DI KLINIK KESIHATAN BANDAR PERDA,"JALAN PERDA BARAT, BANDAR BARU PERDA, 14000 BUKIT MERTAJAM, PULAU PINANG",,14000,,,,,5.374044,100.4336
4816,21-07030036D,BUKA,AWAM,KKM,,PULAU PINANG,SEBERANG PERAI TENGAH,KLINIK PERGIGIAN,KLINIK PERGIGIAN DI KLINIK KESIHATAN,KLINIK PERGIGIAN DI KLINIK KESIHATAN SEBERANG JAYA,"LOT 340 MUKIM 1, JALAN PERPUSTAKAAN, BANDAR SUNWAY, 13700 SEBERANG JAYA, PULAU PINANG",,13700,,,,,5.393212,100.3988
4817,21-07030035D,BUKA,AWAM,KKM,,PULAU PINANG,SEBERANG PERAI TENGAH,KLINIK PERGIGIAN,KLINIK PERGIGIAN DI KLINIK KESIHATAN,KLINIK PERGIGIAN DI KLINIK KESIHATAN PERAI,"PERAI, 13600 SEBERANG PERAI TENGAH, PULAU PINANG",,13600,,,,,5.383811,100.3882
4818,21-07030030D,BUKA,AWAM,KKM,,PULAU PINANG,SEBERANG PERAI TENGAH,KLINIK PERGIGIAN,KLINIK PERGIGIAN DI KLINIK KESIHATAN,KLINIK PERGIGIAN DI KLINIK KESIHATAN KUBANG SEMANG,"LOT 807 MUKIM 5, 14400 BUKIT MERTAJAM, PULAU PINANG",,14400,,,,,5.365458,100.459
4819,21-07030024D,BUKA,AWAM,KKM,,PULAU PINANG,SEBERANG PERAI TENGAH,KLINIK PERGIGIAN,KLINIK PERGIGIAN DI KLINIK KESIHATAN,KLINIK PERGIGIAN DI KLINIK KESIHATAN BUKIT MINYAK,"SEBERANG PERAI TENGAH, LOT 106 MUKIM 14, 14000 BUKIT MERTAJAM, PULAU PINANG",,14000,,,,,5.325915,100.4487
4820,21-07030021D,BUKA,AWAM,KKM,,PULAU PINANG,SEBERANG PERAI TENGAH,KLINIK PERGIGIAN,KLINIK PERGIGIAN DI KLINIK KESIHATAN,KLINIK PERGIGIAN DI KLINIK KESIHATAN BERAPIT,"LOT 89 MUKIM 17, BERAPIT, 14000 BUKIT MERTAJAM, PULAU PINANG",,14000,,,,,5.376729,100.4742
4821,11-07030013D,BUKA,AWAM,KKM,,PULAU PINANG,SEBERANG PERAI TENGAH,KLINIK PERGIGIAN,KLINIK PERGIGIAN DI HOSPITAL,KLINIK PERGIGIAN DI HOSPITAL SEBERANG JAYA,"JALAN TUN HUSSEIN ONN, 13700 SEBERANG JAYA, PULAU PINANG",,13700,,,,,5.395017,100.4081
4822,11-07030011D,BUKA,AWAM,KKM,,PULAU PINANG,SEBERANG PERAI TENGAH,KLINIK PERGIGIAN,KLINIK PERGIGIAN DI HOSPITAL,KLINIK PERGIGIAN DI HOSPITAL BUKIT MERTAJAM,"JALAN KULIM, 14000 BUKIT MERTAJAM, PULAU PINANG",,14000,,,,,5.359836,100.4647
4823,21-07030292,BUKA,AWAM,KKM,,PULAU PINANG,SEBERANG PERAI TENGAH,KLINIK PERGIGIAN,KLINIK PERGIGIAN SEKOLAH RENDAH,KLINIK PERGIGIAN SEKOLAH D/A SEKOLAH KEBANGSAAN TANAH LIAT,"JALAN ABDUL KADIR, 14000 BUKIT MERTAJAM, PULAU PINANG",,14000,,,,,5.38501,100.4635
4824,21-07030291,BUKA,AWAM,KKM,,PULAU PINANG,SEBERANG PERAI TENGAH,KLINIK PERGIGIAN,KLINIK PERGIGIAN SEKOLAH RENDAH,KLINIK PERGIGIAN SEKOLAH D/A SEKOLAH KEBANGSAAN STOWELL,"JALAN REES, 14000 BUKIT MERTAJAM, PULAU PINANG",,14000,,,,,5.357825,100.4587
4825,21-07030290,BUKA,AWAM,KKM,,PULAU PINANG,SEBERANG PERAI TENGAH,KLINIK PERGIGIAN,KLINIK PERGIGIAN SEKOLAH RENDAH,KLINIK PERGIGIAN SEKOLAH D/A SEKOLAH KEBANGSAAN SERI PENANTI,"KUBANG SEMANG, 14400 BUKIT MERTAJAM, PULAU PINANG",,14400,,,,,5.40218,100.4651
4826,21-07030289,BUKA,AWAM,KKM,,PULAU PINANG,SEBERANG PERAI TENGAH,KLINIK PERGIGIAN,KLINIK PERGIGIAN SEKOLAH RENDAH,KLINIK PERGIGIAN SEKOLAH D/A SEKOLAH KEBANGSAAN SEBERANG JAYA 2,"LENGKOK TENGGIRI, 13700 SEBERANG JAYA, PULAU PINANG",,13700,,,,,5.397708,100.4043
4827,21-07030288,BUKA,AWAM,KKM,,PULAU PINANG,SEBERANG PERAI TENGAH,KLINIK PERGIGIAN,KLINIK PERGIGIAN SEKOLAH RENDAH,KLINIK PERGIGIAN SEKOLAH D/A SEKOLAH KEBANGSAAN SEBERANG JAYA,"PERSIARAN SIAKAP, 13700 SEBERANG JAYA, PULAU PINANG",,13700,,,,,5.384876,100.3998
4828,21-07030287,BUKA,AWAM,KKM,,PULAU PINANG,SEBERANG PERAI TENGAH,KLINIK PERGIGIAN,KLINIK PERGIGIAN SEKOLAH RENDAH,KLINIK PERGIGIAN SEKOLAH D/A SEKOLAH KEBANGSAAN PERMATANG TOK KANDU,"JALAN PERMATANG PAUH, 13500 SEBERANG PERAI TENGAH, PULAU PINANG",,13500,,,,,5.393257,100.4178
4829,21-07030286,BUKA,AWAM,KKM,,PULAU PINANG,SEBERANG PERAI TENGAH,KLINIK PERGIGIAN,KLINIK PERGIGIAN SEKOLAH RENDAH,KLINIK PERGIGIAN SEKOLAH D/A SEKOLAH KEBANGSAAN BANDAR BARU PERDA,"JALAN PERDA BARAT, BANDAR BARU PERDA, 14000 BUKIT MERTAJAM, PULAU PINANG",,14000,,,,,5.373456,100.43
4830,21-07030285,BUKA,AWAM,KKM,,PULAU PINANG,SEBERANG PERAI TENGAH,KLINIK PERGIGIAN,KLINIK PERGIGIAN SEKOLAH RENDAH,KLINIK PERGIGIAN SEKOLAH D/A SEKOLAH KEBANGSAAN ALMA JAYA,"LORONG ALMA JAYA 11, 14000 BUKIT MERTAJAM, PULAU PINANG",,14000,,,,,5.326611,100.4794
4831,21-07030284,BUKA,AWAM,KKM,,PULAU PINANG,SEBERANG PERAI TENGAH,KLINIK PERGIGIAN,KLINIK PERGIGIAN SEKOLAH RENDAH,KLINIK PERGIGIAN SEKOLAH D/A SEKOLAH JENIS KEBANGSAAN (CINA) SIN YA,"ALMA, 14000 BUKIT MERTAJAM, PULAU PINANG",,14000,,,,,5.333748,100.5065
4832,21-07030283,BUKA,AWAM,KKM,,PULAU PINANG,SEBERANG PERAI TENGAH,KLINIK PERGIGIAN,KLINIK PERGIGIAN SEKOLAH RENDAH,KLINIK PERGIGIAN SEKOLAH D/A SEKOLAH JENIS KEBANGSAAN (CINA) PENG BIN,"PERSIARAN KRYSTAL, BUKIT TENGAH, 14000 BUKIT MERTAJAM, PULAU PINANG",,14000,,,,,5.349899,100.4357
4833,21-07030282,BUKA,AWAM,KKM,,PULAU PINANG,SEBERANG PERAI TENGAH,KLINIK PERGIGIAN,KLINIK PERGIGIAN SEKOLAH RENDAH,KLINIK PERGIGIAN SEKOLAH D/A SEKOLAH JENIS KEBANGSAAN (CINA) KIM SEN,"JALAN KULIM, 14000 BUKIT MERTAJAM, PULAU PINANG",,14000,,,,,5.356395,100.4665
4834,21-07030281,BUKA,AWAM,KKM,,PULAU PINANG,SEBERANG PERAI TENGAH,KLINIK PERGIGIAN,KLINIK PERGIGIAN SEKOLAH RENDAH,KLINIK PERGIGIAN SEKOLAH D/A SEKOLAH JENIS KEBANGSAAN (CINA) KEOW KUANG,"1864, MUKIM 10, 14000 BUKIT MERTAJAM, PULAU PINANG",,14000,,,,,5.333748,100.5065
4835,21-07030280,BUKA,AWAM,KKM,,PULAU PINANG,SEBERANG PERAI TENGAH,KLINIK PERGIGIAN,KLINIK PERGIGIAN SEKOLAH RENDAH,KLINIK PERGIGIAN SEKOLAH D/A SEKOLAH JENIS KEBANGSAAN (CINA) JIT SIN 'A',"JALAN BERAPIT, 14000 BUKIT MERTAJAM, PULAU PINANG",,14000,,,,,5.376089,100.4681
4836,21-07030261,BUKA,AWAM,KKM,,PULAU PINANG,SEBERANG PERAI TENGAH,KLINIK PERGIGIAN,KLINIK PERGIGIAN SEKOLAH RENDAH,KLINIK PERGIGIAN SEKOLAH D/A SEKOLAH KEBANGSAAN JALAN BAHARU PERAI,"JALAN BARU, 13700 PERAI, PULAU PINANG",,13700,,,,,5.367199,100.4195
4837,21-07030260,BUKA,AWAM,KKM,,PULAU PINANG,SEBERANG PERAI TENGAH,KLINIK PERGIGIAN,KLINIK PERGIGIAN SEKOLAH RENDAH,KLINIK PERGIGIAN SEKOLAH D/A SEKOLAH JENIS KEBANGSAAN (CINA) CHUNG HWA 3,"LORANG SENANGIN 3, 13600 PERAI, PULAU PINANG",,13600,,,,,5.383934,100.3843
4838,21-07030298,BUKA,AWAM,KKM,,PULAU PINANG,SEBERANG PERAI TENGAH,KLINIK PERGIGIAN,KLINIK PERGIGIAN SEKOLAH MENENGAH,KLINIK PERGIGIAN SEKOLAH D/A SEKOLAH MENENGAH KEBANGSAAN TAMAN INDERAWASIH,"JALAN KIKIK ,TAMAN INDERAWASIH, 13600 PERAI, PULAU PINANG",,13600,,,,,5.389357,100.3858
4839,21-07030297,BUKA,AWAM,KKM,,PULAU PINANG,SEBERANG PERAI TENGAH,KLINIK PERGIGIAN,KLINIK PERGIGIAN SEKOLAH MENENGAH,KLINIK PERGIGIAN SEKOLAH D/A SEKOLAH MENENGAH KEBANGSAAN PENANTI,"KUBANG SEMANG, 14400 BUKIT MERTAJAM, PULAU PINANG",,14400,,,,,5.405534,100.4694
4840,21-07030296,BUKA,AWAM,KKM,,PULAU PINANG,SEBERANG PERAI TENGAH,KLINIK PERGIGIAN,KLINIK PERGIGIAN SEKOLAH MENENGAH,KLINIK PERGIGIAN SEKOLAH D/A SEKOLAH MENENGAH KEBANGSAAN JIT SIN,"JALAN BINJAI, TAMAN SRI RAMBAI, 14000 BUKIT MERTAJAM, PULAU PINANG",,14000,,,,,5.343467,100.4462
4841,21-07030272,BUKA,AWAM,KKM,,PULAU PINANG,SEBERANG PERAI TENGAH,KLINIK PERGIGIAN,KLINIK PERGIGIAN SEKOLAH MENENGAH,KLINIK PERGIGIAN SEKOLAH D/A SEKOLAH MENENGAH SAINS TUN SYED SHEH SHAHABUDDIN,"JALAN DAMAI, 14000 BUKIT MERTAJAM, PULAU PINANG",,14000,,,,,5.341654,100.4742
4842,91-07040116,BUKA,AWAM,KKM,,PULAU PINANG,SEBERANG PERAI UTARA,PEJABAT KESIHATAN PERGIGIAN,PEJABAT KESIHATAN PERGIGIAN DAERAH,PEJABAT KESIHATAN PERGIGIAN DAERAH SEBERANG PERAI UTARA,"NO. 24, JALAN BAGAN LUAR, 12000 BUTTERWORTH, PULAU PINANG",,12000,,,,,5.406191,100.3698
4843,21-07040042D,BUKA,AWAM,KKM,,PULAU PINANG,SEBERANG PERAI UTARA,KLINIK PERGIGIAN,KLINIK PERGIGIAN DI KLINIK KESIHATAN,KLINIK PERGIGIAN DI KLINIK KESIHATAN TASEK GELUGOR,"LOT 1944 MUKIM 12, 13300 TASEK GELUGOR, PULAU PINANG",,13300,,,,,5.484414,100.4912
4844,21-07040039D,BUKA,AWAM,KKM,,PULAU PINANG,SEBERANG PERAI UTARA,KLINIK PERGIGIAN,KLINIK PERGIGIAN DI KLINIK KESIHATAN,KLINIK PERGIGIAN DI KLINIK KESIHATAN SUNGAI DUA,"JALAN PENGKALAN MACHANG, 13800 SUNGAI DUA, PULAU PINANG",,13800,,,,,5.442771,100.4301
4845,21-07040034D,BUKA,AWAM,KKM,,PULAU PINANG,SEBERANG PERAI UTARA,KLINIK PERGIGIAN,KLINIK PERGIGIAN DI KLINIK KESIHATAN,KLINIK PERGIGIAN DI KLINIK KESIHATAN PENAGA,"LOT 3001 MUKIM 5, PENAGA, 13100 PENAGA, PULAU PINANG",,13100,,,,,5.535083,100.3804
4846,21-07040032D,BUKA,AWAM,KKM,,PULAU PINANG,SEBERANG PERAI UTARA,KLINIK PERGIGIAN,KLINIK PERGIGIAN DI KLINIK KESIHATAN,KLINIK PERGIGIAN DI KLINIK KESIHATAN MAK MANDIN,"LOT 2882, SEKSYEN 3, JALAN MAK MANDIN, 13400 BUTTERWORTH, PULAU PINANG",,13400,,,,,5.420947,100.3894
4847,21-07040029D,BUKA,AWAM,KKM,,PULAU PINANG,SEBERANG PERAI UTARA,KLINIK PERGIGIAN,KLINIK PERGIGIAN DI KLINIK KESIHATAN,KLINIK PERGIGIAN DI KLINIK KESIHATAN KEPALA BATAS,"LOT 1466 MUKIM 6, 13200 KEPALA BATAS, PULAU PINANG",,13200,,,,,5.516137,100.433
4848,21-07040026D,BUKA,AWAM,KKM,,PULAU PINANG,SEBERANG PERAI UTARA,KLINIK PERGIGIAN,KLINIK PERGIGIAN DI KLINIK KESIHATAN,KLINIK PERGIGIAN DI KLINIK KESIHATAN BUTTERWORTH,"JALAN PANTAI, 12000 BUTTERWORTH, PULAU PINANG",,12000,,,,,5.406814,100.3683
4849,21-07040321,BUKA,AWAM,KKM,,PULAU PINANG,SEBERANG PERAI UTARA,KLINIK PERGIGIAN,KLINIK PERGIGIAN SEKOLAH RENDAH,KLINIK PERGIGIAN SEKOLAH D/A SEKOLAH KEBANGSAAN TELOK AYER TAWAR,"TELOK AYER TAWAR, 13050 BUTTERWORTH, PULAU PINANG",,13050,,,,,5.485212,100.3849
4850,21-07040320,BUKA,AWAM,KKM,,PULAU PINANG,SEBERANG PERAI UTARA,KLINIK PERGIGIAN,KLINIK PERGIGIAN SEKOLAH RENDAH,KLINIK PERGIGIAN SEKOLAH D/A SEKOLAH KEBANGSAAN SUNGAI DUA,"SUNGAI DUA, 13800 BUTTERWORTH, PULAU PINAN.",,13800,,,,,5.345049,100.2958
4851,21-07040318,BUKA,AWAM,KKM,,PULAU PINANG,SEBERANG PERAI UTARA,KLINIK PERGIGIAN,KLINIK PERGIGIAN SEKOLAH RENDAH,KLINIK PERGIGIAN SEKOLAH D/A SEKOLAH KEBANGSAAN PERMATANG BERTAM,"PERMATANG BERTAM, 13200 KEPALA BATAS, PULAU PINANG",,13200,,,,,5.511013,100.4263
4852,21-07040317,BUKA,AWAM,KKM,,PULAU PINANG,SEBERANG PERAI UTARA,KLINIK PERGIGIAN,KLINIK PERGIGIAN SEKOLAH RENDAH,KLINIK PERGIGIAN SEKOLAH D/A SEKOLAH KEBANGSAAN PENGKALAN JAYA,"JALAN PENGKALAN BATU, 13310 TASEK GELUGOR, PULAU PINANG",,13310,,,,,5.472993,100.495
4853,21-07040316,BUKA,AWAM,KKM,,PULAU PINANG,SEBERANG PERAI UTARA,KLINIK PERGIGIAN,KLINIK PERGIGIAN SEKOLAH RENDAH,KLINIK PERGIGIAN SEKOLAH D/A SEKOLAH KEBANGSAAN PADANG MENORA,"PADANG MENORA, 13310 TASEK GELUGOR, PULAU PINANG",,13310,,,,,5.457038,100.4732
4854,21-07040314,BUKA,AWAM,KKM,,PULAU PINANG,SEBERANG PERAI UTARA,KLINIK PERGIGIAN,KLINIK PERGIGIAN SEKOLAH RENDAH,KLINIK PERGIGIAN SEKOLAH D/A SEKOLAH KEBANGSAAN ARA RENDANG,"JALAN POKOK SENA, 13200 KEPALA BATAS, PULAU PINANG",,13200,,,,,5.484087,100.4531
4855,21-07040279,BUKA,AWAM,KKM,,PULAU PINANG,SEBERANG PERAI UTARA,KLINIK PERGIGIAN,KLINIK PERGIGIAN SEKOLAH RENDAH,KLINIK PERGIGIAN SEKOLAH D/A SEKOLAH KEBANGSAAN CONVENT 1,"JALAN SUNGAI NYIOR, 12100 BUTTERWORTH, PULAU PINANG",,12100,,,,,5.403459,100.3756
4856,21-07040278,BUKA,AWAM,KKM,,PULAU PINANG,SEBERANG PERAI UTARA,KLINIK PERGIGIAN,KLINIK PERGIGIAN SEKOLAH RENDAH,KLINIK PERGIGIAN SEKOLAH D/A SEKOLAH JENIS KEBANGSAAN (CINA) LI HWA,"PERMATANG TENGAH, 13000 BUTTERWORTH, PULAU PINANG",,13000,,,,,5.44716,100.3872
4857,21-07040277,BUKA,AWAM,KKM,,PULAU PINANG,SEBERANG PERAI UTARA,KLINIK PERGIGIAN,KLINIK PERGIGIAN SEKOLAH RENDAH,KLINIK PERGIGIAN SEKOLAH D/A SEKOLAH JENIS KEBANGSAAN (CINA) CHUNG HWA 1,"JALAN TELAGA AIR , 12200 BUTTERWORTH, PULAU PINANG",,12200,,,,,5.414259,100.3775
4858,21-07040276,BUKA,AWAM,KKM,,PULAU PINANG,SEBERANG PERAI UTARA,KLINIK PERGIGIAN,KLINIK PERGIGIAN SEKOLAH RENDAH,KLINIK PERGIGIAN SEKOLAH D/A SEKOLAH JENIS KEBANGSAAN (CINA) KWANG HWA,"JALAN RAJA UDA , 12300 BUTTERWORTH, PULAU PINANG",,12300,,,,,5.427868,100.3834
4859,21-07040274,BUKA,AWAM,KKM,,PULAU PINANG,SEBERANG PERAI UTARA,KLINIK PERGIGIAN,KLINIK PERGIGIAN SEKOLAH MENENGAH,KLINIK PERGIGIAN SEKOLAH D/A SEKOLAH MENENGAH KEBANGSAAN DATUK HAJI AHMAD BADAWI,"JALAN DATUK HAJI AHMAD BADAWI, 13200 KEPALA BATAS, PULAU PINANG",,13200,,,,,5.507746,100.4295
4860,21-07040273,BUKA,AWAM,KKM,,PULAU PINANG,SEBERANG PERAI UTARA,KLINIK PERGIGIAN,KLINIK PERGIGIAN SEKOLAH MENENGAH,KLINIK PERGIGIAN SEKOLAH D/A SEKOLAH MENENGAH DATUK ONN,"JALAN GANGSA, MUKIM 9, 13000 BUTTERWORTH, PULAU PINANG",,13000,,,,,5.447973,100.3809
4861,21-07040322,BUKA,AWAM,KKM,,PULAU PINANG,SEBERANG PERAI UTARA,KLINIK PERGIGIAN,KLINIK PERGIGIAN SEKOLAH (PUSAT PERGIGIAN SEKOLAH),PUSAT PERGIGIAN SEKOLAH D/A KLINIK KESIHATAN PENAGA,"JALAN BESAR PENAGA, 13100 PENAGA, PULAU PINANG",,13100,,,,,5.533279,100.381
4862,21-07020619D,BUKA,AWAM,KKM,,PULAU PINANG,SEBERANG PERAI UTARA,KLINIK PERGIGIAN,KLINIK PERGIGIAN DI UTC,KLINIK PERGIGIAN DI KLINIK KESIHATAN UTC SEBERANG PERAI,"ARAS 3, PENANG SENTRAL, 6, JALAN PANTAI, BUTTERWORTH",,12000,,,,,5.394976,100.3655
4864,91-07050114,BUKA,AWAM,KKM,,PULAU PINANG,TIMUR LAUT,PEJABAT KESIHATAN PERGIGIAN,PEJABAT KESIHATAN PERGIGIAN DAERAH,PEJABAT KESIHATAN PERGIGIAN DAERAH TIMUR LAUT,"JALAN PERAK, 11600 PULAU PINANG",,11600,,,,,5.402852,100.3146
4865,21-07050125D,BUKA,AWAM,KKM,,PULAU PINANG,TIMUR LAUT,KLINIK PERGIGIAN,KLINIK PERGIGIAN DI KLINIK KESIHATAN,KLINIK PERGIGIAN DI KLINIK KESIHATAN JALAN ANGSANA,"LOT 10094 & 2584, MUKIM 13, NO 8 JALAN ANGSANA, BANDAR BARU AIR ITAM, 11500 PULAU PINANG",,11500,,,,,5.389775,100.2854
4866,21-07050041D,BUKA,AWAM,KKM,,PULAU PINANG,TIMUR LAUT,KLINIK PERGIGIAN,KLINIK PERGIGIAN DI KLINIK KESIHATAN,KLINIK PERGIGIAN DI KLINIK KESIHATAN TANJUNG BUNGAH,"LOT 1835, JALAN LEMBAH PERMAI, BANDAR TANJUNG BUNGA, 11200 PULAU PINANG",,11200,,,,,5.461971,100.2797
4867,21-07050040D,BUKA,AWAM,KKM,,PULAU PINANG,TIMUR LAUT,KLINIK PERGIGIAN,KLINIK PERGIGIAN DI KLINIK KESIHATAN,KLINIK PERGIGIAN DI KLINIK KESIHATAN SUNGAI DUA,"LOT 2554, MUKIM 13, SG. DUA, 11700 PULAU PINANG",,11700,,,,,5.344305,100.2973
4868,21-07050028D,BUKA,AWAM,KKM,,PULAU PINANG,TIMUR LAUT,KLINIK PERGIGIAN,KLINIK PERGIGIAN DI KLINIK KESIHATAN,KLINIK PERGIGIAN DI KLINIK KESIHATAN JALAN PERAK,"LOT 174 & 175 & 648 JALAN PERAK, BANDAR JELUTONG, 11600 PULAU PINANG",,11600,,,,,5.402456,100.3149
4869,21-07050027D,BUKA,AWAM,KKM,,PULAU PINANG,TIMUR LAUT,KLINIK PERGIGIAN,KLINIK PERGIGIAN DI KLINIK KESIHATAN,KLINIK PERGIGIAN DI KLINIK KESIHATAN JALAN MACALISTER,"LOT 1762, SEKSYEN 12 TIMUR LAUT, JALAN MACALISTER, 11400 PULAU PINANG",,11400,,,,,5.415127,100.3261
4870,21-07050023D,BUKA,AWAM,KKM,,PULAU PINANG,TIMUR LAUT,KLINIK PERGIGIAN,KLINIK PERGIGIAN DI KLINIK KESIHATAN,KLINIK PERGIGIAN DI KLINIK KESIHATAN BUKIT JAMBUL,"BLOK D, NO. 2759 & 2758, TINGKAT BAWAH TAMAN BUKIT JAMBUL, 11900 PULAU PINANG",,11900,,,,,5.336573,100.2894
4871,21-07050018D,BUKA,AWAM,KKM,,PULAU PINANG,TIMUR LAUT,KLINIK PERGIGIAN,KLINIK PERGIGIAN DI KLINIK KESIHATAN,KLINIK PERGIGIAN DI KLINIK KESIHATAN AIR ITAM,"LOT 322, SEKSYEN 3 JALAN BUKIT BENDERA, AIR ITAM, 11500 PULAU PINANG",,11500,,,,,5.40575,100.282
4872,11-07050009D,BUKA,AWAM,KKM,,PULAU PINANG,TIMUR LAUT,KLINIK PERGIGIAN,KLINIK PERGIGIAN DI HOSPITAL,KLINIK PERGIGIAN DI HOSPITAL PULAU PINANG,"JALAN RESIDENSI, 10450 PULAU PINANG",,10450,,,,,5.416799,100.3113
4873,21-07050315,BUKA,AWAM,KKM,,PULAU PINANG,TIMUR LAUT,KLINIK PERGIGIAN,KLINIK PERGIGIAN SEKOLAH RENDAH,KLINIK PERGIGIAN SEKOLAH D/A SEKOLAH KEBANGSAAN BUKIT GELUGOR,"JALAN YEAP CHOR EE, GELUGOR, 11700, PULAU PINANG",,11700,,,,,5.37694,100.3024
4874,21-07050313,BUKA,AWAM,KKM,,PULAU PINANG,TIMUR LAUT,KLINIK PERGIGIAN,KLINIK PERGIGIAN SEKOLAH RENDAH,KLINIK PERGIGIAN SEKOLAH D/A SEKOLAH JENIS KEBANGSAAN (CINA) PEREMPUAN CHINA,"2-D, JALAN GOTTLIEB, AIR ITAM, 10350 PULAU PINANG",,10350,,,,,5.434285,100.3014
4875,21-07050312,BUKA,AWAM,KKM,,PULAU PINANG,TIMUR LAUT,KLINIK PERGIGIAN,KLINIK PERGIGIAN SEKOLAH RENDAH,KLINIK PERGIGIAN SEKOLAH D/A SEKOLAH JENIS KEBANGSAAN (CINA) KONG MIN CAWANGAN KEDUA,"JALAN PAYA TERUBONG, AIR ITAM, 11500 PULAU PINANG",,11500,,,,,5.400938,100.2755
4876,21-07050311,BUKA,AWAM,KKM,,PULAU PINANG,TIMUR LAUT,KLINIK PERGIGIAN,KLINIK PERGIGIAN SEKOLAH RENDAH,KLINIK PERGIGIAN SEKOLAH D/A SEKOLAH JENIS KEBANGSAAN (CINA) JELUTONG,"99-A, JALAN TAN SRI TEH EWE LIM, 11600 PULAU PINANG",,11600,,,,,5.391624,100.3105
4877,21-07050310,BUKA,AWAM,KKM,,PULAU PINANG,TIMUR LAUT,KLINIK PERGIGIAN,KLINIK PERGIGIAN SEKOLAH RENDAH,KLINIK PERGIGIAN SEKOLAH D/A SEKOLAH JENIS KEBANGSAAN (CINA) UNION,"219, JALAN BURMA, 10050 PULAU PINANG",,10050,,,,,5.422708,100.3214
4878,21-07050309,BUKA,AWAM,KKM,,PULAU PINANG,TIMUR LAUT,KLINIK PERGIGIAN,KLINIK PERGIGIAN SEKOLAH RENDAH,KLINIK PERGIGIAN SEKOLAH D/A SEKOLAH JENIS KEBANGSAAN (CINA) PHOR TAY,"19A, JALAN BAGAN JERMAL, 10250 PULAU PINANG",,10250,,,,,5.437891,100.3053
4879,21-07050308,BUKA,AWAM,KKM,,PULAU PINANG,TIMUR LAUT,KLINIK PERGIGIAN,KLINIK PERGIGIAN SEKOLAH RENDAH,KLINIK PERGIGIAN SEKOLAH D/A SEKOLAH JENIS KEBANGSAAN (CINA) HAN CHIANG,"3, JALAN LIM LEAN TENG, 11600 PULAU PINANG",,11600,,,,,5.405957,100.3071
4880,21-07050307,BUKA,AWAM,KKM,,PULAU PINANG,TIMUR LAUT,KLINIK PERGIGIAN,KLINIK PERGIGIAN SEKOLAH RENDAH,KLINIK PERGIGIAN SEKOLAH D/A SEKOLAH KEBANGSAAN ST XAVIER CAWANGAN,"4, BROTHER JAMES ROAD, AIR ITAM, 10350 PULAU PINANG",,10350,,,,,5.431079,100.3073
4881,21-07050306,BUKA,AWAM,KKM,,PULAU PINANG,TIMUR LAUT,KLINIK PERGIGIAN,KLINIK PERGIGIAN SEKOLAH RENDAH,KLINIK PERGIGIAN SEKOLAH D/A SEKOLAH KEBANGSAAN PEREMPUAN METHODIST,"42, JALAN ANSON, 10400 PULAU PINANG",,10400,,,,,5.418923,100.3221
4882,21-07050305,BUKA,AWAM,KKM,,PULAU PINANG,TIMUR LAUT,KLINIK PERGIGIAN,KLINIK PERGIGIAN SEKOLAH RENDAH,KLINIK PERGIGIAN SEKOLAH D/A SEKOLAH KEBANGSAAN PEREMPUAN ISLAND,"JALAN SULTAN AHMAD SHAH, 10050 PULAU PINANG",,10050,,,,,5.422945,100.3284
4883,21-07050304,BUKA,AWAM,KKM,,PULAU PINANG,TIMUR LAUT,KLINIK PERGIGIAN,KLINIK PERGIGIAN SEKOLAH RENDAH,KLINIK PERGIGIAN SEKOLAH D/A SEKOLAH KEBANGSAAN JELUTONG BARAT,"LORONG SEKOLAH, 11600 PULAU PINANG",,11600,,,,,5.389243,100.3113
4884,21-07050303,BUKA,AWAM,KKM,,PULAU PINANG,TIMUR LAUT,KLINIK PERGIGIAN,KLINIK PERGIGIAN SEKOLAH RENDAH,KLINIK PERGIGIAN SEKOLAH D/A SEKOLAH KEBANGSAAN HUTCHINGS,"LEBUH FARQUHAR, 10200 PULAU PINANG",,10200,,,,,5.41981,100.3383
4885,21-07050302,BUKA,AWAM,KKM,,PULAU PINANG,TIMUR LAUT,KLINIK PERGIGIAN,KLINIK PERGIGIAN SEKOLAH RENDAH,KLINIK PERGIGIAN SEKOLAH D/A SEKOLAH KEBANGSAAN FRANCIS LIGHT,"JALAN PERAK, 10150 PULAU PINANG",,10150,,,,,5.415728,100.3143
4886,21-07050301,BUKA,AWAM,KKM,,PULAU PINANG,TIMUR LAUT,KLINIK PERGIGIAN,KLINIK PERGIGIAN SEKOLAH RENDAH,KLINIK PERGIGIAN SEKOLAH D/A SEKOLAH JENIS KEBANGSAAN (CINA) CONVENT DATUK KERAMAT,"421, JALAN DATUK KERAMAT, JALAN PERAK, 10150 PULAU PINANG",,10150,,,,,5.412028,100.3181
4887,21-07050299,BUKA,AWAM,KKM,,PULAU PINANG,TIMUR LAUT,KLINIK PERGIGIAN,KLINIK PERGIGIAN SEKOLAH RENDAH,KLINIK PERGIGIAN SEKOLAH D/A SEKOLAH KEBANGSAAN CONVENT GREEN LANE,"JALAN HAMILTON, TAMAN GREEN LANE, JELUTONG, 11600 PULAU PINANG",,11600,,,,,5.396907,100.3047
4888,21-07050275,BUKA,AWAM,KKM,,PULAU PINANG,TIMUR LAUT,KLINIK PERGIGIAN,KLINIK PERGIGIAN SEKOLAH RENDAH,KLINIK PERGIGIAN SEKOLAH D/A SEKOLAH JENIS KEBANGSAAN (C) BENG TEIK CAWANGAN,"244-P, JELUTONG BARAT, TAMAN ARA, 11600 PULAU PINANG",,11600,,,,,5.399197,100.3193
4889,21-07050295,BUKA,AWAM,KKM,,PULAU PINANG,TIMUR LAUT,KLINIK PERGIGIAN,KLINIK PERGIGIAN SEKOLAH MENENGAH,KLINIK PERGIGIAN SEKOLAH D/A SEKOLAH MENENGAH KEBANGSAAN (P) ST. GEORGE,"JALAN MACALISTER, 10450 PULAU PINANG",,10450,,,,,5.421912,100.3076
4890,21-07050294,BUKA,AWAM,KKM,,PULAU PINANG,TIMUR LAUT,KLINIK PERGIGIAN,KLINIK PERGIGIAN SEKOLAH MENENGAH,KLINIK PERGIGIAN SEKOLAH D/A SEKOLAH MENENGAH KEBANGSAAN ST XAVIER,"LEBUH FARQUHAR, TIMUR LAUT, 10200 PULAU PINANG",,10200,,,,,5.421038,100.3368
4891,21-07050293,BUKA,AWAM,KKM,,PULAU PINANG,TIMUR LAUT,KLINIK PERGIGIAN,KLINIK PERGIGIAN SEKOLAH MENENGAH,KLINIK PERGIGIAN SEKOLAH D/A PENANG FREE SCHOOL,"12A, JLN MASJID NEGERI, JELUTONG, 11600 PULAU PINANG",,11600,,,,,5.402756,100.3051
4892,41-07050017,BUKA,AWAM,KKM,,PULAU PINANG,TIMUR LAUT,KLINIK PERGIGIAN,KLINIK PERGIGIAN DI INSTITUSI LAIN,PUSAT PERGIGIAN KANAK-KANAK & INSTITUT LATIHAN KKM (PERGIGIAN),"NO.3, JALAN SEPOY LINES,10450 PULAU PINANG",,10450,,,,,5.420618,100.3067
4893,21-07050332D,BUKA,AWAM,KKM,,PULAU PINANG,TIMUR LAUT,KLINIK PERGIGIAN,KLINIK PERGIGIAN DI UTC,KLINIK PERGIGIAN DI KLINIK KESIHATAN UTC PULAU PINANG,"2B-2-06, UTC KOMTAR, GEORGETOWN, 10450 PULAU PINANG",,10450,,,,,5.415449,100.3305
4895,91-12010359,BUKA,AWAM,KKM,,SABAH,BEAUFORT,PEJABAT KESIHATAN PERGIGIAN,PEJABAT KESIHATAN PERGIGIAN KAWASAN,PEJABAT KESIHATAN PERGIGIAN KAWASAN BEAUFORT,"TINGKAT 1, RUMAH PERSEKUTUAN BEAUFORT, PETI SURAT 1152, 89808 BEAUFORT, SABAH",,89808,,,,,5.345569,115.7453
4896,21-12010698,BUKA,AWAM,KKM,,SABAH,BEAUFORT,KLINIK PERGIGIAN,KLINIK PERGIGIAN (STANDALONE),KLINIK PERGIGIAN BEAUFORT,"D/A PEJABAT KESIHATAN KAWASAN BEAUFORT, PETI SURAT 1152 89808 BEAUFORT, SABAH",,89808,,,,,5.343637,115.7454
4897,21-12010090D,BUKA,AWAM,KKM,,SABAH,BEAUFORT,KLINIK PERGIGIAN,KLINIK PERGIGIAN DI KLINIK KESIHATAN,KLINIK PERGIGIAN DI KLINIK KESIHATAN PADAS DAMIT,"KLINIK PERGIGIAN DI KLINIK KESIHATAN PADAS DAMIT, KG PADAS DAMIT, 89807 BEAUFORT, SABAH",,89807,,,,,5.338393,115.5431
4898,21-12010570,BUKA,AWAM,KKM,,SABAH,BEAUFORT,KLINIK PERGIGIAN,KLINIK PERGIGIAN SEKOLAH RENDAH,KLINIK PERGIGIAN SEKOLAH D/A SEKOLAH KEBANGSAAN PEKAN BEAUFORT,"PETI SURAT 157, 89807 BEAUFORT, SABAH",,89807,,,,,5.342851,115.7385
4899,11-12020027D,BUKA,AWAM,KKM,,SABAH,BELURAN,KLINIK PERGIGIAN,KLINIK PERGIGIAN DI HOSPITAL,KLINIK PERGIGIAN DI HOSPITAL BELURAN,"HOSPITAL BELURAN, BEG BERKUNCI NO. 02, 90109 BELURAN, SABAH",,90109,,,,,5.896136,117.5572
4900,21-12170571,BUKA,AWAM,KKM,,SABAH,BELURAN,KLINIK PERGIGIAN,KLINIK PERGIGIAN SEKOLAH RENDAH,KLINIK PERGIGIAN SEKOLAH D/A SEKOLAH KEBANGSAAN PEKAN BELURAN,"PETI SURAT 8, 90100 BELURAN, SABAH",,90100,,,,,5.894829,117.5574
4901,91-12030357,BUKA,AWAM,KKM,,SABAH,KENINGAU,PEJABAT KESIHATAN PERGIGIAN,PEJABAT KESIHATAN PERGIGIAN KAWASAN,PEJABAT KESIHATAN PERGIGIAN KAWASAN KENINGAU,"PETI SURAT 1451, 89009 KENINGAU, SABAH",,89009,,,,,5.34035,116.1593
4902,21-12030387,BUKA,AWAM,KKM,,SABAH,KENINGAU,KLINIK PERGIGIAN,KLINIK PERGIGIAN (STANDALONE),KLINIK PERGIGIAN KENINGAU,"PETI SURAT 1451, 89009 KENINGAU, SABAH",,89009,,,,,5.340048,116.1594
4903,21-12030107D,BUKA,AWAM,KKM,,SABAH,KENINGAU,KLINIK PERGIGIAN,KLINIK PERGIGIAN DI KLINIK KESIHATAN,KLINIK PERGIGIAN DI KLINIK KESIHATAN SOOK,"JALAN TULID- MANSIAT, PETI SURAT 94, 89007 SOOK, KENINGAU, SABAH",,89007,,,,,5.14589,116.3069
4904,11-12030029D,BUKA,AWAM,KKM,,SABAH,KENINGAU,KLINIK PERGIGIAN,KLINIK PERGIGIAN DI HOSPITAL,KLINIK PERGIGIAN DI HOSPITAL KENINGAU,"PETI SURAT 11, 89007 KENINGAU, SABAH",,89007,,,,,5.370128,116.182
4905,21-12030573,BUKA,AWAM,KKM,,SABAH,KENINGAU,KLINIK PERGIGIAN,KLINIK PERGIGIAN SEKOLAH RENDAH,KLINIK PERGIGIAN SEKOLAH D/A SEKOLAH KEBANGSAAN PEKAN KENINGAU,"PETI SURAT 108, 89007 KENINGAU, SABAH",,89007,,,,,5.264971,116.3283
4906,21-12030566,BUKA,AWAM,KKM,,SABAH,KENINGAU,KLINIK PERGIGIAN,KLINIK PERGIGIAN SEKOLAH RENDAH,KLINIK PERGIGIAN SEKOLAH D/A SEKOLAH KEBANGSAAN LUAGAN,"PETI SURAT 193, 89008 KENINGAU, SABAH",,89008,,,,,5.337404,116.1567
4907,21-12030554,BUKA,AWAM,KKM,,SABAH,KENINGAU,KLINIK PERGIGIAN,KLINIK PERGIGIAN SEKOLAH RENDAH,KLINIK PERGIGIAN SEKOLAH D/A SEKOLAH KEBANGSAAN BINGKOR,"PETI SURAT 121, 89007 BINGKOR, KENINGAU, SABAH",,89007,,,,,5.398628,116.2033
4908,21-12030541,BUKA,AWAM,KKM,,SABAH,KENINGAU,KLINIK PERGIGIAN,KLINIK PERGIGIAN SEKOLAH RENDAH,KLINIK PERGIGIAN SEKOLAH D/A SEKOLAH KEBANGSAAN ST. FRANCIS XAVIER KENINGAU,"PETI SURAT 24, 89007 KENINGAU, SABAH",,89007,,,,,5.332413,116.1535
4909,21-12030519,BUKA,AWAM,KKM,,SABAH,KENINGAU,KLINIK PERGIGIAN,KLINIK PERGIGIAN SEKOLAH RENDAH,KLINIK PERGIGIAN SEKOLAH D/A SEKOLAH JENIS KEBANGSAAN (CINA) YUK YIN,"PETI SURAT 16, 89007 KENINGAU, SABAH",,89007,,,,,5.338943,116.1657
4910,21-12030400D,BUKA,AWAM,KKM,,SABAH,KENINGAU,KLINIK PERGIGIAN,KLINIK PERGIGIAN DI UTC,KLINIK PERGIGIAN DI KLINIK KESIHATAN UTC KENINGAU,"LOT 1, BANGUNAN UTC, JALAN MARKET, 89008 KENINGAU, SABAH",,89008,,,,,5.337404,116.1567
4911,21-12040109D,BUKA,AWAM,KKM,,SABAH,KINABATANGAN,KLINIK PERGIGIAN,KLINIK PERGIGIAN DI KLINIK KESIHATAN,KLINIK PERGIGIAN DI KLINIK KESIHATAN SUKAU,"W.D.T. 40, JALAN SUKAU, 90200 KINABATANGAN,                             SABAH",,90200,,,,,5.518951,118.2647
4912,21-12040337D,BUKA,AWAM,KKM,,SABAH,KINABATANGAN,KLINIK PERGIGIAN,KLINIK PERGIGIAN DI KLINIK KESIHATAN IBU DAN ANAK (KKIA),KLINIK PERGIGIAN DI KLINIK KESIHATAN IBU DAN ANAK KOTA KINABATANGAN,"W.D.T. 40, 90200 KINABATANGAN, SABAH",,90200,,,,,5.585312,117.8498
4913,91-12050748,BUKA,AWAM,KKM,,SABAH,KOTA BELUD,PEJABAT KESIHATAN PERGIGIAN,PEJABAT KESIHATAN PERGIGIAN KAWASAN,PEJABAT KESIHATAN PERGIGIAN KAWASAN KOTA BELUD,"BANGUNAN GUNASAMA PERSEKUTUAN, PETI SURAT 524, 89157 KOTA BELUD, SABAH",,89157,,,,,6.355241,116.4311
4914,21-12050285D,BUKA,AWAM,KKM,,SABAH,KOTA BELUD,KLINIK PERGIGIAN,KLINIK PERGIGIAN DI KLINIK KESIHATAN,KLINIK PERGIGIAN DI KLINIK KESIHATAN ROSOK,"D/A KLINIK KESIHATAN ROSOK, KAMPUNG ROSOK, 89150 KOTA BELUD, SABAH",,89150,,,,,6.398732,116.5342
4915,21-12050113D,BUKA,AWAM,KKM,,SABAH,KOTA BELUD,KLINIK PERGIGIAN,KLINIK PERGIGIAN DI KLINIK KESIHATAN,KLINIK PERGIGIAN DI KLINIK KESIHATAN TAGINAMBUR KOTA BELUD,"PEKAN TAGINAMBUR, JALAN RANAU BYPASS, PETI SURAT 159, 89150 KOTA BELUD, SABAH",,89150,,,,,6.226586,116.4491
4916,11-12050031D,BUKA,AWAM,KKM,,SABAH,KOTA BELUD,KLINIK PERGIGIAN,KLINIK PERGIGIAN DI HOSPITAL,KLINIK PERGIGIAN DI HOSPITAL KOTA BELUD,"D/A HOSPITAL KOTA BELUD, PETI SURAT 159, 89150 KOTA BELUD, SABAH",,89150,,,,,6.344949,116.427
4917,21-12060578,BUKA,AWAM,KKM,,SABAH,KOTA BELUD,KLINIK PERGIGIAN,KLINIK PERGIGIAN SEKOLAH RENDAH,KLINIK PERGIGIAN SEKOLAH D/A SEKOLAH KEBANGSAAN PEKAN KOTA BELUD,"WDT 161, 89150, KOTA BELUD, SABAH",,89150,,,,,6.343898,116.4267
4918,91-12060353,BUKA,AWAM,KKM,,SABAH,KOTA KINABALU,PEJABAT KESIHATAN PERGIGIAN,PEJABAT KESIHATAN PERGIGIAN KAWASAN,PEJABAT KESIHATAN PERGIGIAN KAWASAN KOTA KINABALU,"LOT 28, TINGKAT 2, BLOK C, HERITAGE PLAZA, OFF JALAN LINTAS, LUYANG, 88300 KOTA KINABALU, SABAH",,88300,,,,,5.962228,116.0903
4919,21-12071150,BUKA,AWAM,KKM,,SABAH,KOTA KINABALU,KLINIK PERGIGIAN,KLINIK PERGIGIAN (STANDALONE),PUSAT PAKAR PERGIGIAN SABAH,"PUSAT PAKAR PERGIGIAN SABAH, JALAN KEBAJIKAN, 88300 KOTA KINABALU, SABAH",,88300,,,,,5.958305,116.0761
4920,21-12060749,BUKA,AWAM,KKM,,SABAH,KOTA KINABALU,KLINIK PERGIGIAN,KLINIK PERGIGIAN (STANDALONE),KLINIK PERGIGIAN KEPAYAN,"JKR NO.7642, JALAN PAHLAWAN, KEPAYAN, 88200 KOTA KINABALU, SABAH",,88200,,,,,5.929872,116.058
4921,21-12060077D,BUKA,AWAM,KKM,,SABAH,KOTA KINABALU,KLINIK PERGIGIAN,KLINIK PERGIGIAN DI KLINIK KESIHATAN,KLINIK PERGIGIAN DI KLINIK KESIHATAN LUYANG,"OFF JALAN LINTAS, 88300 KOTA KINABALU, SABAH",,88300,,,,,5.946353,116.0911
4922,11-12060388D,BUKA,AWAM,KKM,,SABAH,KOTA KINABALU,KLINIK PERGIGIAN,KLINIK PERGIGIAN DI HOSPITAL,KLINIK PERGIGIAN DI HOSPITAL QUEEN ELIZABETH 2,"ARAS 8, LORONG BERSATU OFF JALAN DAMAI LUYANG, 88200 KOTA KINABALU, SABAH",,88200,,,,,5.966487,116.0938
4923,11-12060045D,BUKA,AWAM,KKM,,SABAH,KOTA KINABALU,KLINIK PERGIGIAN,KLINIK PERGIGIAN DI HOSPITAL,KLINIK PERGIGIAN DI HOSPITAL WANITA DAN KANAK-KANAK SABAH,"KARUNG BERKUNCI 187, 88890 LIKAS, KOTA KINABALU, SABAH",,88890,,,,,6.013928,116.1191
4924,11-12060025D,BUKA,AWAM,KKM,,SABAH,KOTA KINABALU,KLINIK PERGIGIAN,KLINIK PERGIGIAN DI HOSPITAL,KLINIK PERGIGIAN DI HOSPITAL QUEEN ELIZABETH,"KARUNG BERKUNCI 2029, 88586 KOTA KINABALU, SABAH",,88586,,,,,5.984364,116.0773
4925,21-12060604,BUKA,AWAM,KKM,,SABAH,KOTA KINABALU,KLINIK PERGIGIAN,KLINIK PERGIGIAN SEKOLAH RENDAH,KLINIK PERGIGIAN SEKOLAH D/A SEKOLAH KEBANGSAAN ST FRANCIS CONVENT,"PETI SURAT 10071, 88801 KOTA KINABALU, SABAH",,88801,,,,,5.952359,116.1068
4926,21-12060603,BUKA,AWAM,KKM,,SABAH,KOTA KINABALU,KLINIK PERGIGIAN,KLINIK PERGIGIAN SEKOLAH RENDAH,KLINIK PERGIGIAN SEKOLAH D/A SEKOLAH KEBANGSAAN ST AGNES,"PETI SURAT 224, JLN TELUK LIKAS 88856 LIKAS, SABAH",,88856,,,,,5.990951,116.1049
4927,21-12060602,BUKA,AWAM,KKM,,SABAH,KOTA KINABALU,KLINIK PERGIGIAN,KLINIK PERGIGIAN SEKOLAH RENDAH,KLINIK PERGIGIAN SEKOLAH D/A SEKOLAH KEBANGSAAN LOK YUK LIKAS,"PETI SURAT 12122, 88823 KOTA KINABALU, SABAH",,88823,,,,,5.994668,116.1099
4928,21-12060600,BUKA,AWAM,KKM,,SABAH,KOTA KINABALU,KLINIK PERGIGIAN,KLINIK PERGIGIAN SEKOLAH RENDAH,KLINIK PERGIGIAN SEKOLAH D/A SEKOLAH JENIS KEBANGSAAN (CINA) YICK NAM,"PETI SURAT A-56, 89357 INANAM, SABAH",,89357,,,,,5.993277,116.1323
4929,21-12060597,BUKA,AWAM,KKM,,SABAH,KOTA KINABALU,KLINIK PERGIGIAN,KLINIK PERGIGIAN SEKOLAH RENDAH,KLINIK PERGIGIAN SEKOLAH D/A SEKOLAH JENIS KEBANGSAAN (CINA) SHAN TAO,"PETI SURAT 10026, 88800 KOTA KINABALU, SABAH",,88800,,,,,5.984364,116.0773
4930,21-12060594,BUKA,AWAM,KKM,,SABAH,KOTA KINABALU,KLINIK PERGIGIAN,KLINIK PERGIGIAN SEKOLAH RENDAH,KLINIK PERGIGIAN SEKOLAH D/A SEKOLAH JENIS KEBANGSAAN (CINA) CHUNG HWA LIKAS,"PETI SURAT 4, 89400 KOTA KINABALU, SABAH",,89400,,,,,5.994668,116.1099
4931,21-12060593,BUKA,AWAM,KKM,,SABAH,KOTA KINABALU,KLINIK PERGIGIAN,KLINIK PERGIGIAN SEKOLAH RENDAH,KLINIK PERGIGIAN SEKOLAH D/A SEKOLAH JENIS KEBANGSAAN (CINA) CHUNG HWA KG AIR K KINABALU,"PETI SURAT 10215, 88802 KOTA KINABALU, SABAH",,88802,,,,,5.979185,116.0744
4932,21-12060585,BUKA,AWAM,KKM,,SABAH,KOTA KINABALU,KLINIK PERGIGIAN,KLINIK PERGIGIAN SEKOLAH RENDAH,KLINIK PERGIGIAN SEKOLAH D/A SEKOLAH KEBANGSAAN TANJUNG ARU II,"PETI SURAT 653, 88858 KOTA KINABALU, SABAH",,88858,,,,,5.953403,116.055
4933,21-12060579,BUKA,AWAM,KKM,,SABAH,KOTA KINABALU,KLINIK PERGIGIAN,KLINIK PERGIGIAN SEKOLAH RENDAH,KLINIK PERGIGIAN SEKOLAH D/A SEKOLAH JENIS KEBANGSAAN (CINA) LOK YUK LIKAS,"PETI SURAT 282, 88856 KOTA KINABALU, SABAH",,88856,,,,,5.986685,116.1003
4934,21-12060565,BUKA,AWAM,KKM,,SABAH,KOTA KINABALU,KLINIK PERGIGIAN,KLINIK PERGIGIAN SEKOLAH RENDAH,KLINIK PERGIGIAN SEKOLAH D/A SEKOLAH KEBANGSAAN LIKAS,"PETI SURAT 11196, 88813 KOTA KINABALU, SABAH",,88813,,,,,5.985405,116.0774
4935,21-12060561,BUKA,AWAM,KKM,,SABAH,KOTA KINABALU,KLINIK PERGIGIAN,KLINIK PERGIGIAN SEKOLAH RENDAH,KLINIK PERGIGIAN SEKOLAH D/A SEKOLAH KEBANGSAAN KEPAYAN,"PETI SURAT 395, 88858 KOTA KINABALU, SABAH",,88858,,,,,5.984364,116.0773
4936,21-12060559,BUKA,AWAM,KKM,,SABAH,KOTA KINABALU,KLINIK PERGIGIAN,KLINIK PERGIGIAN SEKOLAH RENDAH,KLINIK PERGIGIAN SEKOLAH D/A SEKOLAH KEBANGSAAN INANAM II,"PETI SURAT 321, 88450 INANAM, SABAH",,88450,,,,,6.006226,116.1321
4937,21-12060540,BUKA,AWAM,KKM,,SABAH,KOTA KINABALU,KLINIK PERGIGIAN,KLINIK PERGIGIAN SEKOLAH RENDAH,KLINIK PERGIGIAN SEKOLAH D/A SEKOLAH KEBANGSAAN STELLA MARIS,"BEG BERKUNCI 2031, 88858 TANJUNG ARU, SABAH",,88858,,,,,5.955179,116.0513
4938,21-12060539,BUKA,AWAM,KKM,,SABAH,KOTA KINABALU,KLINIK PERGIGIAN,KLINIK PERGIGIAN SEKOLAH RENDAH,KLINIK PERGIGIAN SEKOLAH D/A SEKOLAH JENIS KEBANGSAAN (CINA) ST JAMES KOTA KINABALU,"PETI SURAT 10963, KOTA KINABALU, SABAH",,88100,,,,,5.984364,116.0773
4939,21-12060533,BUKA,AWAM,KKM,,SABAH,KOTA KINABALU,KLINIK PERGIGIAN,KLINIK PERGIGIAN SEKOLAH RENDAH,KLINIK PERGIGIAN SEKOLAH D/A SEKOLAH KEBANGSAAN TOBOBON,"PETI SURAT A-171, 88857 INANAM, SABAH",,88857,,,,,5.993277,116.1323
4940,21-12060532,BUKA,AWAM,KKM,,SABAH,KOTA KINABALU,KLINIK PERGIGIAN,KLINIK PERGIGIAN SEKOLAH RENDAH,KLINIK PERGIGIAN SEKOLAH D/A SEKOLAH KEBANGSAAN SACRED HEART,"PETI SURAT 14690, 88853 KOTA KINABALU, SABAH",,88853,,,,,5.964511,116.0716
4941,21-12060530,BUKA,AWAM,KKM,,SABAH,KOTA KINABALU,KLINIK PERGIGIAN,KLINIK PERGIGIAN SEKOLAH RENDAH,KLINIK PERGIGIAN SEKOLAH D/A SEKOLAH KEBANGSAAN SRI GAYA,"LORONG SELADANG, OFF JLN KEBAJIKAN, 88300 KOTA KINABALU, SABAH",,88300,,,,,5.962888,116.0795
4942,21-12060524,BUKA,AWAM,KKM,,SABAH,KOTA KINABALU,KLINIK PERGIGIAN,KLINIK PERGIGIAN SEKOLAH RENDAH,KLINIK PERGIGIAN SEKOLAH D/A SEKOLAH KEBANGSAAN DARAU,"PETI SURAT 11881, 88820 KOTA KINABALU, SABAH",,88820,,,,,6.021826,116.1523
4943,21-12060431D,BUKA,AWAM,KKM,,SABAH,KOTA KINABALU,KLINIK PERGIGIAN,KLINIK PERGIGIAN DI UTC,KLINIK PERGIGIAN DI KLINIK KESIHATAN UTC KOTA KINABALU,"PUSAT TRANSFORMASI BANDAR SABAH (UTC), JALAN BELIA, 88100 KOTA KINABALU, SABAH",,88100,,,,,5.984364,116.0773
4945,21-12070116D,BUKA,AWAM,KKM,,SABAH,KOTA MARUDU,KLINIK PERGIGIAN,KLINIK PERGIGIAN DI KLINIK KESIHATAN,KLINIK PERGIGIAN DI KLINIK KESIHATAN TANDEK,"JALAN LOTONG, PETI SURAT 421, 89108 KOTA MARUDU, SABAH",,89108,,,,,6.533935,116.8515
4946,21-12070338D,BUKA,AWAM,KKM,,SABAH,KOTA MARUDU,KLINIK PERGIGIAN,KLINIK PERGIGIAN DI KLINIK KESIHATAN IBU DAN ANAK (KKIA),KLINIK PERGIGIAN DI KLINIK KESIHATAN IBU DAN ANAK KOTA MARUDU,"D/A PEJABAT KESIHATAN KOTA MARUDU, (BHG.G), PETI SURAT 421 89108 KOTA MARUDU, SABAH",,89108,,,,,6.495855,116.7611
4947,21-12070586,BUKA,AWAM,KKM,,SABAH,KOTA MARUDU,KLINIK PERGIGIAN,KLINIK PERGIGIAN SEKOLAH RENDAH,KLINIK PERGIGIAN SEKOLAH D/A SEKOLAH KEBANGSAAN PEKAN KOTA MARUDU,"PETI SURAT 156, 89108 KOTA MARUDU, SABAH",,89108,,,,,6.523035,116.7692
4948,11-12080033D,BUKA,AWAM,KKM,,SABAH,KUALA PENYU,KLINIK PERGIGIAN,KLINIK PERGIGIAN DI HOSPITAL,KLINIK PERGIGIAN DI HOSPITAL KUALA PENYU,"HOSPITAL KUALA PENYU, W.D.T 35, 89747 KUALA PENYU, SABAH",,89747,,,,,5.561328,115.5856
4949,91-12090358,BUKA,AWAM,KKM,,SABAH,KUDAT,PEJABAT KESIHATAN PERGIGIAN,PEJABAT KESIHATAN PERGIGIAN KAWASAN,PEJABAT KESIHATAN PERGIGIAN KAWASAN KUDAT,"BEG BERKUNCI NO. 6, 89059 KUDAT, SABAH",,89059,,,,,6.883057,116.8466
4950,21-12090063D,BUKA,AWAM,KKM,,SABAH,KUDAT,KLINIK PERGIGIAN,KLINIK PERGIGIAN DI KLINIK KESIHATAN,KLINIK PERGIGIAN DI KLINIK KESIHATAN KARAKIT,"KAMPUNG KARAKIT, PULAU BANGGI, BEG BERKUNCI NO.6 89059 KUDAT, SABAH",,89059,,,,,7.110039,117.0831
4951,21-12090339D,BUKA,AWAM,KKM,,SABAH,KUDAT,KLINIK PERGIGIAN,KLINIK PERGIGIAN DI KLINIK KESIHATAN IBU DAN ANAK (KKIA),KLINIK PERGIGIAN DI KLINIK KESIHATAN IBU DAN ANAK KUDAT,"D/A PEJABAT KESIHATAN KAWASAN KUDAT, BEG BERKUNCI NO.6, 89059 KUDAT, SABAH",,89059,,,,,6.903709,116.8485
4952,21-12090587,BUKA,AWAM,KKM,,SABAH,KUDAT,KLINIK PERGIGIAN,KLINIK PERGIGIAN SEKOLAH RENDAH,KLINIK PERGIGIAN SEKOLAH D/A SEKOLAH KEBANGSAAN TUN DATU HJ MUSTAPHA,"PETI SURAT 235, 89058 KUDAT, SABAH",,89058,,,,,6.900067,116.8482
4953,21-12090542,BUKA,AWAM,KKM,,SABAH,KUDAT,KLINIK PERGIGIAN,KLINIK PERGIGIAN SEKOLAH RENDAH,KLINIK PERGIGIAN SEKOLAH D/A SEKOLAH KEBANGSAAN ST PETER KUDAT,"PETI SURAT 753, 89058 KUDAT, SABAH",,89058,,,,,6.89668,116.8545
4954,21-12090536,BUKA,AWAM,KKM,,SABAH,KUDAT,KLINIK PERGIGIAN,KLINIK PERGIGIAN SEKOLAH RENDAH,KLINIK PERGIGIAN SEKOLAH D/A SEKOLAH JENIS KEBANGSAAN (CINA) LOK YUK BATU 1 KUDAT,"PETI SURAT 67, 89057 KUDAT, SABAH.",,89057,,,,,6.883057,116.8466
4955,11-12100035D,BUKA,AWAM,KKM,,SABAH,KUNAK,KLINIK PERGIGIAN,KLINIK PERGIGIAN DI HOSPITAL,KLINIK PERGIGIAN DI HOSPITAL KUNAK,"HOSPITAL KUNAK, WDT 150, 91209 KUNAK, SABAH.",,91209,,,,,4.686116,118.2511
4956,21-12100563,BUKA,AWAM,KKM,,SABAH,KUNAK,KLINIK PERGIGIAN,KLINIK PERGIGIAN SEKOLAH RENDAH,KLINIK PERGIGIAN SEKOLAH D/A SEKOLAH KEBANGSAAN KUNAK 1,"PETI SURAT 9, 91207 KUNAK, SABAH.",,91207,,,,,4.683384,118.2465
4957,91-12110355,BUKA,AWAM,KKM,,SABAH,LAHAD DATU,PEJABAT KESIHATAN PERGIGIAN,PEJABAT KESIHATAN PERGIGIAN KAWASAN,PEJABAT KESIHATAN PERGIGIAN KAWASAN LAHAD DATU,"PETI SURAT 60065, 91100 LAHAD DATU, SABAH",,91100,,,,,4.822161,118.3929
4958,21-12110360,BUKA,AWAM,KKM,,SABAH,LAHAD DATU,KLINIK PERGIGIAN,KLINIK PERGIGIAN (STANDALONE),KLINIK PERGIGIAN LAHAD DATU,"PETI SURAT 60065, 91100 LAHAD DATU, SABAH",,91120,,,,,5.025717,118.3275
4959,21-12110127D,BUKA,AWAM,KKM,,SABAH,LAHAD DATU,KLINIK PERGIGIAN,KLINIK PERGIGIAN DI KLINIK KESIHATAN,KLINIK PERGIGIAN DI KLINIK KESIHATAN TUNGKU LAHAD DATU,"PETI SURAT 61167, PEJABAT KESIHATAN LAHAD DATU 91120 LAHAD DATU, SABAH",,91120,,,,,5.02539,118.884
4960,11-12110036D,BUKA,AWAM,KKM,,SABAH,LAHAD DATU,KLINIK PERGIGIAN,KLINIK PERGIGIAN DI HOSPITAL,KLINIK PERGIGIAN DI HOSPITAL LAHAD DATU,"PETI SURAT 60065, 91100 LAHAD DATU, SABAH",,91100,,,,,5.026689,118.3137
4961,21-12110608,BUKA,AWAM,KKM,,SABAH,LAHAD DATU,KLINIK PERGIGIAN,KLINIK PERGIGIAN SEKOLAH RENDAH,KLINIK PERGIGIAN SEKOLAH D/A SEKOLAH KEBANGSAAN LAHAD DATU III,"PETI SURAT 61087, 91120 LAHAD DATU, SABAH",,91120,,,,,5.021778,118.3301
4962,21-12110607,BUKA,AWAM,KKM,,SABAH,LAHAD DATU,KLINIK PERGIGIAN,KLINIK PERGIGIAN SEKOLAH RENDAH,KLINIK PERGIGIAN SEKOLAH D/A SEKOLAH KEBANGSAAN LAHAD DATU II,"PETI SURAT 61047, 91119 LAHAD DATU, SABAH",,91119,,,,,5.028128,118.3011
4963,21-12110598,BUKA,AWAM,KKM,,SABAH,LAHAD DATU,KLINIK PERGIGIAN,KLINIK PERGIGIAN SEKOLAH RENDAH,KLINIK PERGIGIAN SEKOLAH D/A SEKOLAH JENIS KEBANGSAAN (CINA) SIEW CHING,"PETI SURAT 60018, 91110 LAHAD DATU, SABAH",,91110,,,,,5.021778,118.3301
4964,21-12110557,BUKA,AWAM,KKM,,SABAH,LAHAD DATU,KLINIK PERGIGIAN,KLINIK PERGIGIAN SEKOLAH RENDAH,KLINIK PERGIGIAN SEKOLAH D/A SEKOLAH KEBANGSAAN CENDERAWASIH,"PETI SURAT 60035, 91110 LAHAD DATU, SABAH",,91110,,,,,5.151882,119.0021
4965,21-12120087D,BUKA,AWAM,KKM,,SABAH,NABAWAN,KLINIK PERGIGIAN,KLINIK PERGIGIAN DI KLINIK KESIHATAN,KLINIK PERGIGIAN DI KLINIK KESIHATAN NABAWAN,"BANGUNAN KLINIK KESIHATAN NABAWAN, PETI SURAT 56, 89957 NABAWAN, SABAH",,89957,,,,,5.042642,116.438
4966,21-12130361,BUKA,AWAM,KKM,,SABAH,PAPAR,KLINIK PERGIGIAN,KLINIK PERGIGIAN (STANDALONE),KLINIK PERGIGIAN PAPAR,"JALAN HOSPITAL PAPAR, PETI SURAT 6, 89607 PAPAR, SABAH",,89607,,,,,5.734628,115.9319
4967,21-12130066D,BUKA,AWAM,KKM,,SABAH,PAPAR,KLINIK PERGIGIAN,KLINIK PERGIGIAN DI KLINIK KESIHATAN,KLINIK PERGIGIAN DI KLINIK KESIHATAN KINARUT,"89600 PAPAR, SABAH",,89600,,,,,5.829713,116.0377
4968,21-12060599,BUKA,AWAM,KKM,,SABAH,PAPAR,KLINIK PERGIGIAN,KLINIK PERGIGIAN SEKOLAH RENDAH,KLINIK PERGIGIAN SEKOLAH D/A SEKOLAH JENIS KEBANGSAAN (CINA) ST JOSEPH,"PETI SURAT 150, 89608 PAPAR, SABAH",,89608,,,,,5.613287,115.8938
4969,21-12060535,BUKA,AWAM,KKM,,SABAH,PAPAR,KLINIK PERGIGIAN,KLINIK PERGIGIAN SEKOLAH RENDAH,KLINIK PERGIGIAN SEKOLAH D/A SEKOLAH JENIS KEBANGSAAN (CINA) CHENG HWA,"PETI SURAT 27, 89607 PAPAR, SABAH",,89607,,,,,5.736147,115.9333
4970,21-12060528,BUKA,AWAM,KKM,,SABAH,PAPAR,KLINIK PERGIGIAN,KLINIK PERGIGIAN SEKOLAH RENDAH,KLINIK PERGIGIAN SEKOLAH D/A SEKOLAH KEBANGSAAN PEKAN PAPAR,"PETI SURAT 50, 89607 PAPAR, SABAH",,89607,,,,,5.733913,115.9283
4971,21-12060527,BUKA,AWAM,KKM,,SABAH,PAPAR,KLINIK PERGIGIAN,KLINIK PERGIGIAN SEKOLAH RENDAH,KLINIK PERGIGIAN SEKOLAH D/A SEKOLAH KEBANGSAAN PEKAN KINARUT,"PETI SURAT 622, 89600 PAPAR, SABAH",,89600,,,,,5.822458,116.0423
4972,21-12010572,BUKA,AWAM,KKM,,SABAH,PAPAR,KLINIK PERGIGIAN,KLINIK PERGIGIAN SEKOLAH RENDAH,KLINIK PERGIGIAN SEKOLAH D/A SEKOLAH KEBANGSAAN PEKAN BONGAWAN,"PETI SURAT 7, 89700 BONGAWAN, SABAH",,89700,,,,,5.47377,115.7989
4973,91-12140373,BUKA,AWAM,KKM,,SABAH,PENAMPANG,PEJABAT KESIHATAN PERGIGIAN,PEJABAT KESIHATAN PERGIGIAN KAWASAN,PEJABAT KESIHATAN PERGIGIAN KAWASAN PENAMPANG,"PETI SURAT 799, 89507 PENAMPANG, SABAH",,88300,,,,,5.916359,116.1176
4974,21-12140095D,BUKA,AWAM,KKM,,SABAH,PENAMPANG,KLINIK PERGIGIAN,KLINIK PERGIGIAN DI KLINIK KESIHATAN,KLINIK PERGIGIAN DI KLINIK KESIHATAN PENAMPANG,"KM 12, JALAN TAMBUNAN, WDT 29, 89509 PENAMPANG, SABAH",,89509,,,,,5.916296,116.1175
4975,21-12140697,BUKA,AWAM,KKM,,SABAH,PENAMPANG,KLINIK PERGIGIAN,KLINIK PERGIGIAN SEKOLAH RENDAH,KLINIK PERGIGIAN SEKOLAH D/A SEKOLAH JENIS KEBANGSAAN (CINA) YUE MIN,"PETI SURAT 13, 89507 PENAMPANG, SABAH",,89507,,,,,5.917692,116.0988
4976,21-12060590,BUKA,AWAM,KKM,,SABAH,PENAMPANG,KLINIK PERGIGIAN,KLINIK PERGIGIAN SEKOLAH MENENGAH,KLINIK PERGIGIAN SEKOLAH D/A SEKOLAH MENENGAH ST MICHAEL,"PETI SURAT 66, 89507 PENAMPANG, SABAH",,89507,,,,,5.909233,116.1114
4977,21-12150344D,BUKA,AWAM,KKM,,SABAH,PITAS,KLINIK PERGIGIAN,KLINIK PERGIGIAN DI KLINIK KESIHATAN IBU DAN ANAK (KKIA),KLINIK PERGIGIAN DI KLINIK KESIHATAN IBU DAN ANAK PITAS,"PETI SURAT 298, POS MINI PITAS, 89100 PITAS, SABAH",,89100,,,,,6.712198,117.0302
4978,21-12250101D,BUKA,AWAM,KKM,,SABAH,PUTATAN,KLINIK PERGIGIAN,KLINIK PERGIGIAN DI KLINIK KESIHATAN,KLINIK PERGIGIAN DI KLINIK KESIHATAN PUTATAN,"KM 11, JALAN PUTATAN, 88200 PEKAN PUTATAN, SABAH",,88200,,,,,5.895447,116.042
4979,21-12060596,BUKA,AWAM,KKM,,SABAH,PUTATAN,KLINIK PERGIGIAN,KLINIK PERGIGIAN SEKOLAH RENDAH,KLINIK PERGIGIAN SEKOLAH D/A SEKOLAH JENIS KEBANGSAAN (CINA) HWA SHIONG,"PETI SURAT 11212, 88813 KOTA KINABALU, SABAH",,88813,,,,,5.984364,116.0773
4980,21-12060529,BUKA,AWAM,KKM,,SABAH,PUTATAN,KLINIK PERGIGIAN,KLINIK PERGIGIAN SEKOLAH RENDAH,KLINIK PERGIGIAN SEKOLAH D/A SEKOLAH KEBANGSAAN PEKAN PUTATAN,"PETI SURAT 147, 88200, KOTA KINABALU, SABAH",,88200,,,,,5.895447,116.042
4981,21-12060525,BUKA,AWAM,KKM,,SABAH,PUTATAN,KLINIK PERGIGIAN,KLINIK PERGIGIAN SEKOLAH RENDAH,KLINIK PERGIGIAN SEKOLAH D/A SEKOLAH KEBANGSAAN KEM LOK KAWI,"PETI SURAT 147, 89507 KOTA KINABALU, SABAH",,89507,,,,,5.976474,116.1158
4982,21-12160362,BUKA,AWAM,KKM,,SABAH,RANAU,KLINIK PERGIGIAN,KLINIK PERGIGIAN (STANDALONE),KLINIK PERGIGIAN RANAU,"PETI SURAT 1408, JALAN HOSPITAL, 89300 RANAU, SABAH",,89300,,,,,5.953278,116.6711
4983,21-12160122D,BUKA,AWAM,KKM,,SABAH,RANAU,KLINIK PERGIGIAN,KLINIK PERGIGIAN DI KLINIK KESIHATAN,KLINIK PERGIGIAN DI KLINIK KESIHATAN TIMBUA,"D/A PEJABAT KESIHATAN DAERAH RANAU , 89300 RANAU, SABAH",,89300,,,,,6.112865,116.8611
4984,21-12160074D,BUKA,AWAM,KKM,,SABAH,RANAU,KLINIK PERGIGIAN,KLINIK PERGIGIAN DI KLINIK KESIHATAN,KLINIK PERGIGIAN DI KLINIK KESIHATAN KUNDASANG,"JALAN KAMPUNG LEMBAH PERMAI, PETI SURAT 32, 89308 RANAU, SABAH",,89308,,,,,5.990377,116.5785
4985,21-12160575,BUKA,AWAM,KKM,,SABAH,RANAU,KLINIK PERGIGIAN,KLINIK PERGIGIAN SEKOLAH RENDAH,KLINIK PERGIGIAN SEKOLAH D/A SEKOLAH KEBANGSAAN PEKAN RANAU,"PETI SURAT 4, 89307 RANAU, SABAH",,89307,,,,,5.953044,116.6689
4986,21-12060564,BUKA,AWAM,KKM,,SABAH,RANAU,KLINIK PERGIGIAN,KLINIK PERGIGIAN SEKOLAH RENDAH,KLINIK PERGIGIAN SEKOLAH D/A SEKOLAH KEBANGSAAN KUNDASANG,"PETI SURAT 91, KUNDASANG, 89308 RANAU, SABAH",,89308,,,,,5.97225,116.5743
4987,91-12170356,BUKA,AWAM,KKM,,SABAH,SANDAKAN,PEJABAT KESIHATAN PERGIGIAN,PEJABAT KESIHATAN PERGIGIAN KAWASAN,PEJABAT KESIHATAN PERGIGIAN KAWASAN SANDAKAN,"TINGKAT 7, WISMA PERSEKUTUAN, BEG BERKUNCI 7, 90500 SANDAKAN, SABAH",,90500,,,,,5.855886,118.0722
4988,21-12170366D,BUKA,AWAM,KKM,,SABAH,SANDAKAN,KLINIK PERGIGIAN,KLINIK PERGIGIAN DI KLINIK KESIHATAN,KLINIK PERGIGIAN DI KLINIK KESIHATAN SANDAKAN,"KM 3-2, JALAN UTARA, 90500 SANDAKAN, SABAH",,90500,,,,,5.861032,118.1021
4989,21-12170346D,BUKA,AWAM,KKM,,SABAH,SANDAKAN,KLINIK PERGIGIAN,KLINIK PERGIGIAN DI KLINIK KESIHATAN IBU DAN ANAK (KKIA),KLINIK PERGIGIAN DI KLINIK KESIHATAN IBU DAN ANAK SANDAKAN,"90500 SANDAKAN, SABAH",,90500,,,,,5.838493,118.1133
4990,11-12170028D,BUKA,AWAM,KKM,,SABAH,SANDAKAN,KLINIK PERGIGIAN,KLINIK PERGIGIAN DI HOSPITAL,KLINIK PERGIGIAN DI HOSPITAL DUCHESS OF KENT,"KM 3.2 JALAN UTARA, 90000 SANDAKAN, SABAH",,90000,,,,,5.858954,118.103
4991,21-12170605,BUKA,AWAM,KKM,,SABAH,SANDAKAN,KLINIK PERGIGIAN,KLINIK PERGIGIAN SEKOLAH RENDAH,KLINIK PERGIGIAN SEKOLAH D/A SEKOLAH KEBANGSAAN ST MARY CONVENT,"PETI SURAT 1186, 90713 SANDAKAN, SABAH",,90713,,,,,5.855886,118.0722
4992,21-12170601,BUKA,AWAM,KKM,,SABAH,SANDAKAN,KLINIK PERGIGIAN,KLINIK PERGIGIAN SEKOLAH RENDAH,KLINIK PERGIGIAN SEKOLAH D/A SEKOLAH KEBANGSAAN KARAMUNTING,"WDT 25, JALAN BATU SAPI, 90009 SANDAKAN, SABAH",,90009,,,,,5.805146,118.0471
4993,21-12170589,BUKA,AWAM,KKM,,SABAH,SANDAKAN,KLINIK PERGIGIAN,KLINIK PERGIGIAN SEKOLAH RENDAH,KLINIK PERGIGIAN SEKOLAH D/A SEKOLAH KEBANGSAAN BUKIT GARAM,"WDT 13, 90200 SANDAKAN, SABAH",,90200,,,,,5.500122,117.8376
4994,21-12170582,BUKA,AWAM,KKM,,SABAH,SANDAKAN,KLINIK PERGIGIAN,KLINIK PERGIGIAN SEKOLAH RENDAH,KLINIK PERGIGIAN SEKOLAH D/A SEKOLAH KEBANGSAAN SUNGAI ANIB 2,"WDT 783, 90009 SANDAKAN, SABAH",,90009,,,,,5.857392,118.0521
4995,21-12170581,BUKA,AWAM,KKM,,SABAH,SANDAKAN,KLINIK PERGIGIAN,KLINIK PERGIGIAN SEKOLAH RENDAH,KLINIK PERGIGIAN SEKOLAH D/A SEKOLAH KEBEBANGSAAN SUNGAI ANIB 1,"WDT 23, 90009 SANDAKAN, SABAH",,90009,,,,,5.855886,118.0722
4996,21-12170580,BUKA,AWAM,KKM,,SABAH,SANDAKAN,KLINIK PERGIGIAN,KLINIK PERGIGIAN SEKOLAH RENDAH,KLINIK PERGIGIAN SEKOLAH D/A SEKOLAH KEBANGSAAN SRI TANJUNG PAPAT 1,"PETI SURAT 2653, 90730 SANDAKAN, SABAH",,90730,,,,,5.855886,118.0722
4997,21-12170550,BUKA,AWAM,KKM,,SABAH,SANDAKAN,KLINIK PERGIGIAN,KLINIK PERGIGIAN SEKOLAH RENDAH,KLINIK PERGIGIAN SEKOLAH D/A SEKOLAH KEBANGSAAN BANDAR,"WDT 297, 90009 SANDAKAN, SABAH.",,90009,,,,,5.855886,118.0722
4998,21-12170548,BUKA,AWAM,KKM,,SABAH,SANDAKAN,KLINIK PERGIGIAN,KLINIK PERGIGIAN SEKOLAH RENDAH,KLINIK PERGIGIAN SEKOLAH D/A SEKOLAH JENIS KEBANGSAAN (CINA) TAI TONG,"PETI SURAT 403, 90704 SANDAKAN, SABAH",,90704,,,,,5.855886,118.0722
4999,21-12170543,BUKA,AWAM,KKM,,SABAH,SANDAKAN,KLINIK PERGIGIAN,KLINIK PERGIGIAN SEKOLAH RENDAH,KLINIK PERGIGIAN SEKOLAH D/A SEKOLAH KEBANGSAAN SUNG SIEW,"PPM 250 ELOPURA, 90000 SANDAKAN, SABAH",,90000,,,,,5.842775,118.0702
5000,21-12170538,BUKA,AWAM,KKM,,SABAH,SANDAKAN,KLINIK PERGIGIAN,KLINIK PERGIGIAN SEKOLAH RENDAH,KLINIK PERGIGIAN SEKOLAH D/A SEKOLAH KEBANGSAAN ST MONICA,"PETI SURAT 183, 90702 SANDAKAN, SABAH",,90702,,,,,5.855886,118.0722
5001,21-12170531,BUKA,AWAM,KKM,,SABAH,SANDAKAN,KLINIK PERGIGIAN,KLINIK PERGIGIAN SEKOLAH RENDAH,KLINIK PERGIGIAN SEKOLAH D/A SEKOLAH KEBANGSAAN SRI TANJUNG PAPAT 2,"WDT 771, 90009 SANDAKAN, SABAH",,90009,,,,,5.855886,118.0722
5002,21-12170526,BUKA,AWAM,KKM,,SABAH,SANDAKAN,KLINIK PERGIGIAN,KLINIK PERGIGIAN SEKOLAH RENDAH,KLINIK PERGIGIAN SEKOLAH D/A SEKOLAH KEBANGSAAN MUHIBBAH,"BATU 4, JALAN CECILY UTARA, 90000 SANDAKAN, SABAH",,90000,,,,,5.8366,118.0576
5003,21-12170522,BUKA,AWAM,KKM,,SABAH,SANDAKAN,KLINIK PERGIGIAN,KLINIK PERGIGIAN SEKOLAH RENDAH,KLINIK PERGIGIAN SEKOLAH D/A SEKOLAH JENIS KEBANGSAAN (CINA) SYN HUA,"PETI SURAT 368, 90704 SANDAKAN, SABAH",,90704,,,,,5.855886,118.0722
5004,21-12170521,BUKA,AWAM,KKM,,SABAH,SANDAKAN,KLINIK PERGIGIAN,KLINIK PERGIGIAN SEKOLAH RENDAH,KLINIK PERGIGIAN SEKOLAH D/A SEKOLAH JENIS KEBANGSAAN (CINA) CHI HWA,"PETI SURAT 118, 90701 SANDAKAN, SABAH",,90701,,,,,5.855886,118.0722
5005,21-12170520,BUKA,AWAM,KKM,,SABAH,SANDAKAN,KLINIK PERGIGIAN,KLINIK PERGIGIAN SEKOLAH RENDAH,KLINIK PERGIGIAN SEKOLAH D/A SEKOLAH JENIS KEBANGSAAN (CINA) CHENG MIN,"PETI SURAT 676, 90707 SANDAKAN, SABAH",,90707,,,,,5.855886,118.0722
5006,21-12170588,BUKA,AWAM,KKM,,SABAH,SANDAKAN,KLINIK PERGIGIAN,KLINIK PERGIGIAN SEKOLAH MENENGAH,KLINIK PERGIGIAN SEKOLAH D/A SEKOLAH MENENGAH KEBANGSAAN ELOPURA,"PETI SURAT 1091, 90712 SANDAKAN, SABAH",,90712,,,,,5.855886,118.0722
5008,21-12180347D,BUKA,AWAM,KKM,,SABAH,SEMPORNA,KLINIK PERGIGIAN,KLINIK PERGIGIAN DI KLINIK KESIHATAN,KLINIK PERGIGIAN DI KLINIK KESIHATAN SEMPORNA,"PETI SURAT 80, TINGKAT 1, BANGUNAN KESIHATAN, 91308Â SEMPORNA,Â 
SABAH",,91308,,,,,4.480994,118.6059
5009,21-12180099D,BUKA,AWAM,KKM,,SABAH,SEMPORNA,KLINIK PERGIGIAN,KLINIK PERGIGIAN DI KLINIK KESIHATAN,KLINIK PERGIGIAN DI KLINIK KESIHATAN PULAU BUM-BUM,"TINGKAT 1, BANGUNAN KLINIK KESIHATAN, PETI SURAT 80, 91307Â 
SEMPORNA,Â SABAH",,91307,,,,,4.464028,118.6695
5010,21-12180577,BUKA,AWAM,KKM,,SABAH,SEMPORNA,KLINIK PERGIGIAN,KLINIK PERGIGIAN SEKOLAH RENDAH,KLINIK PERGIGIAN SEKOLAH D/A SEKOLAH KEBANGSAAN PEKAN SEMPORNA,"PETI SURAT 48, 91307 SEMPORNA, SABAH",,91307,,,,,4.486491,118.591
5011,21-12180576,BUKA,AWAM,KKM,,SABAH,SEMPORNA,KLINIK PERGIGIAN,KLINIK PERGIGIAN SEKOLAH RENDAH,KLINIK PERGIGIAN SEKOLAH D/A SEKOLAH KEBANGSAAN PEKAN SEMPORNA II,"PETI SURAT 319, 91308 SEMPORNA, SABAH",,91308,,,,,4.470767,118.6135
5012,21-12180555,BUKA,AWAM,KKM,,SABAH,SEMPORNA,KLINIK PERGIGIAN,KLINIK PERGIGIAN SEKOLAH RENDAH,KLINIK PERGIGIAN SEKOLAH D/A SEKOLAH KEBANGSAAN BUBUL,"PETI SURAT 130, 91308 SEMPORNA, SABAH",,91308,,,,,4.465933,118.5949
5013,21-12180523,BUKA,AWAM,KKM,,SABAH,SEMPORNA,KLINIK PERGIGIAN,KLINIK PERGIGIAN SEKOLAH RENDAH,KLINIK PERGIGIAN SEKOLAH D/A SEKOLAH KEBANGSAAN BUGAYA,"PETI SURAT 299, 91308 SEMPORNA, SABAH",,91308,,,,,4.4596,118.584
5014,11-12190041D,BUKA,AWAM,KKM,,SABAH,SIPITANG,KLINIK PERGIGIAN,KLINIK PERGIGIAN DI HOSPITAL,KLINIK PERGIGIAN SIPITANG,"HOSPITAL SIPITANG, 89857 SIPITANG, SABAH.",,89857,,,,,5.07919,115.5508
5015,21-12200363,BUKA,AWAM,KKM,,SABAH,TAMBUNAN,KLINIK PERGIGIAN,KLINIK PERGIGIAN (STANDALONE),KLINIK PERGIGIAN TAMBUNAN,"HOSPITAL TAMBUNAN, PETI SURAT 260, 89657 TAMBUNAN, SABAH",,89657,,,,,5.721291,116.4108
5016,91-12210354,BUKA,AWAM,KKM,,SABAH,TAWAU,PEJABAT KESIHATAN PERGIGIAN,PEJABAT KESIHATAN PERGIGIAN KAWASAN,PEJABAT KESIHATAN PERGIGIAN KAWASAN TAWAU,"JALAN CHONG THIEAN VUN, SIN ONN, PETI SURAT NO.990, 91008 TAWAU, SABAH",,91008,,,,,4.272431,117.9043
5017,21-12210684D,BUKA,AWAM,KKM,,SABAH,TAWAU,KLINIK PERGIGIAN,KLINIK PERGIGIAN DI KLINIK KESIHATAN,KLINIK PERGIGIAN DI KLINIK KESIHATAN TAWAU,"JALAN CHONG THIEAN VUN, SIN ONN, PETI SURAT NO.990, 91008 TAWAU, SABAH",,91008,,,,,4.259496,117.9098
5018,11-12210043D,BUKA,AWAM,KKM,,SABAH,TAWAU,KLINIK PERGIGIAN,KLINIK PERGIGIAN DI HOSPITAL,KLINIK PERGIGIAN DI HOSPITAL TAWAU,"PETI SURAT 67, WDT 11, 91000 TAWAU, SABAH",,91000,,,,,4.249817,117.8807
5019,21-12210606,BUKA,AWAM,KKM,,SABAH,TAWAU,KLINIK PERGIGIAN,KLINIK PERGIGIAN SEKOLAH RENDAH,KLINIK PERGIGIAN SEKOLAH D/A SEKOLAH KEBANGSAAN ST PATRICK,"PETI SURAT 510, 91008 TAWAU, SABAH",,91008,,,,,4.244308,117.8918
5020,21-12210584,BUKA,AWAM,KKM,,SABAH,TAWAU,KLINIK PERGIGIAN,KLINIK PERGIGIAN SEKOLAH RENDAH,KLINIK PERGIGIAN SEKOLAH D/A SEKOLAH KEBANGSAAN TAMAN TAWAU,"PETI SURAT 62281, 91032 TAWAU, SABAH",,91032,,,,,4.253761,117.9121
5021,21-12210583,BUKA,AWAM,KKM,,SABAH,TAWAU,KLINIK PERGIGIAN,KLINIK PERGIGIAN SEKOLAH RENDAH,KLINIK PERGIGIAN SEKOLAH D/A SEKOLAH KEBANGSAAN TANJONG BATU,"PETI SURAT 60494, 91014 TAWAU, SABAH",,91014,,,,,4.244308,117.8918
5022,21-12210569,BUKA,AWAM,KKM,,SABAH,TAWAU,KLINIK PERGIGIAN,KLINIK PERGIGIAN SEKOLAH RENDAH,KLINIK PERGIGIAN SEKOLAH D/A SEKOLAH KEBANGSAAN PASIR PUTIH,"PETI SURAT 1116, 91036 TAWAU, SABAH",,91036,,,,,4.244308,117.8918
5023,21-12210568,BUKA,AWAM,KKM,,SABAH,TAWAU,KLINIK PERGIGIAN,KLINIK PERGIGIAN SEKOLAH RENDAH,KLINIK PERGIGIAN SEKOLAH D/A SEKOLAH KEBANGSAAN MUHIBBAH RAYA,"PETI SURAT 61524, 91025 TAWAU, SABAH",,91025,,,,,4.244308,117.8918
5024,21-12210567,BUKA,AWAM,KKM,,SABAH,TAWAU,KLINIK PERGIGIAN,KLINIK PERGIGIAN SEKOLAH RENDAH,KLINIK PERGIGIAN SEKOLAH D/A SEKOLAH KEBANGSAAN MEROTAI BESAR,"PETI SURAT 572, 91008 TAWAU, SABAH",,91008,,,,,4.419288,117.7754
5025,21-12210562,BUKA,AWAM,KKM,,SABAH,TAWAU,KLINIK PERGIGIAN,KLINIK PERGIGIAN SEKOLAH RENDAH,KLINIK PERGIGIAN SEKOLAH D/A SEKOLAH KEBANGSAAN KINABUTAN BESAR,"PETI SURAT 763, 91008 TAWAU, SABAH",,91008,,,,,4.254459,117.9629
5026,21-12210560,BUKA,AWAM,KKM,,SABAH,TAWAU,KLINIK PERGIGIAN,KLINIK PERGIGIAN SEKOLAH RENDAH,KLINIK PERGIGIAN SEKOLAH D/A SEKOLAH KEBANGSAAN KEM KABOTA,"PETI SURAT 1196, 91036 TAWAU, SABAH",,91036,,,,,4.262388,117.9186
5027,21-12210558,BUKA,AWAM,KKM,,SABAH,TAWAU,KLINIK PERGIGIAN,KLINIK PERGIGIAN SEKOLAH RENDAH,KLINIK PERGIGIAN SEKOLAH D/A SEKOLAH KEBANGSAAN HOLY TRINITY,"PETI SURAT 60156, 91011 TAWAU, SABAH",,91011,,,,,4.244308,117.8918
5028,21-12210556,BUKA,AWAM,KKM,,SABAH,TAWAU,KLINIK PERGIGIAN,KLINIK PERGIGIAN SEKOLAH RENDAH,KLINIK PERGIGIAN SEKOLAH D/A SEKOLAH KEBANGSAAN BUKIT QUOIN,"PETI SURAT 60468, 91014 TAWAU, SABAH",,91014,,,,,4.244308,117.8918
5029,21-12210553,BUKA,AWAM,KKM,,SABAH,TAWAU,KLINIK PERGIGIAN,KLINIK PERGIGIAN SEKOLAH RENDAH,KLINIK PERGIGIAN SEKOLAH D/A SEKOLAH KEBANGSAAN BATU 4 JALAN APAS,"PETI SURAT 61660, 91026 TAWAU, SABAH",,91026,,,,,4.257906,117.9443
5030,21-12210552,BUKA,AWAM,KKM,,SABAH,TAWAU,KLINIK PERGIGIAN,KLINIK PERGIGIAN SEKOLAH RENDAH,KLINIK PERGIGIAN SEKOLAH D/A SEKOLAH KEBANGSAAN BANDAR TAWAU II,"PETI SURAT 61364, 91023 TAWAU, SABAH",,91023,,,,,4.246058,117.8883
5031,21-12210551,BUKA,AWAM,KKM,,SABAH,TAWAU,KLINIK PERGIGIAN,KLINIK PERGIGIAN SEKOLAH RENDAH,KLINIK PERGIGIAN SEKOLAH D/A SEKOLAH KEBANGSAAN BANDAR TAWAU,"PETI SURAT 214, 91007 TAWAU, SABAH",,91007,,,,,4.246058,117.8883
5032,21-12210549,BUKA,AWAM,KKM,,SABAH,TAWAU,KLINIK PERGIGIAN,KLINIK PERGIGIAN SEKOLAH RENDAH,KLINIK PERGIGIAN SEKOLAH D/A SEKOLAH KEBANGSAAN BALUNG,"PETI SURAT 696, 91008 TAWAU, SABAH",,91008,,,,,4.394756,118.1106
5033,21-12210547,BUKA,AWAM,KKM,,SABAH,TAWAU,KLINIK PERGIGIAN,KLINIK PERGIGIAN SEKOLAH RENDAH,KLINIK PERGIGIAN SEKOLAH D/A SEKOLAH JENIS KEBANGSAAN (CINA) YUK CHIN,"PETI SURAT 84, 91007 TAWAU, SABAH",,91007,,,,,4.244308,117.8918
5034,21-12210546,BUKA,AWAM,KKM,,SABAH,TAWAU,KLINIK PERGIGIAN,KLINIK PERGIGIAN SEKOLAH RENDAH,KLINIK PERGIGIAN SEKOLAH D/A SEKOLAH JENIS KEBANGSAAN (CINA) SIN HWA,"PETI SURAT 17, 91007 TAWAU, SABAH",,91007,,,,,4.244308,117.8918
5035,21-12210545,BUKA,AWAM,KKM,,SABAH,TAWAU,KLINIK PERGIGIAN,KLINIK PERGIGIAN SEKOLAH RENDAH,KLINIK PERGIGIAN SEKOLAH D/A SEKOLAH JENIS KEBANGSAAN (CINA) HING HWA,"PETI SURAT 142, 91007 TAWAU, SABAH",,91007,,,,,4.244308,117.8918
5036,21-12210544,BUKA,AWAM,KKM,,SABAH,TAWAU,KLINIK PERGIGIAN,KLINIK PERGIGIAN SEKOLAH RENDAH,KLINIK PERGIGIAN SEKOLAH D/A SEKOLAH JENIS KEBANGSAAN (CINA) CHUNG HWA,"PETI SURAT 143, 91007 TAWAU, SABAH",,91007,,,,,4.244308,117.8918
5037,21-12210591,BUKA,AWAM,KKM,,SABAH,TAWAU,KLINIK PERGIGIAN,KLINIK PERGIGIAN SEKOLAH MENENGAH,KLINIK PERGIGIAN SEKOLAH D/A SEKOLAH  MENENGAH KEBANGSAAN TAWAU,"PETI SURAT 295, 91007 TAWAU, SABAH",,91007,,,,,4.244308,117.8918
5038,21-12210439D,BUKA,AWAM,KKM,,SABAH,TAWAU,KLINIK PERGIGIAN,KLINIK PERGIGIAN DI UTC,KLINIK PERGIGIAN DI KLINIK KESIHATAN UTC TAWAU,"MAJLIS PERBANDARAN TAWAU, PETI SURAT 412, 91007, TAWAU, SABAH",,91007,,,,,4.244308,117.8918
5040,21-12260120D,BUKA,AWAM,KKM,,SABAH,TELUPID,KLINIK PERGIGIAN,KLINIK PERGIGIAN DI KLINIK KESIHATAN,KLINIK PERGIGIAN DI KLINIK KESIHATAN TELUPID,"PETI SURAT 11, 89320 TELUPID, SABAH",,89320,,,,,5.627233,117.1275
5041,21-12170592,BUKA,AWAM,KKM,,SABAH,TELUPID,KLINIK PERGIGIAN,KLINIK PERGIGIAN SEKOLAH MENENGAH,KLINIK PERGIGIAN SEKOLAH D/A SEKOLAH MENENGAH KEBANGSAAN TELUPID,"PETI SURAT 2, 89320 TELUPID, SABAH",,89320,,,,,5.627233,117.1275
5042,21-12220696,BUKA,AWAM,KKM,,SABAH,TENOM,KLINIK PERGIGIAN,KLINIK PERGIGIAN (STANDALONE),KLINIK PERGIGIAN TENOM,"HOSPITAL TENOM, PETI SURAT 97, 89908 TENOM, SABAH",,89908,,,,,5.124731,115.9445
5043,21-12220595,BUKA,AWAM,KKM,,SABAH,TENOM,KLINIK PERGIGIAN,KLINIK PERGIGIAN SEKOLAH RENDAH,KLINIK PERGIGIAN SEKOLAH D/A SEKOLAH JENIS KEBANGSAAN (CINA) CHUNG HWA,"PETI SURAT 106, 89907 TENOM, SABAH",,89907,,,,,4.777596,115.9468
5044,21-12230124D,BUKA,AWAM,KKM,,SABAH,TONGOD,KLINIK PERGIGIAN,KLINIK PERGIGIAN DI KLINIK KESIHATAN,KLINIK PERGIGIAN DI KLINIK KESIHATAN TONGOD,"KLINIK KESIHATAN TONGOD, PETI SURAT 42, 89320Â TONGOD,Â SABAH",,89320,,,,,5.275059,116.976
5045,21-12230096D,BUKA,AWAM,KKM,,SABAH,TONGOD,KLINIK PERGIGIAN,KLINIK PERGIGIAN DI KLINIK KESIHATAN,KLINIK PERGIGIAN DI KLINIK KESIHATAN PENANGAH,"KLINIK KESIHATAN PENANGAH, PEJABAT KESIHATAN KAWASAN KOTA KINABATANGAN, 
W.D.T. 40, 90200 KINABATANGAN, SABAH",,90200,,,,,5.540956,118.286
5046,21-12240365,BUKA,AWAM,KKM,,SABAH,TUARAN,KLINIK PERGIGIAN,KLINIK PERGIGIAN (STANDALONE),KLINIK PERGIGIAN TUARAN,"HOSPITAL TUARAN, JALAN BERUNGIS, 89208 TUARAN, SABAH",,89208,,,,,6.143543,116.2187
5047,21-12060537,BUKA,AWAM,KKM,,SABAH,TUARAN,KLINIK PERGIGIAN,KLINIK PERGIGIAN SEKOLAH RENDAH,KLINIK PERGIGIAN SEKOLAH D/A SEKOLAH JENIS KEBANGSAAN (CINA) CHEN SIN,"PETI SURAT 1, 89207 TUARAN, SABAH",,89207,,,,,6.175521,116.2283
5048,21-12060534,BUKA,AWAM,KKM,,SABAH,TUARAN,KLINIK PERGIGIAN,KLINIK PERGIGIAN SEKOLAH RENDAH,KLINIK PERGIGIAN SEKOLAH D/A SEKOLAH KEBANGSAAN MENGKABONG,"PETI SURAT 596, 89209 TUARAN, SABAH",,89209,,,,,6.146231,116.2024
5049,21-13020635,BUKA,AWAM,KKM,,SARAWAK,BAU,KLINIK PERGIGIAN,KLINIK PERGIGIAN (STANDALONE),KLINIK PERGIGIAN BAU,"KLINIK PERGIGIAN BAU, BATU 1 1/2, JALAN BAU- LUNDU, 94000 BAU, SARAWAK",,94000,,,,,1.448715,110.1275
5050,21-13020552,BUKA,AWAM,KKM,,SARAWAK,BAU,KLINIK PERGIGIAN,KLINIK PERGIGIAN SEKOLAH RENDAH,KLINIK PERGIGIAN SEKOLAH D/A SEKOLAH KEBANGSAAN BAU,"D/A PEJABAT PELAJARAN DAERAH KECIL, JLN TASIK BIRU, 94000 BAU, SARAWAK",,94000,,,,,1.408562,110.1688
5051,21-13020523,BUKA,AWAM,KKM,,SARAWAK,BAU,KLINIK PERGIGIAN,KLINIK PERGIGIAN SEKOLAH RENDAH,KLINIK PERGIGIAN SEKOLAH D/A SEKOLAH KEBANGSAAN ST STEPHEN (M),"D/A PEJABAT PELAJARAN DAERAH KECIL, JLN TASIK BIRU, 94000 BAU, SARAWAK",,94000,,,,,1.414393,110.1586
5052,21-13020492,BUKA,AWAM,KKM,,SARAWAK,BAU,KLINIK PERGIGIAN,KLINIK PERGIGIAN SEKOLAH RENDAH,KLINIK PERGIGIAN SEKOLAH D/A SEKOLAH JENIS KEBANGSAAN (CINA) CHUNG HUA BAU,"D/A PEJABAT PELAJARAN DAERAH KECIL, BAU, 94000 BAU, SARAWAK",,94000,,,,,1.413344,110.1562
5053,21-13030206D,BUKA,AWAM,KKM,,SARAWAK,BELAGA,KLINIK PERGIGIAN,KLINIK PERGIGIAN DI KLINIK KESIHATAN,KLINIK PERGIGIAN DI KLINIK KESIHATAN SUNGAI ASAP,"PEKAN SUNGAI ASAP, BELAGA, SARAWAK",,96900,,,,,3.044717,113.9144
5054,21-13030058D,BUKA,AWAM,KKM,,SARAWAK,BELAGA,KLINIK PERGIGIAN,KLINIK PERGIGIAN DI KLINIK KESIHATAN,KLINIK PERGIGIAN DI KLINIK KESIHATAN BELAGA,"BELAGA, 96900 KAPIT, SARAWAK",,96900,,,,,2.705004,113.7822
5055,21-13100543,BUKA,AWAM,KKM,,SARAWAK,BELAGA,KLINIK PERGIGIAN,KLINIK PERGIGIAN SEKOLAH RENDAH,KLINIK PERGIGIAN SEKOLAH D/A SEKOLAH KEBANGSAAN ABUN MATU,"BELAGA, 96900 KAPIT, SARAWAK",,96900,,,,,2.708665,113.7794
5056,91-13040320,BUKA,AWAM,KKM,,SARAWAK,BETONG,PEJABAT KESIHATAN PERGIGIAN,PEJABAT KESIHATAN PERGIGIAN BAHAGIAN,PEJABAT KESIHATAN PERGIGIAN BAHAGIAN BETONG,"TINGKAT 3, WISMA PERSEKUTUAN BETONG,  
JALAN TANJUNG ASSAM, 95700 BETONG, SARAWAK",,95700,,,,,1.40095,111.5373
5057,21-13040324,BUKA,AWAM,KKM,,SARAWAK,BETONG,KLINIK PERGIGIAN,KLINIK PERGIGIAN (STANDALONE),KLINIK PERGIGIAN BETONG,"KM 8, JALAN BETONG-SRI AMAN, 95700 BETONG, SARAWAK",,95700,,,,,1.37436,111.5743
5058,21-13040595,BUKA,AWAM,KKM,,SARAWAK,BETONG,KLINIK PERGIGIAN,KLINIK PERGIGIAN SEKOLAH RENDAH,KLINIK PERGIGIAN SEKOLAH D/A SEKOLAH KEBANGSAAN ST. AUGUSTINE,"JALAN DATUK BASIR TEMENGGONG, 95700 BETONG, SARAWAK",,95700,,,,,1.405478,111.5262
5059,21-13040591,BUKA,AWAM,KKM,,SARAWAK,BETONG,KLINIK PERGIGIAN,KLINIK PERGIGIAN SEKOLAH RENDAH,KLINIK PERGIGIAN SEKOLAH D/A SEKOLAH KEBANGSAAN SPAOH,"JALAN MESJID LAMA, 94600 SPAOH, SARAWAK",,94600,,,,,1.462578,111.4794
5060,21-13040588,BUKA,AWAM,KKM,,SARAWAK,BETONG,KLINIK PERGIGIAN,KLINIK PERGIGIAN SEKOLAH RENDAH,KLINIK PERGIGIAN SEKOLAH D/A SEKOLAH KEBANGSAAN PUSA,"JALAN KLINIK KESIHATAN LAMA, KAMPONG HULU, 94950 BETONG, SARAWAK",,94950,,,,,1.619999,111.2916
5061,21-13040553,BUKA,AWAM,KKM,,SARAWAK,BETONG,KLINIK PERGIGIAN,KLINIK PERGIGIAN SEKOLAH RENDAH,KLINIK PERGIGIAN SEKOLAH D/A SEKOLAH KEBANGSAAN BELADIN,"KAMPONG HILIR BELADIN, 94950 BETONG, SARAWAK",,94950,,,,,1.629771,111.2
5062,21-13040535,BUKA,AWAM,KKM,,SARAWAK,BETONG,KLINIK PERGIGIAN,KLINIK PERGIGIAN SEKOLAH RENDAH,KLINIK PERGIGIAN SEKOLAH D/A SEKOLAH KEBANGSAAN ABANG ABDUL KADIR,"JALAN DATUK PATINGGI UDIN, KAMPONG MELAYU HILIR, 95700 BETONG, SARAWAK",,95700,,,,,1.413836,111.5275
5063,21-13040654,BUKA,AWAM,KKM,,SARAWAK,BETONG,KLINIK PERGIGIAN,KLINIK PERGIGIAN DI RTC,KLINIK PERGIGIAN RTC MID LAYAR,"PUSAT TRANSFORMASI LUAR BETONG, JALAN ENGKERANJI, 95700 BETONG, SARAWAK",,95700,,,,,1.465562,111.5725
5064,91-13050318,BUKA,AWAM,KKM,,SARAWAK,BINTULU,PEJABAT KESIHATAN PERGIGIAN,PEJABAT KESIHATAN PERGIGIAN BAHAGIAN,PEJABAT KESIHATAN PERGIGIAN BAHAGIAN BINTULU,"D/A KLINIK KESIHATAN BINTULU, ARAS 2, JALANG PISANG EMAS, OFF JALAN TUN AHMAD ZAIDI, 97000 BINTULU, SARAWAK",,97000,,,,,3.179287,113.0398
5065,21-13050380D,BUKA,AWAM,KKM,,SARAWAK,BINTULU,KLINIK PERGIGIAN,KLINIK PERGIGIAN DI KLINIK KESIHATAN,KLINIK PERGIGIAN DI KLINIK KESIHATAN JEPAK,"KAMPUNG BARU SEBUAN BESAR, 97000 BINTULU, SARAWAK",,97000,,,,,3.160831,113.0379
5066,21-13050064D,BUKA,AWAM,KKM,,SARAWAK,BINTULU,KLINIK PERGIGIAN,KLINIK PERGIGIAN DI KLINIK KESIHATAN,KLINIK PERGIGIAN DI KLINIK KESIHATAN BINTULU,"ARAS 2, JALAN PISANG EMAS, OFF JALAN TUN AHMAD ZAIDI, 97000 BINTULU, SARAWAK",,97000,,,,,3.179287,113.0398
5067,21-13050594,BUKA,AWAM,KKM,,SARAWAK,BINTULU,KLINIK PERGIGIAN,KLINIK PERGIGIAN SEKOLAH RENDAH,KLINIK PERGIGIAN SEKOLAH D/A SEKOLAH KEBANGSAAN ST. ANTHONY,"JLN SULTAN ISKANDAR, 97000 BINTULU, SARAWAK",,97000,,,,,3.174092,113.0439
5068,21-13050580,BUKA,AWAM,KKM,,SARAWAK,BINTULU,KLINIK PERGIGIAN,KLINIK PERGIGIAN SEKOLAH RENDAH,KLINIK PERGIGIAN SEKOLAH D/A SEKOLAH KEBANGSAAN ORANG KAYA MOHAMMAD,"JALAN ABANG GALAU, 97000 BINTULU, SARAWAK.",,97000,,,,,3.17294,113.0478
5069,21-13050569,BUKA,AWAM,KKM,,SARAWAK,BINTULU,KLINIK PERGIGIAN,KLINIK PERGIGIAN SEKOLAH RENDAH,KLINIK PERGIGIAN SEKOLAH D/A SEKOLAH KEBANGSAAN KIDURONG,"JALAN ABANG ALI , 97000 BINTULU, SARAWAK",,97000,,,,,3.231659,113.0765
5070,21-13050493,BUKA,AWAM,KKM,,SARAWAK,BINTULU,KLINIK PERGIGIAN,KLINIK PERGIGIAN SEKOLAH RENDAH,KLINIK PERGIGIAN SEKOLAH D/A SEKOLAH JENIS KEBANGSAAN (CINA) CHUNG HUA BINTULU,"JALAN TANJUNG BATU, 97000 BINTULU, SARAWAK.",,97000,,,,,3.198203,113.0469
5071,21-13050610,BUKA,AWAM,KKM,,SARAWAK,BINTULU,KLINIK PERGIGIAN,KLINIK PERGIGIAN SEKOLAH MENENGAH,KLINIK PERGIGIAN SEKOLAH D/A SEKOLAH MENENGAH KEBANGSAAN BINTULU,"JALAN SULTAN ISKANDAR, 97007, BINTULU, SARAWAK.",,97007,,,,,3.193055,113.0564
5073,11-13060246D,BUKA,AWAM,KKM,,SARAWAK,DALAT,KLINIK PERGIGIAN,KLINIK PERGIGIAN DI HOSPITAL,KLINIK PERGIGIAN DI HOSPITAL DALAT,"96300 DALAT, SARAWAK",,96300,,,,,2.745181,111.9461
5074,21-13060587,BUKA,AWAM,KKM,,SARAWAK,DALAT,KLINIK PERGIGIAN,KLINIK PERGIGIAN SEKOLAH RENDAH,KLINIK PERGIGIAN SEKOLAH D/A SEKOLAH KEBANGSAAN SG UD,"JLN MASJID DALAT, 96300 DALAT, SARAWAK",,96300,,,,,2.745676,111.9429
5075,21-13060612,BUKA,AWAM,KKM,,SARAWAK,DALAT,KLINIK PERGIGIAN,KLINIK PERGIGIAN SEKOLAH MENENGAH,KLINIK PERGIGIAN SEKOLAH D/A SEKOLAH MENENGAH KEBANGSAAN DALAT,"LOT 150, JLN OYA DALAT, 96300 DALAT, SARAWAK",,96300,,,,,2.747571,111.9479
5076,21-13180581,BUKA,AWAM,KKM,,SARAWAK,DARO,KLINIK PERGIGIAN,KLINIK PERGIGIAN SEKOLAH RENDAH,KLINIK PERGIGIAN SEKOLAH D/A SEKOLAH KEBANGSAAN ORANG KAYA SELAIR,"KPG SEKAAN BESAR, 96250 MATU, SARAWAK",,96200,,,,,2.695497,111.4717
5077,21-13070555,BUKA,AWAM,KKM,,SARAWAK,DARO,KLINIK PERGIGIAN,KLINIK PERGIGIAN SEKOLAH RENDAH,KLINIK PERGIGIAN SEKOLAH D/A SEKOLAH KEBANGSAAN CAMPORAN,"JLN SENTRAL, 96200 DARO, SARAWAK",,96200,,,,,2.51281,111.4292
5078,21-13080592,BUKA,AWAM,KKM,,SARAWAK,JULAU,KLINIK PERGIGIAN,KLINIK PERGIGIAN SEKOLAH RENDAH,KLINIK PERGIGIAN SEKOLAH D/A SEKOLAH KEBANGSAAN ST ALPHONSUS,"KM 1 JALAN JANTING, 96600 JULAU, SARAWAKÂ Â Â Â Â Â Â ",,96600,,,,,2.02277,111.9136
5079,21-13350079D,BUKA,AWAM,KKM,,SARAWAK,KABONG,KLINIK PERGIGIAN,KLINIK PERGIGIAN DI KLINIK KESIHATAN,KLINIK PERGIGIAN DI KLINIK KESIHATAN KABONG,"KABONG, 94650 SARAWAK",,94650,,,,,1.804028,111.119
5080,11-13090023D,BUKA,AWAM,KKM,,SARAWAK,KANOWIT,KLINIK PERGIGIAN,KLINIK PERGIGIAN DI HOSPITAL,KLINIK PERGIGIAN DI HOSPITAL KANOWIT,"96700 KANOWIT, SARAWAK",,96700,,,,,2.102222,112.1517
5081,21-13090603,BUKA,AWAM,KKM,,SARAWAK,KANOWIT,KLINIK PERGIGIAN,KLINIK PERGIGIAN SEKOLAH RENDAH,KLINIK PERGIGIAN SEKOLAH D/A SEKOLAH KEBANGSAAN ST FRANCIS XAVIER,"JALAN MISSION, 96700 KANOWIT, SARAWAK",,96700,,,,,2.079097,112.0715
5082,21-13090530,BUKA,AWAM,KKM,,SARAWAK,KANOWIT,KLINIK PERGIGIAN,KLINIK PERGIGIAN SEKOLAH RENDAH,KLINIK PERGIGIAN SEKOLAH D/A SEKOLAH JENIS KEBANGSAAN (CINA) YEE TING,"JALAN WAYANG, 96700 KANOWIT, SARAWAK",,96700,,,,,2.102205,112.1569
5083,21-13090614,BUKA,AWAM,KKM,,SARAWAK,KANOWIT,KLINIK PERGIGIAN,KLINIK PERGIGIAN SEKOLAH MENENGAH,KLINIK PERGIGIAN SEKOLAH D/A SEKOLAH MENENGAH KEBANGSAAN KANOWIT,"JLN DURIN, 96700 KANOWIT, SARAWAK",,96700,,,,,2.097883,112.1454
5084,91-13100316,BUKA,AWAM,KKM,,SARAWAK,KAPIT,PEJABAT KESIHATAN PERGIGIAN,PEJABAT KESIHATAN PERGIGIAN BAHAGIAN,PEJABAT KESIHATAN PERGIGIAN BAHAGIAN KAPIT,"TINGKAT BAWAH, BANGUNAN WISMA PERSEKUTUAN, 96800 SARAWAK",,96800,,,,,1.995115,112.9331
5085,21-13100081D,BUKA,AWAM,KKM,,SARAWAK,KAPIT,KLINIK PERGIGIAN,KLINIK PERGIGIAN DI KLINIK KESIHATAN,KLINIK PERGIGIAN DI KLINIK KESIHATAN KAPIT,"JALAN BLETEH, 96800 KAPIT, SARAWAK",,96800,,,,,2.011488,112.9263
5086,21-13100577,BUKA,AWAM,KKM,,SARAWAK,KAPIT,KLINIK PERGIGIAN,KLINIK PERGIGIAN SEKOLAH RENDAH,KLINIK PERGIGIAN SEKOLAH D/A SEKOLAH KEBANGSAAN METHODIST,"JALAN HOSPITAL, 96800 KAPIT, SARAWAK",,96800,,,,,1.995115,112.9331
5087,21-13100531,BUKA,AWAM,KKM,,SARAWAK,KAPIT,KLINIK PERGIGIAN,KLINIK PERGIGIAN SEKOLAH RENDAH,KLINIK PERGIGIAN SEKOLAH D/A SEKOLAH JENIS KEBANGSAAN (CINA) HOCK LAM,"JALAN PEMANCHA LAU CHEN ENG, 96800 KAPIT, SARAWAK",,96800,,,,,1.995115,112.9331
5088,21-13100615,BUKA,AWAM,KKM,,SARAWAK,KAPIT,KLINIK PERGIGIAN,KLINIK PERGIGIAN SEKOLAH MENENGAH,KLINIK PERGIGIAN SEKOLAH D/A SEKOLAH MENENGAH KEBANGSAAN KAPIT,"JALAN MAMORA, 96807 KAPIT, SARAWAK",,96807,,,,,1.995115,112.9331
5089,91-13110310,BUKA,AWAM,KKM,,SARAWAK,KUCHING,PEJABAT KESIHATAN PERGIGIAN,PEJABAT KESIHATAN PERGIGIAN BAHAGIAN,PEJABAT KESIHATAN PERGIGIAN BAHAGIAN KUCHING,"LOT 806-807, TINGKAT 8, WISMA SABERKAS, JALAN GREEN, 93150 KUCHING",,93150,,,,,1.546042,110.3297
5090,21-13110389D,BUKA,AWAM,KKM,,SARAWAK,KUCHING,KLINIK PERGIGIAN,KLINIK PERGIGIAN DI KLINIK KESIHATAN,KLINIK PERGIGIAN DI KLINIK KESIHATAN PETRAJAYA,"JALAN SIOL KANAN, PETRA JAYA, 93050 KUCHING, SARAWAK",,93050,,,,,1.591111,110.3399
5091,21-13110388D,BUKA,AWAM,KKM,,SARAWAK,KUCHING,KLINIK PERGIGIAN,KLINIK PERGIGIAN DI KLINIK KESIHATAN,KLINIK PERGIGIAN DI KLINIK KESIHATAN BRAANG BAYUR,"JALAN PUNCAK BORNEO, SIBURAN, KUCHING 94200 SARAWAK",,94200,,,,,1.363164,110.4016
5092,21-13110209D,BUKA,AWAM,KKM,,SARAWAK,KUCHING,KLINIK PERGIGIAN,KLINIK PERGIGIAN DI KLINIK KESIHATAN,KLINIK PERGIGIAN DI KLINIK KESIHATAN TANAH PUTEH,"JALAN PENDING, 93450 KUCHING, SARAWAK",,93450,,,,,1.551126,110.3805
5093,21-13110129D,BUKA,AWAM,KKM,,SARAWAK,KUCHING,KLINIK PERGIGIAN,KLINIK PERGIGIAN DI KLINIK KESIHATAN,KLINIK PERGIGIAN DI KLINIK KESIHATAN JALAN MASJID,"JALAN MASJID, 93400 KUCHING, SARAWAK",,93400,,,,,1.557139,110.3428
5094,21-13110084D,BUKA,AWAM,KKM,,SARAWAK,KUCHING,KLINIK PERGIGIAN,KLINIK PERGIGIAN DI KLINIK KESIHATAN,KLINIK PERGIGIAN DI KLINIK KESIHATAN KOTA SENTOSA,"JALAN STAKAN, 93250 KUCHING, SARAWAK",,93250,,,,,1.464121,110.3338
5095,21-13110050D,BUKA,AWAM,KKM,,SARAWAK,KUCHING,KLINIK PERGIGIAN,KLINIK PERGIGIAN DI KLINIK KESIHATAN,KLINIK PERGIGIAN DI KLINIK KESIHATAN BATU KAWA,"JALAN ENG SING TIMUR, OFF JALAN STAPOK UTAMA, 93250 KUCHING,SARAWAK",,93250,,,,,1.522614,110.3131
5096,21-13110268D,BUKA,AWAM,KKM,,SARAWAK,KUCHING,KLINIK PERGIGIAN,KLINIK PERGIGIAN DI KLINIK KESIHATAN IBU DAN ANAK (KKIA),KLINIK PERGIGIAN DI KLINIK KESIHATAN IBU DAN ANAK JAWA,"JALAN P.RAMLEE, 93000 KUCHING, SARAWAK",,93000,,,,,1.556388,110.3411
5097,11-13110018D,BUKA,AWAM,KKM,,SARAWAK,KUCHING,KLINIK PERGIGIAN,KLINIK PERGIGIAN DI HOSPITAL,KLINIK PERGIGIAN DI HOSPITAL UMUM SARAWAK,"HOSPITAL UMUM SARAWAK, JALAN TUN AHMAD ZAIDI ADRUCE, 93586 KUCHING, SARAWAK",,93586,,,,,1.543782,110.3391
5098,21-13110633,BUKA,AWAM,KKM,,SARAWAK,KUCHING,KLINIK PERGIGIAN,KLINIK PERGIGIAN SEKOLAH RENDAH,KLINIK PERGIGIAN SEKOLAH D/A SEKOLAH JENIS KEBANGSAAN (CINA) CHUNG HUA BATU 10,"KOTA PEDAWAN, JALAN PENRISSEN, 93250 KUCHING, SARAWAK",,93250,,,,,1.424604,110.3259
5099,21-13110605,BUKA,AWAM,KKM,,SARAWAK,KUCHING,KLINIK PERGIGIAN,KLINIK PERGIGIAN SEKOLAH RENDAH,KLINIK PERGIGIAN SEKOLAH D/A SEKOLAH KEBANGSAAN TABUAN,"JALAN SETIA RAJA, 93450 KUCHING, SARAWAK",,93450,,,,,1.540816,110.3909
5100,21-13110604,BUKA,AWAM,KKM,,SARAWAK,KUCHING,KLINIK PERGIGIAN,KLINIK PERGIGIAN SEKOLAH RENDAH,KLINIK PERGIGIAN SEKOLAH D/A SEKOLAH KEBANGSAAN STAPOK,"JALAN BATU KAWA, 93250 KUCHING, SARAWAK",,93250,,,,,1.51275,110.2897
5101,21-13110602,BUKA,AWAM,KKM,,SARAWAK,KUCHING,KLINIK PERGIGIAN,KLINIK PERGIGIAN SEKOLAH RENDAH,KLINIK PERGIGIAN SEKOLAH D/A SEKOLAH KEBANGSAAN ST. THOMAS,"JALAN RESERVOIR, 93000 KUCHING, SARAWAK",,93000,,,,,1.554513,110.3454
5102,21-13110601,BUKA,AWAM,KKM,,SARAWAK,KUCHING,KLINIK PERGIGIAN,KLINIK PERGIGIAN SEKOLAH RENDAH,KLINIK PERGIGIAN SEKOLAH D/A SEKOLAH KEBANGSAAN ST TERESA,"JALAN TUN ABG. HJ. OPENG, 93300 KUCHING, SARAWAK",,93300,,,,,1.546232,110.3412
5103,21-13110589,BUKA,AWAM,KKM,,SARAWAK,KUCHING,KLINIK PERGIGIAN,KLINIK PERGIGIAN SEKOLAH RENDAH,KLINIK PERGIGIAN SEKOLAH D/A SEKOLAH KEBANGSAAN SONG KHENG HAI,"JALAN SONG THIAN CHEOK, 93100 KUCHING, SARAWAK",,93100,,,,,1.555347,110.354
5104,21-13110579,BUKA,AWAM,KKM,,SARAWAK,KUCHING,KLINIK PERGIGIAN,KLINIK PERGIGIAN SEKOLAH RENDAH,KLINIK PERGIGIAN SEKOLAH D/A SEKOLAH KEBANGSAAN JLN ONG TIANG SWEE,"JALAN ONG TIANG SWEE, 93200 KUCHING , SARAWAK",,93200,,,,,1.52685,110.3445
5105,21-13110576,BUKA,AWAM,KKM,,SARAWAK,KUCHING,KLINIK PERGIGIAN,KLINIK PERGIGIAN SEKOLAH RENDAH,KLINIK PERGIGIAN SEKOLAH D/A SEKOLAH KEBANGSAAN MERPATI JEPANG,"JALAN PATINGGI ALI, 93400 KUCHING, SARAWAK",,93400,,,,,1.56315,110.3317
5106,21-13110574,BUKA,AWAM,KKM,,SARAWAK,KUCHING,KLINIK PERGIGIAN,KLINIK PERGIGIAN SEKOLAH RENDAH,KLINIK PERGIGIAN SEKOLAH D/A SEKOLAH KEBANGSAAN MAJ GEN DATU IBRAHIM,"KEM SEMENGGO, 93677 KUCHING, SARAWAK",,93677,,,,,1.474267,110.3365
5107,21-13110572,BUKA,AWAM,KKM,,SARAWAK,KUCHING,KLINIK PERGIGIAN,KLINIK PERGIGIAN SEKOLAH RENDAH,KLINIK PERGIGIAN SEKOLAH D/A SEKOLAH KEBANGSAAN LUMBA KUDA,"JALAN TAN SRI DATO WILLIAM TAN, 93450 KUCHING, SARAWAK",,93450,,,,,1.548753,110.3612
5108,21-13110568,BUKA,AWAM,KKM,,SARAWAK,KUCHING,KLINIK PERGIGIAN,KLINIK PERGIGIAN SEKOLAH RENDAH,KLINIK PERGIGIAN SEKOLAH D/A SEKOLAH KEBANGSAAN KENYALANG,"JALAN DATO BANDAR, 93300 KUCHING, SARAWAK",,93300,,,,,1.537284,110.3668
5109,21-13110567,BUKA,AWAM,KKM,,SARAWAK,KUCHING,KLINIK PERGIGIAN,KLINIK PERGIGIAN SEKOLAH RENDAH,KLINIK PERGIGIAN SEKOLAH D/A SEKOLAH KEBANGSAAN PULO,"KPG. SEMARANG PETRA JAYA, 93050 KUCHING, SARAWAK",,93050,,,,,1.560327,110.3647
5110,21-13110566,BUKA,AWAM,KKM,,SARAWAK,KUCHING,KLINIK PERGIGIAN,KLINIK PERGIGIAN SEKOLAH RENDAH,KLINIK PERGIGIAN SEKOLAH D/A SEKOLAH KEBANGSAAN GITA,"JALAN SEMARAK, PETRA JAYA, 93050 KUCHING, SARAWAK",,93050,,,,,1.564054,110.3186
5111,21-13110565,BUKA,AWAM,KKM,,SARAWAK,KUCHING,KLINIK PERGIGIAN,KLINIK PERGIGIAN SEKOLAH RENDAH,KLINIK PERGIGIAN SEKOLAH D/A SEKOLAH KEBANGSAAN GERSIK,"JALAN ASTANA, PETRA JAYA, 93050 KUCHING, SARAWAK",,93050,,,,,1.563783,110.3564
5112,21-13110563,BUKA,AWAM,KKM,,SARAWAK,KUCHING,KLINIK PERGIGIAN,KLINIK PERGIGIAN SEKOLAH RENDAH,KLINIK PERGIGIAN SEKOLAH D/A SEKOLAH KEBANGSAAN JALAN HAJI BAKI,"JALAN HAJI BAKI, 93250 KUCHING, SARAWAK",,93250,,,,,1.472404,110.3178
5113,21-13110562,BUKA,AWAM,KKM,,SARAWAK,KUCHING,KLINIK PERGIGIAN,KLINIK PERGIGIAN SEKOLAH RENDAH,KLINIK PERGIGIAN SEKOLAH D/A SEKOLAH KEBANGSAAN GREEN ROAD,"LEBUH CLOUD ESTATE, JALAN GREEN, 93150 KUCHING, SARAWAK",,93150,,,,,1.541695,110.3348
5114,21-13110560,BUKA,AWAM,KKM,,SARAWAK,KUCHING,KLINIK PERGIGIAN,KLINIK PERGIGIAN SEKOLAH RENDAH,KLINIK PERGIGIAN SEKOLAH D/A SEKOLAH KEBANGSAAN ENCIK BUYONG,"JLN ASTANA, PETRA JAYA, 93050 KUCHING, SARAWAK",,93050,,,,,1.570716,110.3413
5115,21-13110557,BUKA,AWAM,KKM,,SARAWAK,KUCHING,KLINIK PERGIGIAN,KLINIK PERGIGIAN SEKOLAH RENDAH,KLINIK PERGIGIAN SEKOLAH D/A SEKOLAH KEBANGSAAN COMBINED,"JALAN EASTERN PARK, 93150 KUCHING, SARAWAK",,93150,,,,,1.547902,110.3237
5116,21-13110551,BUKA,AWAM,KKM,,SARAWAK,KUCHING,KLINIK PERGIGIAN,KLINIK PERGIGIAN SEKOLAH RENDAH,KLINIK PERGIGIAN SEKOLAH D/A SEKOLAH KEBANGSAAN BATU LINTANG,"JALAN KOLEJ, 93200 KUCHING, SARAWAK",,93200,,,,,1.532833,110.3466
5117,21-13110545,BUKA,AWAM,KKM,,SARAWAK,KUCHING,KLINIK PERGIGIAN,KLINIK PERGIGIAN SEKOLAH RENDAH,KLINIK PERGIGIAN SEKOLAH D/A SEKOLAH KEBANGSAAN ASTANA,"JALAN BAKO, PETRA JAYA, 93050 KUCHING, SARAWAK",,93050,,,,,1.580443,110.3598
5118,21-13110534,BUKA,AWAM,KKM,,SARAWAK,KUCHING,KLINIK PERGIGIAN,KLINIK PERGIGIAN SEKOLAH RENDAH,KLINIK PERGIGIAN SEKOLAH D/A SEKOLAH JENIS KEBANGSAAN (CINA) CHUNG HUA NO.5,"JALAN CHAWAN, 93300 KUCHING, SARAWAK",,93300,,,,,1.542919,110.3618
5119,21-13110533,BUKA,AWAM,KKM,,SARAWAK,KUCHING,KLINIK PERGIGIAN,KLINIK PERGIGIAN SEKOLAH RENDAH,KLINIK PERGIGIAN SEKOLAH D/A SEKOLAH JENIS KEBANGSAAN (CINA) CHUNG HUA 2,"JALAN PADUNGAN, 93100 KUCHING, SARAWAK",,93100,,,,,1.556648,110.3532
5120,21-13110532,BUKA,AWAM,KKM,,SARAWAK,KUCHING,KLINIK PERGIGIAN,KLINIK PERGIGIAN SEKOLAH RENDAH,KLINIK PERGIGIAN SEKOLAH D/A SEKOLAH JENIS KEBANGSAAN(CINA) CHUNG HUA BATU 4 1/2,"JALAN DATO AMAR KALONG NINGKAN, 93250 KUCHING, SARAWAK",,93250,,,,,1.501959,110.3324
5121,21-13110527,BUKA,AWAM,KKM,,SARAWAK,KUCHING,KLINIK PERGIGIAN,KLINIK PERGIGIAN SEKOLAH RENDAH,KLINIK PERGIGIAN SEKOLAH D/A SEKOLAH JENIS KEBANGSAAN (CINA) TAPAH,"BT. 23 1/2, JALAN KUCHING-SERIAN, 94200 KUCHING, SARAWAK",,94200,,,,,1.408834,110.3376
5122,21-13110522,BUKA,AWAM,KKM,,SARAWAK,KUCHING,KLINIK PERGIGIAN,KLINIK PERGIGIAN SEKOLAH RENDAH,KLINIK PERGIGIAN SEKOLAH D/A SEKOLAH JENIS KEBANGSAAN (CINA) ST PAUL,"JALAN GREEN, 93150 KUCHING, SARAWAK",,93150,,,,,1.536916,110.3392
5123,21-13110521,BUKA,AWAM,KKM,,SARAWAK,KUCHING,KLINIK PERGIGIAN,KLINIK PERGIGIAN SEKOLAH RENDAH,KLINIK PERGIGIAN SEKOLAH D/A SEKOLAH JENIS KEBANGSAAN (CINA) SG APONG,"JALAN SG. APONG, 93450 KUCHING, SARAWAK",,93450,,,,,1.54222,110.3832
5124,21-13110520,BUKA,AWAM,KKM,,SARAWAK,KUCHING,KLINIK PERGIGIAN,KLINIK PERGIGIAN SEKOLAH RENDAH,KLINIK PERGIGIAN SEKOLAH D/A SEKOLAH JENIS KEBANGSAAN (CINA) SAM HAP HIN,"BATU 7 KOTA SENTOSA, JALAN PENRISSEN, 93250 KUCHING, SARAWAK",,93250,,,,,1.471939,110.33
5125,21-13110504,BUKA,AWAM,KKM,,SARAWAK,KUCHING,KLINIK PERGIGIAN,KLINIK PERGIGIAN SEKOLAH RENDAH,KLINIK PERGIGIAN SEKOLAH D/A SEKOLAH JENIS KEBANGSAAN (CINA) CHUNG HUA SIBURAN,"BT. 29, JALAN KUCHING-SERIAN, 94200 KUCHING, SARAWAK",,94200,,,,,1.38902,110.3627
5126,21-13110500,BUKA,AWAM,KKM,,SARAWAK,KUCHING,KLINIK PERGIGIAN,KLINIK PERGIGIAN SEKOLAH RENDAH,KLINIK PERGIGIAN SEKOLAH D/A SEKOLAH JENIS KEBANGSAAN (CINA) CHUNG HUA NO.4 KUCHING,"JALAN NANAS, 93400 KUCHING, SARAWAK",,93400,,,,,1.548823,110.3369
5127,21-13110499,BUKA,AWAM,KKM,,SARAWAK,KUCHING,KLINIK PERGIGIAN,KLINIK PERGIGIAN SEKOLAH RENDAH,KLINIK PERGIGIAN SEKOLAH D/A SEKOLAH JENIS KEBANGSAAN (CINA) CHUNG HUA 3,"JALAN PADUNGAN, 93100 KUCHING, SARAWAK",,93100,,,,,1.551877,110.3623
5128,21-13110498,BUKA,AWAM,KKM,,SARAWAK,KUCHING,KLINIK PERGIGIAN,KLINIK PERGIGIAN SEKOLAH RENDAH,KLINIK PERGIGIAN SEKOLAH D/A SEKOLAH JENIS KEBANGSAAN (CINA) CHUNG HUA 1,"JALAN TABUAN, 93100 KUCHING, SARAWAK",,93100,,,,,1.551677,110.348
5129,21-13110490,BUKA,AWAM,KKM,,SARAWAK,KUCHING,KLINIK PERGIGIAN,KLINIK PERGIGIAN SEKOLAH RENDAH,KLINIK PERGIGIAN SEKOLAH D/A SEKOLAH JENIS KEBANGSAAN (CINA) BINTAWA,"KPG. NELAYAN BINTAWA, 93450 KUCHING, SARAWAK",,93450,,,,,1.568793,110.3934
5130,21-13110488,BUKA,AWAM,KKM,,SARAWAK,KUCHING,KLINIK PERGIGIAN,KLINIK PERGIGIAN SEKOLAH RENDAH,KLINIK PERGIGIAN SEKOLAH D/A SEKOLAH JENIS KEBANGSAAN (CINA) CHUNG HUA PENDING,"JALAN KWONG LEE BANK, 93450 KUCHING, SARAWAK",,93450,,,,,1.551999,110.3807
5131,21-13110485,BUKA,AWAM,KKM,,SARAWAK,KUCHING,KLINIK PERGIGIAN,KLINIK PERGIGIAN SEKOLAH RENDAH,KLINIK PERGIGIAN SEKOLAH D/A SEKOLAH KEBANGSAAN ST MARY,"LEBUH WAYANG, 93000 KUCHING, SARAWAK",,93000,,,,,1.556006,110.3473
5132,21-13110631,BUKA,AWAM,KKM,,SARAWAK,KUCHING,KLINIK PERGIGIAN,KLINIK PERGIGIAN SEKOLAH MENENGAH,KLINIK PERGIGIAN SEKOLAH D/A SEKOLAH MENENGAH KEBANGSAAN ST TERESA,"JALAN TUN ABG. HAJI OPENG, 93000 KUCHING, SARAWAK",,93000,,,,,1.551907,110.3427
5133,21-13110630,BUKA,AWAM,KKM,,SARAWAK,KUCHING,KLINIK PERGIGIAN,KLINIK PERGIGIAN SEKOLAH MENENGAH,KLINIK PERGIGIAN SEKOLAH D/A SEKOLAH MENENGAH KEBANGSAAN ST. MARY,"JALAN MCDOUGAL, 93000 KUCHING, SARAWAK
",,93000,,,,,1.556006,110.3473
5134,21-13110629,BUKA,AWAM,KKM,,SARAWAK,KUCHING,KLINIK PERGIGIAN,KLINIK PERGIGIAN SEKOLAH MENENGAH,KLINIK PERGIGIAN SEKOLAH D/A SEKOLAH MENENGAH KEBANGSAAN ST JOSEPH,"P.O BOX 1055, TUN ABG. HAJI OPENG, 93000 KUCHING, SARAWAK",,93000,,,,,1.551038,110.3407
5135,21-13110627,BUKA,AWAM,KKM,,SARAWAK,KUCHING,KLINIK PERGIGIAN,KLINIK PERGIGIAN SEKOLAH MENENGAH,KLINIK PERGIGIAN SEKOLAH D/A SEKOLAH MENENGAH KEBANGSAAN SRI MATANG,"BT. 13, JALAN MATANG, 93050 KUCHING, SARAWAK",,93050,,,,,1.58126,110.2345
5136,21-13110398D,BUKA,AWAM,KKM,,SARAWAK,KUCHING,KLINIK PERGIGIAN,KLINIK PERGIGIAN DI UTC,KLINIK PERGIGIAN DI KLINIK KESIHATAN UTC KUCHING,"ARAS 2, UTC SARAWAK, JALAN BUKIT MATA, 93100 KUCHING, SARAWAK.",,93100,,,,,1.556402,110.3527
5139,21-13120096D,BUKA,AWAM,KKM,,SARAWAK,LAWAS,KLINIK PERGIGIAN,KLINIK PERGIGIAN DI KLINIK KESIHATAN,KLINIK PERGIGIAN DI KLINIK KESIHATAN LAWAS,"JALAN HOSPITAL, 98850 LAWAS, SARAWAK",,98850,,,,,4.858306,115.4055
5140,21-13120583,BUKA,AWAM,KKM,,SARAWAK,LAWAS,KLINIK PERGIGIAN,KLINIK PERGIGIAN SEKOLAH RENDAH,KLINIK PERGIGIAN SEKOLAH D/A SEKOLAH KEBANGSAAN PUSAT LAWAS,"JALAN TRUSAN, 98850 LAWAS, SARAWAK",,98850,,,,,4.85752,115.3999
5141,21-13120571,BUKA,AWAM,KKM,,SARAWAK,LAWAS,KLINIK PERGIGIAN,KLINIK PERGIGIAN SEKOLAH RENDAH,KLINIK PERGIGIAN SEKOLAH D/A SEKOLAH KEBANGSAAN LONG TUMA,"JALAN LAWAS DAMIT, KPG. LONG TUMA, 98850 LAWAS, SARAWAK",,98850,,,,,4.803983,115.409
5142,21-13120508,BUKA,AWAM,KKM,,SARAWAK,LAWAS,KLINIK PERGIGIAN,KLINIK PERGIGIAN SEKOLAH RENDAH,KLINIK PERGIGIAN SEKOLAH D/A SEKOLAH JENIS KEBANGSAAN (CINA) CHUNG HWA LAWAS,"PETI SURAT 9, JALAN MASJID BARU, 98859 LAWAS, SARAWAK",,98859,,,,,4.860882,115.4047
5143,21-13120616,BUKA,AWAM,KKM,,SARAWAK,LAWAS,KLINIK PERGIGIAN,KLINIK PERGIGIAN SEKOLAH MENENGAH,KLINIK PERGIGIAN SEKOLAH D/A SEKOLAH MENENGAH KEBANGSAAN LAWAS,"1.5 KM JALAN TRUSAN, 98850 LAWAS, SARAWAK",,98850,,,,,4.858848,115.4031
5144,91-13130314,BUKA,AWAM,KKM,,SARAWAK,LIMBANG,PEJABAT KESIHATAN PERGIGIAN,PEJABAT KESIHATAN PERGIGIAN BAHAGIAN,PEJABAT KESIHATAN PERGIGIAN BAHAGIAN LIMBANG,"JALAN KUBU, 98700 LIMBANG, SARAWAK",,98700,,,,,4.346647,115.1836
5145,11-13130026D,BUKA,AWAM,KKM,,SARAWAK,LIMBANG,KLINIK PERGIGIAN,KLINIK PERGIGIAN DI HOSPITAL,KLINIK PERGIGIAN DI HOSPITAL LIMBANG,"JALAN PANDARUAN, 98700 LIMBANG, SARAWAK",,98700,,,,,4.764655,115.0186
5146,21-13130597,BUKA,AWAM,KKM,,SARAWAK,LIMBANG,KLINIK PERGIGIAN,KLINIK PERGIGIAN SEKOLAH RENDAH,KLINIK PERGIGIAN SEKOLAH D/A SEKOLAH KEBANGSAAN ST EDMUND,"2KM JLN KUBONG, PETI SURAT 189, 98700 LIMBANG, SARAWAK",,98700,,,,,4.736377,115.0007
5147,21-13130575,BUKA,AWAM,KKM,,SARAWAK,LIMBANG,KLINIK PERGIGIAN,KLINIK PERGIGIAN SEKOLAH RENDAH,KLINIK PERGIGIAN SEKOLAH D/A SEKOLAH KEBANGSAAN MELAYU PUSAT,"JALAN BUANGSIOL, 98700 LIMBANG, SARAWAK",,98700,,,,,4.756286,115.0084
5148,21-13130509,BUKA,AWAM,KKM,,SARAWAK,LIMBANG,KLINIK PERGIGIAN,KLINIK PERGIGIAN SEKOLAH RENDAH,KLINIK PERGIGIAN SEKOLAH D/A SEKOLAH JENIS KEBANGSAAN (CINA) CHUNG HWA LIMBANG,"LOT 689, JLN PANDARUAN, PETI SURAT 36, 98700 LIMBANG, SARAWAK",,98700,,,,,4.728719,115.0143
5149,21-13130617,BUKA,AWAM,KKM,,SARAWAK,LIMBANG,KLINIK PERGIGIAN,KLINIK PERGIGIAN SEKOLAH MENENGAH,"KLINIK PERGIGIAN SEKOLAH D/A SEKOLAH MENENGAH KEBANGSAAN LIMBANG,","P.O.BOX 304, JALAN PANDARUAN 4.03KM, 98700 LIMBANG, SARAWAK",,98700,,,,,4.751732,115.0191
5151,21-13140549,BUKA,AWAM,KKM,,SARAWAK,LUBOK ANTU,KLINIK PERGIGIAN,KLINIK PERGIGIAN SEKOLAH RENDAH,KLINIK PERGIGIAN SEKOLAH D/A SEKOLAH KEBANGSAAN BATANG AI,"JLN HYDRO, 95900 LUBOK ANTU, SARAWAK.",,95900,,,,,1.043355,111.8536
5152,21-13140494,BUKA,AWAM,KKM,,SARAWAK,LUBOK ANTU,KLINIK PERGIGIAN,KLINIK PERGIGIAN SEKOLAH RENDAH,KLINIK PERGIGIAN SEKOLAH D/A SEKOLAH JENIS KEBANGSAAN (CINA) CHUNG HUA ENGKILILI,"JLN BATU ANGUS,  ENGKILILI, 95800 LUBOK ANTU, SARAWAK.",,95800,,,,,1.142186,111.6654
5153,21-13150329,BUKA,AWAM,KKM,,SARAWAK,LUNDU,KLINIK PERGIGIAN,KLINIK PERGIGIAN (STANDALONE),KLINIK PERGIGIAN LUNDU,"JALAN SEKAMBAL, 94500 LUNDU, SARAWAK",,94500,,,,,1.675397,109.8523
5154,21-13150554,BUKA,AWAM,KKM,,SARAWAK,LUNDU,KLINIK PERGIGIAN,KLINIK PERGIGIAN SEKOLAH RENDAH,KLINIK PERGIGIAN SEKOLAH D/A SEKOLAH KEBANGSAAN BUMIPUTERA,"D/A PEJABAT DAERAH KECIL, JLN SEKAMBAL, 94500 LUNDU, SARAWAK",,94500,,,,,1.674469,109.8529
5155,21-13150496,BUKA,AWAM,KKM,,SARAWAK,LUNDU,KLINIK PERGIGIAN,KLINIK PERGIGIAN SEKOLAH RENDAH,KLINIK PERGIGIAN SEKOLAH D/A SEKOLAH JENIS KEBANGSAAN (CINA) CHUNG HUA LUNDU,"JALAN MELINTANG, 94500 LUNDU, SARAWAK",,94500,,,,,1.673092,109.8523
5156,21-13150619,BUKA,AWAM,KKM,,SARAWAK,LUNDU,KLINIK PERGIGIAN,KLINIK PERGIGIAN SEKOLAH MENENGAH,KLINIK PERGIGIAN SEKOLAH D/A SEKOLAH MENENGAH KEBANGSAAN LUNDU,"BT. 2 JALAN LUNDU/PANDAN, 94500 LUNDU, SARAWAK",,94500,,,,,1.689155,109.8508
5157,21-13160063D,BUKA,AWAM,KKM,,SARAWAK,MARADONG,KLINIK PERGIGIAN,KLINIK PERGIGIAN DI KLINIK KESIHATAN,KLINIK PERGIGIAN DI KLINIK KESIHATAN BINTANGOR,"PEKAN BINTANGOR, 96500 BINTANGOR, SARAWAKÂ Â Â Â Â Â Â ",,96500,,,,,2.16362,111.6374
5158,21-13240514,BUKA,AWAM,KKM,,SARAWAK,MARADONG,KLINIK PERGIGIAN,KLINIK PERGIGIAN SEKOLAH RENDAH,KLINIK PERGIGIAN SEKOLAH D/A SEKOLAH JENIS KEBANGSAAN (CINA) KAI CHUNG,"P/O BOX 100, JALAN KELUPU, 96507 BINTANGOR, SARAWAKÂ Â Â Â Â Â Â ",,96507,,,,,2.167289,111.6384
5159,21-13160542,BUKA,AWAM,KKM,,SARAWAK,MARADONG,KLINIK PERGIGIAN,KLINIK PERGIGIAN SEKOLAH RENDAH,KLINIK PERGIGIAN SEKOLAH D/A SEKOLAH KEBANGSAAN ABANG AMIN,"JALAN SEKOLAH, 96500 BINTANGOR, SARAWAKÂ Â Â Â Â Â Â ",,96500,,,,,2.162742,111.631
5160,21-13160622,BUKA,AWAM,KKM,,SARAWAK,MARADONG,KLINIK PERGIGIAN,KLINIK PERGIGIAN SEKOLAH MENENGAH,KLINIK PERGIGIAN SEKOLAH D/A SEKOLAH MENENGAH KEBANGSAAN MERADONG,"JALAN KANOWIT-JULAU-DURIN, 96509 BINTANGOR, SARAWAKÂ Â Â Â Â Â Â ",,96509,,,,,2.169966,111.6366
5161,21-13160609,BUKA,AWAM,KKM,,SARAWAK,MARADONG,KLINIK PERGIGIAN,KLINIK PERGIGIAN SEKOLAH MENENGAH,KLINIK PERGIGIAN SEKOLAH D/A SEKOLAH MENENGAH KEBANGSAAN BANDAR BINTANGOR,"KM 4, JALAN KELUPU, 96500 BINTANGOR, SARAWAKÂ Â Â Â Â Â Â ",,96500,,,,,2.152388,111.6578
5162,11-13170028D,BUKA,AWAM,KKM,,SARAWAK,MARUDI,KLINIK PERGIGIAN,KLINIK PERGIGIAN DI HOSPITAL,KLINIK PERGIGIAN DI HOSPITAL MARUDI,"JALAN BUNGOR, 98050 MARUDI, SARAWAK",,98050,,,,,4.178381,114.3256
5163,21-13170561,BUKA,AWAM,KKM,,SARAWAK,MARUDI,KLINIK PERGIGIAN,KLINIK PERGIGIAN SEKOLAH RENDAH,KLINIK PERGIGIAN SEKOLAH D/A SEKOLAH KEBANGSAAN GOOD SHEPHERD,"JALAN MISSION, 98050 BARAM, SARAWAK",,98050,,,,,4.11943,114.3817
5164,21-13170559,BUKA,AWAM,KKM,,SARAWAK,MARUDI,KLINIK PERGIGIAN,KLINIK PERGIGIAN SEKOLAH RENDAH,KLINIK PERGIGIAN SEKOLAH D/A SEKOLAH KEBANGSAAN DATO SHARIF HAMID,"D/A PEJABAT PELAJARAN DAERAH KECIL, 98050 BARAM, SARAWAK",,98050,,,,,4.17764,114.3151
5165,21-13170525,BUKA,AWAM,KKM,,SARAWAK,MARUDI,KLINIK PERGIGIAN,KLINIK PERGIGIAN SEKOLAH RENDAH,KLINIK PERGIGIAN SEKOLAH D/A SEKOLAH JENIS KEBANGSAAN SUNGAI JAONG MARUDI,"D/A PEJABAT PELAJARAN DAERAH KECIL, 98050 BARAM, SARAWAK",,98050,,,,,4.11943,114.3817
5166,21-13170497,BUKA,AWAM,KKM,,SARAWAK,MARUDI,KLINIK PERGIGIAN,KLINIK PERGIGIAN SEKOLAH RENDAH,KLINIK PERGIGIAN SEKOLAH D/A SEKOLAH JENIS KEBANGSAAN (CINA) CHUNG HUA,"MARUDI, PENGARAH ENTRI, 98050 BARAM, SARAWAK",,98050,,,,,4.178224,114.3222
5167,21-13170621,BUKA,AWAM,KKM,,SARAWAK,MARUDI,KLINIK PERGIGIAN,KLINIK PERGIGIAN SEKOLAH MENENGAH,KLINIK PERGIGIAN SEKOLAH D/A SEKOLAH MENENGAH KEBANGSAAN MARUDI,"98050 MARUDI, BARAM, SARAWAK",,98050,,,,,4.183662,114.3336
5168,91-13190313,BUKA,AWAM,KKM,,SARAWAK,MIRI,PEJABAT KESIHATAN PERGIGIAN,PEJABAT KESIHATAN PERGIGIAN BAHAGIAN,PEJABAT KESIHATAN PERGIGIAN BAHAGIAN MIRI,"TINGKAT 3, BLOK A, WISMA PERSEKUTUAN,
JALAN CAHAYA LOPENG,
98000 MIRI, SARAWAK",,98000,,,,,4.372212,114.0021
5169,21-13240672D,BUKA,AWAM,KKM,,SARAWAK,MIRI,KLINIK PERGIGIAN,KLINIK PERGIGIAN DI KLINIK KESIHATAN,KLINIK PERGIGIAN DI KLINIK KESIHATAN BANDARAYA MIRI,"KLINIK PERGIGIAN BANDARAYA MIRI, D/A KLINIK KESIHATAN BANDARAYA MIRI, JALAN PADANG KERBAU, 98000 MIRI, SARAWAK.",,98000,,,,,4.37823,114.0009
5170,21-13190225D,BUKA,AWAM,KKM,,SARAWAK,MIRI,KLINIK PERGIGIAN,KLINIK PERGIGIAN DI KLINIK KESIHATAN,KLINIK PERGIGIAN DI KLINIK KESIHATAN TUDAN,"KLINIK JALAN TUDAN PERMYJAYA, 98100 MIRI, SARAWAK",,98100,,,,,4.478728,114.0267
5171,21-13190128D,BUKA,AWAM,KKM,,SARAWAK,MIRI,KLINIK PERGIGIAN,KLINIK PERGIGIAN DI KLINIK KESIHATAN,KLINIK PERGIGIAN DI KLINIK KESIHATAN JALAN MERBAU,"D/A KLINIK KESIHATAN JALAN MERBAU, 98000 MIRI, SARAWAK",,98000,,,,,4.396004,113.9919
5172,11-13190029D,BUKA,AWAM,KKM,,SARAWAK,MIRI,KLINIK PERGIGIAN,KLINIK PERGIGIAN DI HOSPITAL,KLINIK PERGIGIAN DI HOSPITAL MIRI,"JALAN CAHAYA, 98000 MIRI, SARAWAK",,98000,,,,,4.373907,113.9984
5173,21-13190607,BUKA,AWAM,KKM,,SARAWAK,MIRI,KLINIK PERGIGIAN,KLINIK PERGIGIAN SEKOLAH RENDAH,KLINIK PERGIGIAN SEKOLAH D/A SEKOLAH KEBANGSAAN TEMENGGONG DATUK MUIP,"JALAN TAMAN TUNGKU, 98000 MIRI, SARAWAK",,98000,,,,,4.319677,113.998
5174,21-13190596,BUKA,AWAM,KKM,,SARAWAK,MIRI,KLINIK PERGIGIAN,KLINIK PERGIGIAN SEKOLAH RENDAH,KLINIK PERGIGIAN SEKOLAH D/A SEKOLAH KEBANGSAAN ST COLUMBA,"JALAN DATO ABANG INDEH, 98000 MIRI, SARAWAK",,98000,,,,,4.384758,113.9843
5175,21-13190590,BUKA,AWAM,KKM,,SARAWAK,MIRI,KLINIK PERGIGIAN,KLINIK PERGIGIAN SEKOLAH RENDAH,KLINIK PERGIGIAN SEKOLAH D/A SEKOLAH KEBANGSAAN SOUTH,"JALAN TEMENGGONG OYONG LAWAI JAU, 98000 MIRI, SARAWAK",,98000,,,,,4.373279,113.9723
5176,21-13190585,BUKA,AWAM,KKM,,SARAWAK,MIRI,KLINIK PERGIGIAN,KLINIK PERGIGIAN SEKOLAH RENDAH,KLINIK PERGIGIAN SEKOLAH D/A SEKOLAH KEBANGSAAN SAYED OTHMAN,"JALAN SETIA RAJA, 98000 MIRI, SARAWAK",,98000,,,,,4.402322,113.9907
5177,21-13190584,BUKA,AWAM,KKM,,SARAWAK,MIRI,KLINIK PERGIGIAN,KLINIK PERGIGIAN SEKOLAH RENDAH,KLINIK PERGIGIAN SEKOLAH D/A SEKOLAH KEBANGSAAN RIAM BATU DUA,"RIAM BATU DUA, 98000 MIRI, SARAWAK",,98000,,,,,4.348224,113.9912
5178,21-13190582,BUKA,AWAM,KKM,,SARAWAK,MIRI,KLINIK PERGIGIAN,KLINIK PERGIGIAN SEKOLAH RENDAH,KLINIK PERGIGIAN SEKOLAH D/A SEKOLAH KEBANGSAAN PUJUT CORNER,"JALAN PUJUT SATU, 98000 MIRI, SARAWAK",,98000,,,,,4.421771,114.0202
5179,21-13190573,BUKA,AWAM,KKM,,SARAWAK,MIRI,KLINIK PERGIGIAN,KLINIK PERGIGIAN SEKOLAH RENDAH,KLINIK PERGIGIAN SEKOLAH D/A SEKOLAH JENIS KEBANGSAAN (CINA) CHUNG HUA LUTONG,"JALAN SEKOLAH, 98000 MIRI, SARAWAK",,98000,,,,,4.467594,114.0048
5180,21-13190564,BUKA,AWAM,KKM,,SARAWAK,MIRI,KLINIK PERGIGIAN,KLINIK PERGIGIAN SEKOLAH RENDAH,KLINIK PERGIGIAN SEKOLAH D/A SEKOLAH KEBANGSAAN JALAN BINTANG,"JALAN BINTANG, 98000 MIRI, SARAWAK",,98000,,,,,4.400961,113.9956
5181,21-13190544,BUKA,AWAM,KKM,,SARAWAK,MIRI,KLINIK PERGIGIAN,KLINIK PERGIGIAN SEKOLAH RENDAH,KLINIK PERGIGIAN SEKOLAH D/A SEKOLAH KEBANGSAAN ANCHI,"JALAN PIASAU JAYA, 98000 MIRI, SARAWAK",,98000,,,,,4.427945,114.0074
5182,21-13190518,BUKA,AWAM,KKM,,SARAWAK,MIRI,KLINIK PERGIGIAN,KLINIK PERGIGIAN SEKOLAH RENDAH,KLINIK PERGIGIAN SEKOLAH D/A SEKOLAH JENIS KEBANGSAAN (CINA) NORTH,"JALAN MERBAU, 98000 MIRI, SARAWAK",,98000,,,,,4.398354,113.988
5183,21-13190515,BUKA,AWAM,KKM,,SARAWAK,MIRI,KLINIK PERGIGIAN,KLINIK PERGIGIAN SEKOLAH RENDAH,KLINIK PERGIGIAN SEKOLAH D/A SEKOLAH KEBANGSAAN LUTONG,"JALAN DATO, LUTONG, 98100 MIRI, SARAWAK",,98000,,,,,4.469009,114.0044
5184,21-13190510,BUKA,AWAM,KKM,,SARAWAK,MIRI,KLINIK PERGIGIAN,KLINIK PERGIGIAN SEKOLAH RENDAH,KLINIK PERGIGIAN SEKOLAH D/A SEKOLAH JENIS KEBANGSAAN (CINA) CHUNG SAN MIRI,"LOT 663, JALAN RIAM (MIRI BY PASS), 98000 MIRI, SARAWAK.",,98000,,,,,4.342624,114.0031
5185,21-13190502,BUKA,AWAM,KKM,,SARAWAK,MIRI,KLINIK PERGIGIAN,KLINIK PERGIGIAN SEKOLAH RENDAH,KLINIK PERGIGIAN SEKOLAH D/A SEKOLAH JENIS KEBANGSAAN (CINA) CHUNG HUA PUJUT,"JALAN PIASAU, LORONG 8, 98000 MIRI, SARAWAK",,98000,,,,,4.358465,114.0012
5186,21-13190501,BUKA,AWAM,KKM,,SARAWAK,MIRI,KLINIK PERGIGIAN,KLINIK PERGIGIAN SEKOLAH RENDAH,KLINIK PERGIGIAN SEKOLAH D/A SEKOLAH JENIS KEBANGSAAN (CINA) CHUNG HUA MIRI,"JALAN CHIA TZE CHIN, 98000 MIRI, SARAWAK",,98000,,,,,4.393136,113.9893
5187,21-13190495,BUKA,AWAM,KKM,,SARAWAK,MIRI,KLINIK PERGIGIAN,KLINIK PERGIGIAN SEKOLAH RENDAH,KLINIK PERGIGIAN SEKOLAH D/A SEKOLAH JENIS KEBANGSAAN (CINA) CHUNG HUA KROKOP,"JALAN JEE FOH UTAMA, 98000 MIRI, SARAWAK",,98000,,,,,4.422484,113.9978
5188,21-13190483,BUKA,AWAM,KKM,,SARAWAK,MIRI,KLINIK PERGIGIAN,KLINIK PERGIGIAN SEKOLAH RENDAH,KLINIK PERGIGIAN SEKOLAH D/A SEKOLAH KEBANGSAAN ST JOSEPH,"JALAN ANGSANA MIRI, 98000 MIRI, SARAWAK",,98000,,,,,4.391795,113.9895
5189,21-13190620,BUKA,AWAM,KKM,,SARAWAK,MIRI,KLINIK PERGIGIAN,KLINIK PERGIGIAN SEKOLAH MENENGAH,KLINIK PERGIGIAN SEKOLAH D/A SEKOLAH MENENGAH KEBANGSAAN LUTONG,"JALAN PANTAI, LUTONG, 98100 MIRI, SARAWAK",,98100,,,,,4.461811,114.003
5190,21-13190618,BUKA,AWAM,KKM,,SARAWAK,MIRI,KLINIK PERGIGIAN,KLINIK PERGIGIAN SEKOLAH MENENGAH,KLINIK PERGIGIAN SEKOLAH D/A SEKOLAH MENENGAH KEBANGSAAN LUAR BANDAR MIRI,"KM 55, JLN MIRI-BINTULU, CDT.242, 98150 MIRI, SARAWAK",,98009,,,,,3.700901,113.7496
5191,21-13190613,BUKA,AWAM,KKM,,SARAWAK,MIRI,KLINIK PERGIGIAN,KLINIK PERGIGIAN SEKOLAH MENENGAH,KLINIK PERGIGIAN SEKOLAH D/A SEKOLAH MENENGAH KEBANGSAAN DATO PERMAISURI,"JALAN DATO PEMAISURI, 98000 MIRI, SARAWAK",,98000,,,,,4.425901,114.0135
5192,21-13190639D,BUKA,AWAM,KKM,,SARAWAK,MIRI,KLINIK PERGIGIAN,KLINIK PERGIGIAN DI UTC,KLINIK PERGIGIAN DI KLINIK KESIHATAN UTC MIRI,"LOT 526, JALAN KWANG TUNG, 98000 MIRI SARAWAK",,98000,,,,,4.393008,113.9884
5193,21-13190655,BUKA,AWAM,KKM,,SARAWAK,MIRI,KLINIK PERGIGIAN,KLINIK PERGIGIAN DI RTC,"KLINIK PERGIGIAN RTC SARAWAK SIBUTI, MIRI","BANGUNAN TAMU BARU, MAJLIS DAERAH SUBIS, 98150 BEKENU, SUBIS, SARAWAK",,98150,,,,,4.055072,113.8451
5195,91-13200319,BUKA,AWAM,KKM,,SARAWAK,MUKAH,PEJABAT KESIHATAN PERGIGIAN,PEJABAT KESIHATAN PERGIGIAN BAHAGIAN,PEJABAT KESIHATAN PERGIGIAN BAHAGIAN MUKAH,"TINGKAT 3, WISMA PERSEKUTUAN MUKAH, JALAN MUKAH BALINGIAN",,96400,,,,,2.930075,112.1819
5196,21-13200331,BUKA,AWAM,KKM,,SARAWAK,MUKAH,KLINIK PERGIGIAN,KLINIK PERGIGIAN (STANDALONE),KLINIK PERGIGIAN MUKAH,"JLN. HAJI PAUZI, 96400 MUKAH, SARAWAK",,96400,,,,,2.902152,112.0778
5197,21-13171147,BUKA,AWAM,KKM,,SARAWAK,MUKAH,KLINIK PERGIGIAN,KLINIK PERGIGIAN (STANDALONE),KLINIK PERGIGIAN DARO,"KLINIK PERGIGIAN DARO, D/A HOSPITAL DARO, JALAN ITOL, 96200 DARO, MUKAH, SARAWAK",,96200,,,,,2.541436,111.4017
5198,21-13200634,BUKA,AWAM,KKM,,SARAWAK,MUKAH,KLINIK PERGIGIAN,KLINIK PERGIGIAN SEKOLAH RENDAH,KLINIK PERGIGIAN SEKOLAH D/A SEKOLAH KEBANGSAAN DATUK AWANG UDIN,"JLN PAM STESYEN LAMA, 96400 MUKAH, SARAWAK",,96400,,,,,2.893319,112.0964
5199,21-13200570,BUKA,AWAM,KKM,,SARAWAK,MUKAH,KLINIK PERGIGIAN,KLINIK PERGIGIAN SEKOLAH RENDAH,KLINIK PERGIGIAN SEKOLAH D/A SEKOLAH KEBANGSAAN KG TELLIAN,"D/A PEJABAT PENDIDIKAN DAERAH TELLIAN, JALAN HAJI MOHD FAUZI, 96400 MUKAH, SARAWAK",,96400,,,,,2.829607,112.2861
5200,21-13200491,BUKA,AWAM,KKM,,SARAWAK,MUKAH,KLINIK PERGIGIAN,KLINIK PERGIGIAN SEKOLAH RENDAH,KLINIK PERGIGIAN SEKOLAH D/A SEKOLAH JENIS KEBANGSAAN (CINA) CHONG BOON,"JLN PANGGUNG, 96400 MUKAH, SARAWAK",,96400,,,,,2.898135,112.0947
5201,21-13340175D,BUKA,AWAM,KKM,,SARAWAK,PUSA,KLINIK PERGIGIAN,KLINIK PERGIGIAN DI KLINIK KESIHATAN,KLINIK PERGIGIAN DI KLINIK KESIHATAN PUSA,"PUSA, 94950 BETONG, SARAWAK",,94950,,,,,1.625487,111.2908
5202,91-13220317,BUKA,AWAM,KKM,,SARAWAK,SAMARAHAN,PEJABAT KESIHATAN PERGIGIAN,PEJABAT KESIHATAN PERGIGIAN BAHAGIAN,PEJABAT KESIHATAN PERGIGIAN BAHAGIAN SAMARAHAN,"TINGKAT 2, BANGUNAN WISMA PERSEKUTUAN SAMARAHAN, JALAN DATUK MOHD MUSA",,94300,,,,,1.460695,110.4897
5203,21-13220083D,BUKA,AWAM,KKM,,SARAWAK,SAMARAHAN,KLINIK PERGIGIAN,KLINIK PERGIGIAN DI KLINIK KESIHATAN,KLINIK PERGIGIAN DI KLINIK KESIHATAN KOTA SAMARAHAN,"JLN. DATUK MOHD MUSA, 94300 KOTA SAMARAHAN, SARAWAK",,94300,,,,,1.457669,110.4918
5204,21-13010043D,BUKA,AWAM,KKM,,SARAWAK,SAMARAHAN,KLINIK PERGIGIAN,KLINIK PERGIGIAN DI KLINIK KESIHATAN,KLINIK PERGIGIAN DI KLINIK KESIHATAN ASAJAYA,"ASAJAYA, 94600, SARAWAK",,94600,,,,,1.544583,110.6041
5205,11-13220638D,BUKA,AWAM,KKM,,SARAWAK,SAMARAHAN,KLINIK PERGIGIAN,KLINIK PERGIGIAN DI HOSPITAL,KLINIK PERGIGIAN DI PUSAT JANTUNG SARAWAK,"3RD ROUNDABOUT, KUCHING-SAMARAHAN EXPRESSWAY, 94300 KOTA SAMARAHAN, SARAWAK",,94300,,,,,1.480888,110.4198
5206,21-13220558,BUKA,AWAM,KKM,,SARAWAK,SAMARAHAN,KLINIK PERGIGIAN,KLINIK PERGIGIAN SEKOLAH RENDAH,KLINIK PERGIGIAN SEKOLAH D/A SEKOLAH KEBANGSAAN DATO TRAOH MUARA TUANG,"JLN DATUK MOHD. MUSA, KPG MUARA TUANG, 94300 KOTA SAMARAHAN, SARAWAK",,94300,,,,,1.458704,110.4985
5207,21-13220623,BUKA,AWAM,KKM,,SARAWAK,SAMARAHAN,KLINIK PERGIGIAN,KLINIK PERGIGIAN SEKOLAH MENENGAH,KLINIK PERGIGIAN SEKOLAH D/A SEKOLAH MENENGAH KEBANGSAAN MUARA TUANG,"KM 9, JLN DATO MOHD MUSA, 94300 KOTA SAMARAHAN, SARAWAK",,94300,,,,,1.450142,110.3994
5208,11-13230031D,BUKA,AWAM,KKM,,SARAWAK,SARATOK,KLINIK PERGIGIAN,KLINIK PERGIGIAN DI HOSPITAL,KLINIK PERGIGIAN DI HOSPITAL SARATOK,"KM 1 JALAN SARATOK, 95400 SARATOK, SARAWAK",,95400,,,,,1.747143,111.3397
5209,21-13230539,BUKA,AWAM,KKM,,SARAWAK,SARATOK,KLINIK PERGIGIAN,KLINIK PERGIGIAN SEKOLAH RENDAH,KLINIK PERGIGIAN SEKOLAH D/A SEKOLAH KEBANGSAAN ABANG LEMAN,"JALAN SUNGAI ENDOT, 94650 KABONG, SARAWAK",,95407,,,,,1.804028,111.119
5210,21-13230537,BUKA,AWAM,KKM,,SARAWAK,SARATOK,KLINIK PERGIGIAN,KLINIK PERGIGIAN SEKOLAH RENDAH,KLINIK PERGIGIAN SEKOLAH D/A SEKOLAH KEBANGSAAN ABANG ABDUL RAHMAN,"JALAN MAJLIS DAERAH BARU, 95400 SARATOK",,95407,,,,,1.738795,111.3378
5211,21-13230517,BUKA,AWAM,KKM,,SARAWAK,SARATOK,KLINIK PERGIGIAN,KLINIK PERGIGIAN SEKOLAH RENDAH,KLINIK PERGIGIAN SEKOLAH D/A SEKOLAH JENIS KEBANGSAAN (CINA) MIN SYN SARATOK,"JALAN MARKET SEDC, 95407 SARATOK, SARAWAK",,95407,,,,,1.738795,111.3378
5212,21-13230611,BUKA,AWAM,KKM,,SARAWAK,SARATOK,KLINIK PERGIGIAN,KLINIK PERGIGIAN SEKOLAH MENENGAH,KLINIK PERGIGIAN SEKOLAH D/A SEKOLAH MENENGAH KEBANGSAAN (BM) SARATOK,"95400 SARATOK, SARAWAK",,95400,,,,,1.74556,111.3396
5213,91-13240315,BUKA,AWAM,KKM,,SARAWAK,SARIKEI,PEJABAT KESIHATAN PERGIGIAN,PEJABAT KESIHATAN PERGIGIAN BAHAGIAN,PEJABAT KESIHATAN PERGIGIAN BAHAGIAN SARIKEI,"TINGKAT 2, BLOK 1, WISMA PERSEKUTUAN, JALAN BANGUNAN KERAJAAN",,96100,,,,,2.120479,111.5227
5214,21-13240182D,BUKA,AWAM,KKM,,SARAWAK,SARIKEI,KLINIK PERGIGIAN,KLINIK PERGIGIAN DI KLINIK KESIHATAN,KLINIK PERGIGIAN DI KLINIK KESIHATAN SARIKEI,"JALAN HOSPITAL LAMA, 96100 SARIKEI, SARAWAKÂ Â Â Â Â Â Â ",,96100,,,,,2.122443,111.5199
5215,11-13240032D,BUKA,AWAM,KKM,,SARAWAK,SARIKEI,KLINIK PERGIGIAN,KLINIK PERGIGIAN DI HOSPITAL,KLINIK PERGIGIAN DI HOSPITAL SARIKEI,"JALAN HOSPITAL, OFF JALAN RENTAP, 96100 SARIKEI, SARAWAKÂ Â Â Â Â Â Â ",,96100,,,,,2.133628,111.4934
5216,21-13240593,BUKA,AWAM,KKM,,SARAWAK,SARIKEI,KLINIK PERGIGIAN,KLINIK PERGIGIAN SEKOLAH RENDAH,KLINIK PERGIGIAN SEKOLAH D/A SEKOLAH KEBANGSAAN ST ANNE,"JALAN REPOK, 96100 SARIKEI, SARAWAKÂ Â Â Â Â Â Â ",,96100,,,,,2.126275,111.5208
5217,21-13240578,BUKA,AWAM,KKM,,SARAWAK,SARIKEI,KLINIK PERGIGIAN,KLINIK PERGIGIAN SEKOLAH RENDAH,KLINIK PERGIGIAN SEKOLAH D/A SEKOLAH KEBANGSAAN METHODIST ANGLO-CHINESE,"JALAN HAJI KARIM, 96100 SARIKEI, SARAWAKÂ Â Â Â Â Â Â ",,96100,,,,,2.129872,111.5211
5218,21-13240536,BUKA,AWAM,KKM,,SARAWAK,SARIKEI,KLINIK PERGIGIAN,KLINIK PERGIGIAN SEKOLAH RENDAH,KLINIK PERGIGIAN SEKOLAH D/A SEKOLAH KEBANGSAAN ABANG HAJI MATAHIR,"JALAN MASJID BARU,Â Â 96100 SARIKEI, SARAWAKÂ Â Â Â Â Â Â ",,96100,,,,,2.127945,111.5186
5219,21-13240524,BUKA,AWAM,KKM,,SARAWAK,SARIKEI,KLINIK PERGIGIAN,KLINIK PERGIGIAN SEKOLAH RENDAH,KLINIK PERGIGIAN SEKOLAH D/A SEKOLAH JENIS KEBANGSAAN (CINA) SU KWONG,"KM 5Â½ JALAN REPOK, 96100 SARIKEI, SARAWAKÂ Â Â Â Â Â Â ",,96100,,,,,2.097069,111.5238
5220,21-13240632,BUKA,AWAM,KKM,,SARAWAK,SARIKEI,KLINIK PERGIGIAN,KLINIK PERGIGIAN SEKOLAH MENENGAH,KLINIK PERGIGIAN SEKOLAH D/A SEKOLAH MENENGAH KEBANGSAAN BANDAR SARIKEI,"PETI SURAT 228,Â 4KM OFF JALAN REPOK, 96107 SARIKEI, SARAWAKÂ Â Â Â Â Â Â ",,96107,,,,,2.10103,111.5256
5222,21-13250188D,BUKA,AWAM,KKM,,SARAWAK,SELANGAU,KLINIK PERGIGIAN,KLINIK PERGIGIAN DI KLINIK KESIHATAN,KLINIK PERGIGIAN DI KLINIK KESIHATAN SELANGAU,"KM 80, JLN SIBU/BINTULU, 96000 SELANGAU, SARAWAK",,96000,,,,,2.52983,112.3289
5223,21-13260195D,BUKA,AWAM,KKM,,SARAWAK,SERIAN,KLINIK PERGIGIAN,KLINIK PERGIGIAN DI KLINIK KESIHATAN,KLINIK PERGIGIAN DI KLINIK KESIHATAN SIBURAN,"LOT 608, BLOCK 6, 17TH MILE, SIBURAN, 94200 SERIAN, SARAWAK",,94200,,,,,1.363164,110.4016
5224,21-13050685D,BUKA,AWAM,KKM,,SARAWAK,SERIAN,KLINIK PERGIGIAN,KLINIK PERGIGIAN DI KLINIK KESIHATAN,KLINIK PERGIGIAN DI KLINIK KESIHATAN SERIAN,"JALAN TANGGA BYPASS, BANDAR SERIAN, 94700 SERIAN, SARAWAK",,94700,,,,,1.159845,110.562
5225,11-13260033D,BUKA,AWAM,KKM,,SARAWAK,SERIAN,KLINIK PERGIGIAN,KLINIK PERGIGIAN DI HOSPITAL,KLINIK PERGIGIAN DI HOSPITAL SERIAN,"94700 SERIAN, SARAWAK",,94700,,,,,1.176311,110.5636
5226,21-13260586,BUKA,AWAM,KKM,,SARAWAK,SERIAN,KLINIK PERGIGIAN,KLINIK PERGIGIAN SEKOLAH RENDAH,KLINIK PERGIGIAN SEKOLAH D/A SEKOLAH KEBANGSAAN SERIAN,"BATU 2, JLN SERIAN / SRI AMAN, 94700 SERIAN, SARAWAK",,94700,,,,,1.042857,110.7061
5227,21-13260503,BUKA,AWAM,KKM,,SARAWAK,SERIAN,KLINIK PERGIGIAN,KLINIK PERGIGIAN SEKOLAH RENDAH,KLINIK PERGIGIAN SEKOLAH D/A SEKOLAH JENIS KEBANGSAAN (CINA) CHUNG HUA SERIAN,"BANDAR 94700 SERIAN, SARAWAK",,94700,,,,,1.167693,110.566
5228,21-13110489,BUKA,AWAM,KKM,,SARAWAK,SERIAN,KLINIK PERGIGIAN,KLINIK PERGIGIAN SEKOLAH RENDAH,KLINIK PERGIGIAN SEKOLAH D/A SEKOLAH JENIS KEBANGSAAN (CINA) BERATOK,"BT. 21, JALAN KUCHING-SERIAN, 94200 KUCHING, SARAWAK",,94200,,,,,1.389031,110.3626
5229,21-13260626,BUKA,AWAM,KKM,,SARAWAK,SERIAN,KLINIK PERGIGIAN,KLINIK PERGIGIAN SEKOLAH MENENGAH,KLINIK PERGIGIAN SEKOLAH D/A SEKOLAH MENENGAH KEBANGSAAN SERIAN,"JALAN LIMU, 94700 SERIAN, SARAWAK",,94700,,,,,1.172262,110.57
5230,91-13270312,BUKA,AWAM,KKM,,SARAWAK,SIBU,PEJABAT KESIHATAN PERGIGIAN,PEJABAT KESIHATAN PERGIGIAN BAHAGIAN,PEJABAT KESIHATAN PERGIGIAN BAHAGIAN SIBU,"TINGKAT 8, WISMA PERSEKUTUAN BLOK 3, JALAN TENG CHIN HUA, 96000 SIBU, SARAWAK",,96000,,,,,2.321083,111.8394
5231,21-13270636D,BUKA,AWAM,KKM,,SARAWAK,SIBU,KLINIK PERGIGIAN,KLINIK PERGIGIAN DI KLINIK KESIHATAN,KLINIK PERGIGIAN DI KLINIK KESIHATAN SIBU JAYA,"JALAN BOULIEVARD SOUTH, 96000 SIBU, SARAWAK",,96000,,,,,2.243265,111.9711
5232,21-13270076D,BUKA,AWAM,KKM,,SARAWAK,SIBU,KLINIK PERGIGIAN,KLINIK PERGIGIAN DI KLINIK KESIHATAN,KLINIK PERGIGIAN DI KLINIK KESIHATAN JALAN OYA,"JALAN OYA, 96000 SIBU, SARAWAK",,96000,,,,,2.300512,111.8353
5233,21-13270075D,BUKA,AWAM,KKM,,SARAWAK,SIBU,KLINIK PERGIGIAN,KLINIK PERGIGIAN DI KLINIK KESIHATAN,KLINIK PERGIGIAN DI KLINIK KESIHATAN LANANG,"JALAN ULU LANANG, 96000 SIBU, SARAWAK",,96000,,,,,2.246569,111.8415
5234,11-13270034D,BUKA,AWAM,KKM,,SARAWAK,SIBU,KLINIK PERGIGIAN,KLINIK PERGIGIAN DI HOSPITAL,KLINIK PERGIGIAN DI HOSPITAL SIBU,"BATU 5 1/2, JALAN ULU OYA, 96000 SIBU, SARAWAK",,96000,,,,,2.294832,111.894
5235,21-13270599,BUKA,AWAM,KKM,,SARAWAK,SIBU,KLINIK PERGIGIAN,KLINIK PERGIGIAN SEKOLAH RENDAH,KLINIK PERGIGIAN SEKOLAH D/A SEKOLAH KEBANGSAAN ST RITA,"JALAN BUKIT ASSEK, 96000 SIBU, SARAWAK",,96000,,,,,2.287461,111.8327
5236,21-13270550,BUKA,AWAM,KKM,,SARAWAK,SIBU,KLINIK PERGIGIAN,KLINIK PERGIGIAN SEKOLAH RENDAH,KLINIK PERGIGIAN SEKOLAH D/A SEKOLAH KEBANGSAAN BATU 15,"KEM OYA, JALAN ULU OYA, 96000 SIBU, SARAWAK",,96000,,,,,2.28638,111.9966
5237,21-13270548,BUKA,AWAM,KKM,,SARAWAK,SIBU,KLINIK PERGIGIAN,KLINIK PERGIGIAN SEKOLAH RENDAH,KLINIK PERGIGIAN SEKOLAH D/A SEKOLAH KEBANGSAAN SIBU BANDARAN NO 3,"JALAN BANDONG, 96000 SIBU, SARAWAK",,96000,,,,,2.313499,111.8246
5238,21-13270547,BUKA,AWAM,KKM,,SARAWAK,SIBU,KLINIK PERGIGIAN,KLINIK PERGIGIAN SEKOLAH RENDAH,KLINIK PERGIGIAN SEKOLAH D/A SEKOLAH KEBANGSAAN PERBANDARAN SIBU NO. 4,"KM 2, JALAN OYA, 96000 SIBU, SARAWAK",,96000,,,,,2.299181,111.8476
5239,21-13270546,BUKA,AWAM,KKM,,SARAWAK,SIBU,KLINIK PERGIGIAN,KLINIK PERGIGIAN SEKOLAH RENDAH,KLINIK PERGIGIAN SEKOLAH D/A SEKOLAH KEBANGSAAN SIBU BANDARAN NO 2,"LORONG UBAH, JALAN LANANG, 96000 SIBU, SARAWAK",,96000,,,,,2.274914,111.8438
5240,21-13270538,BUKA,AWAM,KKM,,SARAWAK,SIBU,KLINIK PERGIGIAN,KLINIK PERGIGIAN SEKOLAH RENDAH,KLINIK PERGIGIAN SEKOLAH D/A SEKOLAH KEBANGSAAN ABANG ALI,"JALAN KAMPUNG BARU, 96000 SIBU, SARAWAK",,96000,,,,,2.298462,111.8204
5241,21-13270529,BUKA,AWAM,KKM,,SARAWAK,SIBU,KLINIK PERGIGIAN,KLINIK PERGIGIAN SEKOLAH RENDAH,KLINIK PERGIGIAN SEKOLAH D/A SEKOLAH JENIS KEBANGSAAN (CINA) UK DAIK,"JALAN BUKIT ASSEK, 96000 SIBU, SARAWAK",,96000,,,,,2.288237,111.8307
5242,21-13270528,BUKA,AWAM,KKM,,SARAWAK,SIBU,KLINIK PERGIGIAN,KLINIK PERGIGIAN SEKOLAH RENDAH,KLINIK PERGIGIAN SEKOLAH D/A SEKOLAH JENIS KEBANGSAAN (CINA) TUNG HUA,"JALAN TUN ABANG HAJI OPENG, 96000 SIBU, SARAWAK",,96000,,,,,2.309841,111.83
5243,21-13270526,BUKA,AWAM,KKM,,SARAWAK,SIBU,KLINIK PERGIGIAN,KLINIK PERGIGIAN SEKOLAH RENDAH,KLINIK PERGIGIAN SEKOLAH D/A SEKOLAH JENIS KEBANGSAAN (CINA) TAMAN RAJANG,"JALAN SIMPOH, 96000 SIBU, SARAWAK",,96000,,,,,2.308779,111.8372
5244,21-13270519,BUKA,AWAM,KKM,,SARAWAK,SIBU,KLINIK PERGIGIAN,KLINIK PERGIGIAN SEKOLAH RENDAH,KLINIK PERGIGIAN SEKOLAH D/A SEKOLAH JENIS KEBANGSAAN (CINA) SACRED HEART CHINESE,"JALAN BUKIT ASSEK, 96000 SIBU, SARAWAK",,96000,,,,,2.287729,111.8333
5245,21-13270516,BUKA,AWAM,KKM,,SARAWAK,SIBU,KLINIK PERGIGIAN,KLINIK PERGIGIAN SEKOLAH RENDAH,KLINIK PERGIGIAN SEKOLAH D/A SEKOLAH JENIS KEBANGSAAN (CINA) METHODIST,"NO 20, JALAN PULAU, 96000 SIBU, SARAWAK",,96000,,,,,2.289108,111.8258
5246,21-13270512,BUKA,AWAM,KKM,,SARAWAK,SIBU,KLINIK PERGIGIAN,KLINIK PERGIGIAN SEKOLAH RENDAH,KLINIK PERGIGIAN SEKOLAH D/A SEKOLAH JENIS KEBANGSAAN (CINA) GUONG ANN,"JALAN SUNGAI MERAH, 96000 SIBU, SARAWAK",,96000,,,,,2.331798,111.8623
5247,21-13270511,BUKA,AWAM,KKM,,SARAWAK,SIBU,KLINIK PERGIGIAN,KLINIK PERGIGIAN SEKOLAH RENDAH,KLINIK PERGIGIAN SEKOLAH D/A SEKOLAH JENIS KEBANGSAAN (CINA) EK THEI,"JALAN EK DEE, OFF JALAN LANANG, 96000 SIBU, SARAWAK",,96000,,,,,2.280552,111.8441
5248,21-13270507,BUKA,AWAM,KKM,,SARAWAK,SIBU,KLINIK PERGIGIAN,KLINIK PERGIGIAN SEKOLAH RENDAH,KLINIK PERGIGIAN SEKOLAH D/A SEKOLAH JENIS KEBANGSAAN (CINA) CHUNG HUA,"NO 1, JALAN CROSS, 96000 SIBU, SARAWAK",,96000,,,,,2.289573,111.8264
5249,21-13270486,BUKA,AWAM,KKM,,SARAWAK,SIBU,KLINIK PERGIGIAN,KLINIK PERGIGIAN SEKOLAH RENDAH,KLINIK PERGIGIAN SEKOLAH D/A SEKOLAH JENIS KEBANGSAAN (CINA) DUNG SANG,"BATU 2 1/2 JALAN OYA, 96000 SIBU, SARAWAK",,96000,,,,,2.295728,111.8434
5250,21-13270484,BUKA,AWAM,KKM,,SARAWAK,SIBU,KLINIK PERGIGIAN,KLINIK PERGIGIAN SEKOLAH RENDAH,KLINIK PERGIGIAN SEKOLAH D/A SEKOLAH KEBANGSAAN SACRED HEART,"KM 2, JALAN OYA, 96000 SIBU, SARAWAK",,96000,,,,,2.296399,111.8414
5251,21-13270625,BUKA,AWAM,KKM,,SARAWAK,SIBU,KLINIK PERGIGIAN,KLINIK PERGIGIAN SEKOLAH MENENGAH,KLINIK PERGIGIAN SEKOLAH D/A SEKOLAH MENENGAH KEBANGSAAN SACRED HEART,"BATU 1 1/2 JALAN OYA, 96000 SIBU, SARAWAK",,96000,,,,,2.295728,111.8434
5252,21-13270624,BUKA,AWAM,KKM,,SARAWAK,SIBU,KLINIK PERGIGIAN,KLINIK PERGIGIAN SEKOLAH MENENGAH,KLINIK PERGIGIAN SEKOLAH D/A SEKOLAH MENENGAH KEBANGSAAN ROSLI DHOBY,"JALAN DESHON, 96000 SIBU, SARAWAK",,96000,,,,,2.312844,111.8565
5253,21-13270637D,BUKA,AWAM,KKM,,SARAWAK,SIBU,KLINIK PERGIGIAN,KLINIK PERGIGIAN DI UTC,KLINIK PERGIGIAN DI KLINIK KESIHATAN UTC SIBU,"SIBU CENTRAL MARKET MULTI STOREY CAR PARK, NO.2 JALAN BENGKEL, 96000 SIBU, SARAWAK",,96000,,,,,2.286992,111.8289
5255,21-13280334,BUKA,AWAM,KKM,,SARAWAK,SIMUNJAN,KLINIK PERGIGIAN,KLINIK PERGIGIAN (STANDALONE),KLINIK PERGIGIAN SIMUNJAN,"JLN GUNUNG NGELI, 94800 SIMUNJAN, SARAWAK",,94800,,,,,1.369582,110.7864
5256,21-13280185D,BUKA,AWAM,KKM,,SARAWAK,SIMUNJAN,KLINIK PERGIGIAN,KLINIK PERGIGIAN DI KLINIK KESIHATAN,KLINIK PERGIGIAN DI KLINIK KESIHATAN SEBUYAU,"D/A KLINIK KESIHATAN SEBUYAU, 94300 SIMUNJAN, SARAWAK",,94300,,,,,1.461138,110.4739
5257,21-13280608,BUKA,AWAM,KKM,,SARAWAK,SIMUNJAN,KLINIK PERGIGIAN,KLINIK PERGIGIAN SEKOLAH RENDAH,KLINIK PERGIGIAN SEKOLAH D/A SEKOLAH KEBANGSAAN TUANKU BAGUS,"KPG BARU, 94850 SEBUYAU, SARAWAK",,94800,,,,,1.520092,110.9352
5258,21-13280540,BUKA,AWAM,KKM,,SARAWAK,SIMUNJAN,KLINIK PERGIGIAN,KLINIK PERGIGIAN SEKOLAH RENDAH,KLINIK PERGIGIAN SEKOLAH D/A SEKOLAH KEBANGSAAN ABANG MAN,"LOT 36, GEDONG-SEDILU LAND, 94800 SIMUNJAN, SARAWAK",,94800,,,,,1.38764,110.7659
5259,21-13280506,BUKA,AWAM,KKM,,SARAWAK,SIMUNJAN,KLINIK PERGIGIAN,KLINIK PERGIGIAN SEKOLAH RENDAH,KLINIK PERGIGIAN SEKOLAH D/A SEKOLAH JENIS KEBANGSAAN (CINA) CHUNG HUA SIMUNJAN,"SIMUNJAN BAZAAR, 94800 SIMUNJAN, SARAWAK",,94800,,,,,1.39579,110.752
5260,21-13040541,BUKA,AWAM,KKM,,SARAWAK,SIMUNJAN,KLINIK PERGIGIAN,KLINIK PERGIGIAN SEKOLAH RENDAH,KLINIK PERGIGIAN SEKOLAH D/A SEKOLAH KEBANGSAAN ABANG KADIR GEDONG,"KPG PERINTAH GEDONG, 94800 GEDONG, SARAWAK",,94800,,,,,2.557429,113.0012
5262,21-13290198D,BUKA,AWAM,KKM,,SARAWAK,SONG,KLINIK PERGIGIAN,KLINIK PERGIGIAN DI KLINIK KESIHATAN,KLINIK PERGIGIAN DI KLINIK KESIHATAN SONG,"JALAN TAKAN, 96850 SONG, KAPIT, SARAWAK",,96850,,,,,1.992682,112.5505
5263,21-13290556,BUKA,AWAM,KKM,,SARAWAK,SONG,KLINIK PERGIGIAN,KLINIK PERGIGIAN SEKOLAH RENDAH,KLINIK PERGIGIAN SEKOLAH D/A SEKOLAH KEBANGSAAN CARDINAL VAUGHAN,"JALAN MISSION, 96850, SONG, SARAWAK",,96850,,,,,2.006081,112.5537
5264,21-13290513,BUKA,AWAM,KKM,,SARAWAK,SONG,KLINIK PERGIGIAN,KLINIK PERGIGIAN SEKOLAH RENDAH,KLINIK PERGIGIAN SEKOLAH D/A SEKOLAH JENIS KEBANGSAAN (CINA) HIN HUA,"JALAN TAKAN, 96850 SONG, SARAWAK",,96850,,,,,2.006668,112.5484
5265,91-13300311,BUKA,AWAM,KKM,,SARAWAK,SRI AMAN,PEJABAT KESIHATAN PERGIGIAN,PEJABAT KESIHATAN PERGIGIAN BAHAGIAN,PEJABAT KESIHATAN PERGIGIAN BAHAGIAN SRI AMAN,JALAN HOSPITAL SRI AMAN,,95000,,,,,1.23387,111.4622
5266,21-13300200D,BUKA,AWAM,KKM,,SARAWAK,SRI AMAN,KLINIK PERGIGIAN,KLINIK PERGIGIAN DI KLINIK KESIHATAN,KLINIK PERGIGIAN DI KLINIK KESIHATAN SRI AMAN,"JALAN HOSPITAL, 95000 SRI AMAN, SARAWAK.",,95000,,,,,1.233329,111.4623
5267,21-13300598,BUKA,AWAM,KKM,,SARAWAK,SRI AMAN,KLINIK PERGIGIAN,KLINIK PERGIGIAN SEKOLAH RENDAH,KLINIK PERGIGIAN SEKOLAH D/A SEKOLAH KEBANGSAAN ST LUKE,"P.O BOX 72, JLN SABU, MUNGGU SABUN, 95000 SRI AMAN, SARAWAK.",,95007,,,,,1.235324,111.4636
5268,21-13300505,BUKA,AWAM,KKM,,SARAWAK,SRI AMAN,KLINIK PERGIGIAN,KLINIK PERGIGIAN SEKOLAH RENDAH,KLINIK PERGIGIAN SEKOLAH D/A SEKOLAH JENIS KEBANGSAAN (CINA) CHUNG HUA SIMANGGANG,"PO BOX 8 JLN SABU, 95000 SRI AMAN, SARAWAK.",,95007,,,,,1.235884,111.4637
5269,21-13300487,BUKA,AWAM,KKM,,SARAWAK,SRI AMAN,KLINIK PERGIGIAN,KLINIK PERGIGIAN SEKOLAH RENDAH,KLINIK PERGIGIAN SEKOLAH D/A SEKOLAH KEBANGSAAN ABANG AING,"JALAN RESAK, 95000 SRI AMAN, SARAWAK.",,95007,,,,,1.237672,111.4593
5270,21-13300628,BUKA,AWAM,KKM,,SARAWAK,SRI AMAN,KLINIK PERGIGIAN,KLINIK PERGIGIAN SEKOLAH MENENGAH,KLINIK PERGIGIAN SEKOLAH D/A SEKOLAH MENENGAH KEBANGSAAN SIMANGGANG,"P.O BOX 304, 95080 SRI AMAN, SARAWAK.",,95008,,,,,1.237031,111.4621
5271,21-13310606,BUKA,AWAM,KKM,,SARAWAK,TATAU,KLINIK PERGIGIAN,KLINIK PERGIGIAN SEKOLAH RENDAH,KLINIK PERGIGIAN SEKOLAH D/A SEKOLAH KEBANGSAAN TATAU,"KM 60, JALAN BINTULU- SIBU, 97200 TATAU, SARAWAK.",,97200,,,,,2.876402,112.8509
5272,91-10010213,BUKA,AWAM,KKM,,SELANGOR,GOMBAK,PEJABAT KESIHATAN PERGIGIAN,PEJABAT KESIHATAN PERGIGIAN DAERAH,PEJABAT KESIHATAN PERGIGIAN DAERAH GOMBAK,"JALAN BUKIT KELAB, 48000 RAWANG SELANGOR",,48000,,,,,3.321178,101.578
5273,21-10012307,BUKA,AWAM,KKM,,SELANGOR,GOMBAK,KLINIK PERGIGIAN,KLINIK PERGIGIAN (STANDALONE),KLINIK PERGIGIAN GOMBAK SETIA,"NO. 5A & 6A, JALAN KENANGAN UTAMA, TAMAN KENANGAN, GOMBAK SETIA,  53100 GOMBAK, SELANGOR",,53100,,,,,3.222953,101.7136
5274,21-10010776,BUKA,AWAM,KKM,,SELANGOR,GOMBAK,KLINIK PERGIGIAN,KLINIK PERGIGIAN (STANDALONE),KLINIK PAKAR PERGIGIAN ORTODONTIK RAWANG,"JALAN LEMBAH, COMMUNAL HOME, PUSAT KAWALAN KUSTA NEGARA, SUNGAI BULOH, 47000 RAWANG",,47000,,,,,3.222233,101.5915
5275,21-10010071D,BUKA,AWAM,KKM,,SELANGOR,GOMBAK,KLINIK PERGIGIAN,KLINIK PERGIGIAN DI KLINIK KESIHATAN,KLINIK PERGIGIAN DI KLINIK KESIHATAN TAMAN EHSAN,"JALAN E 4/16, T 51200 TAMAN EHSAN, KEPONG, SELANGOR",,51200,,,,,3.223718,101.6229
5276,21-10010068D,BUKA,AWAM,KKM,,SELANGOR,GOMBAK,KLINIK PERGIGIAN,KLINIK PERGIGIAN DI KLINIK KESIHATAN,KLINIK PERGIGIAN DI KLINIK KESIHATAN SUNGAI BULOH,"LOT 1853, KAMPUNG MELAYU, 47000 SUNGAI BULOH, SELANGOR",,47000,,,,,3.219261,101.578
5277,21-10010059D,BUKA,AWAM,KKM,,SELANGOR,GOMBAK,KLINIK PERGIGIAN,KLINIK PERGIGIAN DI KLINIK KESIHATAN,KLINIK PERGIGIAN DI KLINIK KESIHATAN SELAYANG BARU,"JALAN SUNGAI TUA MUKIM BATU, 68100 BATU CAVES, SELANGOR",,68100,,,,,3.245089,101.6737
5278,21-10010055D,BUKA,AWAM,KKM,,SELANGOR,GOMBAK,KLINIK PERGIGIAN,KLINIK PERGIGIAN DI KLINIK KESIHATAN,KLINIK PERGIGIAN DI KLINIK KESIHATAN RAWANG,"RP5, RAWANG PERDANA 1, 48000 RAWANG, SELANGOR",,48500,,,,,3.320048,101.594
5279,21-10010046D,BUKA,AWAM,KKM,,SELANGOR,GOMBAK,KLINIK PERGIGIAN,KLINIK PERGIGIAN DI KLINIK KESIHATAN,KLINIK PERGIGIAN DI KLINIK KESIHATAN KUANG,"48500 KUANG, BATU 20, SELANGOR",,48500,,,,,3.257694,101.5501
5280,21-10010030D,BUKA,AWAM,KKM,,SELANGOR,GOMBAK,KLINIK PERGIGIAN,KLINIK PERGIGIAN DI KLINIK KESIHATAN,KLINIK PERGIGIAN DI KLINIK KESIHATAN BATU ARANG,"JKR 6/1325 48100 BATU ARANG, SELANGOR",,48100,,,,,3.319534,101.4724
5281,21-10010026D,BUKA,AWAM,KKM,,SELANGOR,GOMBAK,KLINIK PERGIGIAN,KLINIK PERGIGIAN DI KLINIK KESIHATAN,KLINIK PERGIGIAN DI KLINIK KESIHATAN AU 2,"JALAN AU 2 A, TAMAN SRI KERAMAT, 54200 SELANGOR",,54200,,,,,3.174151,101.752
5282,11-10010233D,BUKA,AWAM,KKM,,SELANGOR,GOMBAK,KLINIK PERGIGIAN,KLINIK PERGIGIAN DI HOSPITAL,KLINIK PERGIGIAN DI HOSPITAL ORANG ASLI GOMBAK,"KM 24, JALAN PAHANG LAMA, 53100 GOMBAK, SELANGOR",,53100,,,,,3.291854,101.731
5283,11-10010019D,BUKA,AWAM,KKM,,SELANGOR,GOMBAK,KLINIK PERGIGIAN,KLINIK PERGIGIAN DI HOSPITAL,KLINIK PERGIGIAN DI HOSPITAL SUNGAI BULOH,"JALAN HOSPITAL, 47000 SUNGAI BULOH, SELANGOR",,47000,,,,,3.219573,101.5831
5284,11-10010017D,BUKA,AWAM,KKM,,SELANGOR,GOMBAK,KLINIK PERGIGIAN,KLINIK PERGIGIAN DI HOSPITAL,KLINIK PERGIGIAN DI HOSPITAL SELAYANG,"LEBUHRAYA SELAYANG - KEPONG, 68100 BATU CAVES, SELANGOR",,68100,,,,,3.242306,101.6463
5285,21-10010756,BUKA,AWAM,KKM,,SELANGOR,GOMBAK,KLINIK PERGIGIAN,KLINIK PERGIGIAN SEKOLAH RENDAH,KLINIK PERGIGIAN SEKOLAH D/A SEKOLAH KEBANGSAAN (1) SELAYANG BARU,"JALAN 45, SELAYANG BARU, 68100 BATU CAVE, SELANGOR",,68100,,,,,3.254709,101.666
5286,21-10010752,BUKA,AWAM,KKM,,SELANGOR,GOMBAK,KLINIK PERGIGIAN,KLINIK PERGIGIAN SEKOLAH RENDAH,KLINIK PERGIGIAN SEKOLAH D/A SEKOLAH KEBANGSAAN SINARAN BUDI,"JALAN KUALA GARING, 48000 RAWANG, SELANGOR",,48000,,,,,3.314576,101.5689
5287,21-10010751,BUKA,AWAM,KKM,,SELANGOR,GOMBAK,KLINIK PERGIGIAN,KLINIK PERGIGIAN SEKOLAH RENDAH,KLINIK PERGIGIAN SEKOLAH D/A SEKOLAH JENIS KEBANGSAAN (CINA) SELAYANG BARU,"JALAN 45, SELAYANG BARU, 68100 BATU CAVES, SELANGOR",,68100,,,,,3.254827,101.6674
5288,21-10010750,BUKA,AWAM,KKM,,SELANGOR,GOMBAK,KLINIK PERGIGIAN,KLINIK PERGIGIAN SEKOLAH RENDAH,KLINIK PERGIGIAN SEKOLAH D/A SEKOLAH JENIS KEBANGSAAN (CINA) SAN YUK RAWANG,"KAMPUNG KENANGA, 48000 RAWANG, SELANGOR",,48000,,,,,3.318897,101.5822
5289,21-10010743,BUKA,AWAM,KKM,,SELANGOR,GOMBAK,KLINIK PERGIGIAN,KLINIK PERGIGIAN SEKOLAH RENDAH,KLINIK PERGIGIAN SEKOLAH D/A SEKOLAH KEBANGSAAN SUNGAI BULOH,"47000 SUNGAI BULOH, SELANGOR",,47000,,,,,3.215395,101.5784
5291,91-10040208,BUKA,AWAM,KKM,,SELANGOR,KLANG,PEJABAT KESIHATAN PERGIGIAN,PEJABAT KESIHATAN PERGIGIAN DAERAH,PEJABAT KESIHATAN PERGIGIAN DAERAH KLANG,"JALAN TENGKU KELANA, 41000 KLANG, SELANGOR",,41000,,,,,3.037418,101.4466
5292,21-10040216,BUKA,AWAM,KKM,,SELANGOR,KLANG,KLINIK PERGIGIAN,KLINIK PERGIGIAN (STANDALONE),KLINIK PERGIGIAN KLANG,"JALAN TENGKU KELANA, 41000 KLANG, SELANGOR",,41000,,,,,3.037537,101.4462
5293,21-10040249D,BUKA,AWAM,KKM,,SELANGOR,KLANG,KLINIK PERGIGIAN,KLINIK PERGIGIAN DI KLINIK KESIHATAN,KLINIK PERGIGIAN DI KLINIK KESIHATAN BANDAR BOTANIK,"BLOK B, JALAN LANGAT BANDAR BOTANIK, 41200 KLANG, SELANGOR",,41200,,,,,2.990061,101.4454
5294,21-10040053D,BUKA,AWAM,KKM,,SELANGOR,KLANG,KLINIK PERGIGIAN,KLINIK PERGIGIAN DI KLINIK KESIHATAN,KLINIK PERGIGIAN DI KLINIK KESIHATAN PULAU KETAM,"DEWAN JKKK, JALAN BESAR, 42490 PELABUHAN KLANG, KLANG, SELANGOR",,42490,,,,,2.999852,101.3928
5295,21-10040052D,BUKA,AWAM,KKM,,SELANGOR,KLANG,KLINIK PERGIGIAN,KLINIK PERGIGIAN DI KLINIK KESIHATAN,KLINIK PERGIGIAN DI KLINIK KESIHATAN PULAU INDAH,"PULAU INDAH, 42920 KLANG, SELANGOR",,42920,,,,,2.937879,101.325
5296,21-10040050D,BUKA,AWAM,KKM,,SELANGOR,KLANG,KLINIK PERGIGIAN,KLINIK PERGIGIAN DI KLINIK KESIHATAN,KLINIK PERGIGIAN DI KLINIK KESIHATAN PELABUHAN KLANG,"JALAN LIMBONGAN, 42000 KLANG, SELANGOR",,42000,,,,,3.000751,101.394
5297,21-10040048D,BUKA,AWAM,KKM,,SELANGOR,KLANG,KLINIK PERGIGIAN,KLINIK PERGIGIAN DI KLINIK KESIHATAN,KLINIK PERGIGIAN DI KLINIK KESIHATAN PANDAMARAN,"PERSIARAN RAJA MUDA MUSA, 42000 KLANG, SELANGOR",,42000,,,,,3.014274,101.4133
5298,21-10040047D,BUKA,AWAM,KKM,,SELANGOR,KLANG,KLINIK PERGIGIAN,KLINIK PERGIGIAN DI KLINIK KESIHATAN,KLINIK PERGIGIAN DI KLINIK KESIHATAN MERU,"PT 55/61, JALAN KENANGAN, MERU, 41050 KLANG, SELANGOR",,41050,,,,,3.136399,101.4409
5299,21-10040044D,BUKA,AWAM,KKM,,SELANGOR,KLANG,KLINIK PERGIGIAN,KLINIK PERGIGIAN DI KLINIK KESIHATAN,KLINIK PERGIGIAN DI KLINIK KESIHATAN ANIKA KLANG,"112, JALAN PEGAWAI, OFF TENGKU KELANA, 41000 KLANG, SELANGOR",,41000,,,,,3.037418,101.4466
5300,21-10040042D,BUKA,AWAM,KKM,,SELANGOR,KLANG,KLINIK PERGIGIAN,KLINIK PERGIGIAN DI KLINIK KESIHATAN,KLINIK PERGIGIAN DI KLINIK KESIHATAN KAPAR,"PT 3763, SEK 1, BATU 10, JALAN KAPAR, 42200 KLANG, SELANGOR",,42200,,,,,3.139531,101.3717
5301,21-10040033D,BUKA,AWAM,KKM,,SELANGOR,KLANG,KLINIK PERGIGIAN,KLINIK PERGIGIAN DI KLINIK KESIHATAN,KLINIK PERGIGIAN DI KLINIK KESIHATAN BUKIT KUDA,"JALAN BATU TIGA LAMA, 41300 KLANG, SELANGOR",,41300,,,,,3.051047,101.4584
5302,11-10040013D,BUKA,AWAM,KKM,,SELANGOR,KLANG,KLINIK PERGIGIAN,KLINIK PERGIGIAN DI HOSPITAL,KLINIK PERGIGIAN DI HOSPITAL TENGKU AMPUAN RAHIMAH KLANG,"JALAN LANGAT, 41200 KLANG, SELANGOR",,41200,,,,,3.020668,101.44
5303,21-10040753,BUKA,AWAM,KKM,,SELANGOR,KLANG,KLINIK PERGIGIAN,KLINIK PERGIGIAN SEKOLAH RENDAH,KLINIK PERGIGIAN SEKOLAH D/A SEKOLAH KEBANGSAAN (1) JALAN MERU,"JALAN MERU, 41050 KLANG, SELANGOR",,41050,,,,,3.058341,101.451
5304,21-10040748,BUKA,AWAM,KKM,,SELANGOR,KLANG,KLINIK PERGIGIAN,KLINIK PERGIGIAN SEKOLAH RENDAH,KLINIK PERGIGIAN SEKOLAH D/A SEKOLAH JENIS KEBANGSAAN (CINA) PANDAMARAN A,"JALAN BESAR, 42000 PELABUHAN KLANG, SELANGOR",,42000,,,,,3.005986,101.4123
5305,21-10040747,BUKA,AWAM,KKM,,SELANGOR,KLANG,KLINIK PERGIGIAN,KLINIK PERGIGIAN SEKOLAH RENDAH,KLINIK PERGIGIAN SEKOLAH D/A SEKOLAH KEBANGSAAN SUNGAI BINJAI,"BATU 6, PEKAN MERU, 41050 KLANG, SELANGOR",,41050,,,,,3.137384,101.439
5306,21-10040742,BUKA,AWAM,KKM,,SELANGOR,KLANG,KLINIK PERGIGIAN,KLINIK PERGIGIAN SEKOLAH RENDAH,KLINIK PERGIGIAN SEKOLAH D/A SEKOLAH KEBANGSAAN METHODIST,"JALAN ORKID, 42000 PELABUHAN KLANG, SELANGOR",,42000,,,,,3.014274,101.4071
5307,21-10040741,BUKA,AWAM,KKM,,SELANGOR,KLANG,KLINIK PERGIGIAN,KLINIK PERGIGIAN SEKOLAH RENDAH,KLINIK PERGIGIAN SEKOLAH D/A SEKOLAH JENIS KEBANGSAAN (CINA) PANDAMARAN B,"JALAN YOUNG PANDAMARAN, 42000 PELABUHAN KLANG, SELANGOR",,42000,,,,,3.010869,101.4199
5308,21-10040740,BUKA,AWAM,KKM,,SELANGOR,KLANG,KLINIK PERGIGIAN,KLINIK PERGIGIAN SEKOLAH RENDAH,KLINIK PERGIGIAN SEKOLAH D/A SEKOLAH KEBANGSAAN TELOK GADONG,"JALAN YADI, 41250 KLANG, SELANGOR",,41250,,,,,3.038721,101.4197
5309,21-10040738,BUKA,AWAM,KKM,,SELANGOR,KLANG,KLINIK PERGIGIAN,KLINIK PERGIGIAN SEKOLAH RENDAH,KLINIK PERGIGIAN SEKOLAH D/A SEKOLAH KEBANGSAAN RANTAU PANJANG,"JALAN GENTING, RANTAU PANJANG, 42100 KLANG, SELANGOR",,42100,,,,,3.067585,101.4113
5310,21-10040732,BUKA,AWAM,KKM,,SELANGOR,KLANG,KLINIK PERGIGIAN,KLINIK PERGIGIAN SEKOLAH RENDAH,KLINIK PERGIGIAN SEKOLAH D/A SEKOLAH JENIS KEBANGSAAN (CINA) KONG HOE,"54, JALAN BATU TIGA, 41300 KLANG, SELANGOR",,41300,,,,,3.047462,101.4527
5311,21-10040745,BUKA,AWAM,KKM,,SELANGOR,KLANG,KLINIK PERGIGIAN,KLINIK PERGIGIAN SEKOLAH MENENGAH,KLINIK PERGIGIAN SEKOLAH D/A KOLEJ ISLAM SULTAN ALAM SHAH,"41906 KLANG, SELANGOR",,41906,,,,,3.033388,101.4517
5312,21-10040760,BUKA,AWAM,KKM,,SELANGOR,KLANG,KLINIK PERGIGIAN,KLINIK PERGIGIAN SEKOLAH (PUSAT PERGIGIAN SEKOLAH),PUSAT PERGIGIAN SEKOLAH SIMPANG LIMA D/A SEKOLAH KEBANGSAAN (1) SIMPANG LIMA,"PERSIARAN RAJA MUDA MUSA, 41200 KLANG, SELANGOR",,41200,,,,,3.030573,101.4381
5314,91-10050209,BUKA,AWAM,KKM,,SELANGOR,KUALA LANGAT,PEJABAT KESIHATAN PERGIGIAN,PEJABAT KESIHATAN PERGIGIAN DAERAH,PEJABAT KESIHATAN PERGIGIAN DAERAH KUALA LANGAT,"TELOK PANGLIMA GARANG, 42500 KUALA LANGAT, SELANGOR",,42500,,,,,2.904025,101.4676
5315,21-10050217,BUKA,AWAM,KKM,,SELANGOR,KUALA LANGAT,KLINIK PERGIGIAN,KLINIK PERGIGIAN (STANDALONE),KLINIK PERGIGIAN BANTING,"42700 BANTING, SELANGOR",,42700,,,,,2.802523,101.4933
5316,21-10050076D,BUKA,AWAM,KKM,,SELANGOR,KUALA LANGAT,KLINIK PERGIGIAN,KLINIK PERGIGIAN DI KLINIK KESIHATAN,KLINIK PERGIGIAN DI KLINIK KESIHATAN TELUK PANGLIMA GARANG,"TELUK PANGLIMA GARANG, 42500 KUALA LANGAT, SELANGOR",,42500,,,,,2.90484,101.4674
5317,21-10050075D,BUKA,AWAM,KKM,,SELANGOR,KUALA LANGAT,KLINIK PERGIGIAN,KLINIK PERGIGIAN DI KLINIK KESIHATAN,KLINIK PERGIGIAN DI KLINIK KESIHATAN TELOK DATOK,"JALAN PEGAWAI, 42700 BANTING, KUALA LANGAT, SELANGOR",,42700,,,,,2.819332,101.5174
5318,21-10050074D,BUKA,AWAM,KKM,,SELANGOR,KUALA LANGAT,KLINIK PERGIGIAN,KLINIK PERGIGIAN DI KLINIK KESIHATAN,KLINIK PERGIGIAN DI KLINIK KESIHATAN TANJUNG SEPAT,"TANJONG SEPAT, BANTING,  42700 KUALA LANGAT, SELANGOR",,42700,,,,,2.665552,101.5515
5319,21-10050037D,BUKA,AWAM,KKM,,SELANGOR,KUALA LANGAT,KLINIK PERGIGIAN,KLINIK PERGIGIAN DI KLINIK KESIHATAN,KLINIK PERGIGIAN DI KLINIK KESIHATAN JENJAROM,"JENJAROM, KUALA LANGAT, JALAN BESAR, 42700 KUALA LANGAT, SELANGOR",,42700,,,,,2.878442,101.5004
5320,21-10050032D,BUKA,AWAM,KKM,,SELANGOR,KUALA LANGAT,KLINIK PERGIGIAN,KLINIK PERGIGIAN DI KLINIK KESIHATAN,KLINIK PERGIGIAN DI KLINIK KESIHATAN BUKIT CHANGGANG,"BUKIT CHANGGANG, BANTING, 42700 KUALA LANGAT, SELANGOR",,42700,,,,,2.827067,101.6207
5321,21-10050028D,BUKA,AWAM,KKM,,SELANGOR,KUALA LANGAT,KLINIK PERGIGIAN,KLINIK PERGIGIAN DI KLINIK KESIHATAN,KLINIK PERGIGIAN DI KLINIK KESIHATAN BANDAR,"JALAN KURAI, CHENDOI, BANTING, 42700 KUALA LANGAT, SELANGOR",,42700,,,,,2.851528,101.4442
5322,21-10050758,BUKA,AWAM,KKM,,SELANGOR,KUALA LANGAT,KLINIK PERGIGIAN,KLINIK PERGIGIAN SEKOLAH RENDAH,KLINIK PERGIGIAN SEKOLAH D/A SEKOLAH KEBANGSAAN SIJANGKANG,"KAMPUNG SIJANGKANG, TELOK PANGLIMA GARANG, 42500 KUALA LANGAT, SELANGOR",,42500,,,,,2.941201,101.4567
5323,21-10050757,BUKA,AWAM,KKM,,SELANGOR,KUALA LANGAT,KLINIK PERGIGIAN,KLINIK PERGIGIAN SEKOLAH RENDAH,KLINIK PERGIGIAN SEKOLAH D/A SEKOLAH KEBANGSAAN SRI LANGAT,"JALAN SULTAN ABDUL SAMAD, 42700 BANTING, KUALA LANGAT, SELANGOR",,42700,,,,,2.811302,101.4943
5324,91-10060210,BUKA,AWAM,KKM,,SELANGOR,KUALA SELANGOR,PEJABAT KESIHATAN PERGIGIAN,PEJABAT KESIHATAN PERGIGIAN DAERAH,PEJABAT KESIHATAN PERGIGIAN DAERAH KUALA SELANGOR,"KLINIK PERGIGIAN TANJONG KARANG, JALAN HOSPITAL 1, KOMPLEKS HOSPITAL TANJONG KARANG, BATU 4 1/2 , JALAN KLANG-SABAK BERNAM, 45500 TANJONG KARANG, SELANGOR",,45500,,,,,3.396571,101.2159
5325,21-10060218,BUKA,AWAM,KKM,,SELANGOR,KUALA SELANGOR,KLINIK PERGIGIAN,KLINIK PERGIGIAN (STANDALONE),KLINIK PERGIGIAN TANJONG KARANG,"JALAN HOSPITAL 1, KOMPLEKS HOSPITAL TANJONG KARANG, BATU 4 1/2 , JALAN KLANG-SABAK BERNAM, 45500 TANJONG KARANG, SELANGOR",,45500,,,,,3.396456,101.2159
5326,21-10060045D,BUKA,AWAM,KKM,,SELANGOR,KUALA SELANGOR,KLINIK PERGIGIAN,KLINIK PERGIGIAN DI KLINIK KESIHATAN,KLINIK PERGIGIAN DI KLINIK KESIHATAN KUALA SELANGOR,"JALAN KLINIK, 45000 KUALA SELANGOR, SELANGOR",,45000,,,,,3.336925,101.25
5327,21-10060038D,BUKA,AWAM,KKM,,SELANGOR,KUALA SELANGOR,KLINIK PERGIGIAN,KLINIK PERGIGIAN DI KLINIK KESIHATAN,KLINIK PERGIGIAN DI KLINIK KESIHATAN JERAM,"JALAN KLANG, 45800 JERAM, SELANGOR",,45800,,,,,3.233009,101.3151
5328,21-10060036D,BUKA,AWAM,KKM,,SELANGOR,KUALA SELANGOR,KLINIK PERGIGIAN,KLINIK PERGIGIAN DI KLINIK KESIHATAN,KLINIK PERGIGIAN DI KLINIK KESIHATAN IJOK,"JKR 1087, JALAN SIMPANG 3, 45600 IJOK, BESTARI JAYA, SELANGOR",,45600,,,,,3.317612,101.4145
5329,21-10060029D,BUKA,AWAM,KKM,,SELANGOR,KUALA SELANGOR,KLINIK PERGIGIAN,KLINIK PERGIGIAN DI KLINIK KESIHATAN,KLINIK PERGIGIAN DI KLINIK KESIHATAN BESTARI JAYA,"LOT 1867, JALAN KAMPUNG, 45600 BESTARI JAYA, SELANGOR",,45600,,,,,3.379682,101.4071
5330,11-10060020D,BUKA,AWAM,KKM,,SELANGOR,KUALA SELANGOR,KLINIK PERGIGIAN,KLINIK PERGIGIAN DI HOSPITAL,KLINIK PERGIGIAN DI HOSPITAL TANJONG KARANG,"KM 8, JALAN SUNGAI TERAP 5, TANJONG KARANG, 45500 KUALA SELANGOR, SELANGOR",,45500,,,,,3.395976,101.2165
5331,21-10060746,BUKA,AWAM,KKM,,SELANGOR,KUALA SELANGOR,KLINIK PERGIGIAN,KLINIK PERGIGIAN SEKOLAH RENDAH,KLINIK PERGIGIAN SEKOLAH D/A SEKOLAH KEBANGSAAN DATOâ€™ MAHARAJALELA,"JALAN PARIT OMAR, KAMPUNG BUKIT CHERAKA, 45800 JERAM, SELANGOR",,45800,,,,,3.271831,101.3523
5332,91-10070215,BUKA,AWAM,KKM,,SELANGOR,PETALING,PEJABAT KESIHATAN PERGIGIAN,PEJABAT KESIHATAN PERGIGIAN DAERAH,PEJABAT KESIHATAN PERGIGIAN DAERAH PETALING,"LOT F-17 & F-18, TINGKAT 1, PUSAT KOMERSIAL IDEAL CONVENTION CENTRE (IDCC), JALAN PAHAT L 15/L, SEKSYEN 15, 40200 SHAH ALAM, SELANGOR",,40200,,,,,3.0663,101.5281
5333,21-10070767D,BUKA,AWAM,KKM,,SELANGOR,PETALING,KLINIK PERGIGIAN,KLINIK PERGIGIAN DI KLINIK KESIHATAN,KLINIK PERGIGIAN DI KLINIK KESIHATAN KOTA DAMANSARA,"NO.58, ARAS 3, JLN PEKAKA 8/3, SEKSYEN 8, KOTA DAMANSARA, 47810 PETALING JAYA, SELANGOR",,47810,,,,,3.176522,101.5757
5334,21-10070248D,BUKA,AWAM,KKM,,SELANGOR,PETALING,KLINIK PERGIGIAN,KLINIK PERGIGIAN DI KLINIK KESIHATAN,KLINIK PERGIGIAN DI KLINIK KESIHATAN SEKSYEN 19 SHAH ALAM,"JALAN GELORA 19/46, SEKSYEN 19, 40300 SHAH ALAM, SELANGOR",,40300,,,,,3.049774,101.5329
5335,21-10070206D,BUKA,AWAM,KKM,,SELANGOR,PETALING,KLINIK PERGIGIAN,KLINIK PERGIGIAN DI KLINIK KESIHATAN,KLINIK PERGIGIAN DI KLINIK KESIHATAN TAMAN MEDAN,"JALAN PJS 2C/5, TAMAN DATO' HARUN, 46000 PETALING JAYA, SELANGOR",,46000,,,,,3.079157,101.6345
5336,21-10070088D,BUKA,AWAM,KKM,,SELANGOR,PETALING,KLINIK PERGIGIAN,KLINIK PERGIGIAN DI KLINIK KESIHATAN,KLINIK PERGIGIAN DI KLINIK KESIHATAN PUCHONG BATU 14,"47100 PUCHONG, SELANGOR.",,47100,,,,,2.994081,101.6197
5337,21-10070063D,BUKA,AWAM,KKM,,SELANGOR,PETALING,KLINIK PERGIGIAN,KLINIK PERGIGIAN DI KLINIK KESIHATAN,KLINIK PERGIGIAN DI KLINIK KESIHATAN SEKSYEN 7,"NO. 2, PERSIARAN KAYANGAN, SEKSYEN 7, 40000 SHAH ALAM, SELANGOR",,40000,,,,,3.07215,101.4911
5338,21-10070062D,BUKA,AWAM,KKM,,SELANGOR,PETALING,KLINIK PERGIGIAN,KLINIK PERGIGIAN DI KLINIK KESIHATAN,KLINIK PERGIGIAN DI KLINIK KESIHATAN SERI KEMBANGAN,"JALAN BESAR, SERI KEMBANGAN, 43300 PETALING, SELANGOR",,43300,,,,,3.027626,101.7116
5339,21-10070043D,BUKA,AWAM,KKM,,SELANGOR,PETALING,KLINIK PERGIGIAN,KLINIK PERGIGIAN DI KLINIK KESIHATAN,KLINIK PERGIGIAN DI KLINIK KESIHATAN KELANA JAYA,"JALAN SS6/3A, KELANA JAYA, 47301 PETALING JAYA, SELANGOR.",,47301,,,,,3.099153,101.6005
5340,11-10070294D,BUKA,AWAM,KKM,,SELANGOR,PETALING,KLINIK PERGIGIAN,KLINIK PERGIGIAN DI HOSPITAL,KLINIK PERGIGIAN DI HOSPITAL SHAH ALAM,"PERSIARAN KAYANGAN, SEKYSEN 7, 40000 SHAH ALAM, SELANGOR",,40000,,,,,3.071163,101.4899
5341,21-10070759,BUKA,AWAM,KKM,,SELANGOR,PETALING,KLINIK PERGIGIAN,KLINIK PERGIGIAN SEKOLAH RENDAH,KLINIK PERGIGIAN SEKOLAH D/A SEKOLAH KEBANGSAAN SUBANG JAYA,"JALAN SS 14/5, 47500 SUBANG JAYA, SELANGOR",,47500,,,,,3.068821,101.5884
5342,21-10070755,BUKA,AWAM,KKM,,SELANGOR,PETALING,KLINIK PERGIGIAN,KLINIK PERGIGIAN SEKOLAH RENDAH,KLINIK PERGIGIAN SEKOLAH D/A SEKOLAH KEBANGSAAN KAMPUNG TUNKU,"JALAN SS 1/11, 47300 PETALING JAYA, SELANGOR",,47300,,,,,3.098999,101.6199
5343,21-10070754,BUKA,AWAM,KKM,,SELANGOR,PETALING,KLINIK PERGIGIAN,KLINIK PERGIGIAN SEKOLAH RENDAH,KLINIK PERGIGIAN SEKOLAH D/A SEKOLAH KEBANGSAAN JALAN SELANGOR (SATU),"JALAN PADANG 4/48, JALAN SELANGOR, 46050 PETALING JAYA, SELANGOR",,46050,,,,,3.091416,101.645
5344,21-10070749,BUKA,AWAM,KKM,,SELANGOR,PETALING,KLINIK PERGIGIAN,KLINIK PERGIGIAN SEKOLAH RENDAH,KLINIK PERGIGIAN SEKOLAH D/A SEKOLAH JENIS KEBANGSAAN (CINA) PUAY CHAI,"JALAN SS 2/54, 47300 PETALING JAYA, SELANGOR",,47300,,,,,3.117002,101.6256
5345,21-10070744,BUKA,AWAM,KKM,,SELANGOR,PETALING,KLINIK PERGIGIAN,KLINIK PERGIGIAN SEKOLAH RENDAH,KLINIK PERGIGIAN SEKOLAH D/A SEKOLAH KEBANGSAAN SS 19 SUBANG JAYA,"JALAN SS 19/6, 47500 SUBANG JAYA, SELANGOR",,47500,,,,,3.066188,101.5766
5346,21-10070739,BUKA,AWAM,KKM,,SELANGOR,PETALING,KLINIK PERGIGIAN,KLINIK PERGIGIAN SEKOLAH RENDAH,KLINIK PERGIGIAN SEKOLAH D/A SEKOLAH KEBANGSAAN SRI PETALING,"JALAN 12/15, 46200 PETALING JAYA, SELANGOR",,46200,,,,,3.109014,101.6399
5347,21-10070737,BUKA,AWAM,KKM,,SELANGOR,PETALING,KLINIK PERGIGIAN,KLINIK PERGIGIAN SEKOLAH RENDAH,KLINIK PERGIGIAN SEKOLAH D/A SEKOLAH KEBANGSAAN METHODIST PETALING JAYA,"JALAN 5/37, 46000 PETALING JAYA, SELANGOR",,46000,,,,,3.110395,101.6559
5348,21-10070736,BUKA,AWAM,KKM,,SELANGOR,PETALING,KLINIK PERGIGIAN,KLINIK PERGIGIAN SEKOLAH RENDAH,KLINIK PERGIGIAN SEKOLAH D/A SEKOLAH KEBANGSAAN LA SALLE PETALING JAYA,"JALAN GASING, 46000 PETALING JAYA, SELANGOR",,46000,,,,,3.100639,101.6544
5349,21-10070735,BUKA,AWAM,KKM,,SELANGOR,PETALING,KLINIK PERGIGIAN,KLINIK PERGIGIAN SEKOLAH RENDAH,KLINIK PERGIGIAN SEKOLAH D/A SEKOLAH KEBANGSAAN ASSUNTA SATU,"JALAN ASSUNTA, 46050 PETALING JAYA, SELANGOR",,46050,,,,,3.093009,101.6448
5350,21-10070734,BUKA,AWAM,KKM,,SELANGOR,PETALING,KLINIK PERGIGIAN,KLINIK PERGIGIAN SEKOLAH RENDAH,KLINIK PERGIGIAN SEKOLAH D/A SEKOLAH JENIS KEBANGSAAN (CINA) SERDANG BARU (1),"JALAN SEKOLAH, 43300 SERI KEMBANGAN, SELANGOR",,43300,,,,,3.025194,101.7007
5351,21-10070733,BUKA,AWAM,KKM,,SELANGOR,PETALING,KLINIK PERGIGIAN,KLINIK PERGIGIAN SEKOLAH RENDAH,KLINIK PERGIGIAN SEKOLAH D/A SEKOLAH JENIS KEBANGSAAN (CINA) CHEN MOH,"JALAN 2/32, 46000 PETALING JAYA, SELANGOR",,46000,,,,,3.084805,101.6442
5352,21-10070730,BUKA,AWAM,KKM,,SELANGOR,PETALING,KLINIK PERGIGIAN,KLINIK PERGIGIAN SEKOLAH RENDAH,KLINIK PERGIGIAN SEKOLAH D/A SEKOLAH KEBANGSAAN SEKSYEN 9 SHAH ALAM,"JALAN TENGKU AMPUAN RAHIMAH 9/20, 40100 SHAH ALAM, SELANGOR",,40100,,,,,3.087831,101.5216
5353,21-10070729,BUKA,AWAM,KKM,,SELANGOR,PETALING,KLINIK PERGIGIAN,KLINIK PERGIGIAN SEKOLAH RENDAH,KLINIK PERGIGIAN SEKOLAH D/A SEKOLAH KEBANGSAAN PUCHONG,"JALAN MASJID BATU 14, 47100 PUCHONG, SELANGOR",,47100,,,,,2.99595,101.6242
5354,21-10070731,BUKA,AWAM,KKM,,SELANGOR,PETALING,KLINIK PERGIGIAN,KLINIK PERGIGIAN SEKOLAH MENENGAH,KLINIK PERGIGIAN SEKOLAH D/A SEKOLAH MENENGAH KEBANGSAAN ASSUNTA,"46000 PETALING JAYA, SELANGOR",,46000,,,,,3.10046,101.6504
5356,21-10070771D,BUKA,AWAM,KKM,,SELANGOR,PETALING,KLINIK PERGIGIAN,KLINIK PERGIGIAN DI UTC,KLINIK PERGIGIAN DI KLINIK KESIHATAN UTC SELANGOR,"LOT G, ANGGERIK MALL, JALAN 14/7, SEKSYEN 14, 40000 SHAH ALAM, SELANGOR",,40000,,,,,3.071169,101.5199
5358,91-10080207,BUKA,AWAM,KKM,,SELANGOR,SABAK BERNAM,PEJABAT KESIHATAN PERGIGIAN,PEJABAT KESIHATAN PERGIGIAN DAERAH,PEJABAT KESIHATAN PERGIGIAN DAERAH SABAK BERNAM,"45300 SUNGAI BESAR, SELANGOR",,45300,,,,,3.675904,100.9883
5359,21-10080761D,BUKA,AWAM,KKM,,SELANGOR,SABAK BERNAM,KLINIK PERGIGIAN,KLINIK PERGIGIAN DI KLINIK KESIHATAN,KLINIK PERGIGIAN DI KLINIK KESIHATAN SIMPANG 5,"JALAN KLANG, 45300 SG.BESAR, SELANGOR",,45300,,,,,3.62645,101.0517
5360,21-10080295D,BUKA,AWAM,KKM,,SELANGOR,SABAK BERNAM,KLINIK PERGIGIAN,KLINIK PERGIGIAN DI KLINIK KESIHATAN,KLINIK PERGIGIAN DI KLINIK KESIHATAN SABAK BERNAM,"JALAN RAJA CHULAN, 45200 SABAK BERNAM, SELANGOR",,45200,,,,,3.770422,100.9857
5361,21-10080067D,BUKA,AWAM,KKM,,SELANGOR,SABAK BERNAM,KLINIK PERGIGIAN,KLINIK PERGIGIAN DI KLINIK KESIHATAN,KLINIK PERGIGIAN DI KLINIK KESIHATAN SUNGAI BESAR,"JALAN SUNGAI LIMAU, 45300 SUNGAI BESAR, SELANGOR",,45300,,,,,3.675988,100.9889
5362,21-10080066D,BUKA,AWAM,KKM,,SELANGOR,SABAK BERNAM,KLINIK PERGIGIAN,KLINIK PERGIGIAN DI KLINIK KESIHATAN,KLINIK PERGIGIAN DI KLINIK KESIHATAN SUNGAI AIR TAWAR,"JALAN BESAR SUNGAI AIR TAWAR, 45100 SUNGAI AYER TAWAR, SABAK BERNAM, SELANGOR",,45100,,,,,3.840235,100.8983
5363,21-10080058D,BUKA,AWAM,KKM,,SELANGOR,SABAK BERNAM,KLINIK PERGIGIAN,KLINIK PERGIGIAN DI KLINIK KESIHATAN,KLINIK PERGIGIAN DI KLINIK KESIHATAN SEKINCHAN,"JALAN PEKAN, 45400 SEKINCHAN, SELANGOR",,45400,,,,,3.509767,101.1024
5364,21-10080049D,BUKA,AWAM,KKM,,SELANGOR,SABAK BERNAM,KLINIK PERGIGIAN,KLINIK PERGIGIAN DI KLINIK KESIHATAN,KLINIK PERGIGIAN DI KLINIK KESIHATAN PARIT BARU,"JALAN MASJID, 45100 PARIT BARU, SELANGOR",,45100,,,,,3.816796,100.8435
5365,21-10080027D,BUKA,AWAM,KKM,,SELANGOR,SABAK BERNAM,KLINIK PERGIGIAN,KLINIK PERGIGIAN DI KLINIK KESIHATAN,KLINIK PERGIGIAN DI KLINIK KESIHATAN BAGAN TERAP,"JALAN BAGAN TERAP, 45300 SUNGAI BESAR, SELANGOR",,45300,,,,,3.751141,101.057
5366,91-10090211,BUKA,AWAM,KKM,,SELANGOR,SEPANG,PEJABAT KESIHATAN PERGIGIAN,PEJABAT KESIHATAN PERGIGIAN DAERAH,PEJABAT KESIHATAN PERGIGIAN DAERAH SEPANG,"JALAN SALAK, 43900 SALAK, SEPANG, SELANGOR",,43900,,,,,2.789574,101.7491
5367,21-10090069D,BUKA,AWAM,KKM,,SELANGOR,SEPANG,KLINIK PERGIGIAN,KLINIK PERGIGIAN DI KLINIK KESIHATAN,KLINIK PERGIGIAN DI KLINIK KESIHATAN SUNGAI PELEK,"436, JALAN SG. PELEK, 43950 SG PELEK SEPANG, SELANGOR",,43950,,,,,2.644635,101.7185
5368,21-10090057D,BUKA,AWAM,KKM,,SELANGOR,SEPANG,KLINIK PERGIGIAN,KLINIK PERGIGIAN DI KLINIK KESIHATAN,KLINIK PERGIGIAN DI KLINIK KESIHATAN SALAK,"JALAN SALAK, 43900 SALAK, SELANGOR",,43900,,,,,2.789617,101.7492
5369,21-10090034D,BUKA,AWAM,KKM,,SELANGOR,SEPANG,KLINIK PERGIGIAN,KLINIK PERGIGIAN DI KLINIK KESIHATAN,KLINIK PERGIGIAN DI KLINIK KESIHATAN DENGKIL,"BATU 30, JALAN KAJANG, 43800 DENGKIL, SELANGOR",,43800,,,,,2.859256,101.6818
5370,21-10072301D,BUKA,AWAM,KKM,,SELANGOR,SEPANG,KLINIK PERGIGIAN,KLINIK PERGIGIAN DI KLINIK KESIHATAN,KLINIK PERGIGIAN DI KLINIK KESIHATAN CYBERJAYA,"PERSIARAN MULTIMEDIA CYBER 11, CYBERJAYA, 63000 SEPANG, SELANGOR",,63000,,,,,2.921153,101.6324
5371,11-10090018D,BUKA,AWAM,KKM,,SELANGOR,SEPANG,KLINIK PERGIGIAN,KLINIK PERGIGIAN DI HOSPITAL,KLINIK PERGIGIAN DI HOSPITAL SULTAN IDRIS SHAH,"JALAN PUCHONG, KAJANG, 43000 SEPANG, SELANGOR",,43000,,,,,2.976462,101.72
5372,11-10072300D,BUKA,AWAM,KKM,,SELANGOR,SEPANG,KLINIK PERGIGIAN,KLINIK PERGIGIAN DI HOSPITAL,KLINIK PERGIGIAN DI HOSPITAL CYBERJAYA,"PERSIARAN SEPANG, CYBER 11, 63000 CYBERJAYA, SELANGOR",,63000,,,,,2.919559,101.631
5373,91-10020212,BUKA,AWAM,KKM,,SELANGOR,ULU LANGAT,PEJABAT KESIHATAN PERGIGIAN,PEJABAT KESIHATAN PERGIGIAN DAERAH,PEJABAT KESIHATAN PERGIGIAN DAERAH HULU LANGAT,"NO 1G, M & 2M, JALAN HENTIAN KAJANG 1B, PUSAT HENTIAN KAJANG, JALAN REKO, 43000 KAJANG, SELANGOR",,43000,,,,,2.966968,101.7902
5374,21-10020769D,BUKA,AWAM,KKM,,SELANGOR,ULU LANGAT,KLINIK PERGIGIAN,KLINIK PERGIGIAN DI KLINIK KESIHATAN,KLINIK PERGIGIAN DI KLINIK KESIHATAN BANDAR TUN HUSSEIN ONN,"JALAN SUADAMAI, BANDAR TUN HUSSEIN ONN, 43200 CHERAS, SELANGOR",,43200,,,,,3.054727,101.7566
5375,21-10020252D,BUKA,AWAM,KKM,,SELANGOR,ULU LANGAT,KLINIK PERGIGIAN,KLINIK PERGIGIAN DI KLINIK KESIHATAN,KLINIK PERGIGIAN DI KLINIK KESIHATAN SUNGAI CHUA,"KAWASAN PERINDUSTRIAN SUNGAI CHUA, SUNGAI RAMAL LUAR, 43000 KAJANG, SELANGOR",,43000,,,,,2.98587,101.7714
5376,21-10020247D,BUKA,AWAM,KKM,,SELANGOR,ULU LANGAT,KLINIK PERGIGIAN,KLINIK PERGIGIAN DI KLINIK KESIHATAN,KLINIK PERGIGIAN DI KLINIK KESIHATAN BANDAR SRI PUTRA,"JALAN 1/9, BANDAR SERI PUTRA, 43000 KAJANG, HULU LANGAT, SELANGOR",,43000,,,,,2.888208,101.7925
5377,21-10020232D,BUKA,AWAM,KKM,,SELANGOR,ULU LANGAT,KLINIK PERGIGIAN,KLINIK PERGIGIAN DI KLINIK KESIHATAN,KLINIK PERGIGIAN DI KLINIK KESIHATAN TAMAN NIRWANA,"KAMPUNG PANDAN, HULU LANGAT, 55100 HULU LANGAT, SELANGOR",,55100,,,,,3.145744,101.7506
5378,21-10020220D,BUKA,AWAM,KKM,,SELANGOR,ULU LANGAT,KLINIK PERGIGIAN,KLINIK PERGIGIAN DI KLINIK KESIHATAN,KLINIK PERGIGIAN DI KLINIK KESIHATAN BANDAR BARU BANGI,"PERSIARAN PEKELILING SEKSYEN 3, 43650 BANDAR BARU BANGI, SELANGOR",,43650,,,,,2.935446,101.7738
5379,21-10020219D,BUKA,AWAM,KKM,,SELANGOR,ULU LANGAT,KLINIK PERGIGIAN,KLINIK PERGIGIAN DI KLINIK KESIHATAN,KLINIK PERGIGIAN DI KLINIK KESIHATAN BATU 9 CHERAS,"BATU 9, CHERAS, 43200 HULU LANGAT, SELANGOR",,43200,,,,,3.069281,101.7746
5380,21-10020060D,BUKA,AWAM,KKM,,SELANGOR,ULU LANGAT,KLINIK PERGIGIAN,KLINIK PERGIGIAN DI KLINIK KESIHATAN,KLINIK PERGIGIAN DI KLINIK KESIHATAN SEMENYIH,"KAMPUNG BARU CINA, 43500 SEMENYIH, SELANGOR",,43500,,,,,2.951725,101.8404
5381,21-10020039D,BUKA,AWAM,KKM,,SELANGOR,ULU LANGAT,KLINIK PERGIGIAN,KLINIK PERGIGIAN DI KLINIK KESIHATAN,KLINIK PERGIGIAN DI KLINIK KESIHATAN KAJANG,"JALAN SEMENYIH, 43000 KAJANG, HULU LANGAT SELANGOR",,43000,,,,,2.978539,101.8258
5382,21-10020035D,BUKA,AWAM,KKM,,SELANGOR,ULU LANGAT,KLINIK PERGIGIAN,KLINIK PERGIGIAN DI KLINIK KESIHATAN,KLINIK PERGIGIAN DI KLINIK KESIHATAN BATU 14,"BATU 14, 43200 HULU LANGAT, SELANGOR",,43200,,,,,3.111367,101.8149
5383,21-10020031D,BUKA,AWAM,KKM,,SELANGOR,ULU LANGAT,KLINIK PERGIGIAN,KLINIK PERGIGIAN DI KLINIK KESIHATAN,KLINIK PERGIGIAN DI KLINIK KESIHATAN BERANANG,"JALAN BESAR BERANANG, 43700 BERANANG, SELANGOR",,43700,,,,,2.88807,101.8713
5384,21-10020025D,BUKA,AWAM,KKM,,SELANGOR,ULU LANGAT,KLINIK PERGIGIAN,KLINIK PERGIGIAN DI KLINIK KESIHATAN,KLINIK PERGIGIAN DI KLINIK KESIHATAN AMPANG,"JALAN MEWAH 3, TAMAN AMPANG MEWAH, PEKAN AMPANG, 68000 AMPANG, SELANGOR",,68000,,,,,3.14515,101.7614
5385,11-10020022D,BUKA,AWAM,KKM,,SELANGOR,ULU LANGAT,KLINIK PERGIGIAN,KLINIK PERGIGIAN DI HOSPITAL,KLINIK PERGIGIAN DI HOSPITAL AMPANG,"JALAN MEWAH UTARA, PANDAN MEWAH, 68000 AMPANG, SELANGOR",,68000,,,,,3.128064,101.7635
5386,11-10020015D,BUKA,AWAM,KKM,,SELANGOR,ULU LANGAT,KLINIK PERGIGIAN,KLINIK PERGIGIAN DI HOSPITAL,KLINIK PERGIGIAN DI HOSPITAL TENGKU PERMAISURI NORASHIKIN,"JALAN SEMENYIH, 43000 KAJANG, SELANGOR",,43000,,,,,2.991993,101.7989
5387,21-10020728,BUKA,AWAM,KKM,,SELANGOR,ULU LANGAT,KLINIK PERGIGIAN,KLINIK PERGIGIAN SEKOLAH RENDAH,KLINIK PERGIGIAN SEKOLAH D/A SEKOLAH KEBANGSAAN BANDAR BARU BANGI,"JALAN 2/1, SEKSYEN 2, 43650 BANDAR BARU BANGI, SELANGOR",,43650,,,,,2.946704,101.7713
5388,21-10020727,BUKA,AWAM,KKM,,SELANGOR,ULU LANGAT,KLINIK PERGIGIAN,KLINIK PERGIGIAN SEKOLAH RENDAH,KLINIK PERGIGIAN SEKOLAH D/A SEKOLAH JENIS KEBANGSAAN (CINA) YU HWA,"JALAN LOW TI KOK, KAJANG 43000, SELANGOR",,43000,,,,,2.996153,101.7907
5389,21-10020726,BUKA,AWAM,KKM,,SELANGOR,ULU LANGAT,KLINIK PERGIGIAN,KLINIK PERGIGIAN SEKOLAH RENDAH,KLINIK PERGIGIAN SEKOLAH D/A SEKOLAH JENIS KEBANGSAAN (CINA) SUNGAI CHUA,"JALAN SEKOLAH, KAMPUNG BARU SUNGAI CHUA, 43000 KAJANG, SELANGOR",,43000,,,,,2.990599,101.7743
5390,21-10020725,BUKA,AWAM,KKM,,SELANGOR,ULU LANGAT,KLINIK PERGIGIAN,KLINIK PERGIGIAN SEKOLAH RENDAH,KLINIK PERGIGIAN SEKOLAH D/A SEKOLAH JENIS KEBANGSAAN (CINA) ON PONG,"LOT 6, JALAN BESAR, 68000 AMPANG, SELANGOR",,68000,,,,,3.14649,101.7616
5391,21-10020724,BUKA,AWAM,KKM,,SELANGOR,ULU LANGAT,KLINIK PERGIGIAN,KLINIK PERGIGIAN SEKOLAH RENDAH,KLINIK PERGIGIAN SEKOLAH D/A SEKOLAH JENIS KEBANGSAAN (CINA) KAMPUNG BARU AMPANG,"JALAN WAWASAN MERDEKA, 68000 AMPANG, SELANGOR",,68000,,,,,3.145726,101.767
5392,21-10020723,BUKA,AWAM,KKM,,SELANGOR,ULU LANGAT,KLINIK PERGIGIAN,KLINIK PERGIGIAN SEKOLAH RENDAH,KLINIK PERGIGIAN SEKOLAH D/A SEKOLAH KEBANGSAAN TAMAN NIRWANA,"JALAN NIRWANA 13, TAMAN NIRWANA, 68000 AMPANG HULU LANGAT, SELANGOR",,68000,,,,,3.142993,101.7517
5393,21-10020722,BUKA,AWAM,KKM,,SELANGOR,ULU LANGAT,KLINIK PERGIGIAN,KLINIK PERGIGIAN SEKOLAH RENDAH,KLINIK PERGIGIAN SEKOLAH D/A SEKOLAH KEBANGSAAN TAMAN KOSAS,"JALAN KOSAS 3/9, TAMAN KOSAS, 68000 AMPANG, SELANGOR",,68000,,,,,3.148076,101.7738
5394,21-10020721,BUKA,AWAM,KKM,,SELANGOR,ULU LANGAT,KLINIK PERGIGIAN,KLINIK PERGIGIAN SEKOLAH RENDAH,KLINIK PERGIGIAN SEKOLAH D/A SEKOLAH KEBANGSAAN TAMAN CEUPAC,"BATU 9, 43200 CHERAS, SELANGOR",,43200,,,,,3.078541,101.7591
5395,21-10020720,BUKA,AWAM,KKM,,SELANGOR,ULU LANGAT,KLINIK PERGIGIAN,KLINIK PERGIGIAN SEKOLAH MENENGAH,KLINIK PERGIGIAN SEKOLAH D/A SEKOLAH MENENGAH KEBANGSAAN TAMAN TASIK,"68000 AMPANG, SELANGOR",,68000,,,,,3.125896,101.7728
5396,91-10030214,BUKA,AWAM,KKM,,SELANGOR,ULU SELANGOR,PEJABAT KESIHATAN PERGIGIAN,PEJABAT KESIHATAN PERGIGIAN DAERAH,PEJABAT KESIHATAN PERGIGIAN DAERAH HULU SELANGOR,"KLINIK PERGIGIAN KERAJAAN, KUALA KUBU BHARU, JALAN PADANG TEMBAK, 44000 KUALA KUBU BHARU, SELANGOR",,44000,,,,,3.56787,101.6611
5397,21-10092303D,BUKA,AWAM,KKM,,SELANGOR,ULU SELANGOR,KLINIK PERGIGIAN,KLINIK PERGIGIAN DI KLINIK KESIHATAN,KLINIK PERGIGIAN DI KLINIK KESIHATAN HULU BERNAM,"KLINIK KESIHATAN HULU BERNAM, HULU BERNAM, 35900 HULU SELANGOR, SELANGOR",,35900,,,,,3.670866,101.5263
5398,21-10030077D,BUKA,AWAM,KKM,,SELANGOR,ULU SELANGOR,KLINIK PERGIGIAN,KLINIK PERGIGIAN DI KLINIK KESIHATAN,KLINIK PERGIGIAN DI KLINIK KESIHATAN ULU YAM BARU,"JALAN BESAR, HULU YAM BHARU, BATANG KALI, 44300 HULU SELANGOR, SELANGOR",,44300,,,,,3.434854,101.6565
5399,21-10030070D,BUKA,AWAM,KKM,,SELANGOR,ULU SELANGOR,KLINIK PERGIGIAN,KLINIK PERGIGIAN DI KLINIK KESIHATAN,KLINIK PERGIGIAN DI KLINIK KESIHATAN SELISEK,"JKR 585, HULU SELANGO, 44020 HULU SELANGOR, SELANGOR",,44020,,,,,3.73355,101.4454
5400,21-10030065D,BUKA,AWAM,KKM,,SELANGOR,ULU SELANGOR,KLINIK PERGIGIAN,KLINIK PERGIGIAN DI KLINIK KESIHATAN,KLINIK PERGIGIAN DI KLINIK KESIHATAN KAMPUNG SOEHARTO,"JALAN SEKOLAH, FELDA KAMPUNG SOEHARTO, 44010 HULU SELANGOR, SELANGOR",,44010,,,,,3.682678,101.3895
5401,21-10030061D,BUKA,AWAM,KKM,,SELANGOR,ULU SELANGOR,KLINIK PERGIGIAN,KLINIK PERGIGIAN DI KLINIK KESIHATAN,KLINIK PERGIGIAN DI KLINIK KESIHATAN SERENDAH,"48200 SERENDAH, SELANGOR",,48200,,,,,3.362339,101.6027
5402,21-10030054D,BUKA,AWAM,KKM,,SELANGOR,ULU SELANGOR,KLINIK PERGIGIAN,KLINIK PERGIGIAN DI KLINIK KESIHATAN,KLINIK PERGIGIAN DI KLINIK KESIHATAN RASA,"554, 44200 PEKAN RASA, HULU SELANGOR",,44200,,,,,3.497711,101.6362
5403,21-10030040D,BUKA,AWAM,KKM,,SELANGOR,ULU SELANGOR,KLINIK PERGIGIAN,KLINIK PERGIGIAN DI KLINIK KESIHATAN,KLINIK PERGIGIAN DI KLINIK KESIHATAN KALUMPANG,"JKR 539, KALUMPANG, 44100 HULU SELANGOR",,44100,,,,,3.636851,101.573
5404,21-10030205D,BUKA,AWAM,KKM,,SELANGOR,ULU SELANGOR,KLINIK PERGIGIAN,KLINIK PERGIGIAN DI KLINIK KESIHATAN IBU DAN ANAK (KKIA),KLINIK PERGIGIAN DI KLINIK KESIHATAN IBU DAN ANAK KUALA KUBU BARU,"JALAN KOLAM AIR,  KUALA KUBU BARU, 44000 HULU SELANGOR, SELANGOR",,44000,,,,,3.567778,101.6612
5405,21-10030719,BUKA,AWAM,KKM,,SELANGOR,ULU SELANGOR,KLINIK PERGIGIAN,KLINIK PERGIGIAN SEKOLAH RENDAH,KLINIK PERGIGIAN SEKOLAH D/A SEKOLAH KEBANGSAAN KUALA KUBU BHARU,"JALAN SEKOLAH, 44000 KUALA KUBU BHARU, HULU SELANGOR, SELANGOR",,44000,,,,,3.563652,101.6525
5406,91-11010192,BUKA,AWAM,KKM,,TERENGGANU,BESUT,PEJABAT KESIHATAN PERGIGIAN,PEJABAT KESIHATAN PERGIGIAN DAERAH,PEJABAT KESIHATAN PERGIGIAN DAERAH BESUT,"KLINIK PERGIGIAN JERTEH, HOSPITAL BESUT, 22000 JERTEH, TERENGGANU",,22000,,,,,5.729892,102.4921
5407,21-11010195,BUKA,AWAM,KKM,,TERENGGANU,BESUT,KLINIK PERGIGIAN,KLINIK PERGIGIAN (STANDALONE),KLINIK PERGIGIAN KAMPUNG RAJA,"22200 BESUT, TERENGGANU",,22200,,,,,5.791475,102.5705
5408,21-11010224D,BUKA,AWAM,KKM,,TERENGGANU,BESUT,KLINIK PERGIGIAN,KLINIK PERGIGIAN DI KLINIK KESIHATAN,KLINIK PERGIGIAN DI KLINIK KESIHATAN PADANG LUAS,"22000, JERTEH BESUT, TERENGGANU",,22000,,,,,5.742895,102.4767
5409,21-11010051D,BUKA,AWAM,KKM,,TERENGGANU,BESUT,KLINIK PERGIGIAN,KLINIK PERGIGIAN DI KLINIK KESIHATAN,KLINIK PERGIGIAN DI KLINIK KESIHATAN SRI MEDANG,"LOT 2017, JALAN TEMBILA, 22200 BESUT, TERENGGANU",,22200,,,,,5.763111,102.5977
5410,21-11010046D,BUKA,AWAM,KKM,,TERENGGANU,BESUT,KLINIK PERGIGIAN,KLINIK PERGIGIAN DI KLINIK KESIHATAN,KLINIK PERGIGIAN DI KLINIK KESIHATAN PASIR AKAR,"PT 2345, JALAN PASIR AKAR, 22000 BESUT, TERENGGANU",,22000,,,,,5.637951,102.5045
5411,21-11010039D,BUKA,AWAM,KKM,,TERENGGANU,BESUT,KLINIK PERGIGIAN,KLINIK PERGIGIAN DI KLINIK KESIHATAN,KLINIK PERGIGIAN DI KLINIK KESIHATAN KUALA BESUT,"LOT 1415, JALAN SEMARAK, 22300 BESUT, TERENGGANU",,22300,,,,,5.833862,102.5407
5412,21-11010035D,BUKA,AWAM,KKM,,TERENGGANU,BESUT,KLINIK PERGIGIAN,KLINIK PERGIGIAN DI KLINIK KESIHATAN,KLINIK PERGIGIAN DI KLINIK KESIHATAN KOTA PUTERA,"LOT 763, JALAN JERTEH, JERTEH 22200, BESUT, TERENGGANU",,22200,,,,,5.782102,102.5561
5413,21-11010028D,BUKA,AWAM,KKM,,TERENGGANU,BESUT,KLINIK PERGIGIAN,KLINIK PERGIGIAN DI KLINIK KESIHATAN,KLINIK PERGIGIAN DI KLINIK KESIHATAN JABI,"22100 BESUT, TERENGGANU",,22100,,,,,5.672702,102.5865
5414,11-11010010D,BUKA,AWAM,KKM,,TERENGGANU,BESUT,KLINIK PERGIGIAN,KLINIK PERGIGIAN DI HOSPITAL,KLINIK PERGIGIAN DI HOSPITAL BESUT,"JALAN PASIR AKAR, 22000 BESUT, TERENGGANU",,22000,,,,,5.729892,102.4921
5415,21-11010272,BUKA,AWAM,KKM,,TERENGGANU,BESUT,KLINIK PERGIGIAN,KLINIK PERGIGIAN SEKOLAH RENDAH,KLINIK PERGIGIAN SEKOLAH D/A SEKOLAH KEBANGSAAN TENGKU MAHMUD,"ALUR LINTANG, 22200 BESUT, TERENGGANU",,22200,,,,,5.773359,102.5522
5416,21-11010269,BUKA,AWAM,KKM,,TERENGGANU,BESUT,KLINIK PERGIGIAN,KLINIK PERGIGIAN SEKOLAH RENDAH,KLINIK PERGIGIAN SEKOLAH D/A SEKOLAH KEBANGSAAN PUSAT JERTEH,"JERTEH, 22000 BESUT, TERENGGANU",,22000,,,,,5.734311,102.5042
5417,21-11010268,BUKA,AWAM,KKM,,TERENGGANU,BESUT,KLINIK PERGIGIAN,KLINIK PERGIGIAN SEKOLAH RENDAH,KLINIK PERGIGIAN SEKOLAH D/A SEKOLAH KEBANGSAAN KUALA BESUT,"JALAN BESAR, 22300 BESUT, TERENGGANU",,22300,,,,,5.830154,102.5471
5418,21-11010271,BUKA,AWAM,KKM,,TERENGGANU,BESUT,KLINIK PERGIGIAN,KLINIK PERGIGIAN SEKOLAH MENENGAH,KLINIK PERGIGIAN SEKOLAH D/A SEKOLAH MENENGAH KEBANGSAAN SERI NERING,"KG PULAU RIMAU, 22000 BESUT, TERENGGANU",,22200,,,,,5.734948,102.5143
5419,21-11010270,BUKA,AWAM,KKM,,TERENGGANU,BESUT,KLINIK PERGIGIAN,KLINIK PERGIGIAN SEKOLAH MENENGAH,KLINIK PERGIGIAN SEKOLAH D/A SEKOLAH MENENGAH KEBANGSAAN NASIRUDDIN SHAH,"ALOR LINTANG, 22200 BESUT, TERENGGANU",,22200,,,,,5.775145,102.5426
5420,21-11010267,BUKA,AWAM,KKM,,TERENGGANU,BESUT,KLINIK PERGIGIAN,KLINIK PERGIGIAN SEKOLAH MENENGAH,KLINIK PERGIGIAN SEKOLAH D/A SEKOLAH MENENGAH KEBANGSAAN TENGKU MAHMUD,"KG ALOR LINTANG, 22200 BESUT, TERENGGANU",,22200,,,,,5.771203,102.5476
5421,91-11020189,BUKA,AWAM,KKM,,TERENGGANU,DUNGUN,PEJABAT KESIHATAN PERGIGIAN,PEJABAT KESIHATAN PERGIGIAN DAERAH,PEJABAT KESIHATAN PERGIGIAN DAERAH DUNGUN,"KLINIK PERGIGIAN DUNGUN, 23000 DUNGUN, TERENGGANU",,23000,,,,,4.752143,103.4147
5422,21-11020206D,BUKA,AWAM,KKM,,TERENGGANU,DUNGUN,KLINIK PERGIGIAN,KLINIK PERGIGIAN DI KLINIK KESIHATAN,KLINIK PERGIGIAN DI KLINIK KESIHATAN KUALA DUNGUN,"LOT 9783, JALAN ALOR TEMBESU, 23000 DUNGUN, TERENGGANU",,23000,,,,,4.761478,103.4141
5423,21-11020045D,BUKA,AWAM,KKM,,TERENGGANU,DUNGUN,KLINIK PERGIGIAN,KLINIK PERGIGIAN DI KLINIK KESIHATAN,KLINIK PERGIGIAN DI KLINIK KESIHATAN PAKA,"LOT 7736 & 2166, JALAN DUNGUN, 23100 PAKA, DUNGUN, TERENGGANU",,23100,,,,,4.635754,103.4367
5424,21-11020037D,BUKA,AWAM,KKM,,TERENGGANU,DUNGUN,KLINIK PERGIGIAN,KLINIK PERGIGIAN DI KLINIK KESIHATAN,KLINIK PERGIGIAN DI KLINIK KESIHATAN KUALA ABANG,"LOT 65, JALAN KLINIK KUALA ABANG, 23050 DUNGUN, TERENGGANU",,23050,,,,,4.81695,103.4205
5425,21-11020034D,BUKA,AWAM,KKM,,TERENGGANU,DUNGUN,KLINIK PERGIGIAN,KLINIK PERGIGIAN DI KLINIK KESIHATAN,KLINIK PERGIGIAN DI KLINIK KESIHATAN KETENGAH JAYA,"LOT 2124, JALAN KETENGAH JAYA, 23300 DUNGUN, TERENGGANU",,23300,,,,,4.571441,103.3112
5426,21-11020029D,BUKA,AWAM,KKM,,TERENGGANU,DUNGUN,KLINIK PERGIGIAN,KLINIK PERGIGIAN DI KLINIK KESIHATAN,KLINIK PERGIGIAN DI KLINIK KESIHATAN JERANGAU,"LOT 1462, JALAN JERANGAU , 21820 DUNGUN, TERENGGANU",,21820,,,,,4.905297,103.1901
5427,21-11020022D,BUKA,AWAM,KKM,,TERENGGANU,DUNGUN,KLINIK PERGIGIAN,KLINIK PERGIGIAN DI KLINIK KESIHATAN,KLINIK PERGIGIAN DI KLINIK KESIHATAN BUKIT BESI,"LOT 6528, JALAN BUKIT BESI, 23200 DUNGUN, TERENGGANU",,23200,,,,,4.755122,103.1858
5428,21-11020019D,BUKA,AWAM,KKM,,TERENGGANU,DUNGUN,KLINIK PERGIGIAN,KLINIK PERGIGIAN DI KLINIK KESIHATAN,KLINIK PERGIGIAN DI KLINIK KESIHATAN ALMUKTAFI BILLAH SHAH,"LOT 467, JALAN ALMUKTAFI BILLAH SHAH, 23400 DUNGUN, TERENGGANU",,23400,,,,,4.618232,103.2144
5429,11-11020011D,BUKA,AWAM,KKM,,TERENGGANU,DUNGUN,KLINIK PERGIGIAN,KLINIK PERGIGIAN DI HOSPITAL,KLINIK PERGIGIAN DI HOSPITAL DUNGUN,"HOSPITAL DUNGUN, 23000 DUNGUN, TERENGGANU",,23000,,,,,4.751909,103.4146
5430,21-11020294,BUKA,AWAM,KKM,,TERENGGANU,DUNGUN,KLINIK PERGIGIAN,KLINIK PERGIGIAN SEKOLAH RENDAH,KLINIK PERGIGIAN SEKOLAH D/A SEKOLAH KEBANGSAAN BATU 48,"JALAN HOSPITAL, KG PAK SABAH, 23000 DUNGUN, TERENGGANU",,23000,,,,,4.753493,103.4133
5431,21-11020277,BUKA,AWAM,KKM,,TERENGGANU,DUNGUN,KLINIK PERGIGIAN,KLINIK PERGIGIAN SEKOLAH RENDAH,KLINIK PERGIGIAN SEKOLAH D/A SEKOLAH KEBANGSAAN KUALA DUNGUN,"KAMPUNG MOLEK, 23000 DUNGUN, TERENGGANU",,23000,,,,,4.768559,103.413
5432,21-11020274,BUKA,AWAM,KKM,,TERENGGANU,DUNGUN,KLINIK PERGIGIAN,KLINIK PERGIGIAN SEKOLAH RENDAH,KLINIK PERGIGIAN SEKOLAH D/A SEKOLAH KEBANGSAAN SULTAN OMAR,"JALAN SEKOLAH, 23000 DUNGUN, TERENGGANU",,23000,,,,,4.763628,103.4161
5433,21-11020275,BUKA,AWAM,KKM,,TERENGGANU,DUNGUN,KLINIK PERGIGIAN,KLINIK PERGIGIAN SEKOLAH MENENGAH,KLINIK PERGIGIAN SEKOLAH D/A SEKOLAH MENENGAH KEBANGSAAN TENGKU INTAN ZAHARAH,"23000 DUNGUN, TERENGGANU",,23000,,,,,4.733046,103.4173
5434,91-11030190,BUKA,AWAM,KKM,,TERENGGANU,HULU TERENGGANU,PEJABAT KESIHATAN PERGIGIAN,PEJABAT KESIHATAN PERGIGIAN DAERAH,PEJABAT KESIHATAN PERGIGIAN DAERAH HULU TERENGGANU,"LOT 6968, TINGKAT 1, TAMAN PERUMAHAN SG. BAJAR, 21700 KUALA BERANG, TERENGGANU",,21700,,,,,5.075746,103.0446
5435,21-11030054D,BUKA,AWAM,KKM,,TERENGGANU,HULU TERENGGANU,KLINIK PERGIGIAN,KLINIK PERGIGIAN DI KLINIK KESIHATAN,KLINIK PERGIGIAN DI KLINIK KESIHATAN TENGKAWANG,"21700 HULU TERENGGANU, TERENGGANU",,21700,,,,,5.153199,102.9359
5436,21-11030053D,BUKA,AWAM,KKM,,TERENGGANU,HULU TERENGGANU,KLINIK PERGIGIAN,KLINIK PERGIGIAN DI KLINIK KESIHATAN,KLINIK PERGIGIAN DI KLINIK KESIHATAN TELEMONG,"21700 HULU TERENGGANU, TERENGGANU.",,21700,,,,,5.069146,102.9971
5437,21-11030038D,BUKA,AWAM,KKM,,TERENGGANU,HULU TERENGGANU,KLINIK PERGIGIAN,KLINIK PERGIGIAN DI KLINIK KESIHATAN,KLINIK PERGIGIAN DI KLINIK KESIHATAN KUALA BERANG,"LOT 3893, JALAN KUALA BERANG, 21700 KUALA BERANG, HULU TERENGGANU, TERENGGANU",,21700,,,,,5.075941,103.012
5438,21-11030018D,BUKA,AWAM,KKM,,TERENGGANU,HULU TERENGGANU,KLINIK PERGIGIAN,KLINIK PERGIGIAN DI KLINIK KESIHATAN,KLINIK PERGIGIAN DI KLINIK KESIHATAN AJIL,"LOT 4048, JALANKUALA TERENGGANU- KUALA BERANG, 21800 AJIL, HULU TERENGGANU, TERENGGANU",,21800,,,,,5.080845,103.085
5439,21-11030293,BUKA,AWAM,KKM,,TERENGGANU,HULU TERENGGANU,KLINIK PERGIGIAN,KLINIK PERGIGIAN SEKOLAH RENDAH,KLINIK PERGIGIAN SEKOLAH D/A SEKOLAH KEBANGSAAN BUKIT PERAH,"JALAN KUALA BERANG, 21800 AJIL, HULU TERENGGANU, TERENGGANU",,21800,,,,,5.094348,103.0884
5440,21-11030273,BUKA,AWAM,KKM,,TERENGGANU,HULU TERENGGANU,KLINIK PERGIGIAN,KLINIK PERGIGIAN SEKOLAH RENDAH,KLINIK PERGIGIAN SEKOLAH D/A SEKOLAH KEBANGSAAN TENGKU AMPUAN INTAN,"KM. 1 JALAN KUALA TERENGGANU, 21700 KUALA BERANG, HULU TERENGGANU, TERENGGANU",,21700,,,,,5.512716,102.7733
5441,21-11030292,BUKA,AWAM,KKM,,TERENGGANU,HULU TERENGGANU,KLINIK PERGIGIAN,KLINIK PERGIGIAN SEKOLAH MENENGAH,KLINIK PERGIGIAN SEKOLAH D/A SEKOLAH MENENGAH KEBANGSAAN TENGKU AMPUAN INTAN,"JALAN SEKAYU, 21700 KUALA BERANG, HULU TERENGGANU, TERENGGANU",,21700,,,,,5.071659,103.0267
5442,91-11040187,BUKA,AWAM,KKM,,TERENGGANU,KEMAMAN,PEJABAT KESIHATAN PERGIGIAN,PEJABAT KESIHATAN PERGIGIAN DAERAH,PEJABAT KESIHATAN PERGIGIAN DAERAH KEMAMAN,"JALAN SENTOSA, 24000 KEMAMAN, TERENGGANU",,24000,,,,,4.239192,103.4182
5443,21-11040214D,BUKA,AWAM,KKM,,TERENGGANU,KEMAMAN,KLINIK PERGIGIAN,KLINIK PERGIGIAN DI KLINIK KESIHATAN,KLINIK PERGIGIAN DI KLINIK KESIHATAN BATU 2 1/2,"JALAN AIR PUTIH, 24000 CHUKAI, KEMAMAN, TERENGGANU",,24000,,,,,4.239075,103.3982
5444,21-11040049D,BUKA,AWAM,KKM,,TERENGGANU,KEMAMAN,KLINIK PERGIGIAN,KLINIK PERGIGIAN DI KLINIK KESIHATAN,KLINIK PERGIGIAN DI KLINIK KESIHATAN SERI BANDI,"LOT 2658, JALAN BUNGA RAYA, 24200 SERI BANDI, KEMAMAN, TERENGGANU",,24200,,,,,4.380213,103.3238
5445,21-11040040D,BUKA,AWAM,KKM,,TERENGGANU,KEMAMAN,KLINIK PERGIGIAN,KLINIK PERGIGIAN DI KLINIK KESIHATAN,KLINIK PERGIGIAN DI KLINIK KESIHATAN KUALA KEMAMAN,"LOT 7259, JALAN KUALA KEMAMAN, 24000 KEMAMAN, TERENGGANU",,24000,,,,,4.215709,103.4358
5446,21-11040036D,BUKA,AWAM,KKM,,TERENGGANU,KEMAMAN,KLINIK PERGIGIAN,KLINIK PERGIGIAN DI KLINIK KESIHATAN,KLINIK PERGIGIAN DI KLINIK KESIHATAN KIJAL,"LOT 2187, JALAN PANTAI PENUNJUK, 24100 KIJAL, KEMAMAN, TERENGGANU",,24100,,,,,4.333288,103.4864
5447,21-11040033D,BUKA,AWAM,KKM,,TERENGGANU,KEMAMAN,KLINIK PERGIGIAN,KLINIK PERGIGIAN DI KLINIK KESIHATAN,KLINIK PERGIGIAN DI KLINIK KESIHATAN KERTEH,"LOT 455, JALAN BANDAR BARU KERTEH, 24300 KERTEH, KEMAMAN, TERENGGANU",,24300,,,,,4.50398,103.4412
5448,21-11040032D,BUKA,AWAM,KKM,,TERENGGANU,KEMAMAN,KLINIK PERGIGIAN,KLINIK PERGIGIAN DI KLINIK KESIHATAN,KLINIK PERGIGIAN DI KLINIK KESIHATAN KEMASIK,"LOT 68, JALAN KUALA TERENGGANU- KEMAMAN, KEMASIK, 24200 KEMAMAN, TERENGGANU",,24200,,,,,4.784096,103.3959
5449,21-11040026D,BUKA,AWAM,KKM,,TERENGGANU,KEMAMAN,KLINIK PERGIGIAN,KLINIK PERGIGIAN DI KLINIK KESIHATAN,KLINIK PERGIGIAN DI KLINIK KESIHATAN CHUKAI,"JALAN SENTOSA, 24000 CHUKAI, KEMAMAN, TERENGGANU",,24000,,,,,4.239994,103.4188
5450,21-11040025D,BUKA,AWAM,KKM,,TERENGGANU,KEMAMAN,KLINIK PERGIGIAN,KLINIK PERGIGIAN DI KLINIK KESIHATAN,KLINIK PERGIGIAN DI KLINIK KESIHATAN CHENEH,"LOT 168 JALAN MASJID CHENEH, 24000 CHENEH, KEMAMAN, TERENGGANU",,24000,,,,,4.124207,103.2432
5451,21-11040017D,BUKA,AWAM,KKM,,TERENGGANU,KEMAMAN,KLINIK PERGIGIAN,KLINIK PERGIGIAN DI KLINIK KESIHATAN,KLINIK PERGIGIAN DI KLINIK KESIHATAN AIR PUTIH,"24050 AIR PUTIH, KEMAMAN, TERENGGANU",,24050,,,,,4.271117,103.2122
5452,11-11040013D,BUKA,AWAM,KKM,,TERENGGANU,KEMAMAN,KLINIK PERGIGIAN,KLINIK PERGIGIAN DI HOSPITAL,KLINIK PERGIGIAN DI HOSPITAL KEMAMAN,"JALAN DA OMAR, 24000 CHUKAI, KEMAMAN, TERENGGANU",,24000,,,,,4.2326,103.421
5453,21-11040303,BUKA,AWAM,KKM,,TERENGGANU,KEMAMAN,KLINIK PERGIGIAN,KLINIK PERGIGIAN SEKOLAH RENDAH,KLINIK PERGIGIAN SEKOLAH D/A SEKOLAH JENIS KEBANGSAAN (CINA) CHUKAI,"JALAN JAKAR, 24000 CHUKAI, KEMAMAN, TERENGGANU",,24000,,,,,4.22503,103.4271
5454,21-11040300,BUKA,AWAM,KKM,,TERENGGANU,KEMAMAN,KLINIK PERGIGIAN,KLINIK PERGIGIAN SEKOLAH RENDAH,KLINIK PERGIGIAN SEKOLAH D/A SEKOLAH KEBANGSAAN SULTAN ISMAIL,"DI HADAPAN LOT 144, 24000 CHUKAI, KEMAMAN, TERENGGANU",,24000,,,,,4.248346,103.4212
5455,21-11040299,BUKA,AWAM,KKM,,TERENGGANU,KEMAMAN,KLINIK PERGIGIAN,KLINIK PERGIGIAN SEKOLAH RENDAH,KLINIK PERGIGIAN SEKOLAH D/A SEKOLAH KEBANGSAAN CHUKAI,"JALAN PENGHIBURAN, 24000 CHUKAI, KEMAMAN, TERENGGANU",,24000,,,,,4.237161,103.4216
5456,21-11040302,BUKA,AWAM,KKM,,TERENGGANU,KEMAMAN,KLINIK PERGIGIAN,KLINIK PERGIGIAN SEKOLAH MENENGAH,KLINIK PERGIGIAN SEKOLAH D/A SEKOLAH MENENGAH KEBANGSAAN SULTAN ISMAIL,"JALAN KEMAMAN-KUALA TERENGGANU, 24000  KEMAMAN, TERENGGANU",,24000,,,,,4.246921,103.4244
5457,21-11040301,BUKA,AWAM,KKM,,TERENGGANU,KEMAMAN,KLINIK PERGIGIAN,KLINIK PERGIGIAN SEKOLAH MENENGAH,KLINIK PERGIGIAN SEKOLAH D/A SEKOLAH MENENGAH KEBANGSAAN CHUKAI,"JALAN KUBANG KURUS, 24000 CHUKAI, KEMAMAN, TERENGGANU",,24000,,,,,4.220443,103.4182
5458,91-11080306,BUKA,AWAM,KKM,,TERENGGANU,KUALA NERUS,PEJABAT KESIHATAN PERGIGIAN,PEJABAT KESIHATAN PERGIGIAN DAERAH,PEJABAT KESIHATAN PERGIGIAN DAERAH KUALA NERUS,"JKR 47/442, KLINIK KESIHATAN SEBERANG TAKIR, 21300 KUALA NERUS, TERENGGANU",,21300,,,,,5.376969,103.1184
5459,21-11080161D,BUKA,AWAM,KKM,,TERENGGANU,KUALA NERUS,KLINIK PERGIGIAN,KLINIK PERGIGIAN DI KLINIK KESIHATAN,KLINIK PERGIGIAN DI KLINIK KESIHATAN PULAU REDANG,"KAMPUNG BARU PULAU REDANG, 21090 KUALA NERUS, TERENGGANU",,21090,,,,,5.756395,103.0054
5460,21-11080048D,BUKA,AWAM,KKM,,TERENGGANU,KUALA NERUS,KLINIK PERGIGIAN,KLINIK PERGIGIAN DI KLINIK KESIHATAN,KLINIK PERGIGIAN DI KLINIK KESIHATAN SEBERANG TAKIR,"21300 SEBERANG TAKIR, KUALA NERUS, TERENGGANU",,21300,,,,,5.346331,103.1285
5461,21-11080024D,BUKA,AWAM,KKM,,TERENGGANU,KUALA NERUS,KLINIK PERGIGIAN,KLINIK PERGIGIAN DI KLINIK KESIHATAN,KLINIK PERGIGIAN DI KLINIK KESIHATAN BUKIT TUNGGAL,"21200 KUALA NERUS, TERENGGANU",,21200,,,,,5.333572,103.1048
5462,21-11080021D,BUKA,AWAM,KKM,,TERENGGANU,KUALA NERUS,KLINIK PERGIGIAN,KLINIK PERGIGIAN DI KLINIK KESIHATAN,KLINIK PERGIGIAN DI KLINIK KESIHATAN BATU RAKIT,"21030 KUALA NERUS, TERENGGANU",,21030,,,,,5.426094,103.0586
5463,21-11050283,BUKA,AWAM,KKM,,TERENGGANU,KUALA NERUS,KLINIK PERGIGIAN,KLINIK PERGIGIAN SEKOLAH RENDAH,KLINIK PERGIGIAN SEKOLAH D/A SEKOLAH KEBANGSAAN SEBERANG TAKIR,"KAMPUNG SEBERANG TAKIR, 21300  KUALA NERUS, TERENGGANU",,21300,,,,,5.350671,103.132
5464,21-11050282,BUKA,AWAM,KKM,,TERENGGANU,KUALA NERUS,KLINIK PERGIGIAN,KLINIK PERGIGIAN SEKOLAH RENDAH,KLINIK PERGIGIAN SEKOLAH D/A SEKOLAH KEBANGSAAN MENGABANG TELIPOT,"KAMPUNG MENGABANG TELIPOT, 21030 KUALA NERUS, TERENGGANU",,21030,,,,,5.42342,103.0665
5465,21-11050278,BUKA,AWAM,KKM,,TERENGGANU,KUALA NERUS,KLINIK PERGIGIAN,KLINIK PERGIGIAN SEKOLAH RENDAH,KLINIK PERGIGIAN SEKOLAH D/A SEKOLAH KEBANGSAAN BUKIT TUNGGAL,"KAMPUNG BUKIT TUNGGAL, 21200 KUALA NERUS, TERENGGANU",,21200,,,,,5.337503,103.1056
5466,21-11050288,BUKA,AWAM,KKM,,TERENGGANU,KUALA NERUS,KLINIK PERGIGIAN,KLINIK PERGIGIAN SEKOLAH MENENGAH,KLINIK PERGIGIAN SEKOLAH D/A SEKOLAH MENENGAH KEBANGSAAN TENGKU MIZAN ZAINAL ABIDIN,"JALAN MARAS, 21020 KUALA NERUS, TERENGGANU",,21020,,,,,5.405686,103.0359
5467,21-11050285,BUKA,AWAM,KKM,,TERENGGANU,KUALA NERUS,KLINIK PERGIGIAN,KLINIK PERGIGIAN SEKOLAH MENENGAH,KLINIK PERGIGIAN SEKOLAH D/A SEKOLAH MENENGAH SAINS SULTAN MAHMUD,"WAKAF TEMBESU, 21300 KUALA NERUS, TERENGGANU",,21300,,,,,5.360735,103.0927
5468,21-11050276,BUKA,AWAM,KKM,,TERENGGANU,KUALA NERUS,KLINIK PERGIGIAN,KLINIK PERGIGIAN SEKOLAH MENENGAH,KLINIK PERGIGIAN SEKOLAH D/A MAKTAB RENDAH SAINS MARA KUALA TERENGGANU,"WAKAF TENGAH, 21030 KUALA NERUS, TERENGGANU",,21030,,,,,5.420263,103.0618
5470,91-11050186,BUKA,AWAM,KKM,,TERENGGANU,KUALA TERENGGANU,PEJABAT KESIHATAN PERGIGIAN,PEJABAT KESIHATAN PERGIGIAN DAERAH,PEJABAT KESIHATAN PERGIGIAN DAERAH KUALA TERENGGANU,"KAMPUNG KUBANG JELA, MANIR, 21200 KUALA TERENGGANU, TERENGGANU",,21200,,,,,5.321771,103.0814
5471,21-11050219,BUKA,AWAM,KKM,,TERENGGANU,KUALA TERENGGANU,KLINIK PERGIGIAN,KLINIK PERGIGIAN (STANDALONE),KLINIK PERGIGIAN JALAN SULTAN MAHMUD,"JALAN SULTAN MAHMUD, 20400 KUALA TERENGGANU, TERENGGANU",,20400,,,,,5.299636,103.164
5472,21-11050193,BUKA,AWAM,KKM,,TERENGGANU,KUALA TERENGGANU,KLINIK PERGIGIAN,KLINIK PERGIGIAN (STANDALONE),KLINIK PERGIGIAN AIR JERNIH,"LOT SHOWROOM TINGKAT BAWAH, BANGUNAN MAKSAK/PUSPANITA, 20300 KUALA TERENGGANU, TERENGGANU",,20300,,,,,5.243453,103.1352
5473,21-11050308D,BUKA,AWAM,KKM,,TERENGGANU,KUALA TERENGGANU,KLINIK PERGIGIAN,KLINIK PERGIGIAN DI KLINIK KESIHATAN,KLINIK PERGIGIAN DI KLINIK KESIHATAN CHENDERING,"KG. KUBANG IKAN, 21080 KUALA TERENGGANU, TERENGGANU",,21080,,,,,5.263699,103.1558
5474,21-11050042D,BUKA,AWAM,KKM,,TERENGGANU,KUALA TERENGGANU,KLINIK PERGIGIAN,KLINIK PERGIGIAN DI KLINIK KESIHATAN,KLINIK PERGIGIAN DI KLINIK KESIHATAN MANIR,"21200 KUALA TERENGGANU, TERENGGANU",,21200,,,,,5.317492,103.078
5475,21-11050027D,BUKA,AWAM,KKM,,TERENGGANU,KUALA TERENGGANU,KLINIK PERGIGIAN,KLINIK PERGIGIAN DI KLINIK KESIHATAN,KLINIK PERGIGIAN DI KLINIK KESIHATAN HILIRAN,"JALAN KEMAJUAN, 21100 HILIRAN, KUALA TERENGGANU, TERENGGANU",,21100,,,,,5.31403,103.1349
5476,11-11050009D,BUKA,AWAM,KKM,,TERENGGANU,KUALA TERENGGANU,KLINIK PERGIGIAN,KLINIK PERGIGIAN DI HOSPITAL,KLINIK PERGIGIAN DI HOSPITAL SULTANAH NUR ZAHIRAH,"JALAN SULTAN MAHMUD, 20300 KUALA TERENGGANU, TERENGGANU",,20300,,,,,5.324707,103.1506
5477,21-11050298,BUKA,AWAM,KKM,,TERENGGANU,KUALA TERENGGANU,KLINIK PERGIGIAN,KLINIK PERGIGIAN SEKOLAH RENDAH,KLINIK PERGIGIAN SEKOLAH D/A SEKOLAH KEBANGSAAN SULTAN SULAIMAN 1,"JALAN SULTAN OMAR, 20300 KUALA TERENGGANU, TERENGGANU",,20300,,,,,5.3214,103.1418
5478,21-11050297,BUKA,AWAM,KKM,,TERENGGANU,KUALA TERENGGANU,KLINIK PERGIGIAN,KLINIK PERGIGIAN SEKOLAH RENDAH,KLINIK PERGIGIAN SEKOLAH D/A SEKOLAH JENIS KEBANGSAAN (CINA) CHUNG HWA WEI SIN,"JALAN SULTAN MOHAMAD, 21100 KUALA TERENGGANU, TERENGGANU",,21100,,,,,5.312662,103.1369
5479,21-11050296,BUKA,AWAM,KKM,,TERENGGANU,KUALA TERENGGANU,KLINIK PERGIGIAN,KLINIK PERGIGIAN SEKOLAH RENDAH,KLINIK PERGIGIAN SEKOLAH D/A SEKOLAH KEBANGSAAN TENGKU AMPUAN MARIAM,"JLN TENGKU AMPUAN MARIAM, 20200 KUALA TERENGGANU, TERENGGANU",,20200,,,,,5.3309,103.1422
5480,21-11050295,BUKA,AWAM,KKM,,TERENGGANU,KUALA TERENGGANU,KLINIK PERGIGIAN,KLINIK PERGIGIAN SEKOLAH RENDAH,KLINIK PERGIGIAN SEKOLAH D/A SEKOLAH KEBANGSAAN PUSAT CABANG TIGA,"JALAN DURIAN BURONG, 21000 KUALA TERENGGANU, TERENGGANU",,21000,,,,,5.30374,103.1106
5481,21-11050284,BUKA,AWAM,KKM,,TERENGGANU,KUALA TERENGGANU,KLINIK PERGIGIAN,KLINIK PERGIGIAN SEKOLAH RENDAH,KLINIK PERGIGIAN SEKOLAH D/A SEKOLAH KEBANGSAAN TENGKU BARIAH,"JALAN PASIR PANJANG, 21100 KUALA TERENGGANU, TERENGGANU",,21100,,,,,5.304267,103.1386
5482,21-11050281,BUKA,AWAM,KKM,,TERENGGANU,KUALA TERENGGANU,KLINIK PERGIGIAN,KLINIK PERGIGIAN SEKOLAH RENDAH,KLINIK PERGIGIAN SEKOLAH D/A SEKOLAH KEBANGSAAN MANIR,"W/P MANIR, 21200 KUALA TERENGGANU, TERENGGANU",,21200,,,,,5.3099,103.0839
5483,21-11050280,BUKA,AWAM,KKM,,TERENGGANU,KUALA TERENGGANU,KLINIK PERGIGIAN,KLINIK PERGIGIAN SEKOLAH RENDAH,KLINIK PERGIGIAN SEKOLAH D/A SEKOLAH KEBANGSAAN PUSAT KUALA IBAI,"JALAN SULTAN MAHMUD, 20400  KUALA TERENGGANU, TERENGGANU",,20400,,,,,5.286873,103.1668
5484,21-11050279,BUKA,AWAM,KKM,,TERENGGANU,KUALA TERENGGANU,KLINIK PERGIGIAN,KLINIK PERGIGIAN SEKOLAH RENDAH,KLINIK PERGIGIAN SEKOLAH D/A SEKOLAH KEBANGSAAN CHENDERING,"JALAN SK CHENDERING, 21080 KUALA TERENGGANU, TERENGGANU",,21080,,,,,5.279468,103.1764
5485,21-11050291,BUKA,AWAM,KKM,,TERENGGANU,KUALA TERENGGANU,KLINIK PERGIGIAN,KLINIK PERGIGIAN SEKOLAH MENENGAH,KLINIK PERGIGIAN SEKOLAH D/A SEKOLAH MENENGAH KEBANGSAAN PADANG MIDIN,"JALAN KUALA BERANG, 21400 KUALA TERENGGANU, TERENGGANU",,21400,,,,,5.265218,103.0998
5486,21-11050287,BUKA,AWAM,KKM,,TERENGGANU,KUALA TERENGGANU,KLINIK PERGIGIAN,KLINIK PERGIGIAN SEKOLAH MENENGAH,KLINIK PERGIGIAN SEKOLAH D/A SEKOLAH MENENGAH KEBANGSAAN TENGKU BARIAH,"JALAN PASIR PANJANG, 21100 KUALA TERENGGANU, TERENGGANU",,21100,,,,,5.304267,103.1386
5487,21-11050286,BUKA,AWAM,KKM,,TERENGGANU,KUALA TERENGGANU,KLINIK PERGIGIAN,KLINIK PERGIGIAN SEKOLAH MENENGAH,KLINIK PERGIGIAN SEKOLAH D/A SEKOLAH MENENGAH KEBANGSAAN SULTAN SULAIMAN,"JALAN SULTAN MAHMUD, 20400 KUALA TERENGGANU, TERENGGANU",,20400,,,,,5.299444,103.1645
5488,21-11050305D,BUKA,AWAM,KKM,,TERENGGANU,KUALA TERENGGANU,KLINIK PERGIGIAN,KLINIK PERGIGIAN DI UTC,KLINIK PERGIGIAN DI KLINIK KESIHATAN UTC PAYA BUNGA,"L4-UTC-03 UTC TERENGGANU, PAYA BUNGA SQUARE, 20100 KUALA TERENGGANU, TERENGGANU",,20100,,,,,5.33096,103.1368
5490,91-11060188,BUKA,AWAM,KKM,,TERENGGANU,MARANG,PEJABAT KESIHATAN PERGIGIAN,PEJABAT KESIHATAN PERGIGIAN DAERAH,PEJABAT KESIHATAN PERGIGIAN DAERAH MARANG,"21600 MARANG, TERENGGANU",,21600,,,,,5.204259,103.2059
5491,21-11050325,BUKA,AWAM,KKM,,TERENGGANU,MARANG,KLINIK PERGIGIAN,KLINIK PERGIGIAN (STANDALONE),KLINIK PERGIGIAN MARANG (KEPP),"D/A KLINIK PERGIGIAN MARANG (LAMA), MARANG, 21600 TERENGGANU",,21600,,,,,5.216265,103.2001
5492,21-11060055D,BUKA,AWAM,KKM,,TERENGGANU,MARANG,KLINIK PERGIGIAN,KLINIK PERGIGIAN DI KLINIK KESIHATAN,KLINIK PERGIGIAN DI KLINIK KESIHATAN WAKAF TAPAI,"PT 3000, JALAN KUALA TERENGGANU- KUALA BERANG, 21040 MARANG, TERENGGANU",,21040,,,,,5.13748,103.0848
5493,21-11060047D,BUKA,AWAM,KKM,,TERENGGANU,MARANG,KLINIK PERGIGIAN,KLINIK PERGIGIAN DI KLINIK KESIHATAN,KLINIK PERGIGIAN DI KLINIK KESIHATAN PENGKALAN BERANGAN,"PT 1998, JALAN MARANG, WAKAF TAPAI, 21040 MARANG, TERENGGANU",,21040,,,,,5.109269,103.1387
5494,21-11060044D,BUKA,AWAM,KKM,,TERENGGANU,MARANG,KLINIK PERGIGIAN,KLINIK PERGIGIAN DI KLINIK KESIHATAN,KLINIK PERGIGIAN DI KLINIK KESIHATAN MERCHANG,"LOT 2943, JALAN KUALA TERENGGANU- DUNGUN, 21060 MARANG, TERENGGANU",,21060,,,,,4.759381,103.3997
5495,21-11060043D,BUKA,AWAM,KKM,,TERENGGANU,MARANG,KLINIK PERGIGIAN,KLINIK PERGIGIAN DI KLINIK KESIHATAN,KLINIK PERGIGIAN DI KLINIK KESIHATAN MARANG,"21600 MARANG, TERENGGANU",,21600,,,,,5.216175,103.2003
5496,21-11060023D,BUKA,AWAM,KKM,,TERENGGANU,MARANG,KLINIK PERGIGIAN,KLINIK PERGIGIAN DI KLINIK KESIHATAN,KLINIK PERGIGIAN DI KLINIK KESIHATAN BUKIT PAYONG,"JALAN KUALA TERENGGANU KUALA BERANG, 21400 MARANG, TERENGGANU",,21400,,,,,5.235192,103.1001
5497,21-11060289,BUKA,AWAM,KKM,,TERENGGANU,MARANG,KLINIK PERGIGIAN,KLINIK PERGIGIAN SEKOLAH RENDAH,KLINIK PERGIGIAN SEKOLAH D/A SEKOLAH KEBANGSAAN SEBERANG MARANG,"KAMPUNG SEBERANG MARANG, 21600 MARANG, TERENGGANU",,21600,,,,,5.205495,103.2008
5498,21-11060290,BUKA,AWAM,KKM,,TERENGGANU,MARANG,KLINIK PERGIGIAN,KLINIK PERGIGIAN SEKOLAH MENENGAH,KLINIK PERGIGIAN SEKOLAH D/A SEKOLAH MENENGAH KEBANGSAAN TENGKU LELA SEGARA,"JALAN SUNGAI KERAK, 21600 MARANG, TERENGGANU",,21600,,,,,5.204465,103.1968
5499,91-11070191,BUKA,AWAM,KKM,,TERENGGANU,SETIU,PEJABAT KESIHATAN PERGIGIAN,PEJABAT KESIHATAN PERGIGIAN DAERAH,PEJABAT KESIHATAN PERGIGIAN DAERAH SETIU,"D/A KLINIK KESIHATAN PERMAISURI, LOT 800, JALAN KUALA TERENGGANU, BANDAR PERMAISURI, 22100 SETIU,TERENGGANU",,22100,,,,,5.529999,102.7386
5500,21-11070052D,BUKA,AWAM,KKM,,TERENGGANU,SETIU,KLINIK PERGIGIAN,KLINIK PERGIGIAN DI KLINIK KESIHATAN,KLINIK PERGIGIAN DI KLINIK KESIHATAN SUNGAI TONG,"LOT 9679, JALAN KUALA TERENGGANU, SUNGAI TONG, 21500 SETIU, TERENGGANU",,21500,,,,,5.30745,102.9074
5501,21-11070050D,BUKA,AWAM,KKM,,TERENGGANU,SETIU,KLINIK PERGIGIAN,KLINIK PERGIGIAN DI KLINIK KESIHATAN,KLINIK PERGIGIAN DI KLINIK KESIHATAN SRI LANGKAP,"LOT 10494, JALAN KUALA TERENGGANU, 21500 SETIU,TERENGGANU",,21500,,,,,5.361009,102.8805
5502,21-11070031D,BUKA,AWAM,KKM,,TERENGGANU,SETIU,KLINIK PERGIGIAN,KLINIK PERGIGIAN DI KLINIK KESIHATAN,KLINIK PERGIGIAN DI KLINIK KESIHATAN RAHMAT,"LOT 6155, JALAN KUALA TERENGGANU, 21450 SETIU,TERENGGANU",,21450,,,,,5.465175,102.801
5503,21-11070020D,BUKA,AWAM,KKM,,TERENGGANU,SETIU,KLINIK PERGIGIAN,KLINIK PERGIGIAN DI KLINIK KESIHATAN,KLINIK PERGIGIAN DI KLINIK KESIHATAN PERMAISURI,"LOT 800, JALAN KUALA TERENGGANU, BANDAR PERMAISURI, 22100 SETIU,TERENGGANU",,22100,,,,,5.529999,102.7386
5504,91-14010027,BUKA,AWAM,KKM,,WILAYAH PERSEKUTUAN KUALA LUMPUR,WILAYAH PERSEKUTUAN KUALA LUMPUR DAN PUTRAJAYA,PEJABAT KESIHATAN PERGIGIAN,PEJABAT KESIHATAN PERGIGIAN,PEJABAT KESIHATAN PERGIGIAN KEPONG,"D/A KLINIK PERGIGIAN JINJANG, NO 2, JALAN JINJANG SETIA 3, JINJANG UTARA TAMBAHAN, 52000 KUALA LUMPUR",,52000,,,,,3.219745,101.6544
5505,91-14010026,BUKA,AWAM,KKM,,WILAYAH PERSEKUTUAN KUALA LUMPUR,WILAYAH PERSEKUTUAN KUALA LUMPUR DAN PUTRAJAYA,PEJABAT KESIHATAN PERGIGIAN,PEJABAT KESIHATAN PERGIGIAN,PEJABAT KESIHATAN PERGIGIAN TITIWANGSA,"KLINIK PERGIGIAN KUALA LUMPUR, NO.3, JALAN TEMERLOH, OFF JALAN TUN RAZAK, 53200, KUALA LUMPUR",,53200,,,,,3.173657,101.7091
5506,91-14010025,BUKA,AWAM,KKM,,WILAYAH PERSEKUTUAN KUALA LUMPUR,WILAYAH PERSEKUTUAN KUALA LUMPUR DAN PUTRAJAYA,PEJABAT KESIHATAN PERGIGIAN,PEJABAT KESIHATAN PERGIGIAN,PEJABAT KESIHATAN PERGIGIAN LEMBAH PANTAI,"KLINIK PERGIGIAN CAHAYA SURIA (SEMENTARA), TINGKAT 1, BANGUNAN UTC PUDU SENTRAL, JALAN PUDU, 55100 KUALA LUMPUR.",,55100,,,,,3.1457,101.7006
5507,91-12122153,BUKA,AWAM,KKM,,WILAYAH PERSEKUTUAN KUALA LUMPUR,WILAYAH PERSEKUTUAN KUALA LUMPUR DAN PUTRAJAYA,PEJABAT KESIHATAN PERGIGIAN,PEJABAT KESIHATAN PERGIGIAN,PEJABAT KESIHATAN PERGIGIAN CHERAS,"TINGKAT 2, KLINIK KESIHATAN CHERAS, JALAN YAACOB LATIF 56000 CHERAS, KUALA LUMPUR",,56000,,,,,3.106711,101.7266
5508,21-14010080,BUKA,AWAM,KKM,,WILAYAH PERSEKUTUAN KUALA LUMPUR,WILAYAH PERSEKUTUAN KUALA LUMPUR DAN PUTRAJAYA,KLINIK PERGIGIAN,KLINIK PERGIGIAN (STANDALONE),KLINIK PERGIGIAN SENTUL,"189A, JALAN PERHENTIAN, OFF JALAN HAJI SALLEH, 51100 KUALA LUMPUR",,51100,,,,,3.183663,101.6915
5509,21-14010053,BUKA,AWAM,KKM,,WILAYAH PERSEKUTUAN KUALA LUMPUR,WILAYAH PERSEKUTUAN KUALA LUMPUR DAN PUTRAJAYA,KLINIK PERGIGIAN,KLINIK PERGIGIAN (STANDALONE),KLINIK PERGIGIAN PULAPOL,"
368, JALAN SULTAN YAHYA PETRA, PUSAT LATIHAN POLIS (PULAPOL), 54100 TITIWANGSA, KUALA LUMPUR
",,54100,,,,,3.178936,101.7151
5510,21-14010029,BUKA,AWAM,KKM,,WILAYAH PERSEKUTUAN KUALA LUMPUR,WILAYAH PERSEKUTUAN KUALA LUMPUR DAN PUTRAJAYA,KLINIK PERGIGIAN,KLINIK PERGIGIAN (STANDALONE),KLINIK PERGIGIAN CAHAYA SURIA (SEMENTARA),"TINGKAT 1, BANGUNAN PUDU SENTRAL, JALAN PUDU, 55100 KUALA LUMPUR",,55100,,,,,3.1457,101.7006
5511,21-14010028,BUKA,AWAM,KKM,,WILAYAH PERSEKUTUAN KUALA LUMPUR,WILAYAH PERSEKUTUAN KUALA LUMPUR DAN PUTRAJAYA,KLINIK PERGIGIAN,KLINIK PERGIGIAN (STANDALONE),KLINIK PERGIGIAN BANGSAR,"LOT 68-03 & 68-04, JALAN TUN SAMBAHTHAN, BRICKFIELDS, 50470 LEMBAH PANTAI, KUALA LUMPUR",,50470,,,,,3.133441,101.6889
5512,21-14010411D,BUKA,AWAM,KKM,,WILAYAH PERSEKUTUAN KUALA LUMPUR,WILAYAH PERSEKUTUAN KUALA LUMPUR DAN PUTRAJAYA,KLINIK PERGIGIAN,KLINIK PERGIGIAN DI KLINIK KESIHATAN,KLINIK PERGIGIAN DI KLINIK KESIHATAN KUALA LUMPUR,"NO 3, JALAN TEMERLOH, OFF JALAN TUN RAZAK, 53200 KUALA LUMPUR",,53200,,,,,3.173487,101.7089
5513,21-14010021D,BUKA,AWAM,KKM,,WILAYAH PERSEKUTUAN KUALA LUMPUR,WILAYAH PERSEKUTUAN KUALA LUMPUR DAN PUTRAJAYA,KLINIK PERGIGIAN,KLINIK PERGIGIAN DI KLINIK KESIHATAN,KLINIK PERGIGIAN DI KLINIK KESIHATAN TANGLIN,"JALAN CENDERASARI, 50590 KUALA LUMPUR",,50590,,,,,3.144745,101.6909
5514,21-14010019D,BUKA,AWAM,KKM,,WILAYAH PERSEKUTUAN KUALA LUMPUR,WILAYAH PERSEKUTUAN KUALA LUMPUR DAN PUTRAJAYA,KLINIK PERGIGIAN,KLINIK PERGIGIAN DI KLINIK KESIHATAN,KLINIK PERGIGIAN DI KLINIK KESIHATAN SETAPAK,"TINGKAT 1, WISMA RAMPAI, BLOK PASIFIK, JALAN 34/26, TAMAN SRI RAMPAI, 53300 KUALA LUMPUR",,53300,,,,,3.195147,101.7314
5515,21-14010017D,BUKA,AWAM,KKM,,WILAYAH PERSEKUTUAN KUALA LUMPUR,WILAYAH PERSEKUTUAN KUALA LUMPUR DAN PUTRAJAYA,KLINIK PERGIGIAN,KLINIK PERGIGIAN DI KLINIK KESIHATAN,KLINIK PERGIGIAN DI KLINIK KESIHATAN PETALING BAHAGIA,"BATU 6, JALAN PUCHONG, 58200 KUALA LUMPUR",,58200,,,,,3.078407,101.6647
5516,21-14010015D,BUKA,AWAM,KKM,,WILAYAH PERSEKUTUAN KUALA LUMPUR,WILAYAH PERSEKUTUAN KUALA LUMPUR DAN PUTRAJAYA,KLINIK PERGIGIAN,KLINIK PERGIGIAN DI KLINIK KESIHATAN,KLINIK PERGIGIAN DI KLINIK KESIHATAN KAMPUNG PANDAN,"JALAN KAMPUNG PANDAN, 55100 KUALA LUMPUR
",,55100,,,,,3.144213,101.7325
5517,21-14010014D,BUKA,AWAM,KKM,,WILAYAH PERSEKUTUAN KUALA LUMPUR,WILAYAH PERSEKUTUAN KUALA LUMPUR DAN PUTRAJAYA,KLINIK PERGIGIAN,KLINIK PERGIGIAN DI KLINIK KESIHATAN,KLINIK PERGIGIAN DI KLINIK KESIHATAN JINJANG,"NO 2, JALAN JINJANG SETIA 3, JINJANG UTARA TAMBAHAN, 52000 KUALA LUMPUR",,52000,,,,,3.219946,101.6548
5518,21-14010013D,BUKA,AWAM,KKM,,WILAYAH PERSEKUTUAN KUALA LUMPUR,WILAYAH PERSEKUTUAN KUALA LUMPUR DAN PUTRAJAYA,KLINIK PERGIGIAN,KLINIK PERGIGIAN DI KLINIK KESIHATAN,KLINIK PERGIGIAN DI KLINIK KESIHATAN DATO' KERAMAT,"TINGKAT 1, PT1199, JALAN ENGGANG SELATAN, TAMAN KERAMAT, DATUK KERAMAT, 54200 KUALA LUMPUR",,54200,,,,,3.166634,101.7364
5519,21-14010012D,BUKA,AWAM,KKM,,WILAYAH PERSEKUTUAN KUALA LUMPUR,WILAYAH PERSEKUTUAN KUALA LUMPUR DAN PUTRAJAYA,KLINIK PERGIGIAN,KLINIK PERGIGIAN DI KLINIK KESIHATAN,KLINIK PERGIGIAN DI KLINIK KESIHATAN CHERAS BARU,"JALAN 16, CHERAS BARU, 56100 KUALA LUMPUR",,56100,,,,,3.106069,101.7484
5520,21-14010011D,BUKA,AWAM,KKM,,WILAYAH PERSEKUTUAN KUALA LUMPUR,WILAYAH PERSEKUTUAN KUALA LUMPUR DAN PUTRAJAYA,KLINIK PERGIGIAN,KLINIK PERGIGIAN DI KLINIK KESIHATAN,KLINIK PERGIGIAN DI KLINIK KESIHATAN CHERAS,"ARAS 2, KLINIK KESIHATAN CHERAS, JALAN YAAKOB LATIF, 56000 CHERAS, KUALA LUMPUR",,56000,,,,,3.106658,101.7269
5521,21-14010010D,BUKA,AWAM,KKM,,WILAYAH PERSEKUTUAN KUALA LUMPUR,WILAYAH PERSEKUTUAN KUALA LUMPUR DAN PUTRAJAYA,KLINIK PERGIGIAN,KLINIK PERGIGIAN DI KLINIK KESIHATAN,KLINIK PERGIGIAN DI KLINIK KESIHATAN BATU MUDA,"NO 7, JALAN 3/12, TAMAN BATU MUDA, 51100 KUALA LUMPUR",,51100,,,,,3.212079,101.6853
5522,21-14010009D,BUKA,AWAM,KKM,,WILAYAH PERSEKUTUAN KUALA LUMPUR,WILAYAH PERSEKUTUAN KUALA LUMPUR DAN PUTRAJAYA,KLINIK PERGIGIAN,KLINIK PERGIGIAN DI KLINIK KESIHATAN,KLINIK PERGIGIAN DI KLINIK KESIHATAN BANDAR TUN RAZAK,"160 & 18, JALAN JUJUR 3, BANDAR TUN RAZAK, 56000 KUALA LUMPUR",,56000,,,,,3.086932,101.7205
5523,11-14010410D,BUKA,AWAM,KKM,,WILAYAH PERSEKUTUAN KUALA LUMPUR,WILAYAH PERSEKUTUAN KUALA LUMPUR DAN PUTRAJAYA,KLINIK PERGIGIAN,KLINIK PERGIGIAN DI HOSPITAL,KLINIK PERGIGIAN DI HOSPITAL TUNKU AZIZAH,"HOSPITAL TUNKU AZIZAH, LOT 25, JALAN RAJA MUDA ABDUL AZIZ, 50300 KUALA LUMPUR",,50300,,,,,3.169938,101.7028
5524,11-14010056D,BUKA,AWAM,KKM,,WILAYAH PERSEKUTUAN KUALA LUMPUR,WILAYAH PERSEKUTUAN KUALA LUMPUR DAN PUTRAJAYA,KLINIK PERGIGIAN,KLINIK PERGIGIAN DI HOSPITAL,KLINIK PERGIGIAN DI HOSPITAL REHABILITASI CHERAS,"JALAN YAACUB LATIF, BANDAR TUN RAZAK, CHERAS, KUALA LUMPUR.",,56000,,,,,3.106069,101.7287
5525,11-14010002D,BUKA,AWAM,KKM,,WILAYAH PERSEKUTUAN KUALA LUMPUR,WILAYAH PERSEKUTUAN KUALA LUMPUR DAN PUTRAJAYA,KLINIK PERGIGIAN,KLINIK PERGIGIAN DI HOSPITAL,KLINIK PERGIGIAN DI HOSPITAL KUALA LUMPUR,"HOSPITAL KUALA LUMPUR, JALAN PAHANG, 50586 KUALA LUMPUR.",,50586,,,,,3.171983,101.699
5526,21-14010400,BUKA,AWAM,KKM,,WILAYAH PERSEKUTUAN KUALA LUMPUR,WILAYAH PERSEKUTUAN KUALA LUMPUR DAN PUTRAJAYA,KLINIK PERGIGIAN,KLINIK PERGIGIAN SEKOLAH RENDAH,KLINIK PERGIGIAN SEKOLAH D/A SEKOLAH KEBANGSAAN YAACOB LATIF 1,"JALAN PEEL CHERAS, 55100 KUALA LUMPUR",,55100,,,,,3.127632,101.7272
5527,21-14010399,BUKA,AWAM,KKM,,WILAYAH PERSEKUTUAN KUALA LUMPUR,WILAYAH PERSEKUTUAN KUALA LUMPUR DAN PUTRAJAYA,KLINIK PERGIGIAN,KLINIK PERGIGIAN SEKOLAH RENDAH,KLINIK PERGIGIAN SEKOLAH D/A SEKOLAH KEBANGSAAN WANGSA MAJU ZON R10,"SEKSYEN 10, WANGSA MAJU, 53300 KUALA LUMPUR",,53300,,,,,3.191058,101.7393
5528,21-14010398,BUKA,AWAM,KKM,,WILAYAH PERSEKUTUAN KUALA LUMPUR,WILAYAH PERSEKUTUAN KUALA LUMPUR DAN PUTRAJAYA,KLINIK PERGIGIAN,KLINIK PERGIGIAN SEKOLAH RENDAH,KLINIK PERGIGIAN SEKOLAH D/A SEKOLAH KEBANGSAAN TAMAN MIDAH 2,"JALAN MIDAH 12, TAMAN MIDAH CHERAS, 56000 KUALA LUMPUR",,56000,,,,,3.0957,101.7282
5529,21-14010397,BUKA,AWAM,KKM,,WILAYAH PERSEKUTUAN KUALA LUMPUR,WILAYAH PERSEKUTUAN KUALA LUMPUR DAN PUTRAJAYA,KLINIK PERGIGIAN,KLINIK PERGIGIAN SEKOLAH RENDAH,KLINIK PERGIGIAN SEKOLAH D/A SEKOLAH KEBANGSAAN TAMAN KOPERASI POLIS,"TAMAN KOPERASI POLIS FASA 2, BATU CAVES, 68100 KUALA LUMPUR",,68100,,,,,3.220322,101.6927
5530,21-14010396,BUKA,AWAM,KKM,,WILAYAH PERSEKUTUAN KUALA LUMPUR,WILAYAH PERSEKUTUAN KUALA LUMPUR DAN PUTRAJAYA,KLINIK PERGIGIAN,KLINIK PERGIGIAN SEKOLAH RENDAH,KLINIK PERGIGIAN SEKOLAH D/A SEKOLAH KEBANGSAAN JALAN SUNGAI BESI 1,"BATU 3 3/4, JALAN SG BESI, 57100 KUALA LUMPUR",,57100,,,,,3.125749,101.7074
5531,21-14010395,BUKA,AWAM,KKM,,WILAYAH PERSEKUTUAN KUALA LUMPUR,WILAYAH PERSEKUTUAN KUALA LUMPUR DAN PUTRAJAYA,KLINIK PERGIGIAN,KLINIK PERGIGIAN SEKOLAH RENDAH,KLINIK PERGIGIAN SEKOLAH D/A SEKOLAH KEBANGSAAN ST. MARY,"JALAN INTAN BAIDURI 5D, TAMAN INTAN BAIDURI, 52100 KUALA LUMPUR",,52100,,,,,3.230353,101.6492
5532,21-14010394,BUKA,AWAM,KKM,,WILAYAH PERSEKUTUAN KUALA LUMPUR,WILAYAH PERSEKUTUAN KUALA LUMPUR DAN PUTRAJAYA,KLINIK PERGIGIAN,KLINIK PERGIGIAN SEKOLAH RENDAH,KLINIK PERGIGIAN SEKOLAH D/A SEKOLAH KEBANGSAAN ST. GABRIEL,"JALAN PERWIRA, 55100 KUALA LUMPUR",,55100,,,,,3.136141,101.7295
5533,21-14010393,BUKA,AWAM,KKM,,WILAYAH PERSEKUTUAN KUALA LUMPUR,WILAYAH PERSEKUTUAN KUALA LUMPUR DAN PUTRAJAYA,KLINIK PERGIGIAN,KLINIK PERGIGIAN SEKOLAH RENDAH,KLINIK PERGIGIAN SEKOLAH D/A SEKOLAH KEBANGSAAN SETIAWANGSA,"JALAN SETIAWANGSA 13, 54200 KUALA LUMPUR",,54200,,,,,3.180381,101.7413
5534,21-14010392,BUKA,AWAM,KKM,,WILAYAH PERSEKUTUAN KUALA LUMPUR,WILAYAH PERSEKUTUAN KUALA LUMPUR DAN PUTRAJAYA,KLINIK PERGIGIAN,KLINIK PERGIGIAN SEKOLAH RENDAH,KLINIK PERGIGIAN SEKOLAH D/A SEKOLAH KEBANGSAAN TAMAN SERI RAMPAI,"JALAN 65/26, TAMAN SERI RAMPAI, 53300 KUALA LUMPUR",,53300,,,,,3.198455,101.7336
5535,21-14010391,BUKA,AWAM,KKM,,WILAYAH PERSEKUTUAN KUALA LUMPUR,WILAYAH PERSEKUTUAN KUALA LUMPUR DAN PUTRAJAYA,KLINIK PERGIGIAN,KLINIK PERGIGIAN SEKOLAH RENDAH,KLINIK PERGIGIAN SEKOLAH D/A SEKOLAH KEBANGSAAN SERI MURNI,"JALAN 1/2B, TAMAN SERI MURNI 68100, BATU CAVES, KUALA LUMPUR",,68100,,,,,3.235397,101.6644
5536,21-14010390,BUKA,AWAM,KKM,,WILAYAH PERSEKUTUAN KUALA LUMPUR,WILAYAH PERSEKUTUAN KUALA LUMPUR DAN PUTRAJAYA,KLINIK PERGIGIAN,KLINIK PERGIGIAN SEKOLAH RENDAH,KLINIK PERGIGIAN SEKOLAH D/A SEKOLAH KEBANGSAAN SERI DELIMA,"KAMPONG BATU JALAN IPOH, 52000 KUALA LUMPUR",,52000,,,,,3.205273,101.6734
5537,21-14010389,BUKA,AWAM,KKM,,WILAYAH PERSEKUTUAN KUALA LUMPUR,WILAYAH PERSEKUTUAN KUALA LUMPUR DAN PUTRAJAYA,KLINIK PERGIGIAN,KLINIK PERGIGIAN SEKOLAH RENDAH,KLINIK PERGIGIAN SEKOLAH D/A SEKOLAH KEBANGSAAN SENTUL 1,"JALAN SENTUL, SENTUL 51100 KUALA LUMPUR",,51100,,,,,3.192869,101.6901
5538,21-14010388,BUKA,AWAM,KKM,,WILAYAH PERSEKUTUAN KUALA LUMPUR,WILAYAH PERSEKUTUAN KUALA LUMPUR DAN PUTRAJAYA,KLINIK PERGIGIAN,KLINIK PERGIGIAN SEKOLAH RENDAH,KLINIK PERGIGIAN SEKOLAH D/A SEKOLAH KEBANGSAAN SALAK SOUTH,"JALAN GEMPITA 1, TAMAN SALAK SELATAN, 57100 KUALA LUMPUR",,57100,,,,,3.081111,101.6972
5539,21-14010387,BUKA,AWAM,KKM,,WILAYAH PERSEKUTUAN KUALA LUMPUR,WILAYAH PERSEKUTUAN KUALA LUMPUR DAN PUTRAJAYA,KLINIK PERGIGIAN,KLINIK PERGIGIAN SEKOLAH RENDAH,KLINIK PERGIGIAN SEKOLAH D/A SEKOLAH KEBANGSAAN PUTERI PANDAN 1,"JALAN PERWIRA, KAMPUNG PANDAN 55100 KUALA LUMPUR",,55100,,,,,3.136475,101.7289
5540,21-14010386,BUKA,AWAM,KKM,,WILAYAH PERSEKUTUAN KUALA LUMPUR,WILAYAH PERSEKUTUAN KUALA LUMPUR DAN PUTRAJAYA,KLINIK PERGIGIAN,KLINIK PERGIGIAN SEKOLAH RENDAH,KLINIK PERGIGIAN SEKOLAH D/A SEKOLAH KEBANGSAAN POLIS DEPOT,"JALAN SULTAN YAHYA PETRA, 54100 KUALA LUMPUR",,50410,,,,,3.177376,101.7205
5541,21-14010385,BUKA,AWAM,KKM,,WILAYAH PERSEKUTUAN KUALA LUMPUR,WILAYAH PERSEKUTUAN KUALA LUMPUR DAN PUTRAJAYA,KLINIK PERGIGIAN,KLINIK PERGIGIAN SEKOLAH RENDAH,KLINIK PERGIGIAN SEKOLAH D/A SEKOLAH KEBANGSAAN PETALING 1,"BATU 6, JALAN KELANG LAMA, 58000 KUALA LUMPUR",,58000,,,,,3.082425,101.6609
5542,21-14010384,BUKA,AWAM,KKM,,WILAYAH PERSEKUTUAN KUALA LUMPUR,WILAYAH PERSEKUTUAN KUALA LUMPUR DAN PUTRAJAYA,KLINIK PERGIGIAN,KLINIK PERGIGIAN SEKOLAH RENDAH,KLINIK PERGIGIAN SEKOLAH D/A SEKOLAH KEBANGSAAN PENGKALAN TENTERA DARAT,"JALAN JOHOR, KEM SUNGAI BESI 57000 KUALA LUMPUR",,57000,,,,,3.062015,101.7173
5543,21-14010383,BUKA,AWAM,KKM,,WILAYAH PERSEKUTUAN KUALA LUMPUR,WILAYAH PERSEKUTUAN KUALA LUMPUR DAN PUTRAJAYA,KLINIK PERGIGIAN,KLINIK PERGIGIAN SEKOLAH RENDAH,KLINIK PERGIGIAN SEKOLAH D/A SEKOLAH KEBANGSAAN LA SALLE 1 BRICKFIELDS,"JALAN TUN SAMBANTHAN, 50470 KUALA LUMPUR",,50470,,,,,3.127301,101.6835
5544,21-14010382,BUKA,AWAM,KKM,,WILAYAH PERSEKUTUAN KUALA LUMPUR,WILAYAH PERSEKUTUAN KUALA LUMPUR DAN PUTRAJAYA,KLINIK PERGIGIAN,KLINIK PERGIGIAN SEKOLAH RENDAH,KLINIK PERGIGIAN SEKOLAH D/A SEKOLAH KEBANGSAAN KEPONG BARU,"JALAN API API 4, TAMAN KEPONG 52100 KUALA LUMPUR",,52100,,,,,3.206112,101.6454
5545,21-14010381,BUKA,AWAM,KKM,,WILAYAH PERSEKUTUAN KUALA LUMPUR,WILAYAH PERSEKUTUAN KUALA LUMPUR DAN PUTRAJAYA,KLINIK PERGIGIAN,KLINIK PERGIGIAN SEKOLAH RENDAH,KLINIK PERGIGIAN SEKOLAH D/A SEKOLAH KEBANGSAAN KAMPUNG BHARU,"JALAN DATUK ABDUL RAZAK, KAMPUNG BHARU, 50300 KUALA LUMPUR.",,50300,,,,,3.162717,101.7016
5546,21-14010380,BUKA,AWAM,KKM,,WILAYAH PERSEKUTUAN KUALA LUMPUR,WILAYAH PERSEKUTUAN KUALA LUMPUR DAN PUTRAJAYA,KLINIK PERGIGIAN,KLINIK PERGIGIAN SEKOLAH RENDAH,KLINIK PERGIGIAN SEKOLAH D/A SEKOLAH KEBANGSAAN (P) PUDU 1,"JALAN FOSS, PUDU 55200 KUALA LUMPUR
",,55200,,,,,3.131012,101.7131
5547,21-14010379,BUKA,AWAM,KKM,,WILAYAH PERSEKUTUAN KUALA LUMPUR,WILAYAH PERSEKUTUAN KUALA LUMPUR DAN PUTRAJAYA,KLINIK PERGIGIAN,KLINIK PERGIGIAN SEKOLAH RENDAH,KLINIK PERGIGIAN SEKOLAH D/A SEKOLAH KEBANGSAAN JALAN PASAR 1,"JALAN RUSA, 55100 KUALA LUMPUR",,55100,,,,,3.13667,101.7181
5548,21-14010378,BUKA,AWAM,KKM,,WILAYAH PERSEKUTUAN KUALA LUMPUR,WILAYAH PERSEKUTUAN KUALA LUMPUR DAN PUTRAJAYA,KLINIK PERGIGIAN,KLINIK PERGIGIAN SEKOLAH RENDAH,KLINIK PERGIGIAN SEKOLAH D/A SEKOLAH KEBANGSAAN SULTAN HISHAMUDDIN ALAM SHAH,"JALAN SULTAN SALAHUDDIN, 50480 KUALA LUMPUR",,50480,,,,,3.151171,101.6915
5549,21-14010377,BUKA,AWAM,KKM,,WILAYAH PERSEKUTUAN KUALA LUMPUR,WILAYAH PERSEKUTUAN KUALA LUMPUR DAN PUTRAJAYA,KLINIK PERGIGIAN,KLINIK PERGIGIAN SEKOLAH RENDAH,KLINIK PERGIGIAN SEKOLAH D/A SEKOLAH KEBANGSAAN JALAN HANG TUAH 1,"JALAN HANG TUAH, 55200 KUALA LUMPUR",,55200,,,,,3.136966,101.7046
5550,21-14010376,BUKA,AWAM,KKM,,WILAYAH PERSEKUTUAN KUALA LUMPUR,WILAYAH PERSEKUTUAN KUALA LUMPUR DAN PUTRAJAYA,KLINIK PERGIGIAN,KLINIK PERGIGIAN SEKOLAH RENDAH,KLINIK PERGIGIAN SEKOLAH D/A SEKOLAH KEBANGSAAN DESA TUN HUSSEIN ONN,"JALAN JELATEK, 54200 KUALA LUMPUR",,54200,,,,,3.16937,101.735
5551,21-14010375,BUKA,AWAM,KKM,,WILAYAH PERSEKUTUAN KUALA LUMPUR,WILAYAH PERSEKUTUAN KUALA LUMPUR DAN PUTRAJAYA,KLINIK PERGIGIAN,KLINIK PERGIGIAN SEKOLAH RENDAH,KLINIK PERGIGIAN SEKOLAH D/A SEKOLAH KEBANGSAAN DESA PANDAN,"JALAN 4/76 DESA PANDAN, 55100 KUALA LUMPUR",,55100,,,,,3.149744,101.7384
5552,21-14010374,BUKA,AWAM,KKM,,WILAYAH PERSEKUTUAN KUALA LUMPUR,WILAYAH PERSEKUTUAN KUALA LUMPUR DAN PUTRAJAYA,KLINIK PERGIGIAN,KLINIK PERGIGIAN SEKOLAH RENDAH,KLINIK PERGIGIAN SEKOLAH D/A SEKOLAH KEBANGSAAN DATO ABU BAKAR,"JALAN DAVIS, 55100 KUALA LUMPUR",,55100,,,,,3.140525,101.7144
5553,21-14010373,BUKA,AWAM,KKM,,WILAYAH PERSEKUTUAN KUALA LUMPUR,WILAYAH PERSEKUTUAN KUALA LUMPUR DAN PUTRAJAYA,KLINIK PERGIGIAN,KLINIK PERGIGIAN SEKOLAH RENDAH,KLINIK PERGIGIAN SEKOLAH D/A SEKOLAH KEBANGSAAN CONVENT SENTUL 1,"JALAN TANAH LAPANG, SENTUL, 51000 KUALA LUMPUR",,51000,,,,,3.184856,101.6941
5554,21-14010372,BUKA,AWAM,KKM,,WILAYAH PERSEKUTUAN KUALA LUMPUR,WILAYAH PERSEKUTUAN KUALA LUMPUR DAN PUTRAJAYA,KLINIK PERGIGIAN,KLINIK PERGIGIAN SEKOLAH RENDAH,KLINIK PERGIGIAN SEKOLAH D/A SEKOLAH KEBANGSAAN CONVENT 1 BUKIT NANAS,"JALAN BUKIT NANAS, 50250 KUALA LUMPUR
",,50250,,,,,3.152506,101.7011
5555,21-14010371,BUKA,AWAM,KKM,,WILAYAH PERSEKUTUAN KUALA LUMPUR,WILAYAH PERSEKUTUAN KUALA LUMPUR DAN PUTRAJAYA,KLINIK PERGIGIAN,KLINIK PERGIGIAN SEKOLAH RENDAH,KLINIK PERGIGIAN SEKOLAH D/A SEKOLAH KEBANGSAAN BRICKFIELDS 2,"JALAN SULTAN ABDUL SAMAD, BRICKFIELDS, 50470 KUALA LUMPUR.",,50470,,,,,3.130951,101.6885
5556,21-14010370,BUKA,AWAM,KKM,,WILAYAH PERSEKUTUAN KUALA LUMPUR,WILAYAH PERSEKUTUAN KUALA LUMPUR DAN PUTRAJAYA,KLINIK PERGIGIAN,KLINIK PERGIGIAN SEKOLAH RENDAH,KLINIK PERGIGIAN SEKOLAH D/A SEKOLAH KEBANGSAAN BANGSAR,"JALAN PANTAI BARU, 59100 KUALA LUMPUR",,59100,,,,,3.11575,101.6703
5557,21-14010369,BUKA,AWAM,KKM,,WILAYAH PERSEKUTUAN KUALA LUMPUR,WILAYAH PERSEKUTUAN KUALA LUMPUR DAN PUTRAJAYA,KLINIK PERGIGIAN,KLINIK PERGIGIAN SEKOLAH RENDAH,KLINIK PERGIGIAN SEKOLAH D/A SEKOLAH KEBANGSAAN AU KERAMAT,"JALAN 5/56 AU3, TAMAN KERAMAT, 54200 KUALA LUMPUR",,54200,,,,,3.188165,101.7583
5558,21-14010368,BUKA,AWAM,KKM,,WILAYAH PERSEKUTUAN KUALA LUMPUR,WILAYAH PERSEKUTUAN KUALA LUMPUR DAN PUTRAJAYA,KLINIK PERGIGIAN,KLINIK PERGIGIAN SEKOLAH RENDAH,KLINIK PERGIGIAN SEKOLAH D/A SEKOLAH KEBANGSAAN JALAN AIR PANAS,"JALAN AIR PANAS, SETAPAK 53200 KUALA LUMPUR",,53200,,,,,3.189554,101.715
5559,21-14010366,BUKA,AWAM,KKM,,WILAYAH PERSEKUTUAN KUALA LUMPUR,WILAYAH PERSEKUTUAN KUALA LUMPUR DAN PUTRAJAYA,KLINIK PERGIGIAN,KLINIK PERGIGIAN SEKOLAH RENDAH,KLINIK PERGIGIAN SEKOLAH D/A SEKOLAH KEBANGSAAN (P) JALAN BATU,"JALAN SULTAN ISMAIL, 50350 KUALA LUMPUR",,50350,,,,,3.160253,101.696
5560,21-14010365,BUKA,AWAM,KKM,,WILAYAH PERSEKUTUAN KUALA LUMPUR,WILAYAH PERSEKUTUAN KUALA LUMPUR DAN PUTRAJAYA,KLINIK PERGIGIAN,KLINIK PERGIGIAN SEKOLAH RENDAH,KLINIK PERGIGIAN SEKOLAH D/A SEKOLAH KEBANGSAAN METHODIST (L) JLN HANG JEBAT,JALAN HANG JEBAT 50150 KUALA LUMPUR,,50150,,,,,3.13192,101.6841
5561,21-14010363,BUKA,AWAM,KKM,,WILAYAH PERSEKUTUAN KUALA LUMPUR,WILAYAH PERSEKUTUAN KUALA LUMPUR DAN PUTRAJAYA,KLINIK PERGIGIAN,KLINIK PERGIGIAN SEKOLAH RENDAH,KLINIK PERGIGIAN SEKOLAH D/A SEKOLAH KEBANGSAAN (L) JALAN BATU,"JALAN RAJA LAUT, 50350 KUALA LUMPUR",,50350,,,,,3.159907,101.695
5562,21-14010362,BUKA,AWAM,KKM,,WILAYAH PERSEKUTUAN KUALA LUMPUR,WILAYAH PERSEKUTUAN KUALA LUMPUR DAN PUTRAJAYA,KLINIK PERGIGIAN,KLINIK PERGIGIAN SEKOLAH RENDAH,KLINIK PERGIGIAN SEKOLAH D/A SEKOLAH JENIS KEBANGSAAN (CINA) TSUN JIN,"JALAN PERWIRA, 55100 KUALA LUMPUR",,55100,,,,,3.137297,101.7302
5563,21-14010361,BUKA,AWAM,KKM,,WILAYAH PERSEKUTUAN KUALA LUMPUR,WILAYAH PERSEKUTUAN KUALA LUMPUR DAN PUTRAJAYA,KLINIK PERGIGIAN,KLINIK PERGIGIAN SEKOLAH RENDAH,KLINIK PERGIGIAN SEKOLAH D/A SEKOLAH JENIS KEBANGSAAN (CINA) TAMAN CONNAUGHT,"JALAN GELIGA CHERAS, 56000 KUALA LUMPUR",,56000,,,,,3.082471,101.7364
5564,21-14010360,BUKA,AWAM,KKM,,WILAYAH PERSEKUTUAN KUALA LUMPUR,WILAYAH PERSEKUTUAN KUALA LUMPUR DAN PUTRAJAYA,KLINIK PERGIGIAN,KLINIK PERGIGIAN SEKOLAH RENDAH,KLINIK PERGIGIAN SEKOLAH D/A SEKOLAH JENIS KEBANGSAAN (CINA) TAI THUNG,"SALAK SOUTH, 57100 KUALA LUMPUR",,57100,,,,,3.105375,101.7056
5565,21-14010359,BUKA,AWAM,KKM,,WILAYAH PERSEKUTUAN KUALA LUMPUR,WILAYAH PERSEKUTUAN KUALA LUMPUR DAN PUTRAJAYA,KLINIK PERGIGIAN,KLINIK PERGIGIAN SEKOLAH RENDAH,KLINIK PERGIGIAN SEKOLAH D/A SEKOLAH JENIS KEBANGSAAN (CINA) SALAK SOUTH,"JALAN 38, SALAK SOUTH BARU, 57100 KUALA LUMPUR",,57100,,,,,3.086859,101.6993
5566,21-14010358,BUKA,AWAM,KKM,,WILAYAH PERSEKUTUAN KUALA LUMPUR,WILAYAH PERSEKUTUAN KUALA LUMPUR DAN PUTRAJAYA,KLINIK PERGIGIAN,KLINIK PERGIGIAN SEKOLAH RENDAH,KLINIK PERGIGIAN SEKOLAH D/A SEKOLAH JENIS KEBANGSAAN (CINA) NAAM KHEUNG,"BATU 3Â½ JALAN CHERAS, 56000 KUALA LUMPUR
",,56000,,,,,3.118568,101.7246
5567,21-14010357,BUKA,AWAM,KKM,,WILAYAH PERSEKUTUAN KUALA LUMPUR,WILAYAH PERSEKUTUAN KUALA LUMPUR DAN PUTRAJAYA,KLINIK PERGIGIAN,KLINIK PERGIGIAN SEKOLAH RENDAH,KLINIK PERGIGIAN SEKOLAH D/A SEKOLAH JENIS KEBANGSAAN (CINA) MUN CHOONG,"BATU 5, JALAN SULTAN AZLAN SHAH, KAMPUNG BATU, 51200 KUALA LUMPUR",,51200,,,,,3.202444,101.6721
5568,21-14010356,BUKA,AWAM,KKM,,WILAYAH PERSEKUTUAN KUALA LUMPUR,WILAYAH PERSEKUTUAN KUALA LUMPUR DAN PUTRAJAYA,KLINIK PERGIGIAN,KLINIK PERGIGIAN SEKOLAH RENDAH,KLINIK PERGIGIAN SEKOLAH D/A SEKOLAH JENIS KEBANGSAAN (CINA) LAI MENG,"1, BLOK B, SEKOLAH LAI MENG, JALAN 15/155C, BANDAR BKT JALIL, 57000 KUALA LUMPUR",,57000,,,,,3.057813,101.6691
5569,21-14010355,BUKA,AWAM,KKM,,WILAYAH PERSEKUTUAN KUALA LUMPUR,WILAYAH PERSEKUTUAN KUALA LUMPUR DAN PUTRAJAYA,KLINIK PERGIGIAN,KLINIK PERGIGIAN SEKOLAH RENDAH,KLINIK PERGIGIAN SEKOLAH D/A SEKOLAH JENIS KEBANGSAAN (CINA) KUEN CHENG 1,"JALAN BELFIELD, 50460 KUALA LUMPUR",,50460,,,,,3.133675,101.6992
5570,21-14010354,BUKA,AWAM,KKM,,WILAYAH PERSEKUTUAN KUALA LUMPUR,WILAYAH PERSEKUTUAN KUALA LUMPUR DAN PUTRAJAYA,KLINIK PERGIGIAN,KLINIK PERGIGIAN SEKOLAH RENDAH,KLINIK PERGIGIAN SEKOLAH D/A SEKOLAH JENIS KEBANGSAAN (CINA) KEPONG 1,"JALAN BESAR KEPONG, BELAKANG BALAI POLIS KEPONG, 52100 KUALA LUMPUR",,52100,,,,,3.213926,101.6336
5571,21-14010353,BUKA,AWAM,KKM,,WILAYAH PERSEKUTUAN KUALA LUMPUR,WILAYAH PERSEKUTUAN KUALA LUMPUR DAN PUTRAJAYA,KLINIK PERGIGIAN,KLINIK PERGIGIAN SEKOLAH RENDAH,KLINIK PERGIGIAN SEKOLAH D/A SEKOLAH JENIS KEBANGSAAN (CINA) JINJANG UTARA,"JALAN JINJANG DAMAI 1, JINJANG UTARA, 52000 KUALA LUMPUR",,52000,,,,,3.222518,101.6604
5572,21-14010352,BUKA,AWAM,KKM,,WILAYAH PERSEKUTUAN KUALA LUMPUR,WILAYAH PERSEKUTUAN KUALA LUMPUR DAN PUTRAJAYA,KLINIK PERGIGIAN,KLINIK PERGIGIAN SEKOLAH RENDAH,KLINIK PERGIGIAN SEKOLAH D/A SEKOLAH JENIS KEBANGSAAN (CINA) JINJANG TENGAH 1,"JALAN JINJANG PERMAI 8, JINJANG UTARA, 52000 KUALA LUMPUR",,52000,,,,,3.214936,101.6629
5573,21-14010351,BUKA,AWAM,KKM,,WILAYAH PERSEKUTUAN KUALA LUMPUR,WILAYAH PERSEKUTUAN KUALA LUMPUR DAN PUTRAJAYA,KLINIK PERGIGIAN,KLINIK PERGIGIAN SEKOLAH RENDAH,KLINIK PERGIGIAN SEKOLAH D/A SEKOLAH JENIS KEBANGSAAN (CINA) JINJANG SELATAN,"JALAN JAMBU GAJUS, JINJANG SELATAN, 52000 KUALA LUMPUR",,52000,,,,,3.204719,101.6652
5574,21-14010350,BUKA,AWAM,KKM,,WILAYAH PERSEKUTUAN KUALA LUMPUR,WILAYAH PERSEKUTUAN KUALA LUMPUR DAN PUTRAJAYA,KLINIK PERGIGIAN,KLINIK PERGIGIAN SEKOLAH RENDAH,KLINIK PERGIGIAN SEKOLAH D/A SEKOLAH JENIS KEBANGSAAN (CINA) JALAN DAVIDSON,"JALAN HANG JEBAT, 50150 KUALA LUMPUR
",,50150,,,,,3.142263,101.7025
5575,21-14010349,BUKA,AWAM,KKM,,WILAYAH PERSEKUTUAN KUALA LUMPUR,WILAYAH PERSEKUTUAN KUALA LUMPUR DAN PUTRAJAYA,KLINIK PERGIGIAN,KLINIK PERGIGIAN SEKOLAH RENDAH,KLINIK PERGIGIAN SEKOLAH D/A SEKOLAH JENIS KEBANGSAAN (CINA) CONFUCIAN,"6 KM,  JALAN SUNGAI BESI, 57100 KUALA LUMPUR",,57100,,,,,3.109878,101.7041
5576,21-14010348,BUKA,AWAM,KKM,,WILAYAH PERSEKUTUAN KUALA LUMPUR,WILAYAH PERSEKUTUAN KUALA LUMPUR DAN PUTRAJAYA,KLINIK PERGIGIAN,KLINIK PERGIGIAN SEKOLAH RENDAH,KLINIK PERGIGIAN SEKOLAH D/A SEKOLAH JENIS KEBANGSAAN (CINA) CHUNG KWOK,"JALAN MERPATI OFF JALAN RAJA LAUT , 50350 KUALA LUMPUR.",,50350,,,,,3.160596,101.6936
5577,21-14010347,BUKA,AWAM,KKM,,WILAYAH PERSEKUTUAN KUALA LUMPUR,WILAYAH PERSEKUTUAN KUALA LUMPUR DAN PUTRAJAYA,KLINIK PERGIGIAN,KLINIK PERGIGIAN SEKOLAH RENDAH,KLINIK PERGIGIAN SEKOLAH D/A SEKOLAH JENIS KEBANGSAAN (CINA) CHONG HWA,"JALAN PAHANG, SETAPAK, 53000 KUALA LUMPUR",,55000,,,,,3.18471,101.7012
5578,21-14010346,BUKA,AWAM,KKM,,WILAYAH PERSEKUTUAN KUALA LUMPUR,WILAYAH PERSEKUTUAN KUALA LUMPUR DAN PUTRAJAYA,KLINIK PERGIGIAN,KLINIK PERGIGIAN SEKOLAH RENDAH,KLINIK PERGIGIAN SEKOLAH D/A SEKOLAH JENIS KEBANGSAAN (CINA) CHIN WOO,"JALAN PASAR, 55100 KUALA LUMPUR",,55100,,,,,3.13663,101.7154
5579,21-14010409,BUKA,AWAM,KKM,,WILAYAH PERSEKUTUAN KUALA LUMPUR,WILAYAH PERSEKUTUAN KUALA LUMPUR DAN PUTRAJAYA,KLINIK PERGIGIAN,KLINIK PERGIGIAN SEKOLAH MENENGAH,KLINIK PERGIGIAN SEKOLAH D/A SEKOLAH MENENGAH KEBANGSAAN TAMAN CONNAUGHT,"JALAN AHLIMAN, TAMAN CONNAUGHT, 56000 KUALA LUMPUR
",,56000,,,,,3.083357,101.7358
5580,21-14010408,BUKA,AWAM,KKM,,WILAYAH PERSEKUTUAN KUALA LUMPUR,WILAYAH PERSEKUTUAN KUALA LUMPUR DAN PUTRAJAYA,KLINIK PERGIGIAN,KLINIK PERGIGIAN SEKOLAH MENENGAH,KLINIK PERGIGIAN SEKOLAH D/A SEKOLAH MENENGAH SAINS SELANGOR,"JALAN YAACOB LATIF, 56000 KUALA LUMPUR",,56000,,,,,3.103672,101.7198
5581,21-14010407,BUKA,AWAM,KKM,,WILAYAH PERSEKUTUAN KUALA LUMPUR,WILAYAH PERSEKUTUAN KUALA LUMPUR DAN PUTRAJAYA,KLINIK PERGIGIAN,KLINIK PERGIGIAN SEKOLAH MENENGAH,KLINIK PERGIGIAN SEKOLAH D/A SEKOLAH MENENGAH KEBANGSAAN PUTERI WILAYAH,"JALAN DEWAN SULTAN SULAIMAN, 50300 KUALA LUMPUR",,50300,,,,,3.161952,101.7006
5582,21-14010406,BUKA,AWAM,KKM,,WILAYAH PERSEKUTUAN KUALA LUMPUR,WILAYAH PERSEKUTUAN KUALA LUMPUR DAN PUTRAJAYA,KLINIK PERGIGIAN,KLINIK PERGIGIAN SEKOLAH MENENGAH,KLINIK PERGIGIAN SEKOLAH D/A SEKOLAH MENENGAH KEBANGSAAN BANDAR TUN RAZAK,"CHERAS, 56000 KUALA LUMPUR",,56000,,,,,3.0909,101.7237
5583,21-14010405,BUKA,AWAM,KKM,,WILAYAH PERSEKUTUAN KUALA LUMPUR,WILAYAH PERSEKUTUAN KUALA LUMPUR DAN PUTRAJAYA,KLINIK PERGIGIAN,KLINIK PERGIGIAN SEKOLAH MENENGAH,KLINIK PERGIGIAN SEKOLAH D/A SEKOLAH MENENGAH KEBANGSAAN SERI SAUJANA,"JALAN MESRA RIA, BANDAR BARU SERI PETALING 57000 KUALA LUMPUR",,57000,,,,,3.068647,101.6842
5584,21-14010404,BUKA,AWAM,KKM,,WILAYAH PERSEKUTUAN KUALA LUMPUR,WILAYAH PERSEKUTUAN KUALA LUMPUR DAN PUTRAJAYA,KLINIK PERGIGIAN,KLINIK PERGIGIAN SEKOLAH MENENGAH,KLINIK PERGIGIAN SEKOLAH D/A SEKOLAH MENENGAH KEBANGSAAN PUTERI AMPANG,"JALAN AMPANG, 55000 KUALA LUMPUR",,55000,,,,,3.16282,101.7289
5585,21-14010403,BUKA,AWAM,KKM,,WILAYAH PERSEKUTUAN KUALA LUMPUR,WILAYAH PERSEKUTUAN KUALA LUMPUR DAN PUTRAJAYA,KLINIK PERGIGIAN,KLINIK PERGIGIAN SEKOLAH MENENGAH,KLINIK PERGIGIAN SEKOLAH D/A SEKOLAH MENENGAH KEBANGSAAN PETALING,"BATU 6, JALAN KELANG LAMA, 58200 KUALA LUMPUR",,58200,,,,,3.080739,101.6601
5586,21-14010402,BUKA,AWAM,KKM,,WILAYAH PERSEKUTUAN KUALA LUMPUR,WILAYAH PERSEKUTUAN KUALA LUMPUR DAN PUTRAJAYA,KLINIK PERGIGIAN,KLINIK PERGIGIAN SEKOLAH MENENGAH,KLINIK PERGIGIAN SEKOLAH D/A SEKOLAH MENENGAH KEBANGSAAN DATO' IBRAHIM YAACOB,"BATU 5, JALAN IPOH, 52100 KUALA LUMPUR",,52100,,,,,3.206927,101.6724
5587,21-14010401,BUKA,AWAM,KKM,,WILAYAH PERSEKUTUAN KUALA LUMPUR,WILAYAH PERSEKUTUAN KUALA LUMPUR DAN PUTRAJAYA,KLINIK PERGIGIAN,KLINIK PERGIGIAN SEKOLAH MENENGAH,KLINIK PERGIGIAN SEKOLAH D/A SEKOLAH MENENGAH KEBANGSAAN (P) AIR PANAS,"JALAN AIR PANAS, SETAPAK, 53200 KUALA LUMPUR",,53200,,,,,3.189684,101.7154
5589,21-14010416,BUKA,AWAM,KKM,,WILAYAH PERSEKUTUAN KUALA LUMPUR,WILAYAH PERSEKUTUAN KUALA LUMPUR DAN PUTRAJAYA,KLINIK PERGIGIAN,KLINIK PERGIGIAN DI UTC,KLINIK PERGIGIAN MINI UTC SENTUL,"ARAS 3 , BANGUNAN MINI UTC SENTUL, BANDAR BARU SENTUL 51000 KUALA LUMPUR",,51000,,,,,3.181061,101.6975
5590,21-14010069D,BUKA,AWAM,KKM,,WILAYAH PERSEKUTUAN KUALA LUMPUR,WILAYAH PERSEKUTUAN KUALA LUMPUR DAN PUTRAJAYA,KLINIK PERGIGIAN,KLINIK PERGIGIAN DI UTC,KLINIK PERGIGIAN DI KLINIK KESIHATAN UTC PUDU SENTRAL,"LOT A42- A46, ARAS G, BANGUNAN UTC PUDU SENTRAL, 50150 KUALA LUMPUR",,50150,,,,,3.145486,101.7015
5592,21-15010035,BUKA,AWAM,KKM,,WILAYAH PERSEKUTUAN LABUAN,WILAYAH PERSEKUTUAN LABUAN,KLINIK PERGIGIAN,KLINIK PERGIGIAN (STANDALONE),KLINIK PERGIGIAN LAJAU,"PETI SURAT 80832, 87018 LABUAN, WILAYAH PERSEKUTUAN LABUAN",,87018,,,,,5.283146,115.2308
5593,21-15010004D,BUKA,AWAM,KKM,,WILAYAH PERSEKUTUAN LABUAN,WILAYAH PERSEKUTUAN LABUAN,KLINIK PERGIGIAN,KLINIK PERGIGIAN DI KLINIK KESIHATAN,KLINIK PERGIGIAN DI KLINIK KESIHATAN LABUAN,"JALAN HOSPITAL, PETI SURAT 80544, 87014 WILAYAH PERSEKUTUAN LABUAN",,87014,,,,,5.283146,115.2308
5594,11-15010003D,BUKA,AWAM,KKM,,WILAYAH PERSEKUTUAN LABUAN,WILAYAH PERSEKUTUAN LABUAN,KLINIK PERGIGIAN,KLINIK PERGIGIAN DI HOSPITAL,KLINIK PERGIGIAN DI HOSPITAL LABUAN,"HOSPITAL LABUAN, JALAN MOHAMAD SALLEH, PETI SURAT 81006, 87018  WILAYAH PERSEKUTUAN LABUAN",,87018,,,,,5.311493,115.2304
5595,21-15010026,BUKA,AWAM,KKM,,WILAYAH PERSEKUTUAN LABUAN,WILAYAH PERSEKUTUAN LABUAN,KLINIK PERGIGIAN,KLINIK PERGIGIAN SEKOLAH RENDAH,KLINIK PERGIGIAN SEKOLAH D/A SEKOLAH JENIS KEBANGSAAN (CINA) CHI WEN,"PETI SURAT 81142, 87021 WILAYAH PERSEKUTUAN LABUAN",,87021,,,,,5.280932,115.2483
5596,21-15010024,BUKA,AWAM,KKM,,WILAYAH PERSEKUTUAN LABUAN,WILAYAH PERSEKUTUAN LABUAN,KLINIK PERGIGIAN,KLINIK PERGIGIAN SEKOLAH RENDAH,KLINIK PERGIGIAN SEKOLAH D/A SEKOLAH KEBANGSAAN PEKAN II,"PETI SURAT 81737, 87027 WILAYAH PERSEKUTUAN LABUAN",,87027,,,,,5.283146,115.2308
5597,21-15010023,BUKA,AWAM,KKM,,WILAYAH PERSEKUTUAN LABUAN,WILAYAH PERSEKUTUAN LABUAN,KLINIK PERGIGIAN,KLINIK PERGIGIAN SEKOLAH RENDAH,KLINIK PERGIGIAN SEKOLAH D/A SEKOLAH KEBANGSAAN PEKAN 1,"PETI SURAT 81104, 87021 WILAYAH PERSEKUTUAN LABUAN",,87021,,,,,5.283146,115.2308
5598,21-15010019D,BUKA,AWAM,KKM,,WILAYAH PERSEKUTUAN LABUAN,WILAYAH PERSEKUTUAN LABUAN,KLINIK PERGIGIAN,KLINIK PERGIGIAN DI KLINIK KOMUNITI,KLINIK PERGIGIAN DI KLINIK KOMUNITI TAMAN MUTIARA,"DEWAN SERBAGUNA BLOK L, TAMAN MUTIARA, 87008 WILAYAH PERSEKUTUAN LABUAN",,87008,,,,,5.283146,115.2308
5599,21-15010027D,BUKA,AWAM,KKM,,WILAYAH PERSEKUTUAN LABUAN,WILAYAH PERSEKUTUAN LABUAN,KLINIK PERGIGIAN,KLINIK PERGIGIAN DI UTC,KLINIK PERGIGIAN DI KLINIK KESIHATAN UTC LABUAN,"LOT G5, ARAS BAWAH, UTC LABUAN, PASAR CENTRAL LABUAN, 87000 WILAYAH PERSEKUTUAN LABUAN",,87000,,,,,5.283146,115.2308
5600,91-16010004,BUKA,AWAM,KKM,,WILAYAH PERSEKUTUAN PUTRAJAYA,WILAYAH PERSEKUTUAN PUTRAJAYA,PEJABAT KESIHATAN PERGIGIAN,PEJABAT KESIHATAN PERGIGIAN,PEJABAT KESIHATAN PERGIGIAN PUTRAJAYA,"WILAYAH PERSEKUTUAN PUTRAJAYA, JALAN P11/2, PRESINT 11, 62300 WP PUTRAJAYA",,62300,,,,,2.961685,101.6669
5601,21-16010077,BUKA,AWAM,KKM,,WILAYAH PERSEKUTUAN PUTRAJAYA,WILAYAH PERSEKUTUAN PUTRAJAYA,KLINIK PERGIGIAN,KLINIK PERGIGIAN (STANDALONE),"KLINIK PERGIGIAN PUSPANITA, PUSPANITAPURI","LOT PT 2280, 2283, PERSIARAN SERI PERDANA, PRESINT 10, 62200 WP PUTRAJAYA",,62200,,,,,2.942735,101.6871
5602,21-16010010D,BUKA,AWAM,KKM,,WILAYAH PERSEKUTUAN PUTRAJAYA,WILAYAH PERSEKUTUAN PUTRAJAYA,KLINIK PERGIGIAN,KLINIK PERGIGIAN DI KLINIK KESIHATAN,KLINIK PERGIGIAN DI KLINIK KESIHATAN PUTRAJAYA PRESINT 18,"KLINIK PERGIGIAN PUTRAJAYA PRESINT 18, TINGKAT 1, JALAN P18 C1, PRESINT 18, 62150 WP PUTRAJAYA",,62150,,,,,2.922188,101.6964
5603,21-16010003D,BUKA,AWAM,KKM,,WILAYAH PERSEKUTUAN PUTRAJAYA,WILAYAH PERSEKUTUAN PUTRAJAYA,KLINIK PERGIGIAN,KLINIK PERGIGIAN DI KLINIK KESIHATAN,KLINIK PERGIGIAN DI KLINIK KESIHATAN PUTRAJAYA PRESINT 9,"JALAN P9/E, PRESINT 9, 62250 WP. PUTRAJAYA",,62250,,,,,2.941413,101.6762
5604,11-16010075D,BUKA,AWAM,KKM,,WILAYAH PERSEKUTUAN PUTRAJAYA,WILAYAH PERSEKUTUAN PUTRAJAYA,KLINIK PERGIGIAN,KLINIK PERGIGIAN DI HOSPITAL,KLINIK PERGIGIAN DI INSTITUT KANSER NEGARA,"KEMENTERIAN KESIHATAN MALAYSIA, NO 4. JLN P 7, PRESINT 7, 62250 PUTRAJAYA, WP PUTRAJAYA",,62250,,,,,2.927187,101.6739
5605,11-16010002D,BUKA,AWAM,KKM,,WILAYAH PERSEKUTUAN PUTRAJAYA,WILAYAH PERSEKUTUAN PUTRAJAYA,KLINIK PERGIGIAN,KLINIK PERGIGIAN DI HOSPITAL,KLINIK PERGIGIAN DI HOSPITAL PUTRAJAYA,"PUSAT PENTADBIRAN KERAJAAN PERSEKUTUAN PRESINT 7, 62250 WP. PUTRAJAYA",,62250,,,,,2.929053,101.6742
5606,"31-
16010011D",BUKA,AWAM,KKM,,WILAYAH PERSEKUTUAN PUTRAJAYA,WILAYAH PERSEKUTUAN PUTRAJAYA,KLINIK PERGIGIAN,KLINIK PERGIGIAN DI INSTITUSI LAIN,"PUSAT PEMERIKSAAN KESIHATAN PENJAWAT AWAM, KOMPLEKS PERBADANAN PUTRAJAYA","PRESINT 3, 62210 WP. PUTRAJAYA",,62210,,,,,2.917429,101.6881
5607,31-03040455,BUKA,AWAM,KKM,,KELANTAN,KOTA BHARU,MAKMAL,MAKMAL KESIHATAN AWAM,MAKMAL KESIHATAN AWAM KOTA BHARU,"KM 10, LOT 522 PEROL, JALAN KUALA KRAI",,,,,,,6.1108877,102.2418118
5608,31-08050609,BUKA,AWAM,KKM,,PERAK,KINTA,MAKMAL,MAKMAL KESIHATAN AWAM,MAKMAL KESIHATAN AWAM IPOH,LOT 39052 JALAN JELAPANG,,,,,,,4.6135183,101.0566478
5609,31-01020707,BUKA,AWAM,KKM,,JOHOR,JOHOR BAHRU,MAKMAL,MAKMAL KESIHATAN AWAM,MAKMAL KESIHATAN AWAM JOHOR BAHRU,JALAN PERSIARAN TANJUNG TAMPOI,,,,,,,1.510445,103.707662
5610,31-10070765,BUKA,AWAM,KKM,,SELANGOR,PETALING,MAKMAL,MAKMAL KESIHATAN AWAM,MAKMAL KESIHATAN AWAM KEBANGSAAN,"LOT 1853, KG MELAYU",,,,,,,3.0733639,101.5217217
5611,31-12060688,BUKA,AWAM,KKM,,SABAH,KOTA KINABALU,MAKMAL,MAKMAL KESIHATAN AWAM,MAKLMAL KESIHATAN AWAM KOTA KINABALU,"BUKIT PADANG, JALAN KOLAM",,,,,,,5.9576825,116.0888872
5612,31-02050001,BUKA,AWAM,KKM,,KEDAH,KUBANG PASU,MAKMAL,MAKMAL KESELAMATAN  DAN KUALITI MAKANAN,MAKMAL KESELAMATAN  DAN KUALITI MAKANAN KEDAH,BANDAR BUKIT KAYU HITAM,,,,,,,6.5033086,100.4208702
5613,31-03040456,BUKA,AWAM,KKM,,KELANTAN,KOTA BHARU,MAKMAL,MAKMAL KESELAMATAN  DAN KUALITI MAKANAN,MAKMAL KESELAMATAN DAN KUALITI MAKANAN KELANTAN,"JABATAN KESIHATAN NEGERI KELANTAN, PERINGAT",,,,,,,6.0245402,102.2859882
5614,31-06110520,BUKA,AWAM,KKM,,PAHANG,TEMERLOH,MAKMAL,MAKMAL KESELAMATAN  DAN KUALITI MAKANAN,MAKMAL KESELAMATAN DAN KUALITI MAKANAN PAHANG,"NO 21, TINGKAT 1&2, JALAN BUNGA TANJONG",,,,,,,3.4831371,102.3420051
5615,31-07040328,BUKA,AWAM,KKM,,PULAU PINANG,SEBERANG PERAI UTARA,MAKMAL,MAKMAL KESELAMATAN  DAN KUALITI MAKANAN,MAKMAL KESELAMATAN DAN KUALITI MAKANAN PULAU PINANG,JALAN BAGAN LUAR,,,,,,,5.4063524,100.3692826
5616,31-09010090,BUKA,AWAM,KKM,,PERLIS,KANGAR,MAKMAL,MAKMAL KESELAMATAN  DAN KUALITI MAKANAN,MAKMAL KESELAMATAN DAN KUALITI MAKANAN PERLIS,"KM1, JALAN ABI TOK HASHIM",,,,,,,6.4454819,100.1901653
5617,31-10040766,BUKA,AWAM,KKM,,SELANGOR,KLANG,MAKMAL,MAKMAL KESELAMATAN  DAN KUALITI MAKANAN,MAKMAL KESELAMATAN DAN KUALITI MAKANAN SELANGOR,"BLOK C, JALAN LANGAT, BANDAR BOTANIK",,,,,,,2.9900208,101.4446087
5618,31-11050307,BUKA,AWAM,KKM,,TERENGGANU,KUALA TERENGGANU,MAKMAL,MAKMAL KESELAMATAN  DAN KUALITI MAKANAN,MAKMAL KESELAMATAN DAN KUALITI MAKANAN TERENGGANU,"KLINIK KESIHATAN BUKIT TUNGGAL, JALAN BUKIT DATU",,,,,,,5.3326637,103.1049262
5619,31-12170689,BUKA,AWAM,KKM,,SABAH,SANDAKAN,MAKMAL,MAKMAL KESELAMATAN  DAN KUALITI MAKANAN,MAKMAL KESELAMATAN DAN KUALITI MAKANAN SANDAKAN,"BATU 7, JALAN UTARA",,,,,,,5.8791789,118.0542769
5620,31-13110643,BUKA,AWAM,KKM,,SARAWAK,KUCHING,MAKMAL,MAKMAL KESELAMATAN  DAN KUALITI MAKANAN,MAKMAL KESELAMATAN DAN KUALITI MAKANAN SARAWAK,JALAN TUN ABANG HAJI OPENG,,,,,,,1.5415099,110.3407594
5621,31-13190644,BUKA,AWAM,KKM,,SARAWAK,MIRI,MAKMAL,MAKMAL KESELAMATAN  DAN KUALITI MAKANAN,MAKMAL KESELAMATAN DAN KUALITI MAKANAN MIRI,"LOT 523, BLOK 17, JALAN PUJUT- PADANG KERBAU",,,,,,,4.4052608,114.0033455
5622,31-06040576 ,BUKA,AWAM,KKM,,PAHANG,KUANTAN ,LAIN-LAIN,MENTARI,MENTARI BALOK,"PUSAT KESIHATAN MENTAL MASYARAKAT (MENTARI) BALOK, KLINIK KESIHATAN BALOK, JALAN MASJID",,26100,,011-55025086,mentari.balok@gmail.com,,3.9327198,103.3720981
5623,31-06080577,BUKA,AWAM,KKM,,PAHANG,MENTAKAB,LAIN-LAIN,MENTARI,MENTARI MENTAKAB,"PUSAT KESIHATAN MENTAL MASYARAKAT (MENTARI) MENTAKAB, KLINIK KESIHATAN BANDAR MENTAKAB, TAMAN BENDERA  ",,28400,,09-2772521,mentarimntkb@gmail.com,,3.4813858,102.3421563
5624,31-08030695,BUKA,AWAM,KKM,,PERAK,BATU GAJAH ,LAIN-LAIN,MENTARI,MENTARI BATU GAJAH,"PUSAT KESIHATAN MENTAL MASYARAKAT (MENTARI) BATU GAJAH, JALAN CHANGKAT, KAMPUNG BENDERA, 31000 BATU GAJAH, PERAK",,31000,,011-69595128,pkmmhbuk@gmail.com,,4.4802535,101.0355548
5625,31-08130696,BUKA,AWAM,KKM,,PERAK,SELAMA,LAIN-LAIN,MENTARI,MENTARI SELAMA,"PUSAT KESIHATAN MENTAL MASYARAKAT (MENTARI) SELAMA, UNIT MENTARI HOSPITAL SELAMA, 34100 SELAMA, PERAK",,34100,,05-8394322 (ext: 335),klinikmentarihs@gmail.com,,5.2131521,100.6888594
5626,31-08030697,BUKA,AWAM,KKM,,PERAK,KINTA,LAIN-LAIN,MENTARI,MENTARI SIMEE,"PUSAT KESIHATAN MENTAL MASYARAKAT (MENTARI) SIMEE, KLINIK KESIHATAN SIMEE, JALAN KOMPLEKS SUKAN, IPOH",,31400,,011-62558995/ 05-5439467 (ext: 128),mentarisimee@outlook.com,,4.6167707,101.1152071
5627,31-01011187,BUKA,AWAM,KKM,,JOHOR,BATU PAHAT,LAIN-LAIN,MENTARI,MENTARI BATU PAHAT,"PUSAT KESIHATAN MENTAL MASYARAKAT (MENTARI) BATU PAHAT, JKRBP 2048-A & JKRBP 2048-B,  KUARTERS PEGAWAI KLINIK KESIHATAN TONGKANG PECHAH, TONGKANG PECHAH, 83000 BATU PAHAT, JOHOR.",,83000,,018-3780466,mentaribatupahat@gmail.com,,1.9098091,102.9519338
5628,31-01021188,BUKA,AWAM,KKM,,JOHOR,JOHOR BAHRU,LAIN-LAIN,MENTARI,MENTARI JOHOR BAHRU,"PUSAT KESIHATAN MENTAL MASYARAKAT (MENTARI) JOHOR BAHRU, L1-UTC-10,11,12 UTC GALLERIA@KOTARAYA, JALAN TRUS,80000,JB",,80000,,07-2072455,Mentarijb@moh.gov.my,,1.4591356,103.7629187
5629,31-01021189,BUKA,AWAM,KKM,,JOHOR,JOHOR BHARU,LAIN-LAIN,MENTARI,MENTARI MASAI,"PUSAT KESIHATAN MENTAL MASYARAKAT (MENTARI) MASAI (PUNCAK DAMAI), BLOK D, KLINIK KESIHATAN MASAI, JALAN PEKELILING,  BANDAR SERI ALAM, 81750 MASAI, JOHOR BAHRU, JOHOR",,81750,,07-2518758,cmhcpuncakdamai@gmail.com,,1.4911985,103.8861109
5630,31-01061190,BUKA,AWAM,KKM,,JOHOR,MUAR,LAIN-LAIN,MENTARI,MENTARI MUAR,"PUSAT KESIHATAN MENTAL MASYARAKAT (MENTARI) MUAR, JALAN HOSPITAL, TAMAN UTAMA SATU, 84000 MUAR, JOHOR DARUL TA'ZIM",,84000,,06-9564000 (ext: 213),mentarihpsf@moh.gov.my,,2.0577667,102.5740842
5631,31-01071191,BUKA,AWAM,KKM,,JOHOR,PONTIAN,LAIN-LAIN,MENTARI,MENTARI PEKAN NANAS,"PUSAT KESIHATAN MENTAL MASYARAKAT (MENTARI) PEKAN NANAS (HENTIAN DAMAI), JALAN PASAR LAMA, 81500 PEKAN NANAS, PONTIAN JOHOR",,81500,,07-6991926,cmhcp.nanas@gmail.com,,1.5085168,103.5126012
5632,31-01081192,BUKA,AWAM,KKM,,JOHOR,SEGAMAT,LAIN-LAIN,MENTARI,MENTARI SEGAMAT," PUSAT KESIHATAN MENTAL MASYARAKAT (MENTARI) SEGAMAT, JALAN SULTAN, PUSAT LATIHAN JURURAWAT, 85000 SEGAMAT, JOHOR DARUL TA'ZIM",,85000,,013-7769533,mentarisegamat@gmail.com,,2.504786,102.8138724
5633,31-13190691,BUKA,AWAM,KKM,,SARAWAK,BINTULU,LAIN-LAIN,MENTARI,MENTARI BINTULU,"PUSAT KESIHATAN MENTAL MASYARAKAT (MENTARI) BINTULU, KLINIK PAKAR 1, HOSPITAL BINTULU, JALAN NYABAU, 97000 BINTULU SARAWAK.",,97000,,011-56303085,mentarihbtu@moh.gov.my,,3.2278861,113.1026914
5634,31-13150692,BUKA,AWAM,KKM,,SARAWAK,SIBU,LAIN-LAIN,MENTARI,MENTARI JALAN OYA,"PUSAT KESIHATAN MENTAL MASYARAKAT (MENTARI) JALAN OYA, KLINIK KESIHATAN JALAN OYA, JALAN OYA, 96000 SIBU, SARAWAK.",,96000,,017-798 1013,mentari.jalanoya@gmail.com,,2.3005118,111.8353077
5635,31-13240693,BUKA,AWAM,KKM,,SARAWAK,MIRI,LAIN-LAIN,MENTARI,MENTARI MIRI,"PUSAT KESIHATAN MENTAL MASYARAKAT (MENTARI) MIRI, NO 1.74, NO 1.75, LEVEL 2, LOT 992, MYY MALL, JALAN LUTONG - KUALA BARAM, LUTONG, 98100 MIRI, SARAWAK",,98100,,011-10567862,mentarimiri@gmail.com,,4.4706353,114.0102245
5636,31-13010694,BUKA,AWAM,KKM,,SARAWAK,KUCHING,LAIN-LAIN,MENTARI,MENTARI PETRA JAYA,"PUSAT KESIHATAN MENTAL MASYARAKAT (MENTARI) PETRA JAYA, KLINIK KESIHATAN PETRA JAYA, JALAN SIOL KANAN, PETRA JAYA, 93050 KUCHING, SARAWAK",,93050,,010-4456229,mentaripetrajayakch@gmail.com,,1.5911112,110.3398665
5637,31-13040695,BUKA,AWAM,KKM,,SARAWAK,KOTA SAMARAHAN,LAIN-LAIN,MENTARI,MENTARI SENTOSA,"PUSAT KESIHATAN MENTAL MASYARAKAT (MENTARI), LEARNING HUB BY HOPE PLACE L4-5, TINGKAT 4,  LA PROMENANDE MALL KUCHING - SAMARAHAN EXPRESSWAY",,94300,,019-8294002,mentarisentosa@moh.gov.my,,1.4963833,110.402005
5638,31-07020617,BUKA,AWAM,KKM,,PULAU PINANG,BUTTERWORTH,LAIN-LAIN,MENTARI,MENTARI BUTTERWORTH,"PUSAT KESIHATAN MENTAL MASYARAKAT (MENTARI) BUTTERWORTH, KOMPLEKS KESIHATAN BUTTERWORTH, JALAN BAGAN LUAR, 12000 BUTTERWORTH PULAU PINANG.",,12000,,04-3231908,mentaribtw@gmail.com,,5.4066411,100.3692886
5639,31-07040618,BUKA,AWAM,KKM,,PULAU PINANG,JELUTONG,LAIN-LAIN,MENTARI,MENTARI PULAU PINANG,"PUSAT KESIHATAN MENTAL MASYARAKAT (MENTARI)PULAU PINANG, JALAN PERAK (BELAKANG PEJABAT KESIHATAN DAERAH TIMUR LAUT)",,11600,,04-288 6233,mentaripulaupinang@gmail.com,,5.4028835,100.3144494
5640,31-12040775,BUKA,AWAM,KKM,,SABAH,SANDAKAN,LAIN-LAIN,MENTARI,MENTARI ELOPURA,"PUSAT KESIHATAN MENTAL MASYARAKAT (MENTARI) ELOPURA, KM 1.5, JALAN ATAS BUKIT, JKR QUARTERS NO.2533, 90000 SANDAKAN",,90000,,019-8158697,psyhdok@moh.gov.my,,5.8634736,118.0912053
5641,31-12070776,BUKA,AWAM,KKM,,SABAH,KOTA KINABALU,LAIN-LAIN,MENTARI,MENTARI KOTA KINABALU,"PUSAT KESIHATAN MENTAL MASYARAKAT (MENTARI) KOTA KINABALU, HOSPITAL MESRA BUKIT PADANG, 88815, KOTA KINABALU, SABAH.",,88815,,08-8240984 (ext: 234),mentarikotakinabalu@gmail.com,,5.9504723,116.1053466
5642,31-12010777,BUKA,AWAM,KKM,,SABAH,TAWAU,LAIN-LAIN,MENTARI,MENTARI TAWAU,"PUSAT KESIHATAN MENTAL MASYARAKAT (MENTARI) TAWAU, TINGKAT 2, KLINIK KESIHATAN TAWAU, JALAN CHONG THIEN VUN, 91000 TAWAU, SABAH",,91000,,019-8238353,mentari.tawau@gmail.com,,4.2597567,117.9145083
5643,31-02010525,BUKA,AWAM,KKM,,KEDAH,KUPANG,LAIN-LAIN,MENTARI,MENTARI HOSPITAL SULTAN ABDUL HALIM,"PUSAT KESIHATAN MENTAL MASYARAKAT (MENTARI) HOSPITAL SULTAN ABDUL HALIM, KAMPUNG CHENERAI, 09200 KUPANG, KEDAH",,09200,,04-4761729/ 04-4761730,pkmmkupang@gmail.com,,5.632991,100.8262811
5644,31-02110526,BUKA,AWAM,KKM,,KEDAH,PENDANG,LAIN-LAIN,MENTARI,MENTARI PENDANG,"PUSAT KESIHATAN MENTAL MASYARAKAT (MENTARI) PENDANG, UNIT KESIHATAN MENTAL KOMUNITI  KLINIK KESIHATAN PENDANG,  JALAN SG TIANG, PENDANG",,06700,,011-28618044,mentaripendang.hsb@gmail.com,,5.9853364,100.4802847
5645,31-11040326,BUKA,AWAM,KKM,,TERENGGANU,KUALA TERENGGANU,LAIN-LAIN,MENTARI,MENTARI HOSPITAL SULTANAH NUR ZAHIRAH,"PUSAT KESIHATAN MENTAL MASYARAKAT (MENTARI) HOSPITAL SULTANAH NUR ZAHIRAH, D/A HOSPITAL SULTANAH NUR ZAHIRAH, JALAN SULTAN MAHMUD",,20400,,09-6212066,mentarihsnz@gmail.com,,5.4439718,103.048567
5646,31-11050327,BUKA,AWAM,KKM,,TERENGGANU,MARANG,LAIN-LAIN,MENTARI,MENTARI WAKAF TAPAI,"PUSAT KESIHATAN MENTAL MASYARAKAT (MENTARI) WAKAF TAPAI, D/A KLINIK KESIHATAN WAKAF TAPAI",,21040,,09-6801376,pkmmwt1376@gmail.com,,5.1374796,103.0848194
5647,31-09010106,BUKA,AWAM,KKM,,PERLIS,KANGAR ,LAIN-LAIN,MENTARI,MENTARI KANGAR,"PUSAT KESIHATAN MENTAL MASYARAKAT (MENTARI) KANGAR, LORONG DAHLIA, JALAN PADANG KATONG",,01000,,04-9779280,sinarmentarikangar@gmail.com,,6.4422947,100.1912954
5648,31-03020816,BUKA,AWAM,KKM,,KELANTAN,KOTA BHARU,LAIN-LAIN,MENTARI,MENTARI KETEREH,"PUSAT KESIHATAN MENTAL MASYARAKAT (MENTARI) KETEREH, D/A KLINIK KESIHATAN KETEREH, JALAN TAMAN HAJI ALI, TAMAN HAJI ALI, 16450 KETEREH KELANTAN",,16450,,09-7885055,mentariketereh@gmail.com,,5.9580884,102.2552715
5649,31-03090487,BUKA,AWAM,KKM,,KELANTAN,KUALA KRAI,LAIN-LAIN,MENTARI,MENTARI KUALA KRAI,"PUSAT KESIHATAN MENTAL MASYARAKAT (MENTARI)KUALA KRAI, HOSPITAL KUALA KRAI(LAMA), JALAN KOTA BHARU, 18000 KUALA KRAI, KELANTAN",,18000,,09-9664102 (ext: 1471),mentarikualakrai@gmail.com,,5.5346082,102.1990963
5650,31-03040488,BUKA,AWAM,KKM,,KELANTAN,PASIR MAS,LAIN-LAIN,MENTARI,MENTARI PASIR MAS,"PUSAT KESIHATAN MENTAL MASYARAKAT (MENTARI) PASIR MAS, D/A HOSPITAL PASIR MAS, BLOK A KUARTERS LAMA KAKITANGAN",,17000,,011-59445055,mentaripasirmas@gmail.com,,6.0146028,102.1191075
5651,31-03060489,BUKA,AWAM,KKM,,KELANTAN,TANAH MERAH,LAIN-LAIN,MENTARI,MENTARI TANAH MERAH,"PUSAT KESIHATAN MENTAL MASYARAKAT (MENTARI)TANAH MERAH, KUARTERS KAKITANGAN HOSPITAL TANAH MERAH",,17500,,09-9545247,mentaritanahmerah@gmail.com,,5.8100268,102.1524815
5652,31-10022358,BUKA,AWAM,KKM,,SELANGOR,KLANG,LAIN-LAIN,MENTARI,MENTARI KLANG,"PUSAT KESIHATAN MENTAL MASYARAKAT (MENTARI) HOSPITAL TUANKU AMPUAN RAHIMAH, TINGKAT ATAS, BLOK B, KOMPLEKS KESIHATAN ANEKA JALAN TENGKU KELANA 2, 41000 KLANG SELANGOR",,41000,,019-3463093,mentariklang2020@gmail.com,,3.0382038,101.4467689
5653,31-10012359,BUKA,AWAM,KKM,,SELANGOR,BATU CAVES,LAIN-LAIN,MENTARI,MENTARI SELAYANG,"PUSAT KESIHATAN MENTAL MASYARAKAT (MENTARI) SELAYANG, LOT LG 25, 25B, 26, LOWER GROUND FLOOR, SELAYANG CAPITOL COMPLEX, LEBUHRAYA SELAYANG-KEPONG",,68100,,03-61270946,mentari.hq@moh.gov.my,,3.2402012,101.6484167
5654,31-10012360,BUKA,AWAM,KKM,,SELANGOR,SUNGAI BULOH,LAIN-LAIN,MENTARI,MENTARI SUNGAI BULOH,"PUSAT KESIHATAN MENTAL MASYARAKAT (MENTARI) SUNGAI BULOH, BLOK A-01-11 & 12, KUARTERS INTEGRASI HOSPITAL, KLINIK PSIKIATRI, JALAN HOSPITAL, 47000 SUNGAI BULOH, SELANGOR",,47000,,018-6661024,mentarisungaibuloh@gmail.com,,3.2239525,101.583921
5655,31-14011229,BUKA,AWAM,KKM,,WILAYAH PERSEKUTUAN KUALA LUMPUR,KUALA LUMPUR,LAIN-LAIN,MENTARI,MENTARI KUALA LUMPUR,"PUSAT KESIHATAN MENTAL MASYARAKAT (MENTARI) KUALA LUMPUR, BANGUNAN P10, HOSPITAL KUALA LUMPUR, JALAN PAHANG, 50586 KUALA LUMPUR",,50586,,03-26155555 (ext: 1382),mentari.hkl@gmail.com,,3.171983,101.698965
5656,31-05020682,BUKA,AWAM,KKM,,NEGERI SEMBILAN,KUALA PILAH,LAIN-LAIN,MENTARI,MENTARI KUALA PILAH,"PUSAT KESIHATAN MENTAL MASYARAKAT (MENTARI) KUALA PILAH, JALAN TUNG YEN, TAMAN PILAH JAYA",,72000,,06-4812158,mentarikualapilah@gmail.com,,2.7391353,102.2474109
5657,31-05030683,BUKA,AWAM,KKM,,NEGERI SEMBILAN,PORT DICKSON,LAIN-LAIN,MENTARI,MENTARI PORT DICKSON,"PUSAT KESIHATAN MENTAL MASYARAKAT (MENTARI) PORT DICKSON, BANGUNAN SARJANA, KLINIK KESIHATAN PORT DICKSON, BATU 2, JALAN SEREMBAN",,71000,,06-6462450,mentariportdickson@gmail.com,,2.5270671,101.7909992
5658,31-05050684,BUKA,AWAM,KKM,,NEGERI SEMBILAN,SEREMBAN,LAIN-LAIN,MENTARI,MENTARI SEREMBAN,"PUSAT KESIHATAN MENTAL MASYARAKAT (MENTARI) SEREMBAN, JABATAN PSIKIATRI, HOSPITAL TUANKU JAAFAR, JALAN RASAH",,70300,,06-7652529,mentariseremban@gmail.com,,2.7096828,101.9390514
5659,31-15010034,BUKA,AWAM,KKM,,WILAYAH PERSEKUTUAN LABUAN,LABUAN,LAIN-LAIN,MENTARI,MENTARI LABUAN,"PUSAT KESIHATAN MENTAL MASYARAKAT (MENTARI) LABUAN, KJKR 0293P KUARTERS HOSPITAL JALAN MOHD SALLEH 87020 W.P LABUAN",,87020,,087-451678 / 087-596870,klinikmentarilabuan@gmail.com,,5.3212571,115.2191988
5660,31-04030331,BUKA,AWAM,KKM,,MELAKA,CHENG,LAIN-LAIN,MENTARI,MENTARI MELAKA,"PUSAT KESIHATAN MENTAL MASYARAKAT (MENTARI) MELAKA, C-1-3, KUARTERS PANGSAPURI CHENG (HOSPITAL MELAKA)",,75260,,06-3121014,melakamentari@gmail.com,,2.2738416,102.2150963
5661,31-16010090,BUKA,AWAM,KKM,,WILAYAH PERSEKUTUAN PUTRAJAYA,WILAYAH PERSEKUTUAN PUTRAJAYA,LAIN-LAIN,MENTARI,MENTARI PUTRAJAYA,"PUSAT KESIHATAN MENTAL MASYARAKAT (MENTARI) PUTRAJAYA, KUARTERS KAKITANGAN KERAJAAN, JALAN P11J, PRESINT 11",,62300,,03-88811232,putrajayamentari@gmail.com,,2.952913,101.677364
5662,31-09010133,BUKA,AWAM,KKM,,PERLIS,KANGAR,PUSAT PROMOSI KESIHATAN,WELLNESS HUB,WELLNESS HUB PERLIS,"3, WELLNESS HUB UTC PERLIS, PUSAT TRANSFORMASI BANDAR UTC, JALAN SENA, 01000 KANGAR, PERLIS",,01000,,,,,6.435728,100.202
5663,31-09010134,BUKA,AWAM,KKM,,PERLIS,KANGAR,PUSAT PROMOSI KESIHATAN,WELLNESS HUB,WELLNESS HUB KANGAR,"UNIT PROMOSI KESIHATAN, PEJABAT KESIHATAN KANGAR, JALAN PADANG KATONG, 01000 KANGAR PERLIS",,01000,,,,,6.441294,100.1879
5664,31-02030907,BUKA,AWAM,KKM,,KEDAH,KOTA SETAR,PUSAT PROMOSI KESIHATAN,WELLNESS HUB,WELLNESS HUB KOTA SETAR,"PEJABAT KESIHATAN DAERAH KOTA SETAR, LEBUHRAYA DARULAMAN, 05100 ALOR SETAR, KEDAH",,05100,,,,,6.141291,100.3709
5665,31-02040906,BUKA,AWAM,KKM,,KEDAH,KUALA MUDA,PUSAT PROMOSI KESIHATAN,WELLNESS HUB,WELLNESS HUB KUALA MUDA,"UNIT PROMOSI KESIHATAN, PEJABAT KESIHATAN DAERAH KUALA MUDA, JALAN BADLISHAH, 08000 SUNGAI PETANI, KEDAH",,08000,,,,,5.647469,100.4975
5666,31-02060908,BUKA,AWAM,KKM,,KEDAH,KULIM,PUSAT PROMOSI KESIHATAN,WELLNESS HUB,WELLNESS HUB KULIM,"WELLNESS HUB KULIM, 378, JALAN HOSPITAL, 09000 KULIM, KEDAH",,09000,,,,,5.368388,100.5589
5667,31-02070910,BUKA,AWAM,KKM,,KEDAH,LANGKAWI,PUSAT PROMOSI KESIHATAN,WELLNESS HUB,WELLNESS HUB LANGKAWI,"WELLNESS HUB LANGKAWI, C4072 KG. BUKIT NAU, PADANG MAT SIRAT, 07100 LANGKAWI, KEDAH",,07100,,,,,6.343899,99.72788
5668,31-07011357,BUKA,AWAM,KKM,,PULAU PINANG,SEBERANG PERAI TENGAH,PUSAT PROMOSI KESIHATAN,WELLNESS HUB,WELLNESS HUB SEBERANG PERAI TENGAH,"KLINIK KESIHATAN SEBERANG JAYA, JALAN PERPUSTAKAAN, 13700 SEBERANG JAYA, PULAU PINANG",,13700,,,,,5.393212,100.3988
5669,31-07021359,BUKA,AWAM,KKM,,PULAU PINANG,SEBERANG PERAI UTARA,PUSAT PROMOSI KESIHATAN,WELLNESS HUB,WELLNESS HUB SEBERANG PERAI UTARA,"WELLNESS HUB SEBERANG PERAI UTARA, KLINIK KESIHATAN JALAN SG. DUA, JALAN PENGKALAN MACHANG, 13800 BUTTERWORTH, PULAU PINANG",,13800,,,,,5.441283,100.4306
5670,31-07041358,BUKA,AWAM,KKM,,PULAU PINANG,TIMUR LAUT,PUSAT PROMOSI KESIHATAN,WELLNESS HUB,WELLNESS HUB TIMUR LAUT,"ARAS 6, KLINIK KESIHATAN JALAN ANGSANA, AYER ITAM, 11500 PULAU PINANG",,11500,,,,,5.385879,100.277
5671,31-08031195,BUKA,AWAM,KKM,,PERAK,KINTA,PUSAT PROMOSI KESIHATAN,WELLNESS HUB,WELLNESS HUB KINTA,"TAMAN DESA RISHAH, 31350 BUNTONG, PERAK",,31350,,,,,4.584209,101.0527
5672,31-08110699,BUKA,AWAM,KKM,,PERAK,MUALLIM,PUSAT PROMOSI KESIHATAN,WELLNESS HUB,WELLNESS HUB MUALLIM,"WELLNESS HUB MUALLIM, JALAN RAJA ITAM, 35900 TANJUNG MALIM, PERAK",,35900,,,,,3.683166,101.5235
5673,31-10084288,BUKA,AWAM,KKM,,SELANGOR,HULU LANGAT,PUSAT PROMOSI KESIHATAN,WELLNESS HUB,WELLNESS HUB HULU LANGAT,"KLINIK KESIHATAN BANGI, PERSIARAN PEKELILING, SEKSYEN 3, 43650 BANDAR BARU BANGI, SELANGOR",,43650,,,,,2.935853,101.7739
5674,31-10064289,BUKA,AWAM,KKM,,SELANGOR,SABAK BERNAM,PUSAT PROMOSI KESIHATAN,WELLNESS HUB,WELLNESS HUB SABAK BERNAM,"KLINIK KESIHATAN SUNGAI BESAR, 45300 SUNGAI BESAR, SELANGOR",,45300,,,,,3.675592,100.9892
5675,31-10034290,BUKA,AWAM,KKM,,SELANGOR,KUALA LANGAT,PUSAT PROMOSI KESIHATAN,WELLNESS HUB,WELLNESS HUB KUALA LANGAT,"KLINIK KESIHATAN TELOK DATOK, JALAN PEGAWAI, 42700 BANTING, SELANGOR",,42700,,,,,2.819332,101.5174
5676,31-10042361,BUKA,AWAM,KKM,,SELANGOR,KUALA SELANGOR,PUSAT PROMOSI KESIHATAN,WELLNESS HUB,WELLNESS HUB KUALA SELANGOR,"WELLNESS HUB KUALA SELANGOR D/A KLINIK KESIHATAN KUALA SELANGOR, JALAN KLINIK, 45000 KUALA SELANGOR, SELANGOR DARUL EHSAN",,45000,,,,,3.336925,101.25
5677,31-05050937,BUKA,AWAM,KKM,,NEGERI SEMBILAN,SEREMBAN,PUSAT PROMOSI KESIHATAN,WELLNESS HUB,WELLNESS HUB SEREMBAN,"71200 KUALA SAWAH, SEREMBAN, NEGERI SEMBILAN",,71200,,,,,2.626768,101.9446
5678,31-05030938,BUKA,AWAM,KKM,,NEGERI SEMBILAN,PORT DICKSON,PUSAT PROMOSI KESIHATAN,WELLNESS HUB,WELLNESS HUB PORT DICKSON,"JALAN PANTAI BATU 4, 71050 PORT DICKSON, NEGERI SEMBILAN",,71050,,,,,2.50422,101.8356
5679,31-04010689,BUKA,AWAM,KKM,,MELAKA,ALOR GAJAH,PUSAT PROMOSI KESIHATAN,WELLNESS HUB,WELLNESS HUB ALOR GAJAH ,"SEBELAH PELADANG, MASJID TANAH II, 78300 ALOR GAJAH, MELAKA",,78300,,,,,2.351415,102.107
5682,31-04030332,BUKA,AWAM,KKM,,MELAKA,MELAKA TENGAH,PUSAT PROMOSI KESIHATAN,WELLNESS HUB,WELLNESS HUB MELAKA TENGAH,"4641, JALAN ALAI / KANDANG, 75460 MELAKA TENGAH, MELAKA",,75460,,,,,2.184648,102.2992
5683,31-01011953,BUKA,AWAM,KKM,,JOHOR,BATU PAHAT,PUSAT PROMOSI KESIHATAN,WELLNESS HUB,WELLNESS HUB BATU PAHAT,"UNIT PROMOSI KESIHATAN, JALAN KLUANG, TAMAN LIMPOON, 83000 BATU PAHAT, JOHOR",,83000,,,,,1.850047,102.9432
5684,31-01021954,BUKA,AWAM,KKM,,JOHOR,JOHOR BAHRU,PUSAT PROMOSI KESIHATAN,WELLNESS HUB,WELLNESS HUB JOHOR BAHRU,"JKR 938 JALAN MAHMOODIAH, 80100 JOHOR BAHRU, JOHOR",,80100,,,,,1.461988,103.7464
5685,31-01031952,BUKA,AWAM,KKM,,JOHOR,KLUANG,PUSAT PROMOSI KESIHATAN,WELLNESS HUB,WELLNESS HUB KLUANG,"BANGUNAN WELLNESS HUB, KOMPLEKS KESIHATAN KLUANG, JALAN HOSPITAL LAMA 86000 KLUANG, JOHOR",,86000,,,,,2.039041,103.3139
5686,31-01061193,BUKA,AWAM,KKM,,JOHOR,MUAR,PUSAT PROMOSI KESIHATAN,WELLNESS HUB,WELLNESS HUB MUAR,"WELLNESS HUB MUAR, HAB KESIHATAN MUAR JALAN SELATAN, TAMAN BUKIT BAKRI, 84200 BUKIT BAKRI, JOHOR",,84200,,,,,2.041131,102.6596
5687,31-03020815,BUKA,AWAM,KKM,,KELANTAN,KOTA BHARU,PUSAT PROMOSI KESIHATAN,WELLNESS HUB,WELLNESS HUB KELANTAN,"CAWANGAN PENDIDIKAN KESIHATAN, LOT 3173, JALAN MAKTAB PENGKALAN CHEPA, 16100 KOTA BHARU, KELANTAN",,16100,,,,,6.162148,102.297
5688,31-11030508,BUKA,AWAM,KKM,,TERENGGANU,KEMAMAN,PUSAT PROMOSI KESIHATAN,WELLNESS HUB,WELLNESS HUB KEMAMAN,"KLINIK KESIHATAN KERTEH, 24300 KEMAMAN, TERENGGANU",,24300,,,,,4.503586,103.441
5689,31-11080507,BUKA,AWAM,KKM,,TERENGGANU,KUALA NERUS,PUSAT PROMOSI KESIHATAN,WELLNESS HUB,WELLNESS HUB TERENGGANU,"WELLNESS HUB NEGERI TERENGGANU, D/A KLINIK KESIHATAN SEBERANG TAKIR, 21300 KUALA NERUS, TERENGGANU",,21300,,,,,5.375927,103.1172
5690,31-06110785,BUKA,AWAM,KKM,,PAHANG,BERA,PUSAT PROMOSI KESIHATAN,WELLNESS HUB,WELLNESS HUB BERA,"WELLNESS HUB KERAYONG PEJABAT KESIHATAN DAERAH BERA JALAN TRIANG KAMPUNG KERAYONG, 28200 BANDAR BERA, PAHANG",,28200,,,,,3.259643,102.4364
5691,31-06060784,BUKA,AWAM,KKM,,PAHANG,PEKAN,PUSAT PROMOSI KESIHATAN,WELLNESS HUB,WELLNESS HUB PEKAN,"PEJABAT KESIHATAN DAERAH PEKAN, 26600 PEKAN, PAHANG",,26600,,,,,3.488328,103.3939
5692,31-06040783,BUKA,AWAM,KKM,,PAHANG,KUANTAN,PUSAT PROMOSI KESIHATAN,WELLNESS HUB,WELLNESS HUB KUANTAN,"PEJABAT KESIHATAN DAERAH KUANTAN, JALAN TENGKU MUHAMMAD, ALOR AKAR, 25050 KUANTAN, PAHANG",,25050,,,,,3.818852,103.3622
5693,31-13041150,BUKA,AWAM,KKM,,SARAWAK,SAMARAHAN,PUSAT PROMOSI KESIHATAN,WELLNESS HUB,WELLNESS HUB KOTA SAMARAHAN,"WELLNESS HUB KOTA SAMARAHAN KLINIK KESIHATAN KOTA SAMARAHAN, JALAN DATUK MUHAMMAD MUSA, 94300 SAMARAHAN, SARAWAK",,94300,,,,,1.458556,110.4914
5694,31-13240696,BUKA,AWAM,KKM,,SARAWAK,SIBUTI,PUSAT PROMOSI KESIHATAN,WELLNESS HUB,WELLNESS HUB SIBUTI,"WELLNESS HUB SIBUTI, LOT 243 BEKENU TOWN DISTRICT, 98150 BEKENU, MIRI, SARAWAK",,98150,,,,,4.05812,113.8457
5695,31-12071147,BUKA,AWAM,KKM,,SABAH,PUTATAN,PUSAT PROMOSI KESIHATAN,WELLNESS HUB,WELLNESS HUB PUTATAN,"UNIT PROMOSI KESIHATAN, KLINIK KESIHATAN PUTATAN, JALAN PASIR PUTIH, 88200 PUTATAN, SABAH",,88200,,,,,5.899078,116.0471
5696,31-12211148,BUKA,AWAM,KKM,,SABAH,KENINGAU,PUSAT PROMOSI KESIHATAN,WELLNESS HUB,WELLNESS HUB KENINGAU,"WELLNESS HUB KENINGAU, PEJABAT KESIHATAN KAWASAN KENINGAU, PETI SURAT 94, 89007 KENINGAU, SABAH",,89007,,,,,5.34097,116.1596
5697,31-12131149,BUKA,AWAM,KKM,,SABAH,KUDAT,PUSAT PROMOSI KESIHATAN,WELLNESS HUB,WELLNESS HUB KUDAT,"WELLNESS HUB KUDAT, PEJABAT KESIHATAN KAWASAN KUDAT, BEG BERKUNCI NO 6, 89059 KUDAT, SABAH",,89059,,,,,6.903384,116.8491
5698,31-12021146,BUKA,AWAM,KKM,,SABAH,LAHAD DATU,PUSAT PROMOSI KESIHATAN,WELLNESS HUB,WELLNESS HUB LAHAD DATU,"WELLNESS HUB LAHAD DATU, PEJABAT KESIHATAN KAWASAN LAHAD DATU, PETI SURAT 61167, 91120 LAHAD DATU, SABAH",,91120,,,,,5.027808,118.3168
5699,31-12040780,BUKA,AWAM,KKM,,SABAH,SANDAKAN,PUSAT PROMOSI KESIHATAN,WELLNESS HUB,WELLNESS HUB SANDAKAN,"WELLNESS HUB SANDAKAN, KM 3.2 JALAN UTARA, 90000 SANDAKAN, SABAH",,90000,,,,,5.860099,118.1019
5701,31-16010100,BUKA,AWAM,KKM,,WILAYAH PERSEKUTUAN PUTRAJAYA,PUTRAJAYA,PUSAT PROMOSI KESIHATAN,WELLNESS HUB,WELLNESS HUB WP PUTRAJAYA,"PEJABAT KESIHATAN PUTRAJAYA, JALAN P11/2, PRESINT 11, PUSAT PENTADBIRAN KERAJAAN PERSEKUTUAN, 62300 PUTRAJAYA",,62300,,,,,2.961903,101.6674
5702,31-15010040,BUKA,AWAM,KKM,,WILAYAH PERSEKUTUAN LABUAN,LABUAN,PUSAT PROMOSI KESIHATAN,WELLNESS HUB,WELLNESS HUB WP LABUAN,"WELLNESS HUB WP LABUAN BAHAGIAN KESIHATAN AWAM JABATAN KESIHATAN WP LABUAN, PETI SURAT 81736, 87027 WILAYAH PERSEKUTUAN LABUAN",,87027,,,,,5.283146,115.2308
5703,41-09010105,BUKA,AWAM,KKM,,PERLIS,MUKIM SENA,INSTITUSI,ILKKM,ILKKM KANGAR (KEJURURAWATAN),"JALAN PADANG BEHOR, KANGAR PERLIS",,01000,,04-9733500,kangar@ilkkm.edu.my,,6.430196,100.221741
5704,41-02030523,BUKA,AWAM,KKM,,KEDAH,KOTA SETAR,INSTITUSI,ILKKM,ILKKM ALOR SETAR (KEJURURAWATAN),"KM. 6, JALAN LANGGAR",,06500,,04-7396700,kkastar@ilkkm.edu.my,,6.14827,100.40918
5705,41-02030524,BUKA,AWAM,KKM,,KEDAH,KOTA SETAR,INSTITUSI,ILKKM,ILKKM ALOR SETAR ( PEMBANTU PERUBATAN),"ILKKM (PEMBANTU PERUBATAN) ALOR SETAR, LEBUHRAYA SULTANAH BAHIYAH, ALOR SETAR, KEDAH",,05250,,04-7331338,ilkkmaspp@ilkkm.edu.my,,6.142294,100.373125
5706,41-07040616,BUKA,AWAM,KKM,,PULAU PINANG,TIMUR LAUT,INSTITUSI,ILKKM,ILKKM GEORGETOWN (PERGIGIAN),"PUSAT PERGIGIAN KANAK-KANAK & ILKKM (PERGIGIAN) GEORGETOWN NO. 3, JALAN SEPOY LINES, GEORGETOWN, PULAU PINANG.",,10450,,04-2299233,ppkkklpm@ilkkm.edu.my,,5.42248,100.3076
5707,41-07020615,BUKA,AWAM,KKM,,PULAU PINANG,SEBERANG PERAI UTARA,INSTITUSI,ILKKM,ILKKM BERTAM (KEJURURAWATAN),"JALAN TUN HAMDAN SHEIKH TAHIR, KEPALA BATAS, PULAU PINANG",,13200,,04-5767221,ilkkmbertam@ilkkm.edu.my,,5.51808,100.46792
5708,41-08030694,BUKA,AWAM,KKM,,PERAK,KINTA,INSTITUSI,ILKKM,ILKKM SULTAN AZLAN SHAH,"TANJUNG RAMBUTAN, PERAK DARUL RIDZUAN",,31250,,05-5335233 / 05-5330270,sas@ilkkm.edu.my,,4.685607,101.152969
5709,41-10010024,BUKA,AWAM,KKM,,SELANGOR,GOMBAK,INSTITUSI,ILKKM,ILKKM SUNGAI BULOH,"JALAN HOSPITAL, SUNGAI BULOH, SELANGOR",,47000,,03-61402169 / 03-61401763,ilkkmsb@ilkkm.edu.my,,3.22083,101.58661
5710,41-14011228,BUKA,AWAM,KKM,,WILAYAH PERSEKUTUAN KUALA LUMPUR,BANDAR KUALA LUMPUR,INSTITUSI,ILKKM,ILKKM TEKNOLOGI MAKMAL PERUBATAN,"D/A INSTITUT PENYELIDIKAN PERUBATAN, JALAN PAHANG",,50588,,03-26162769 / 03-26162402,ktmpkl@ilkkm.edu.my,,3.169042,101.699871
5711,41-05050680,BUKA,AWAM,KKM,,NEGERI SEMBILAN,SEREMBAN,INSTITUSI,ILKKM,ILKKM SEREMBAN (PEMBANTU PERUBATAN),"JALAN RASAH, SEREMBAN, NEGERI SEMBILAN",,70300,,06-7628796,kppseremban@ilkkm.edu.my,,2.7297,101.9381
5712,41-05020681,BUKA,AWAM,KKM,,NEGERI SEMBILAN,KUALA PILAH,INSTITUSI,ILKKM,ILKKM KUALA PILAH (KEJURURAWATAN),ILKKM KUALA PILAH (KEJURURAWATAN),,72000,,06-4812131,kjkualapilah@ilkkm.edu.my,,2.734773,102.242577
5713,41-01021183,BUKA,AWAM,KKM,,JOHOR,JOHOR BAHRU,INSTITUSI,ILKKM,ILKKM JOHOR BAHRU,"LOT 8173, JALAN PERSIARAN KEMPAS BARU.",,81200,,07-2338000,ilkkmjb@ilkkm.edu.my,,1.525502,103.708022
5714,41-01011184,BUKA,AWAM,KKM,,JOHOR,BATU PAHAT,INSTITUSI,ILKKM,ILKKM BATU PAHAT (KEJURURAWATAN),"JALAN KLUANG, PARIT RAJA, 86400, BATU PAHAT, JOHOR.",,86400,,07-4542266,kjm.bpahat@ilkkm.edu.my,,1.858195,103.098068
5715,41-03020486,BUKA,AWAM,KKM,,KELANTAN,JAJAHAN KOTA BHARU,INSTITUSI,ILKKM,ILKKM KUBANG KERIAN (KEJURURAWATAN),ILKKM (KEJURURAWATAN) KUBANG KERIAN,,16150,,09-7652233,kjkkerian@ilkkm.edu.my,,6.09,102.28
5716,41-13010687,BUKA,AWAM,KKM,,SARAWAK,BAHAGIAN KUCHING,INSTITUSI,ILKKM,ILKKM KUCHING,"LOT 22, BATU 13 1/2 (KM22), JALAN PUNCAK BORNEO",,93250,,082-628990,moh.kuching@ilkkm.edu.my,,1.38685,110.322296
5717,41-13150688,BUKA,AWAM,KKM,,SARAWAK,BAHAGIAN SIBU,INSTITUSI,ILKKM,ILKKM SIBU,"BATU 5 1/2, JALAN ULU OYA, SIBU, SARAWAK",,96000,,084-318682,ilkkmsibu@ilkkm.edu.my,,2.296939,111.889587
5718,41-13010689,BUKA,AWAM,KKM,,SARAWAK,BAHAGIAN KUCHING,INSTITUSI,ILKKM,ILKKM KOTA SENTOSA (KESIHATAN AWAM),"BATU 7 1/2, JALAN PENRISSEN, KOTA SENTOSA, KUCHING, SARAWAK.",,93250,,082-612653 / 082-612728 / 082-614512,ilkkmkska@ilkkm.edu.my,,1.4617,110.32921
5719,41-12070772,BUKA,AWAM,KKM,,SABAH,KOTA KINABALU,INSTITUSI,ILKKM,ILKKM KOTA KINABALU,JALAN KOLAM BUKIT PADANG,,88300,,088-238640,pengarahilkkmkk@ilkkm.edu.my,,5.946663,116.103127
5720,41-12040773,BUKA,AWAM,KKM,,SABAH,SANDAKAN,INSTITUSI,ILKKM,ILKKM SANDAKAN (KEJURURAWATAN),W.D.T NO 381,,90009,,089-221640 / 089-221643 / 089-221645,ilkkmsandakan@ilkkm.edu.my,,5.857166,118.102426
5721,41-12010774,BUKA,AWAM,KKM,,SABAH,TAWAU,INSTITUSI,ILKKM,ILKKM TAWAU (KEJURURAWATAN),"ILKKM TAWAU (KEJURURAWATAN), PETI SURAT 1157,TAWAU, SABAH",,91036,,089-768378 /089-768379/ 089-751852 / 089-770378,ilkkm.tawau@ilkkm.edu.my,,4.248989,117.878964
5723,91-13110663,BUKA,AWAM,KKM,,SARAWAK,SARIKEI,PEJABAT FARMASI,CAWANGAN FARMASI LOGISTIK,CAW FARMASI LOGISTIK NEGERI KUCHING,"JALAN BERLIAN BIAWAK, 93450 KUCHING, SARAWAK",,93450,Sarikei,,,,1.56286788,110.3893504
5724,91-13211148,BUKA,AWAM,KKM,,SARAWAK,KAPIT,PEJABAT FARMASI,PEJABAT FARMASI BAHAGIAN,PEJABAT FARMASI BAHAGIAN KAPIT,"KM3, JALAN SELIRIK, KAPIT, 96800 SARAWAK ",,96800,Kapit,,,,2.005180385,112.958722
5725,91-13130664,BUKA,AWAM,KKM,,SARAWAK,DARO,PEJABAT FARMASI,PEJABAT FARMASI BEKALAN,PEJABAT FARMASI BEKALAN LIMBANG,"JALAN KUBU, 98700 LIMBANG, SARAWAK",,98700,Daro,,,,4.750245449,115.0074502
5726,91-13190665,BUKA,AWAM,KKM,,SARAWAK,BINTULU,PEJABAT FARMASI,PEJABAT FARMASI BEKALAN,PEJABAT FARMASI BEKALAN MIRI,"JALAN TANJUNG, 98000 MIRI, SARAWAK",,98000,Bintulu,,,,4.367035787,113.9746383
5727,91-13240666,BUKA,AWAM,KKM,,SARAWAK,MIRI,PEJABAT FARMASI,PEJABAT FARMASI BEKALAN,PEJABAT FARMASI BEKALAN SARIKEI,"JALAN HOSPITAL LAMA, 96100 SARIKEI, SARAWAK",,96100,Miri,,,,2.120398952,111.5227562
5728,91-13270667,BUKA,AWAM,KKM,,SARAWAK,LAWAS,PEJABAT FARMASI,PEJABAT FARMASI BEKALAN,PEJABAT FARMASI BEKALAN SIBU,"JALAN AWANG RAMLI AMIT, 96000 SIBU, SARAWAK",,96000,Lawas,,,,2.294937645,111.8233589
5729,91-13300668,BUKA,AWAM,KKM,,SARAWAK,PAKAN,PEJABAT FARMASI,PEJABAT FARMASI BEKALAN,PEJABAT FARMASI BEKALAN SRI AMAN,"JALAN MANGA, 95000 SRI AMAN, SARAWAK",,95000,Pakan,,,,1.234057102,111.4616494
